$SPEC_ID:
JKL Model 927 SN 17053844 Input 1 HEC-Cr-HEC-Cr-T30-D100-HPGe1-2
$SPEC_REM:
DET# 2
DETDESC# BULK Model 927 SN 17053844 Input 1
AP# Maestro Version 6.08
$DATE_MEA:
05/11/2026 12:44:00
$MEAS_TIM:
251 356
$DATA:
0 16383
       0
       0
       0
       0
       0
       0
       0
       0
       0
       0
       0
       0
       0
       0
       0
       0
       0
       0
       0
       0
       0
       0
       0
       0
       0
       0
       0
       0
       0
       0
       0
       0
       0
       0
       0
       0
       0
       0
       0
       0
       0
       0
       0
       0
       0
       0
       0
       0
       0
       0
       0
       0
       0
       0
       0
       0
       0
       0
       0
       0
       0
       0
       0
       0
       0
       0
       0
       0
       0
       0
       0
       0
       0
       0
       0
       0
       0
       0
       0
       0
       0
       0
       0
       0
       0
       0
       0
       0
       0
       0
       0
       0
       0
       0
       0
       0
       0
       0
       0
       0
       0
       0
       0
       0
       0
       0
       0
       0
       0
       0
       0
       0
       0
       0
       0
       0
      11
     224
     500
     581
     558
     521
     519
     481
     495
     479
     496
     485
     458
     468
     472
     467
     439
     458
     472
     462
     453
     435
     460
     452
     446
     478
     489
     467
     466
     482
     448
     445
     483
     448
     433
     465
     478
     447
     438
     453
     415
     438
     450
     431
     430
     424
     464
     481
     458
     441
     409
     433
     421
     481
     433
     458
     458
     433
     446
     393
     407
     458
     450
     435
     423
     412
     423
     382
     416
     429
     447
     433
     401
     419
     409
     425
     408
     410
     399
     435
     420
     413
     417
     418
     388
     412
     436
     410
     408
     399
     429
     402
     376
     366
     414
     407
     426
     415
     403
     394
     400
     420
     419
     390
     409
     395
     383
     407
     403
     425
     397
     422
     386
     400
     406
     380
     347
     370
     416
     418
     392
     353
     423
     410
     399
     403
     384
     389
     364
     424
     411
     367
     382
     385
     403
     382
     384
     381
     372
     388
     352
     379
     375
     400
     382
     371
     349
     372
     340
     351
     380
     386
     370
     404
     353
     356
     377
     391
     356
     380
     357
     364
     380
     421
     380
     382
     392
     395
     373
     363
     383
     371
     342
     367
     362
     391
     392
     353
     385
     382
     376
     377
     363
     392
     402
     363
     363
     353
     347
     372
     418
     334
     331
     390
     351
     356
     353
     369
     380
     341
     330
     389
     356
     350
     358
     343
     379
     347
     391
     360
     394
     367
     352
     363
     361
     368
     362
     339
     360
     380
     382
     372
     361
     370
     336
     350
     380
     362
     338
     366
     359
     372
     343
     334
     327
     324
     382
     332
     361
     385
     338
     337
     343
     365
     350
     334
     346
     361
     355
     334
     341
     384
     363
     363
     326
     353
     344
     335
     330
     372
     360
     336
     359
     346
     358
     378
     346
     362
     350
     357
     354
     338
     337
     346
     308
     294
     317
     335
     342
     278
     345
     353
     325
     351
     332
     356
     378
     318
     350
     348
     318
     346
     349
     337
     350
     356
     348
     323
     337
     318
     315
     361
     307
     364
     345
     334
     379
     342
     359
     336
     321
     322
     342
     351
     316
     332
     337
     330
     334
     339
     329
     334
     352
     335
     334
     337
     350
     342
     345
     326
     334
     327
     336
     327
     337
     318
     350
     365
     342
     326
     306
     348
     332
     369
     318
     345
     273
     304
     335
     342
     308
     289
     355
     381
     342
     274
     347
     332
     317
     303
     290
     333
     331
     339
     362
     334
     335
     317
     303
     336
     306
     333
     354
     306
     322
     308
     314
     332
     338
     328
     328
     340
     329
     360
     322
     325
     330
     342
     341
     348
     322
     341
     329
     313
     329
     284
     347
     326
     313
     328
     307
     363
     328
     337
     354
     337
     329
     344
     345
     310
     313
     316
     296
     336
     316
     325
     322
     315
     338
     337
     324
     343
     356
     310
     328
     316
     327
     327
     307
     328
     359
     295
     332
     292
     328
     337
     324
     350
     343
     337
     322
     316
     313
     310
     299
     318
     323
     340
     302
     301
     300
     314
     319
     312
     322
     316
     338
     304
     353
     300
     324
     306
     334
     304
     315
     321
     343
     314
     319
     352
     321
     305
     322
     310
     306
     291
     336
     315
     356
     320
     303
     318
     319
     352
     314
     315
     322
     284
     334
     342
     325
     324
     345
     315
     339
     310
     329
     302
     340
     298
     318
     347
     314
     302
     321
     338
     330
     315
     327
     319
     335
     330
     321
     335
     315
     296
     318
     290
     322
     333
     326
     326
     314
     298
     319
     315
     281
     336
     352
     325
     328
     334
     320
     315
     294
     324
     348
     304
     314
     321
     273
     290
     304
     253
     339
     346
     337
     346
     322
     297
     313
     307
     303
     365
     322
     307
     311
     333
     309
     305
     352
     326
     325
     310
     345
     317
     312
     313
     334
     376
     353
     312
     377
     323
     337
     315
     346
     315
     355
     318
     309
     325
     324
     348
     338
     310
     306
     336
     340
     330
     325
     290
     334
     322
     311
     324
     331
     305
     352
     337
     316
     317
     391
     338
     336
     335
     345
     339
     340
     373
     355
     339
     307
     348
     320
     312
     314
     346
     332
     333
     344
     349
     392
     403
     367
     397
     383
     417
     374
     389
     344
     365
     363
     331
     344
     342
     345
     326
     328
     303
     327
     302
     310
     328
     341
     312
     307
     331
     326
     313
     338
     322
     321
     312
     312
     326
     306
     312
     308
     342
     345
     312
     314
     308
     330
     311
     316
     316
     303
     306
     308
     276
     279
     312
     314
     309
     305
     303
     328
     312
     312
     301
     337
     313
     324
     328
     307
     304
     318
     329
     323
     330
     319
     312
     309
     286
     309
     303
     312
     338
     314
     329
     321
     296
     330
     310
     280
     283
     281
     280
     321
     291
     325
     319
     292
     339
     335
     321
     332
     310
     334
     347
     320
     354
     373
     344
     353
     338
     330
     295
     348
     323
     319
     311
     323
     324
     312
     335
     305
     301
     329
     309
     303
     327
     322
     313
     322
     319
     341
     326
     314
     295
     342
     306
     326
     334
     333
     326
     312
     313
     290
     302
     296
     263
     304
     339
     296
     318
     321
     295
     308
     304
     301
     296
     322
     301
     292
     317
     316
     294
     333
     315
     328
     334
     338
     311
     314
     311
     305
     325
     320
     321
     308
     288
     301
     273
     311
     331
     329
     320
     308
     319
     298
     305
     304
     306
     335
     297
     315
     315
     308
     315
     344
     326
     286
     299
     297
     325
     289
     322
     338
     316
     317
     307
     311
     317
     289
     314
     322
     315
     297
     284
     316
     297
     316
     278
     323
     300
     318
     297
     326
     341
     337
     319
     289
     336
     287
     308
     319
     347
     304
     304
     346
     312
     330
     290
     304
     280
     331
     313
     315
     317
     318
     316
     282
     329
     326
     328
     310
     319
     347
     324
     341
     300
     311
     297
     302
     307
     314
     316
     333
     282
     331
     322
     320
     324
     285
     314
     331
     292
     314
     350
     315
     298
     317
     311
     340
     317
     338
     275
     325
     310
     304
     302
     293
     319
     266
     271
     315
     333
     314
     311
     307
     283
     308
     302
     305
     334
     315
     333
     283
     321
     310
     309
     302
     281
     315
     326
     317
     326
     287
     324
     312
     324
     302
     305
     319
     307
     326
     311
     320
     316
     352
     325
     304
     318
     337
     336
     299
     286
     299
     324
     277
     346
     304
     298
     332
     328
     292
     290
     295
     334
     301
     320
     292
     313
     322
     305
     322
     363
     315
     302
     308
     333
     312
     339
     331
     305
     336
     302
     300
     307
     307
     327
     320
     294
     292
     300
     335
     303
     305
     349
     300
     322
     325
     304
     323
     309
     296
     319
     317
     329
     306
     312
     312
     335
     338
     290
     307
     299
     290
     297
     333
     285
     314
     285
     310
     344
     309
     301
     299
     326
     367
     304
     320
     299
     313
     313
     295
     305
     312
     322
     306
     298
     317
     289
     322
     313
     333
     272
     319
     314
     314
     319
     308
     328
     287
     318
     289
     289
     320
     314
     287
     333
     306
     301
     315
     318
     322
     340
     298
     309
     320
     312
     322
     304
     304
     316
     316
     325
     290
     293
     302
     304
     326
     272
     336
     301
     342
     297
     316
     334
     311
     304
     334
     295
     312
     313
     337
     307
     306
     285
     333
     341
     298
     346
     301
     303
     300
     314
     291
     302
     326
     322
     290
     323
     315
     315
     285
     289
     310
     321
     310
     321
     298
     322
     314
     341
     309
     321
     284
     303
     303
     343
     306
     302
     285
     286
     305
     272
     331
     335
     299
     310
     315
     325
     318
     299
     318
     291
     290
     304
     321
     298
     315
     293
     323
     327
     280
     339
     292
     349
     316
     307
     314
     299
     318
     306
     331
     294
     297
     323
     309
     302
     330
     320
     321
     323
     308
     320
     285
     331
     310
     287
     292
     337
     315
     306
     328
     319
     287
     312
     317
     304
     330
     323
     276
     295
     317
     302
     278
     301
     303
     314
     342
     327
     298
     299
     328
     270
     281
     297
     262
     278
     302
     303
     295
     318
     340
     296
     328
     298
     314
     291
     317
     331
     311
     309
     302
     300
     327
     313
     309
     296
     288
     295
     294
     303
     340
     307
     317
     330
     293
     331
     302
     311
     348
     302
     307
     318
     283
     306
     314
     329
     304
     295
     303
     292
     320
     332
     312
     329
     306
     298
     316
     298
     284
     311
     304
     321
     308
     317
     323
     286
     326
     289
     293
     297
     328
     306
     320
     302
     309
     289
     263
     320
     316
     311
     302
     275
     312
     300
     322
     326
     345
     295
     295
     327
     306
     290
     326
     326
     335
     319
     288
     304
     302
     302
     298
     309
     309
     319
     290
     317
     279
     298
     280
     334
     304
     299
     320
     303
     302
     325
     305
     335
     297
     313
     309
     292
     306
     308
     291
     315
     288
     299
     296
     312
     285
     280
     307
     302
     300
     295
     333
     317
     317
     272
     320
     346
     297
     306
     324
     313
     318
     325
     309
     327
     320
     305
     296
     316
     312
     320
     276
     305
     373
     303
     308
     281
     322
     282
     327
     326
     325
     289
     327
     310
     300
     314
     325
     320
     282
     334
     295
     330
     318
     283
     284
     283
     288
     288
     304
     317
     305
     297
     295
     321
     315
     314
     296
     317
     336
     302
     324
     330
     301
     312
     336
     278
     307
     339
     338
     321
     294
     301
     290
     313
     326
     316
     301
     299
     306
     298
     308
     280
     317
     317
     313
     296
     353
     294
     309
     288
     316
     294
     296
     313
     319
     313
     307
     280
     313
     297
     334
     327
     291
     306
     319
     304
     281
     279
     321
     304
     301
     309
     324
     292
     299
     335
     323
     342
     255
     288
     285
     307
     299
     305
     308
     296
     259
     308
     291
     311
     261
     292
     308
     292
     296
     313
     276
     300
     337
     314
     311
     303
     278
     290
     327
     301
     310
     353
     271
     329
     323
     299
     313
     328
     327
     315
     335
     318
     317
     254
     345
     290
     312
     300
     321
     308
     274
     311
     320
     347
     282
     285
     305
     287
     304
     290
     306
     293
     297
     318
     296
     309
     319
     320
     309
     331
     313
     297
     321
     307
     298
     310
     302
     332
     292
     256
     283
     296
     316
     279
     332
     307
     321
     313
     315
     300
     326
     334
     322
     278
     322
     289
     308
     324
     294
     336
     295
     310
     313
     343
     298
     298
     323
     338
     311
     353
     326
     340
     315
     307
     324
     327
     323
     360
     360
     345
     350
     324
     331
     351
     323
     359
     376
     361
     344
     364
     387
     363
     339
     337
     302
     369
     375
     371
     353
     359
     355
     362
     350
     360
     369
     362
     343
     344
     327
     376
     387
     331
     407
     343
     359
     365
     367
     333
     348
     360
     378
     388
     371
     340
     367
     353
     387
     365
     368
     332
     376
     391
     373
     371
     328
     374
     362
     360
     380
     352
     374
     362
     372
     366
     389
     375
     380
     332
     369
     383
     358
     354
     336
     368
     350
     352
     376
     367
     356
     358
     386
     358
     370
     361
     364
     340
     384
     358
     339
     338
     352
     376
     331
     359
     381
     341
     350
     385
     348
     360
     340
     365
     363
     348
     392
     341
     345
     390
     355
     396
     349
     362
     368
     381
     337
     372
     338
     349
     357
     362
     371
     376
     364
     364
     327
     357
     346
     326
     345
     368
     353
     343
     362
     333
     344
     341
     350
     338
     355
     368
     355
     332
     361
     311
     358
     357
     329
     295
     324
     320
     373
     346
     334
     308
     340
     349
     325
     339
     329
     366
     362
     389
     337
     321
     359
     363
     363
     318
     337
     342
     336
     353
     321
     364
     301
     337
     316
     358
     386
     325
     327
     340
     315
     352
     337
     354
     340
     354
     360
     363
     326
     342
     356
     339
     337
     357
     351
     335
     344
     340
     352
     331
     358
     308
     363
     319
     365
     323
     348
     354
     332
     353
     321
     331
     309
     350
     324
     321
     337
     337
     343
     331
     336
     341
     345
     317
     328
     346
     342
     338
     311
     356
     351
     361
     368
     334
     330
     334
     361
     333
     319
     316
     331
     323
     313
     330
     357
     338
     328
     297
     352
     333
     314
     367
     297
     339
     299
     371
     347
     346
     320
     315
     301
     333
     340
     333
     319
     326
     358
     332
     346
     338
     319
     353
     348
     311
     316
     293
     342
     337
     366
     327
     328
     291
     300
     315
     318
     349
     335
     351
     319
     319
     350
     337
     333
     317
     327
     314
     328
     342
     312
     364
     315
     338
     323
     341
     351
     322
     303
     345
     300
     357
     323
     334
     343
     338
     327
     330
     317
     320
     353
     304
     342
     320
     341
     333
     340
     305
     331
     332
     334
     324
     305
     310
     294
     335
     324
     306
     328
     353
     333
     303
     346
     302
     326
     300
     297
     331
     321
     330
     330
     340
     296
     313
     332
     313
     339
     301
     317
     331
     327
     332
     330
     313
     345
     309
     325
     308
     326
     311
     340
     292
     324
     343
     337
     337
     355
     316
     330
     318
     315
     316
     293
     310
     313
     310
     357
     323
     298
     309
     316
     359
     324
     326
     340
     298
     332
     317
     308
     313
     330
     333
     314
     304
     339
     309
     335
     314
     303
     287
     316
     331
     297
     317
     305
     302
     314
     320
     322
     284
     314
     331
     328
     333
     308
     316
     287
     349
     321
     324
     318
     327
     347
     307
     322
     338
     336
     292
     348
     346
     324
     295
     308
     302
     332
     320
     351
     333
     334
     323
     352
     305
     314
     348
     320
     352
     352
     347
     318
     312
     324
     309
     319
     335
     292
     307
     340
     309
     321
     318
     328
     309
     306
     299
     328
     322
     352
     312
     310
     333
     324
     318
     333
     353
     283
     324
     297
     337
     292
     327
     316
     340
     328
     326
     322
     313
     305
     335
     313
     284
     326
     329
     311
     346
     333
     290
     316
     290
     341
     318
     327
     295
     304
     321
     327
     318
     332
     328
     317
     297
     310
     313
     315
     321
     317
     301
     304
     298
     324
     284
     306
     309
     321
     349
     344
     302
     337
     298
     336
     299
     329
     277
     294
     307
     283
     280
     320
     317
     288
     324
     331
     317
     312
     325
     294
     313
     333
     289
     317
     337
     311
     329
     338
     313
     285
     311
     315
     318
     288
     298
     314
     300
     306
     303
     296
     294
     304
     310
     282
     310
     293
     314
     306
     309
     283
     319
     290
     309
     333
     302
     289
     312
     328
     303
     294
     287
     353
     318
     329
     310
     308
     317
     300
     294
     344
     290
     286
     324
     303
     303
     302
     310
     289
     313
     285
     305
     274
     315
     294
     307
     298
     288
     300
     327
     326
     289
     294
     328
     307
     324
     337
     314
     316
     300
     276
     335
     310
     288
     313
     338
     310
     320
     303
     283
     297
     290
     306
     296
     315
     315
     285
     270
     304
     320
     326
     320
     321
     308
     295
     301
     304
     311
     311
     285
     299
     296
     315
     306
     307
     319
     287
     327
     291
     303
     300
     303
     293
     302
     284
     326
     281
     303
     281
     300
     312
     263
     309
     323
     297
     299
     299
     274
     305
     314
     286
     285
     331
     286
     261
     304
     298
     304
     305
     278
     298
     323
     304
     299
     300
     296
     297
     317
     303
     285
     295
     311
     307
     311
     293
     284
     326
     274
     298
     313
     321
     276
     269
     294
     286
     317
     281
     302
     302
     278
     328
     329
     278
     294
     285
     291
     341
     313
     321
     283
     264
     282
     318
     291
     324
     300
     310
     247
     290
     303
     316
     298
     323
     275
     301
     284
     300
     301
     306
     289
     275
     294
     272
     325
     258
     297
     321
     294
     325
     308
     299
     266
     286
     290
     293
     286
     283
     303
     307
     277
     305
     272
     282
     293
     290
     283
     273
     319
     302
     283
     300
     297
     301
     271
     316
     292
     280
     278
     299
     283
     296
     312
     301
     322
     294
     289
     330
     283
     296
     278
     276
     288
     290
     290
     299
     313
     263
     278
     270
     305
     298
     288
     277
     336
     287
     319
     281
     301
     298
     340
     302
     338
     302
     316
     287
     302
     306
     279
     300
     310
     322
     296
     285
     308
     296
     296
     271
     317
     306
     306
     334
     304
     299
     294
     285
     285
     259
     315
     285
     283
     320
     269
     305
     293
     312
     305
     297
     284
     308
     271
     327
     285
     260
     290
     280
     291
     299
     286
     290
     281
     294
     294
     298
     316
     281
     300
     289
     317
     289
     296
     302
     289
     267
     263
     282
     270
     309
     310
     330
     281
     270
     340
     310
     293
     274
     298
     303
     263
     308
     299
     265
     281
     275
     281
     269
     301
     281
     283
     294
     284
     294
     249
     292
     284
     299
     264
     274
     279
     283
     275
     251
     277
     303
     286
     292
     312
     270
     273
     298
     261
     307
     292
     275
     296
     290
     288
     296
     306
     335
     283
     289
     315
     282
     302
     286
     297
     292
     270
     276
     257
     302
     294
     312
     274
     294
     268
     300
     275
     286
     298
     301
     294
     278
     307
     284
     255
     302
     274
     307
     250
     287
     291
     282
     285
     283
     287
     313
     306
     300
     278
     273
     313
     290
     301
     303
     306
     299
     316
     254
     314
     286
     305
     293
     293
     287
     310
     291
     294
     308
     264
     289
     317
     290
     339
     286
     287
     289
     302
     290
     325
     283
     317
     265
     301
     313
     330
     289
     291
     269
     249
     312
     315
     289
     287
     316
     309
     286
     280
     300
     260
     290
     315
     299
     309
     278
     247
     327
     293
     318
     292
     317
     291
     265
     282
     317
     314
     260
     317
     292
     265
     295
     304
     269
     286
     286
     315
     317
     304
     295
     306
     304
     302
     284
     272
     307
     282
     286
     284
     293
     299
     305
     293
     312
     290
     286
     289
     300
     311
     292
     292
     327
     275
     290
     298
     290
     299
     303
     287
     294
     275
     304
     297
     274
     295
     313
     284
     298
     326
     298
     288
     292
     318
     274
     282
     287
     320
     297
     306
     322
     284
     279
     299
     289
     309
     292
     268
     285
     321
     317
     312
     302
     257
     312
     294
     294
     297
     280
     319
     287
     318
     312
     313
     265
     262
     286
     299
     260
     289
     282
     297
     289
     294
     299
     304
     291
     312
     336
     313
     299
     310
     299
     313
     311
     259
     312
     301
     329
     290
     293
     268
     295
     305
     280
     318
     286
     271
     296
     326
     312
     243
     317
     295
     312
     300
     275
     309
     274
     284
     333
     310
     313
     312
     297
     305
     264
     337
     288
     302
     288
     279
     291
     308
     308
     279
     306
     306
     304
     290
     297
     311
     299
     329
     297
     322
     320
     318
     325
     312
     316
     311
     351
     313
     283
     317
     311
     273
     347
     278
     290
     294
     308
     315
     276
     327
     308
     326
     290
     306
     263
     345
     323
     308
     312
     291
     265
     294
     321
     327
     304
     279
     295
     325
     295
     332
     337
     330
     312
     343
     342
     305
     273
     326
     321
     312
     307
     314
     316
     313
     297
     336
     298
     319
     314
     332
     319
     328
     355
     324
     309
     300
     322
     304
     322
     328
     327
     295
     293
     304
     316
     319
     324
     322
     325
     337
     331
     325
     297
     322
     310
     326
     295
     321
     333
     298
     336
     289
     347
     277
     318
     341
     308
     299
     335
     344
     333
     290
     294
     298
     343
     307
     292
     307
     302
     325
     282
     329
     317
     331
     286
     328
     319
     309
     352
     305
     329
     322
     325
     316
     347
     317
     348
     322
     359
     303
     326
     308
     342
     339
     312
     329
     296
     327
     289
     316
     352
     324
     277
     351
     323
     343
     341
     342
     320
     334
     338
     344
     311
     324
     336
     329
     347
     273
     336
     328
     345
     295
     318
     354
     323
     335
     358
     304
     350
     333
     319
     328
     336
     364
     363
     339
     323
     304
     323
     295
     322
     348
     310
     310
     363
     329
     312
     349
     314
     325
     326
     333
     353
     335
     348
     350
     320
     314
     346
     305
     327
     339
     293
     304
     333
     348
     341
     344
     362
     360
     324
     335
     291
     321
     338
     352
     361
     332
     348
     370
     361
     335
     339
     345
     355
     403
     327
     340
     353
     378
     349
     357
     355
     363
     345
     332
     335
     354
     342
     333
     347
     367
     330
     308
     344
     340
     350
     335
     341
     334
     316
     401
     351
     337
     399
     341
     349
     382
     344
     356
     391
     347
     347
     359
     336
     360
     360
     371
     347
     356
     358
     364
     383
     357
     343
     346
     332
     329
     334
     356
     355
     385
     404
     394
     350
     366
     336
     353
     355
     374
     350
     361
     376
     374
     374
     354
     392
     346
     374
     363
     347
     386
     379
     361
     356
     358
     363
     315
     350
     376
     389
     406
     385
     382
     393
     350
     372
     346
     375
     411
     361
     362
     381
     383
     340
     354
     352
     359
     355
     354
     369
     373
     379
     368
     381
     367
     363
     368
     431
     354
     369
     360
     348
     413
     370
     372
     400
     384
     384
     359
     365
     341
     375
     396
     373
     383
     430
     370
     383
     376
     351
     386
     415
     410
     394
     380
     357
     396
     407
     347
     361
     385
     358
     410
     393
     397
     380
     373
     382
     395
     369
     344
     390
     378
     399
     389
     391
     388
     383
     389
     364
     376
     366
     388
     405
     403
     364
     367
     395
     343
     371
     357
     389
     394
     370
     409
     360
     398
     386
     358
     400
     391
     378
     395
     396
     382
     383
     392
     384
     375
     406
     385
     359
     398
     360
     390
     390
     386
     378
     352
     381
     389
     439
     398
     347
     356
     358
     355
     383
     383
     364
     385
     395
     365
     350
     351
     373
     353
     392
     359
     414
     379
     359
     377
     356
     392
     384
     388
     339
     361
     361
     344
     379
     380
     355
     376
     360
     326
     371
     397
     343
     321
     387
     370
     337
     352
     399
     345
     338
     333
     375
     297
     347
     335
     324
     307
     314
     335
     340
     321
     319
     313
     345
     294
     323
     299
     320
     317
     307
     314
     338
     317
     306
     289
     311
     303
     286
     283
     289
     293
     265
     310
     265
     285
     272
     281
     251
     291
     246
     260
     286
     269
     255
     268
     243
     280
     277
     271
     265
     264
     270
     267
     249
     287
     270
     271
     232
     274
     230
     244
     229
     221
     219
     244
     241
     268
     256
     266
     207
     262
     236
     263
     236
     214
     233
     235
     227
     243
     232
     225
     246
     236
     228
     237
     221
     226
     234
     239
     239
     225
     222
     210
     227
     185
     196
     223
     228
     230
     214
     208
     236
     208
     214
     216
     200
     211
     218
     208
     240
     224
     226
     204
     239
     215
     220
     206
     205
     187
     230
     223
     199
     261
     215
     231
     245
     217
     234
     231
     207
     233
     234
     203
     236
     242
     211
     209
     217
     219
     198
     209
     205
     197
     193
     227
     212
     191
     219
     200
     205
     177
     194
     195
     195
     223
     206
     193
     207
     189
     204
     209
     210
     210
     195
     203
     193
     223
     213
     201
     226
     172
     177
     173
     201
     199
     213
     194
     209
     182
     189
     211
     221
     183
     178
     171
     159
     178
     192
     216
     194
     203
     176
     186
     202
     186
     175
     197
     172
     180
     172
     197
     188
     205
     214
     192
     192
     165
     169
     175
     180
     201
     175
     197
     181
     177
     203
     173
     174
     171
     183
     184
     196
     180
     164
     166
     164
     182
     190
     181
     184
     168
     210
     181
     193
     184
     161
     166
     166
     177
     163
     159
     168
     184
     170
     170
     162
     165
     199
     176
     179
     161
     161
     200
     139
     181
     163
     183
     190
     172
     200
     198
     176
     178
     158
     152
     185
     172
     181
     171
     165
     155
     166
     183
     150
     172
     176
     172
     171
     165
     175
     178
     167
     197
     182
     176
     171
     160
     153
     170
     157
     175
     162
     199
     166
     164
     178
     161
     162
     157
     163
     168
     188
     153
     165
     167
     174
     174
     167
     153
     159
     166
     131
     171
     130
     172
     167
     179
     185
     165
     143
     167
     157
     145
     140
     164
     153
     156
     167
     147
     156
     149
     153
     160
     172
     150
     155
     148
     162
     158
     160
     161
     151
     133
     170
     159
     132
     144
     166
     186
     161
     133
     138
     159
     151
     161
     139
     137
     148
     174
     156
     150
     136
     141
     146
     144
     150
     170
     147
     153
     143
     143
     183
     150
     144
     140
     155
     132
     147
     145
     122
     148
     178
     149
     179
     136
     123
     144
     152
     166
     129
     163
     160
     155
     120
     130
     140
     154
     153
     131
     151
     151
     151
     167
     141
     136
     130
     151
     144
     121
     152
     128
     149
     119
     135
     141
     127
     151
     161
     132
     135
     115
     150
     125
     123
     126
     147
     140
     142
     153
     127
     158
     132
     114
     131
     123
     156
     156
     136
     129
     136
     120
     137
     116
     131
     133
     137
     133
     119
     116
     131
     141
     136
     131
     138
     136
     117
     131
     136
     136
     136
     135
     133
     126
     137
     132
     151
     114
     153
     135
     123
     117
     117
     136
     134
     131
     123
     127
     127
     138
     137
     132
     126
     125
     125
     129
     127
     159
     139
     133
     124
     113
     134
     131
     133
     140
     124
     134
     125
     120
     134
     108
     125
     121
     139
     109
     122
     125
     115
     116
     124
     120
     119
      92
     124
     130
     146
     113
     140
     114
     125
     142
     117
     110
     118
     102
     134
     103
     108
     115
     126
     113
     133
     116
     107
     121
     115
     128
     124
      99
     131
     112
     101
     121
     117
     114
     115
      99
     122
     114
     124
      94
     132
     109
     108
     121
     136
     128
     139
     107
     115
     110
     111
     118
     101
     112
     110
     123
     105
     101
     114
     101
     121
      98
      94
     137
      92
      94
     105
     120
      97
     126
     101
     100
     111
     113
     137
     105
     117
     116
     118
     112
      98
      98
     106
     116
     108
     118
     119
      94
      99
     106
     111
     102
     102
      95
      88
     123
     114
     101
     103
     122
      98
     128
     120
     106
     109
     104
     117
     102
     114
     102
     118
     110
     114
     107
     102
      95
     109
      96
      90
      98
     107
     104
     104
     105
     109
      97
     104
      99
     100
      98
     114
     102
     103
     104
      94
     124
      96
      94
      94
     123
      95
      93
     102
      98
      81
     105
     110
      99
     102
     108
      98
      99
      94
      88
     118
      97
      95
      96
      94
      95
      82
      97
     100
     107
     112
      97
      98
      83
      97
      86
     107
     108
      86
      89
      85
      94
     102
     101
      93
     104
      91
     114
      96
      86
      92
      93
      94
      90
      88
      85
      94
      99
     100
      91
      93
     105
      75
     110
     101
      95
      90
     109
     106
     102
     102
     107
      99
     101
      91
      88
     105
      91
     100
      77
      98
      94
      95
      95
      77
      85
      92
      96
     100
      67
      99
     103
      83
      92
     103
      81
      96
     102
      99
     104
     100
      94
      87
      87
      91
     107
      78
     102
      80
      90
      91
      89
      84
      87
      95
      88
      86
      97
      89
      75
      82
      85
      79
      87
      95
      77
      92
      91
      84
      85
      93
      79
      87
      93
      79
      77
      79
      94
      97
      83
      93
      94
      94
      91
      94
      96
      86
      92
      94
      78
      86
      97
      78
      83
      70
      82
      95
      80
     117
     106
      69
      87
      93
     106
      86
     126
      79
      81
      94
      90
      78
      71
     100
      69
      76
      93
      82
      87
      90
      95
      70
      81
      91
     115
      85
      84
      87
      70
      95
      81
      85
      79
      81
      80
      90
      82
      74
     105
      80
      83
      90
      83
      92
      82
      89
      85
      85
      94
     100
      97
      82
      91
      89
      84
      93
      93
     111
      91
      79
      89
      85
      91
      81
      85
      71
      83
      67
      71
      77
      87
      99
      77
      90
      88
      73
      74
      82
      86
      85
      78
     102
      80
      73
      84
      88
      68
      88
      70
      66
      68
      84
      82
      86
      89
     102
      96
      81
      87
      95
      75
      83
      69
      76
      93
      97
      65
      86
      85
      77
      95
     105
      94
      85
      78
      82
      93
      94
      64
      92
      87
      95
      82
      90
      68
      84
      82
      80
      92
     101
      77
      76
      84
     100
      77
      78
      76
      68
      82
      90
      86
      69
      68
      70
      90
      85
      93
      74
      83
      80
      85
      86
      93
      64
      91
      88
      75
      87
      84
      85
     100
      73
      89
      86
      96
      89
      72
      91
      84
      63
      87
      67
      79
      81
      75
      85
      82
      70
     102
      71
      73
      92
      77
      83
      89
      80
      77
      70
      74
      80
      86
      90
      94
      71
      81
      71
      75
      84
      76
      72
      76
      78
      81
      86
      91
      92
      94
      66
      81
      77
      85
      95
      85
      59
      76
      78
      85
      91
      80
      90
      69
      83
      79
      77
      81
      89
      66
      88
      95
      84
      68
      86
      82
      91
      78
     102
      92
      83
      82
      79
      90
      79
     105
      64
      96
      84
      90
      63
      83
      83
      76
      75
      78
      84
      84
      81
      70
      77
      65
      82
      92
      76
      96
      72
      84
      88
      86
      83
      75
      92
      71
      60
      92
      74
      75
      75
      75
      91
      73
      78
      73
      80
      89
      74
      66
      75
      85
      74
      79
      68
      79
      83
      83
      85
      77
      83
     101
      76
      81
      96
      82
      92
      69
      79
      85
      76
      68
      66
      75
      84
      83
      82
      94
      85
      92
      91
      94
      68
      77
      85
      74
      78
      93
      94
      84
      81
      80
     101
      81
      75
      92
      73
     103
      81
      92
      68
      66
      84
      97
      68
      85
      72
      69
      86
      88
      86
     100
      90
      86
      76
      78
      72
     104
      73
      84
      68
      77
      72
      88
      85
      73
      83
      97
      80
      87
      90
      81
      69
      75
      87
      83
      69
      73
      75
      67
      87
      84
      85
      76
      78
      76
      82
      67
      82
      70
      74
      78
      99
      83
      83
      97
      96
      82
      87
      82
      79
      94
      86
      69
      82
      90
      75
      79
      87
      71
      70
      97
      80
      74
      84
      84
      68
      78
      92
      69
      72
      86
      80
      73
      88
      79
      74
      78
      73
      74
      83
      91
      77
      91
      88
      84
      93
      85
      99
      82
      82
      88
      63
      75
      95
      72
      94
      81
      90
      78
      86
      71
      85
      87
      80
     103
      86
      75
      72
      73
      92
      76
      76
      84
      84
      87
      88
      83
      85
      68
      76
      78
      74
      69
      95
      89
      63
      82
      80
      62
      70
      62
     101
      92
      81
      81
      71
      87
      81
      70
      75
      76
      77
      80
      87
      77
      68
      85
      85
      74
      66
      83
      85
      91
      56
      76
      80
      88
      73
      72
      81
      73
      79
      93
      88
      68
      76
      80
      76
      87
      73
      72
      69
      73
      71
      71
      75
      91
      85
      70
      92
      75
      71
      80
      81
      74
      77
      93
      81
      89
      93
      85
      85
      79
      86
      86
      81
      85
     103
      90
      96
      85
      70
      81
      77
      78
      76
      78
      59
      68
     100
      79
      89
      83
      88
      98
      76
      84
      90
      94
      64
      97
      92
      85
      83
      88
      77
      80
      93
      79
      81
      71
      73
      75
      77
      75
      78
      81
     107
      72
      70
      72
      72
      77
      82
      77
      85
      74
      86
      76
      91
     101
      70
      78
      78
      88
      90
      82
      67
      71
      93
      81
      78
      75
      89
      91
      80
      77
      75
      90
      90
      84
      82
      78
      76
      73
      75
      78
      80
      80
      67
      81
      82
      71
      90
      82
      85
      99
      78
      88
      75
      92
      80
      77
      61
      87
      79
      74
      88
      80
      84
      84
      92
      70
      83
      79
      84
      89
      77
      81
      84
      81
      67
      87
      87
      87
      71
      81
      84
      93
      77
      91
      96
      81
      78
      86
      80
      71
      72
      78
      75
      71
      84
      92
      94
      73
      89
     100
      94
      90
      76
      99
      83
      81
      98
      88
      73
      95
      89
      80
     106
      84
      86
      87
      87
      96
     110
      88
      83
      98
      82
      67
      74
      85
      89
     102
      88
      83
      87
      81
      74
      68
      78
      81
      76
      89
      96
      89
      98
      87
      79
      92
      66
      84
      88
      82
      68
      98
      84
      88
      88
      75
      87
      89
      84
      77
      94
      87
      96
      86
      88
      86
      76
      76
      81
      79
      97
      89
     106
      78
     103
      82
      85
      94
      88
      82
      84
      94
      93
      88
      85
      79
      89
      90
      95
      91
      92
      76
      89
      94
      91
      83
     102
      95
      79
     105
      81
      81
      74
      76
      84
      93
      77
      77
      96
      92
     101
     100
      84
      88
      95
      77
      94
     105
      93
      97
      91
      94
     102
      91
      80
     110
     112
      91
     106
      83
      86
      96
     104
     105
      81
      89
      98
     108
      89
     105
      96
     108
      80
     100
     100
      86
      86
      95
     105
     105
     112
     129
      91
     103
     101
      98
     111
     102
     109
     109
     108
      89
     105
     112
      94
     107
     112
     129
     111
     109
     109
     109
     117
     104
     109
     117
     143
     118
     131
     119
     134
     140
     133
     165
     166
     144
     154
     144
     170
     201
     199
     221
     221
     223
     250
     259
     330
     309
     361
     374
     452
     444
     517
     549
     629
     722
     785
     913
    1058
    1210
    1393
    1588
    1879
    2118
    2512
    2833
    3435
    3785
    4528
    5011
    5619
    6416
    7193
    7785
    8547
    9108
    9895
   10357
   11071
   11515
   12001
   12192
   12507
   12956
   12693
   12907
   12731
   12631
   12360
   11965
   11845
   11392
   10880
   10286
    9657
    9207
    8375
    7600
    6953
    6227
    5493
    4716
    4112
    3507
    3033
    2458
    2156
    1601
    1421
    1145
     985
     787
     673
     546
     514
     415
     375
     324
     289
     274
     228
     221
     198
     212
     175
     180
     172
     139
     140
     140
     135
     123
     125
     108
     129
     110
      99
     105
      77
      81
      73
      89
      75
      93
      88
      87
      77
      76
      76
      70
      75
      93
      88
      64
      73
      69
      73
      86
      72
      73
      75
      63
      61
      65
      66
      66
      60
      78
      79
      66
      59
      69
      60
      70
      64
      68
      69
      54
      66
      55
      50
      60
      60
      56
      68
      63
      50
      55
      58
      57
      49
      53
      53
      48
      66
      62
      43
      50
      57
      50
      59
      61
      57
      57
      54
      66
      49
      64
      65
      54
      43
      54
      49
      52
      48
      88
      52
      50
      55
      49
      57
      57
      51
      43
      62
      45
      55
      50
      54
      64
      47
      48
      60
      49
      58
      53
      59
      49
      63
      55
      45
      51
      57
      43
      54
      37
      50
      54
      43
      60
      46
      55
      44
      49
      50
      54
      51
      61
      69
      38
      55
      61
      44
      41
      50
      72
      55
      45
      42
      42
      43
      64
      56
      43
      44
      58
      43
      43
      43
      50
      59
      49
      65
      54
      46
      45
      29
      58
      58
      47
      51
      41
      40
      54
      58
      45
      55
      58
      46
      40
      60
      59
      46
      67
      45
      56
      53
      58
      37
      56
      50
      44
      55
      62
      61
      39
      43
      54
      42
      39
      45
      40
      55
      55
      49
      58
      48
      41
      46
      35
      42
      42
      47
      44
      39
      47
      42
      59
      59
      47
      47
      56
      43
      43
      40
      53
      54
      51
      51
      35
      52
      45
      34
      50
      39
      42
      36
      43
      53
      45
      47
      43
      44
      46
      46
      56
      40
      45
      38
      34
      56
      36
      53
      51
      60
      41
      43
      36
      41
      52
      43
      42
      52
      47
      54
      38
      44
      33
      37
      38
      56
      38
      43
      45
      45
      47
      46
      39
      47
      40
      38
      41
      29
      40
      35
      42
      34
      41
      37
      45
      44
      35
      35
      35
      45
      56
      42
      38
      45
      47
      42
      46
      54
      41
      42
      48
      37
      38
      47
      46
      48
      36
      30
      48
      52
      36
      49
      35
      40
      42
      45
      58
      43
      36
      40
      46
      52
      49
      57
      34
      38
      46
      33
      42
      52
      32
      50
      49
      36
      44
      54
      40
      36
      43
      46
      37
      28
      33
      35
      43
      54
      48
      38
      44
      39
      50
      48
      39
      50
      51
      47
      55
      38
      53
      44
      42
      46
      44
      43
      35
      45
      49
      39
      41
      52
      41
      50
      38
      48
      54
      41
      39
      47
      44
      46
      39
      43
      47
      39
      48
      54
      31
      46
      46
      47
      48
      36
      41
      39
      45
      50
      48
      35
      45
      40
      34
      39
      48
      35
      41
      38
      39
      44
      44
      50
      48
      41
      41
      46
      36
      40
      37
      35
      44
      33
      45
      46
      40
      37
      38
      54
      39
      41
      39
      38
      49
      42
      38
      39
      51
      40
      41
      37
      46
      47
      38
      32
      37
      48
      40
      33
      39
      38
      39
      41
      56
      49
      47
      41
      34
      42
      40
      32
      46
      42
      41
      40
      55
      50
      40
      34
      38
      57
      30
      33
      38
      39
      57
      46
      43
      31
      53
      38
      49
      30
      38
      39
      31
      32
      44
      31
      44
      37
      34
      40
      42
      40
      38
      31
      34
      36
      40
      27
      39
      45
      36
      38
      28
      46
      42
      47
      50
      53
      43
      39
      40
      44
      39
      50
      35
      33
      48
      43
      47
      46
      37
      42
      48
      50
      47
      53
      34
      39
      37
      39
      44
      38
      44
      42
      32
      40
      38
      25
      33
      36
      40
      39
      47
      33
      42
      50
      41
      38
      43
      34
      38
      39
      29
      28
      37
      56
      42
      51
      47
      34
      46
      30
      47
      40
      47
      44
      38
      42
      35
      37
      37
      35
      42
      50
      40
      46
      40
      34
      43
      40
      42
      51
      43
      42
      40
      45
      35
      42
      38
      43
      41
      36
      46
      50
      37
      29
      38
      51
      47
      41
      49
      45
      42
      42
      42
      38
      47
      39
      31
      49
      37
      41
      50
      44
      39
      50
      35
      47
      35
      51
      45
      37
      34
      42
      45
      43
      55
      41
      35
      43
      48
      43
      48
      42
      41
      40
      43
      50
      41
      46
      36
      51
      32
      35
      41
      39
      31
      42
      40
      44
      53
      37
      48
      38
      37
      50
      44
      37
      28
      53
      23
      55
      42
      45
      41
      36
      47
      40
      45
      43
      41
      30
      52
      40
      27
      33
      47
      28
      36
      46
      47
      45
      39
      42
      32
      47
      38
      42
      49
      38
      37
      34
      33
      47
      55
      27
      32
      33
      45
      48
      39
      28
      39
      37
      34
      35
      37
      38
      32
      40
      32
      35
      46
      29
      33
      34
      41
      44
      34
      39
      36
      39
      32
      37
      39
      38
      37
      36
      46
      47
      55
      40
      34
      47
      34
      41
      36
      45
      47
      45
      54
      34
      40
      40
      53
      35
      21
      49
      35
      36
      39
      53
      35
      35
      36
      31
      38
      47
      36
      27
      39
      39
      36
      32
      33
      38
      37
      41
      41
      33
      37
      46
      34
      36
      34
      31
      40
      36
      47
      39
      37
      25
      48
      39
      33
      36
      35
      38
      31
      40
      38
      42
      44
      29
      26
      41
      37
      46
      36
      55
      31
      42
      34
      46
      42
      29
      41
      49
      45
      40
      35
      41
      42
      41
      40
      45
      41
      35
      42
      28
      44
      32
      38
      40
      35
      35
      37
      47
      38
      39
      36
      33
      36
      29
      39
      45
      40
      42
      46
      38
      34
      50
      42
      40
      51
      47
      43
      41
      34
      59
      52
      43
      44
      47
      39
      35
      36
      42
      35
      36
      31
      41
      31
      41
      39
      35
      36
      39
      45
      42
      45
      34
      37
      41
      36
      45
      39
      40
      48
      40
      30
      32
      40
      47
      47
      42
      40
      34
      38
      40
      36
      38
      32
      28
      40
      44
      39
      36
      28
      35
      36
      39
      30
      30
      40
      39
      39
      30
      29
      33
      48
      33
      36
      35
      30
      44
      40
      35
      49
      42
      48
      49
      35
      47
      38
      51
      42
      45
      44
      39
      45
      44
      46
      48
      48
      41
      41
      50
      42
      46
      44
      49
      42
      59
      50
      48
      46
      53
      40
      47
      44
      45
      49
      44
      46
      36
      41
      35
      30
      46
      41
      26
      35
      50
      31
      27
      41
      43
      31
      32
      40
      34
      42
      45
      27
      34
      37
      39
      33
      39
      36
      39
      39
      47
      40
      36
      34
      49
      38
      31
      33
      44
      28
      43
      34
      41
      40
      50
      41
      43
      38
      35
      35
      36
      37
      41
      43
      41
      42
      34
      43
      32
      38
      39
      34
      43
      44
      35
      39
      46
      36
      44
      45
      35
      34
      39
      42
      36
      41
      35
      38
      37
      40
      46
      28
      37
      41
      38
      31
      42
      35
      32
      32
      31
      37
      48
      49
      38
      44
      34
      24
      42
      40
      30
      43
      38
      35
      41
      35
      26
      33
      36
      61
      43
      49
      30
      43
      34
      35
      49
      43
      44
      42
      40
      41
      48
      43
      50
      28
      40
      50
      35
      35
      34
      41
      41
      36
      44
      43
      36
      29
      39
      40
      31
      40
      34
      40
      43
      39
      30
      36
      41
      43
      40
      45
      38
      45
      41
      27
      37
      41
      33
      32
      40
      35
      37
      33
      25
      32
      28
      45
      41
      59
      44
      46
      36
      29
      43
      42
      38
      37
      37
      39
      38
      33
      40
      30
      42
      41
      35
      44
      47
      42
      32
      33
      48
      38
      42
      34
      32
      37
      43
      39
      34
      35
      37
      48
      40
      43
      41
      26
      36
      33
      30
      36
      45
      45
      43
      39
      40
      25
      42
      41
      45
      39
      43
      35
      45
      41
      42
      46
      32
      36
      33
      45
      39
      49
      41
      43
      40
      45
      37
      35
      41
      28
      37
      31
      41
      46
      33
      42
      32
      41
      35
      33
      34
      33
      38
      38
      34
      32
      34
      39
      31
      28
      39
      40
      41
      44
      44
      24
      33
      43
      40
      26
      42
      29
      42
      27
      34
      44
      42
      49
      28
      46
      26
      29
      34
      40
      33
      39
      35
      47
      38
      29
      36
      35
      37
      46
      42
      40
      48
      34
      39
      40
      42
      43
      29
      44
      44
      41
      37
      43
      40
      33
      49
      43
      35
      28
      40
      44
      40
      36
      45
      32
      44
      37
      47
      46
      26
      45
      29
      45
      35
      40
      34
      35
      33
      55
      56
      29
      36
      34
      38
      44
      44
      37
      42
      37
      42
      36
      31
      42
      25
      33
      52
      33
      37
      42
      35
      50
      57
      18
      44
      22
      37
      40
      26
      46
      40
      34
      38
      44
      43
      32
      25
      40
      32
      43
      33
      40
      36
      30
      41
      33
      40
      38
      31
      43
      38
      43
      32
      29
      32
      44
      45
      38
      28
      45
      43
      43
      34
      34
      31
      37
      35
      34
      37
      28
      38
      38
      38
      40
      37
      40
      31
      42
      46
      48
      37
      45
      42
      45
      41
      56
      41
      45
      38
      46
      41
      30
      35
      43
      39
      41
      25
      52
      44
      39
      43
      48
      32
      40
      38
      30
      42
      32
      27
      40
      55
      33
      40
      48
      46
      37
      40
      46
      46
      35
      40
      46
      44
      40
      45
      27
      38
      40
      54
      46
      42
      37
      33
      34
      41
      38
      39
      38
      41
      39
      36
      36
      43
      46
      46
      43
      46
      37
      37
      52
      39
      34
      36
      41
      41
      41
      39
      38
      40
      27
      43
      37
      39
      44
      31
      27
      48
      42
      39
      42
      41
      41
      41
      47
      41
      53
      41
      45
      51
      46
      32
      40
      35
      45
      47
      30
      42
      45
      37
      33
      44
      40
      41
      41
      38
      37
      30
      43
      38
      30
      39
      40
      40
      44
      33
      36
      33
      39
      42
      48
      35
      36
      45
      31
      32
      34
      32
      47
      36
      32
      39
      49
      42
      38
      42
      42
      34
      32
      38
      34
      42
      39
      39
      42
      31
      39
      31
      49
      40
      41
      41
      43
      37
      50
      37
      35
      37
      31
      41
      45
      42
      32
      32
      32
      45
      41
      39
      35
      42
      32
      32
      46
      48
      45
      34
      34
      30
      43
      38
      50
      41
      45
      36
      40
      38
      28
      46
      47
      37
      33
      49
      44
      37
      27
      32
      45
      39
      35
      40
      44
      37
      42
      41
      42
      37
      28
      48
      53
      34
      32
      35
      38
      35
      37
      39
      40
      35
      38
      36
      29
      35
      29
      37
      47
      49
      30
      36
      33
      49
      41
      26
      31
      37
      40
      39
      34
      40
      33
      47
      34
      44
      33
      36
      38
      38
      39
      40
      45
      40
      36
      31
      35
      38
      31
      48
      30
      39
      41
      38
      42
      28
      43
      37
      39
      44
      30
      30
      44
      17
      45
      46
      33
      35
      36
      28
      42
      50
      46
      48
      35
      38
      41
      45
      46
      39
      37
      34
      36
      47
      32
      37
      40
      47
      27
      43
      33
      31
      38
      45
      46
      47
      44
      36
      35
      37
      43
      47
      34
      36
      33
      47
      24
      45
      43
      30
      40
      37
      34
      47
      46
      39
      45
      36
      35
      40
      29
      38
      39
      42
      49
      45
      42
      32
      46
      37
      41
      31
      32
      35
      38
      41
      47
      27
      40
      41
      41
      43
      52
      43
      33
      39
      32
      38
      42
      45
      42
      46
      38
      39
      40
      45
      42
      43
      30
      43
      37
      31
      42
      32
      35
      39
      35
      47
      33
      33
      42
      42
      47
      36
      45
      39
      49
      31
      28
      37
      40
      39
      30
      48
      40
      35
      37
      44
      42
      44
      44
      27
      32
      29
      40
      42
      31
      39
      37
      37
      40
      42
      45
      40
      33
      37
      39
      53
      42
      34
      51
      33
      34
      40
      30
      28
      42
      45
      46
      37
      39
      31
      43
      42
      44
      47
      41
      39
      36
      42
      36
      32
      43
      25
      39
      38
      26
      40
      37
      35
      41
      46
      31
      31
      51
      48
      41
      45
      39
      42
      43
      43
      38
      41
      44
      38
      43
      36
      39
      50
      39
      34
      41
      40
      30
      38
      39
      45
      38
      38
      37
      42
      47
      36
      35
      34
      42
      40
      39
      40
      33
      37
      34
      22
      28
      46
      44
      29
      43
      38
      35
      48
      36
      41
      51
      34
      46
      55
      40
      38
      22
      29
      36
      36
      47
      39
      41
      34
      52
      37
      47
      44
      46
      41
      37
      38
      46
      30
      45
      44
      36
      45
      49
      30
      31
      33
      50
      37
      52
      34
      31
      41
      44
      38
      32
      41
      47
      32
      52
      27
      46
      37
      40
      22
      45
      47
      41
      36
      35
      47
      30
      42
      37
      34
      41
      45
      36
      46
      33
      38
      35
      42
      32
      41
      39
      36
      36
      46
      35
      32
      32
      38
      44
      45
      38
      43
      34
      42
      29
      29
      44
      34
      43
      45
      35
      35
      49
      43
      32
      39
      37
      36
      35
      38
      48
      40
      37
      39
      45
      42
      47
      45
      37
      41
      43
      36
      37
      27
      38
      40
      26
      45
      38
      38
      34
      38
      41
      47
      38
      44
      51
      35
      43
      47
      41
      39
      41
      28
      31
      20
      41
      30
      48
      32
      29
      37
      26
      27
      40
      37
      40
      32
      32
      32
      41
      41
      44
      31
      46
      55
      41
      29
      27
      38
      45
      40
      39
      37
      28
      37
      41
      40
      40
      31
      33
      44
      38
      35
      36
      44
      52
      37
      40
      41
      44
      40
      46
      29
      31
      44
      43
      38
      32
      34
      26
      47
      43
      49
      39
      44
      43
      52
      45
      39
      31
      38
      45
      44
      31
      38
      42
      40
      56
      26
      45
      36
      41
      41
      49
      39
      34
      41
      54
      34
      36
      36
      32
      34
      45
      40
      39
      40
      32
      30
      30
      29
      36
      49
      36
      40
      46
      44
      27
      40
      42
      39
      41
      39
      28
      31
      27
      43
      37
      48
      49
      36
      38
      43
      49
      35
      40
      45
      48
      49
      33
      43
      33
      44
      43
      31
      34
      39
      39
      29
      41
      46
      33
      33
      26
      45
      42
      35
      41
      37
      41
      41
      38
      54
      53
      34
      35
      51
      44
      45
      40
      43
      37
      37
      34
      53
      33
      29
      35
      37
      29
      33
      42
      40
      41
      35
      28
      36
      48
      44
      42
      30
      40
      43
      36
      49
      46
      37
      31
      55
      29
      38
      32
      40
      44
      30
      41
      35
      54
      37
      44
      41
      47
      40
      39
      30
      31
      49
      43
      39
      42
      37
      40
      35
      26
      40
      42
      35
      36
      31
      29
      31
      38
      33
      48
      39
      31
      35
      38
      41
      39
      32
      45
      38
      41
      40
      51
      30
      30
      37
      46
      30
      35
      38
      39
      32
      34
      39
      32
      47
      47
      51
      43
      37
      43
      37
      38
      40
      42
      33
      35
      43
      40
      37
      40
      35
      36
      50
      38
      42
      44
      35
      33
      29
      40
      42
      33
      37
      36
      33
      28
      38
      45
      41
      35
      39
      36
      38
      32
      48
      39
      36
      40
      40
      32
      47
      37
      32
      27
      36
      41
      46
      39
      31
      40
      43
      41
      45
      32
      43
      47
      30
      44
      44
      50
      34
      51
      50
      48
      34
      36
      41
      39
      26
      36
      34
      38
      43
      42
      29
      45
      31
      37
      48
      42
      35
      30
      46
      49
      44
      41
      37
      38
      39
      34
      46
      37
      40
      36
      33
      32
      39
      33
      32
      38
      34
      32
      40
      36
      41
      35
      35
      44
      36
      32
      41
      34
      40
      26
      40
      43
      50
      30
      35
      46
      39
      36
      45
      37
      36
      32
      47
      32
      48
      43
      38
      38
      42
      54
      43
      37
      37
      35
      48
      33
      40
      42
      39
      44
      40
      36
      35
      45
      43
      30
      36
      49
      41
      44
      41
      37
      45
      43
      27
      45
      46
      39
      34
      51
      53
      33
      41
      33
      41
      31
      46
      36
      30
      36
      42
      32
      40
      30
      40
      42
      39
      37
      50
      50
      39
      35
      26
      29
      48
      38
      40
      36
      41
      41
      39
      28
      37
      42
      35
      40
      52
      43
      44
      34
      45
      44
      47
      35
      43
      44
      35
      42
      40
      50
      38
      46
      43
      56
      52
      42
      54
      43
      52
      51
      39
      50
      43
      35
      53
      41
      53
      49
      53
      39
      35
      47
      44
      39
      55
      41
      33
      51
      39
      37
      45
      50
      39
      39
      43
      41
      41
      46
      54
      51
      36
      44
      39
      42
      46
      44
      52
      53
      40
      36
      48
      46
      55
      39
      43
      61
      49
      45
      41
      44
      31
      28
      41
      44
      43
      53
      43
      38
      46
      44
      39
      31
      43
      40
      34
      40
      42
      48
      50
      31
      41
      41
      35
      46
      42
      52
      47
      33
      34
      35
      34
      38
      41
      42
      41
      32
      37
      46
      45
      53
      43
      51
      44
      36
      41
      40
      43
      38
      43
      32
      46
      41
      39
      42
      34
      43
      30
      29
      40
      38
      43
      33
      37
      46
      40
      33
      37
      32
      40
      36
      50
      37
      41
      37
      37
      39
      42
      44
      42
      34
      29
      31
      40
      47
      41
      39
      37
      37
      35
      29
      44
      39
      40
      40
      42
      42
      38
      36
      52
      44
      51
      31
      53
      34
      48
      40
      28
      38
      37
      42
      34
      29
      34
      32
      42
      47
      38
      35
      42
      50
      33
      43
      43
      40
      34
      41
      39
      41
      44
      46
      43
      35
      23
      42
      43
      32
      31
      44
      45
      38
      53
      33
      40
      40
      32
      37
      47
      39
      34
      47
      51
      42
      50
      31
      43
      37
      37
      35
      34
      45
      47
      53
      32
      44
      34
      41
      43
      56
      31
      43
      38
      41
      32
      47
      47
      41
      35
      37
      31
      27
      37
      38
      39
      42
      41
      37
      52
      49
      47
      53
      37
      40
      52
      33
      32
      47
      44
      48
      29
      30
      33
      50
      40
      43
      38
      35
      49
      31
      35
      31
      35
      40
      42
      40
      44
      38
      39
      31
      44
      41
      42
      43
      46
      37
      34
      40
      43
      41
      46
      43
      43
      39
      49
      40
      34
      36
      32
      38
      36
      52
      38
      26
      47
      44
      43
      52
      42
      44
      35
      42
      45
      29
      36
      49
      43
      48
      34
      46
      46
      25
      36
      48
      24
      39
      42
      45
      29
      34
      44
      41
      52
      36
      38
      49
      38
      45
      26
      36
      33
      49
      40
      36
      42
      30
      48
      49
      31
      37
      47
      32
      40
      43
      40
      43
      52
      27
      43
      36
      46
      49
      45
      37
      43
      36
      63
      36
      41
      33
      34
      37
      35
      36
      47
      32
      47
      42
      43
      37
      49
      54
      47
      33
      47
      36
      44
      50
      39
      43
      49
      46
      42
      48
      36
      36
      50
      45
      37
      53
      40
      34
      47
      36
      28
      46
      49
      43
      45
      45
      40
      44
      49
      45
      40
      38
      44
      35
      40
      36
      42
      53
      48
      43
      32
      53
      40
      34
      37
      48
      37
      43
      42
      45
      42
      47
      39
      46
      44
      43
      36
      43
      33
      30
      41
      44
      50
      31
      36
      58
      49
      54
      48
      50
      45
      35
      42
      40
      43
      40
      41
      42
      47
      35
      43
      36
      43
      43
      43
      48
      44
      31
      50
      38
      35
      39
      62
      40
      50
      34
      35
      41
      47
      45
      31
      32
      39
      36
      41
      43
      42
      37
      51
      57
      49
      44
      48
      46
      40
      37
      35
      34
      34
      40
      29
      49
      56
      43
      44
      35
      36
      44
      45
      39
      37
      36
      47
      39
      46
      46
      43
      38
      55
      46
      39
      44
      50
      27
      46
      28
      45
      49
      45
      55
      55
      34
      37
      44
      44
      47
      38
      56
      54
      46
      37
      35
      35
      36
      47
      36
      38
      50
      41
      47
      33
      55
      34
      40
      45
      39
      39
      46
      45
      46
      38
      32
      51
      57
      29
      51
      44
      49
      41
      40
      44
      30
      32
      36
      36
      40
      42
      31
      42
      51
      45
      48
      30
      39
      41
      40
      51
      47
      38
      49
      36
      44
      31
      39
      34
      56
      40
      44
      33
      49
      41
      40
      53
      48
      47
      41
      42
      39
      34
      29
      49
      32
      54
      40
      36
      43
      27
      35
      40
      40
      60
      54
      34
      51
      36
      39
      40
      41
      49
      43
      47
      42
      39
      39
      45
      37
      39
      42
      30
      42
      42
      36
      38
      45
      35
      36
      39
      35
      30
      39
      40
      38
      49
      36
      50
      43
      46
      43
      42
      38
      46
      52
      61
      38
      43
      44
      55
      32
      35
      40
      43
      40
      40
      41
      38
      40
      29
      36
      38
      38
      45
      60
      35
      45
      43
      41
      46
      41
      50
      37
      43
      44
      38
      42
      35
      57
      44
      41
      50
      41
      48
      40
      35
      41
      53
      53
      46
      48
      43
      48
      44
      50
      36
      30
      41
      50
      49
      40
      48
      37
      27
      41
      45
      40
      40
      40
      44
      49
      59
      50
      49
      46
      48
      33
      41
      44
      35
      35
      47
      47
      45
      40
      39
      33
      37
      49
      49
      52
      57
      47
      51
      47
      43
      37
      48
      48
      51
      50
      47
      41
      44
      28
      56
      39
      32
      49
      48
      37
      39
      25
      42
      34
      47
      52
      46
      56
      40
      45
      44
      41
      43
      47
      40
      41
      42
      45
      49
      49
      53
      51
      46
      41
      47
      43
      45
      58
      48
      37
      40
      41
      44
      45
      44
      38
      46
      36
      39
      38
      46
      51
      43
      42
      42
      48
      40
      41
      44
      50
      49
      50
      55
      38
      53
      43
      42
      36
      52
      33
      46
      48
      33
      42
      52
      46
      54
      45
      43
      46
      39
      41
      37
      37
      35
      49
      32
      35
      60
      50
      45
      42
      51
      41
      49
      52
      39
      53
      40
      44
      47
      43
      30
      33
      30
      52
      47
      45
      47
      35
      36
      47
      48
      43
      54
      43
      44
      46
      43
      46
      56
      44
      37
      37
      35
      51
      47
      49
      40
      28
      39
      54
      38
      40
      45
      38
      45
      37
      59
      46
      51
      45
      40
      51
      50
      51
      50
      46
      39
      44
      40
      40
      50
      38
      42
      44
      42
      50
      36
      53
      58
      46
      52
      51
      62
      41
      51
      39
      53
      50
      45
      32
      54
      54
      40
      40
      47
      44
      42
      39
      43
      43
      36
      48
      48
      39
      40
      51
      46
      59
      42
      42
      48
      40
      48
      49
      50
      40
      42
      36
      32
      44
      47
      44
      49
      44
      34
      42
      44
      37
      48
      49
      46
      41
      56
      53
      53
      35
      49
      39
      50
      42
      43
      48
      45
      45
      37
      44
      33
      50
      43
      41
      43
      40
      48
      44
      50
      33
      43
      54
      45
      41
      44
      45
      40
      33
      31
      53
      48
      35
      38
      65
      47
      43
      55
      37
      45
      58
      44
      38
      47
      39
      45
      34
      40
      38
      38
      48
      42
      41
      49
      44
      38
      36
      45
      36
      32
      46
      53
      39
      48
      49
      48
      53
      34
      43
      43
      54
      49
      41
      51
      58
      36
      47
      48
      39
      51
      44
      36
      56
      35
      51
      54
      48
      46
      38
      30
      37
      44
      47
      42
      46
      50
      52
      55
      44
      43
      43
      53
      51
      40
      39
      50
      54
      31
      30
      45
      36
      50
      49
      48
      47
      39
      48
      47
      43
      37
      47
      43
      33
      40
      44
      47
      55
      34
      48
      40
      37
      40
      52
      42
      54
      43
      57
      46
      44
      44
      45
      39
      41
      48
      47
      38
      59
      53
      44
      44
      53
      48
      48
      44
      43
      43
      43
      46
      44
      43
      44
      42
      42
      54
      34
      38
      45
      44
      44
      43
      36
      40
      37
      58
      50
      49
      57
      48
      53
      40
      47
      37
      58
      55
      53
      44
      40
      56
      54
      44
      52
      48
      48
      35
      44
      44
      49
      52
      49
      51
      52
      37
      39
      42
      44
      37
      56
      58
      54
      45
      33
      39
      44
      53
      50
      41
      38
      46
      45
      43
      36
      51
      66
      44
      39
      42
      49
      38
      37
      39
      41
      32
      35
      51
      31
      49
      46
      54
      34
      40
      50
      49
      58
      35
      44
      35
      51
      40
      47
      44
      36
      50
      44
      32
      46
      51
      48
      48
      41
      51
      49
      41
      40
      46
      43
      48
      44
      40
      48
      47
      49
      48
      43
      41
      59
      54
      51
      44
      50
      48
      52
      51
      56
      42
      36
      43
      44
      44
      41
      50
      57
      50
      40
      53
      43
      50
      44
      52
      55
      48
      45
      47
      39
      55
      34
      41
      37
      48
      45
      41
      35
      41
      40
      45
      47
      39
      51
      36
      35
      37
      40
      46
      31
      39
      52
      53
      31
      53
      48
      57
      56
      50
      42
      45
      53
      52
      66
      45
      49
      43
      49
      37
      46
      48
      50
      48
      62
      47
      49
      55
      51
      49
      50
      52
      54
      58
      52
      40
      53
      40
      51
      52
      50
      45
      45
      36
      43
      40
      45
      41
      57
      43
      47
      50
      53
      46
      47
      46
      41
      40
      49
      42
      54
      54
      44
      42
      45
      48
      38
      46
      51
      49
      52
      38
      56
      41
      53
      48
      40
      44
      51
      38
      50
      54
      44
      42
      48
      49
      41
      52
      48
      49
      39
      46
      41
      34
      41
      38
      48
      49
      51
      42
      45
      53
      45
      49
      44
      44
      44
      48
      51
      45
      60
      43
      49
      44
      41
      40
      47
      53
      47
      46
      46
      59
      40
      40
      44
      61
      52
      40
      45
      52
      41
      50
      39
      51
      38
      48
      46
      40
      48
      52
      49
      50
      38
      47
      40
      44
      48
      47
      48
      51
      42
      50
      61
      33
      47
      46
      45
      52
      52
      48
      43
      47
      44
      48
      54
      41
      45
      45
      44
      47
      43
      53
      39
      43
      36
      50
      52
      40
      50
      53
      48
      48
      49
      61
      55
      52
      54
      48
      46
      67
      62
      61
      50
      55
      39
      42
      50
      54
      50
      41
      47
      46
      55
      42
      66
      48
      51
      50
      41
      48
      56
      51
      39
      61
      41
      51
      45
      44
      61
      44
      46
      53
      58
      47
      50
      57
      49
      38
      46
      57
      51
      59
      50
      43
      48
      53
      36
      38
      46
      46
      51
      42
      56
      46
      46
      46
      58
      51
      46
      50
      48
      49
      45
      38
      65
      45
      43
      45
      38
      46
      60
      59
      56
      42
      55
      36
      67
      44
      47
      33
      48
      41
      55
      54
      48
      42
      58
      42
      48
      59
      48
      55
      46
      46
      36
      50
      70
      47
      49
      51
      53
      51
      47
      40
      32
      45
      56
      52
      42
      51
      43
      50
      67
      58
      45
      52
      64
      52
      44
      56
      40
      54
      37
      54
      51
      35
      41
      47
      53
      53
      45
      47
      51
      48
      37
      54
      54
      52
      59
      63
      44
      47
      52
      46
      57
      48
      54
      56
      49
      57
      33
      48
      36
      51
      63
      49
      57
      41
      38
      38
      54
      44
      61
      40
      48
      55
      54
      42
      39
      57
      55
      50
      52
      44
      53
      51
      45
      62
      49
      50
      54
      53
      64
      50
      46
      53
      43
      42
      45
      42
      52
      66
      39
      49
      54
      57
      48
      48
      58
      45
      51
      52
      47
      55
      49
      57
      62
      44
      42
      42
      41
      49
      42
      65
      57
      48
      50
      45
      47
      65
      46
      54
      56
      48
      48
      64
      52
      43
      58
      54
      64
      59
      47
      50
      45
      41
      55
      49
      56
      67
      41
      57
      47
      46
      50
      64
      56
      43
      50
      52
      63
      46
      55
      70
      31
      69
      45
      45
      63
      49
      49
      61
      46
      43
      54
      60
      66
      58
      47
      45
      37
      41
      52
      52
      42
      48
      54
      45
      54
      58
      47
      51
      47
      56
      49
      58
      47
      48
      40
      44
      55
      57
      45
      47
      52
      50
      62
      50
      69
      57
      48
      40
      55
      51
      55
      44
      57
      48
      38
      51
      55
      55
      43
      61
      50
      42
      43
      47
      48
      38
      37
      67
      51
      64
      67
      50
      42
      44
      52
      58
      51
      52
      59
      57
      55
      68
      57
      46
      43
      49
      34
      54
      56
      64
      50
      56
      55
      46
      56
      43
      50
      39
      51
      52
      39
      55
      63
      58
      55
      56
      62
      37
      56
      67
      50
      62
      37
      60
      48
      59
      61
      49
      69
      67
      53
      55
      51
      51
      44
      66
      59
      66
      57
      50
      65
      45
      52
      48
      47
      36
      56
      63
      52
      63
      47
      64
      49
      41
      49
      57
      43
      66
      57
      54
      68
      66
      55
      48
      43
      66
      48
      55
      49
      56
      55
      56
      58
      51
      46
      49
      48
      58
      64
      42
      55
      56
      59
      55
      43
      68
      51
      54
      46
      47
      59
      42
      46
      57
      52
      51
      56
      52
      52
      59
      59
      53
      55
      44
      61
      53
      52
      57
      66
      60
      60
      47
      49
      59
      46
      39
      58
      50
      69
      54
      54
      66
      56
      61
      64
      45
      71
      64
      72
      43
      55
      57
      48
      58
      66
      62
      48
      43
      60
      75
      55
      37
      63
      50
      50
      47
      50
      54
      41
      65
      40
      63
      56
      53
      52
      44
      54
      67
      62
      52
      58
      49
      57
      54
      65
      65
      62
      50
      77
      54
      53
      53
      58
      57
      43
      50
      63
      66
      56
      56
      59
      60
      59
      42
      56
      47
      54
      64
      63
      52
      60
      55
      68
      61
      46
      62
      53
      66
      57
      63
      55
      54
      70
      54
      56
      49
      58
      59
      44
      61
      59
      66
      51
      72
      55
      51
      61
      62
      61
      55
      55
      68
      57
      57
      66
      54
      44
      61
      60
      58
      54
      52
      65
      61
      49
      52
      60
      45
      60
      64
      61
      57
      69
      58
      43
      68
      54
      66
      58
      57
      51
      51
      64
      46
      41
      60
      71
      58
      60
      67
      60
      66
      57
      53
      68
      52
      47
      48
      64
      60
      45
      47
      58
      48
      55
      64
      60
      66
      73
      56
      48
      55
      55
      59
      61
      53
      69
      72
      58
      41
      72
      59
      46
      68
      59
      60
      59
      65
      65
      60
      65
      60
      60
      49
      50
      64
      63
      63
      86
      44
      67
      56
      51
      64
      40
      62
      78
      58
      68
      60
      59
      59
      74
      63
      49
      47
      64
      55
      68
      60
      57
      63
      57
      50
      61
      68
      60
      53
      73
      63
      74
      56
      55
      55
      59
      41
      63
      82
      55
      66
      68
      74
      76
      59
      56
      64
      65
      58
      77
      58
      65
      81
      64
      59
      79
      59
      60
      59
      58
      74
      69
      61
      68
      60
      67
      49
      76
      63
      57
      52
      56
      58
      61
      72
      72
      54
      81
      59
      61
      64
      61
      62
      62
      56
      60
      62
      76
      60
      65
      83
      71
      49
      56
      60
      70
      56
      57
      69
      63
      55
      68
      51
      64
      66
      68
      66
      61
      56
      66
      58
      72
      61
      69
      63
      57
      71
      70
      88
      64
      70
      70
      52
      62
      70
      63
      56
      53
      68
      66
      63
      68
      71
      66
      71
      61
      57
      64
      69
      65
      60
      49
      64
      63
      64
      68
      62
      60
      56
      72
      55
      50
      57
      69
      67
      61
      63
      61
      60
      63
      61
      70
      64
      47
      77
      52
      58
      50
      57
      65
      68
      63
      76
      51
      53
      69
      63
      65
      59
      61
      65
      71
      53
      55
      71
      48
      48
      57
      75
      70
      60
      48
      73
      79
      58
      60
      65
      65
      80
      49
      63
      67
      78
      67
      64
      60
      79
      59
      82
      51
      74
      68
      64
      62
      68
      48
      71
      75
      77
      65
      62
      65
      73
      75
      63
      48
      66
      70
      55
      71
      70
      54
      60
      56
      63
      69
      60
      69
      74
      64
      63
      66
      58
      72
      65
      55
      67
      53
      51
      64
      59
      60
      82
      55
      64
      53
      75
      57
      64
      46
      53
      76
      53
      63
      63
      62
      67
      60
      71
      68
      70
      83
      51
      87
      72
      70
      62
      62
      61
      69
      83
      66
      76
      78
      88
      65
      69
      82
      70
      69
      49
      60
      76
      80
      59
      69
      62
      82
      76
      61
      69
      56
      70
      75
      76
      64
      67
      51
      63
      59
      68
      68
      61
      74
      62
      78
      69
      73
      80
      74
      69
      69
      58
      72
      72
      67
      71
      67
      69
      63
      68
      66
      72
      65
      68
      75
      61
      74
      72
      77
      75
      63
      61
      69
      71
      66
      77
      55
      65
      72
      54
      80
      64
      75
      67
      74
      74
      66
      72
      56
      74
      76
      73
      63
      77
      51
      62
      63
      73
      81
      71
      89
      75
      73
      72
      74
      66
      79
      66
      69
      63
      59
      86
      76
      67
      72
      77
      60
      76
      69
      77
      73
      60
      69
      77
      96
      73
      75
      72
      82
      72
      68
      79
      68
      73
      87
      62
      67
      72
      83
      72
      70
      86
      74
      78
      63
      89
      74
      81
      61
      83
      86
      77
      75
      58
      83
      79
      81
      76
      90
      77
      77
      86
      91
      76
     110
      98
      79
      84
      78
      73
      83
      93
      82
      98
      74
      89
      82
      74
      92
      83
      84
      79
      83
      82
      90
      76
      75
      87
      83
      78
      82
      82
      79
      76
      77
      88
      83
      75
      76
      82
      73
      77
      70
      70
      83
      75
      63
      87
      72
      83
      65
      84
      71
      59
      78
      71
      84
      81
      86
      70
      83
      87
      96
      65
      65
      87
      87
      57
      73
      80
      81
      78
      67
      84
      65
      77
      80
      82
      57
      75
      76
      74
      90
      75
      91
      67
      68
      63
      83
      80
      91
      82
      85
      86
      84
      74
      73
      83
      90
      72
      81
      78
      81
      80
      86
      77
      61
      84
      88
      83
      77
      89
      94
      82
      66
      72
      82
      70
      72
      72
      86
      83
      72
      79
      80
      74
      77
      64
      88
      91
      77
      90
      92
      93
      78
      97
      75
      67
      79
      82
      74
      76
      75
      80
      65
      71
      82
      94
      75
      71
      84
      82
      67
      66
      93
      76
      65
      76
      78
      98
      92
      68
      75
      99
      87
      74
      72
      70
      83
      91
      76
      86
      76
      67
      78
      82
      85
      74
      85
      87
      80
      70
      85
      75
      67
      57
      64
      70
      83
      84
      97
      89
      80
      73
      91
      78
     101
      93
      80
      70
      93
      99
      85
      91
      79
      80
      89
     104
      92
      90
      87
      79
      96
      77
     103
      80
     103
      74
      91
      86
      71
      98
      81
      83
      85
      85
      81
      84
      78
     102
      74
      83
      67
      79
      73
      85
      94
      69
      76
      81
      91
      89
      83
     109
      77
      86
      86
      76
      90
      82
      87
      89
      80
      84
      93
      99
      91
      77
      74
      77
      92
      90
      79
      75
      90
      97
      97
      97
      82
      72
      83
      99
      84
      92
      89
      75
      80
      75
      86
      90
      71
      97
      76
      93
      81
      76
      89
      75
     101
      86
     104
      97
      82
      89
      93
      82
      71
      90
      84
      81
      88
      80
      95
      94
      85
      96
      91
      77
      95
      75
      71
      77
      92
      89
      74
      68
      74
      91
      81
      82
      83
      79
      82
      92
      76
      94
      79
      82
      93
      73
      82
      90
      86
      73
     115
      91
      94
      89
      92
      84
      80
      79
      85
      82
      90
      82
      78
      85
      91
      83
      94
      95
      79
      85
      83
      82
      86
      96
      77
      85
      87
      76
      90
      82
      87
      96
      98
      81
      84
      80
      84
      84
      91
      87
      87
      76
      76
      86
      87
      85
      77
      86
      87
      80
      76
      78
      77
      65
      78
      99
      76
      63
      81
      87
      73
      77
      71
      78
      75
      77
      54
      73
      83
      74
      79
      66
      66
      72
      95
      85
      71
      87
      79
      70
      67
      83
      68
      63
      56
      73
      69
      64
      68
      78
      85
      60
      78
      66
      56
      57
      57
      69
      62
      61
      63
      75
      65
      62
      73
      54
      52
      57
      57
      59
      62
      57
      63
      73
      56
      67
      64
      71
      58
      61
      44
      70
      49
      71
      49
      56
      68
      50
      56
      56
      62
      62
      61
      59
      50
      68
      52
      61
      45
      56
      54
      61
      60
      72
      54
      57
      61
      53
      49
      46
      49
      58
      63
      59
      56
      56
      52
      60
      62
      45
      43
      46
      52
      49
      55
      51
      57
      56
      55
      53
      44
      52
      47
      47
      54
      53
      47
      67
      47
      44
      61
      47
      57
      53
      47
      45
      51
      54
      57
      47
      57
      54
      42
      49
      43
      55
      44
      63
      49
      66
      57
      48
      56
      56
      56
      53
      58
      62
      52
      47
      54
      47
      41
      49
      53
      52
      63
      63
      44
      56
      48
      36
      43
      52
      55
      56
      52
      53
      52
      53
      54
      53
      57
      58
      51
      48
      54
      54
      58
      53
      61
      58
      50
      43
      55
      49
      63
      41
      50
      35
      48
      58
      42
      45
      41
      46
      48
      49
      46
      49
      46
      49
      43
      47
      45
      46
      51
      46
      51
      44
      48
      53
      37
      46
      54
      46
      52
      42
      43
      58
      36
      42
      52
      41
      48
      61
      50
      53
      47
      43
      59
      40
      44
      53
      52
      49
      42
      40
      42
      47
      49
      55
      34
      49
      34
      37
      33
      45
      40
      46
      34
      49
      38
      34
      50
      41
      61
      49
      46
      60
      48
      50
      44
      45
      47
      53
      42
      40
      31
      45
      49
      47
      52
      43
      38
      44
      37
      46
      55
      51
      54
      53
      42
      39
      45
      38
      62
      44
      39
      49
      35
      41
      36
      40
      55
      42
      47
      61
      35
      40
      40
      31
      38
      35
      35
      51
      49
      53
      48
      52
      47
      41
      46
      38
      49
      34
      52
      51
      39
      35
      50
      49
      35
      32
      51
      41
      46
      41
      52
      48
      60
      28
      51
      37
      41
      46
      41
      34
      57
      51
      35
      51
      47
      35
      44
      48
      46
      49
      26
      43
      51
      63
      42
      37
      34
      49
      42
      37
      48
      45
      30
      39
      39
      44
      34
      37
      42
      49
      35
      44
      46
      31
      42
      46
      42
      47
      49
      37
      38
      44
      41
      35
      52
      42
      38
      45
      34
      45
      51
      45
      52
      42
      46
      45
      33
      37
      56
      60
      25
      41
      44
      33
      33
      34
      46
      40
      52
      38
      42
      29
      45
      33
      44
      49
      35
      46
      37
      40
      34
      32
      40
      44
      36
      52
      43
      47
      46
      39
      36
      43
      43
      42
      52
      33
      48
      43
      40
      29
      45
      40
      34
      38
      42
      38
      32
      51
      49
      43
      39
      42
      42
      37
      46
      34
      40
      37
      38
      36
      47
      52
      47
      42
      34
      34
      32
      42
      51
      44
      32
      29
      42
      35
      30
      38
      40
      35
      23
      43
      33
      37
      45
      37
      34
      41
      41
      41
      34
      47
      29
      39
      46
      39
      44
      39
      44
      45
      44
      44
      38
      46
      37
      52
      27
      37
      35
      32
      33
      36
      36
      35
      38
      40
      34
      38
      42
      41
      39
      31
      39
      29
      38
      41
      42
      34
      33
      41
      35
      35
      37
      37
      28
      24
      32
      37
      47
      40
      54
      27
      33
      38
      42
      39
      37
      40
      31
      31
      39
      35
      47
      36
      29
      42
      32
      40
      30
      32
      32
      32
      23
      38
      19
      31
      38
      23
      30
      36
      39
      34
      38
      37
      36
      34
      24
      31
      34
      35
      27
      36
      37
      41
      46
      58
      31
      39
      26
      39
      37
      35
      35
      30
      34
      46
      36
      38
      33
      21
      41
      33
      33
      51
      36
      33
      52
      27
      32
      38
      31
      36
      39
      37
      47
      39
      36
      37
      33
      42
      25
      38
      41
      40
      42
      22
      32
      35
      37
      38
      25
      34
      36
      33
      44
      24
      40
      34
      23
      32
      32
      20
      40
      31
      40
      37
      40
      37
      25
      44
      31
      36
      37
      29
      27
      32
      23
      32
      42
      27
      36
      33
      35
      25
      22
      29
      40
      32
      20
      32
      30
      31
      25
      31
      38
      28
      37
      31
      37
      25
      25
      37
      36
      28
      32
      34
      31
      23
      32
      30
      24
      30
      38
      37
      30
      29
      33
      32
      30
      30
      33
      20
      22
      26
      28
      28
      24
      28
      36
      27
      33
      41
      26
      35
      32
      38
      34
      36
      28
      28
      30
      25
      25
      37
      40
      24
      35
      27
      42
      40
      28
      27
      35
      28
      23
      21
      26
      34
      36
      25
      26
      21
      19
      31
      32
      29
      26
      28
      34
      33
      32
      33
      18
      27
      19
      20
      18
      24
      32
      24
      28
      26
      31
      24
      31
      28
      33
      32
      33
      23
      28
      35
      27
      29
      34
      24
      24
      32
      35
      34
      23
      28
      37
      21
      25
      23
      34
      27
      33
      34
      33
      22
      30
      26
      26
      22
      32
      26
      25
      26
      33
      30
      30
      17
      26
      21
      23
      18
      20
      26
      31
      24
      24
      29
      24
      39
      36
      25
      29
      28
      33
      28
      24
      34
      21
      31
      20
      28
      29
      21
      25
      32
      24
      22
      16
      21
      22
      28
      25
      24
      33
      20
      29
      22
      26
      44
      31
      24
      31
      24
      28
      27
      21
      24
      26
      22
      19
      19
      24
      27
      28
      21
      17
      18
      27
      22
      26
      29
      14
      21
      26
      22
      24
      34
      25
      20
      22
      24
      18
      19
      26
      28
      27
      28
      27
      24
      19
      28
      35
      32
      25
      14
      28
      22
      19
      26
      27
      30
      31
      27
      26
      22
      20
      25
      20
      14
      21
      28
      22
      22
      29
      26
      23
      19
      26
      24
      17
      29
      27
      30
      18
      22
      23
      25
      19
      28
      31
      11
      23
      19
      29
      22
      20
      20
      27
      17
      22
      17
      27
      21
      15
      25
      27
      24
      23
      30
      25
      28
      21
      18
      22
      13
      19
      20
      14
      28
      22
      22
      15
      24
      16
      22
      31
      19
      28
      13
      23
      19
      15
      21
      23
      21
      22
      20
      26
      21
      15
      21
      24
      20
      19
      24
      23
      15
      13
      21
      18
      12
      21
      20
      24
      25
      22
      28
      19
      21
      21
      14
      20
      19
      16
      15
      13
      12
      23
      27
      11
      24
      18
      20
      25
      18
      19
      15
      21
      16
      19
      21
      17
      19
      19
      17
      13
      13
      17
      23
      19
      20
      23
      14
      13
      19
      23
      21
      11
      19
      19
      18
      21
      19
      14
      14
      26
      22
      22
      15
      21
      29
      21
      16
      24
      32
      16
      15
      19
      12
      25
      16
      10
      21
      21
      26
      10
      20
      19
      16
      20
      18
      26
      20
      21
      18
      18
      14
      15
      14
      13
      21
      24
      17
      16
      16
       8
      19
      19
      11
      12
      19
      15
      18
      15
      15
      16
      19
      13
      23
      28
      17
      20
      21
      11
      18
      19
      16
      19
      17
      13
      17
      24
      16
      15
      14
      15
      18
      11
      18
      21
      13
      20
      10
      16
      19
      16
      16
      24
      15
      14
      23
       9
      17
      20
      23
      12
      22
      18
      12
      12
      21
      21
      18
      16
      18
      13
      14
      14
      13
       9
      14
      17
      13
      16
      17
      13
      18
      20
      16
      15
      17
      23
      16
      13
      10
      12
      10
      16
      16
      16
       7
      16
      20
      11
      21
      14
      21
      17
      18
      15
      21
      19
      24
      17
      10
      20
      16
      12
      16
      19
      13
      15
      18
      13
      12
      18
      19
       8
      10
      24
      19
      14
      12
      17
      11
      19
      15
      16
      15
       9
      11
      11
      18
      12
      12
      16
      13
       7
      13
      12
      14
      10
      20
       9
      17
      15
      20
      18
      14
      10
       9
      10
      16
      17
      18
      12
      12
      14
      10
      18
      10
      21
      10
      15
      15
      10
      19
      11
      17
      16
      15
      17
      16
      15
      10
      16
      11
      14
      11
      11
      17
      12
      11
      14
      18
      18
      19
      16
       9
      16
      13
      18
      14
      12
      16
      10
      18
      10
      16
       9
      17
      18
      14
      11
      14
      10
      11
      13
      15
      15
      14
      16
      17
      17
      17
      16
      14
      15
       4
      11
      13
       7
      13
      17
      17
      14
      11
      17
       9
      10
       8
      11
      11
      17
      12
      17
      11
      18
      13
      15
      19
      15
      18
      12
      13
      16
      14
      13
      13
      10
      17
      14
      12
       9
      19
      11
      20
      13
      13
      10
      18
      15
      17
      18
      18
      13
      20
      11
      14
      15
       9
      14
      11
      10
       9
       9
      12
      15
      15
       9
       8
       7
      14
       6
       7
       7
      13
       6
      17
      18
      16
       9
      16
       7
      12
      15
      12
      15
      14
      12
      16
      11
      12
      21
      14
       9
      20
      15
      12
      12
      12
      11
       7
      12
       5
      15
      15
      13
      11
      14
      11
      11
      11
      15
      16
      15
      14
      12
      10
       8
      19
      20
      15
      15
       9
      20
      15
      16
      12
      12
      12
      16
      20
      11
      12
      12
       7
      10
      12
      10
      14
       9
       8
      16
      10
       5
      17
      15
      11
      12
      10
      12
      10
      11
      12
      16
      11
      14
      10
       8
      18
      17
      12
       7
      10
      18
       8
      10
      12
      12
      18
      19
      10
      14
      11
      18
      15
      10
      18
      11
      16
      12
       9
      12
      13
      14
       7
      12
       9
       9
      14
      15
      10
      12
      18
      13
      16
      12
      18
       8
      20
      18
      12
      11
      15
      14
      15
      16
       6
      11
      15
      11
      19
       7
      13
      12
      11
      11
      17
      13
      18
      15
      12
      20
      15
      16
       9
      11
      14
      10
      11
      14
      15
      19
      17
      13
      14
      17
      14
       8
       9
       9
      12
      11
       9
      10
      12
      14
      16
      14
      15
      15
      13
      15
      10
       7
      17
      19
      20
       7
      14
      14
       8
       6
      18
       8
      14
      16
      10
      21
      10
      15
      11
       9
      12
      16
       9
      16
      19
      11
      11
      16
      12
      12
      12
      13
       9
       4
      12
      19
      11
      16
      13
      15
       9
       9
      22
       6
      10
      19
      14
       9
      10
      10
       6
      15
      12
      13
      11
      12
      13
      14
      16
      13
      14
      17
      10
      10
      11
      14
      12
      13
      16
      15
      21
      19
      12
       9
      20
       8
      20
       9
      17
      10
      18
      13
       9
      16
      15
      11
      10
      10
      13
      12
      11
      11
       9
       5
      15
      12
       9
       9
      17
       7
      12
      12
      16
      16
      15
      12
      14
      14
      13
      10
       9
      11
      11
      11
      13
       9
      13
      12
      19
      10
      20
      12
      10
      13
      14
      13
      16
       9
       7
      17
      18
      10
       9
      16
       7
      11
      14
       5
      21
      11
       9
      11
      12
       6
       8
      13
      11
       9
       8
       8
       7
      16
      12
       9
      18
       9
      12
      11
      11
      14
      11
      15
      17
       9
       9
      21
      13
       8
      21
      13
      18
       5
      12
      11
      13
      20
      12
      17
       9
      13
      12
      12
      13
      15
      13
       9
      12
      12
      13
      13
      10
      18
       9
       8
      16
      14
      14
      15
      16
       9
      14
       7
      11
      12
      12
      15
      12
      21
      12
      10
      14
      17
      15
      14
      11
       8
      10
      11
      17
      13
      17
      14
      10
      11
      14
      23
      11
       7
      20
      16
      11
      11
      11
      12
      12
      10
      14
      15
      16
      16
      13
      10
      15
      13
      16
      14
      14
      11
       9
      12
      20
      12
      17
      16
       9
      14
      15
      10
      11
      17
      10
       9
      11
       9
      10
      12
      11
      10
      14
       7
      19
      12
      12
      18
      16
      11
      15
       7
      17
      12
      16
       9
      13
      15
       9
      15
       5
      10
      17
      13
       9
      14
      15
      13
      14
       7
      13
      13
      12
      10
       8
      17
       8
      19
      18
      14
       9
      14
      17
      15
      19
      13
      20
      12
       9
      10
       9
      15
      11
       8
      14
      11
      16
      20
       9
      14
      11
      10
       9
      11
      15
       8
      11
       9
      13
      12
       9
      16
      12
      16
       9
      17
       9
       5
      16
      11
      10
      10
      11
      17
      12
       6
      13
      12
       9
      14
       7
      18
       4
      10
      21
      16
      15
      17
      18
      14
      17
      14
      18
      14
      12
      12
      16
       9
      14
      15
      11
       8
      12
      14
      13
      17
      15
      12
      11
       9
      12
      18
      13
      17
       8
      18
      11
      13
      11
      12
      20
      25
      17
      10
      14
       7
      13
      11
       9
       8
      11
      12
      12
      20
      17
      10
      12
      12
      14
      14
      14
       6
      17
       9
       7
      15
      12
      18
      10
      15
      15
      15
      15
      20
      15
      12
      15
      21
      15
      14
      18
      14
       7
      14
       8
       9
      12
      19
      10
       8
      11
      11
       8
      12
      11
      11
      14
      14
      14
      13
      10
      12
      19
      18
      18
       9
      15
      18
      11
      14
      12
      11
      16
      10
      10
      15
      12
      12
      13
      12
      15
      17
      15
      18
      17
      11
      15
      21
      15
      17
      18
      16
      11
       8
      17
      10
      12
      15
      13
      13
      11
      13
      15
      10
      11
      16
      11
      19
      15
      21
      15
      14
      16
      18
      13
      12
      11
      14
      15
      15
      11
      19
      12
      15
      19
      13
      12
       8
      16
       9
      14
      17
      17
      15
      17
      15
      14
      14
      13
      13
      17
      16
      20
      21
      17
      22
      14
      16
      18
      12
      19
      19
      19
      13
      14
      11
      15
      16
      10
      12
      10
      17
      15
      26
      24
      14
      15
      17
      14
      21
      20
      22
      22
      29
      12
      28
      19
      24
      36
      37
      28
      39
      37
      47
      51
      49
      50
      58
      91
      77
     117
      92
     116
     140
     167
     208
     235
     265
     327
     393
     458
     560
     586
     809
     878
    1101
    1326
    1509
    1784
    2092
    2361
    2608
    2949
    3192
    3489
    3937
    3918
    4095
    4218
    4243
    4018
    3978
    3846
    3542
    3303
    2945
    2545
    2259
    1928
    1523
    1349
    1023
     871
     687
     475
     365
     299
     208
     146
     130
      69
      61
      58
      40
      32
      30
      34
      31
      17
      26
      16
      17
      13
      21
      17
      16
      20
      19
      19
       9
      16
      15
      19
      19
      16
      11
      19
      18
      14
      22
      17
      19
      12
      15
      12
      14
      10
      20
      12
      16
      18
       9
      14
      16
      19
      15
       7
      10
       8
      12
      20
      15
       8
      12
      18
      17
      21
      16
       7
      11
      16
       8
      13
      12
      15
       7
       8
      15
      12
      10
      10
      11
       8
      19
      13
       7
      10
       7
      10
       7
       7
       8
      13
      11
      11
      15
      10
       9
       9
      13
      12
      13
       5
       7
       8
      13
      10
      10
      12
       6
      15
      11
       7
      12
       7
      10
       5
      11
       6
      15
       9
      10
      10
       6
       7
       7
      21
      13
      10
      13
      10
       9
       9
      10
       8
      12
       8
       9
      11
      10
      13
      11
      10
      12
      13
       8
       9
      15
      11
       9
       6
      19
      12
       6
       7
       7
       6
      11
      13
       9
      11
       5
      12
       9
       8
       8
      12
       6
      11
       9
       5
       5
       5
      12
       8
      10
       8
       8
       5
      10
       7
       5
      13
      10
       5
       4
       5
       5
       7
       9
      11
       4
       8
      11
      13
       7
      10
       2
       8
       5
       8
       4
       9
      11
       8
       8
       6
       6
      10
      12
       6
       8
      11
       7
       8
       6
      10
      11
       8
       6
       6
       3
       6
      10
      12
      10
      11
      12
      10
       5
       9
      13
      13
      14
       3
       6
       4
       7
       8
       7
       8
       3
       7
       8
      13
       9
       4
       5
       7
       8
      11
      10
      10
       7
       6
       7
       7
      10
       4
      16
       7
       9
      10
       9
       8
       4
      12
       8
       5
       5
       4
       6
      10
       9
       4
      10
       9
       5
       9
       8
       4
       7
       4
       3
       7
       4
       6
       8
       5
       9
       8
       6
      11
      10
       4
       9
       8
       4
      10
       6
       6
       5
       7
       6
       5
      11
      11
       3
      11
       4
       4
      10
      10
       3
       3
       6
       6
       7
      12
       3
       9
       5
       5
       5
       5
       9
       8
       8
       9
       7
       8
       3
       7
       9
       5
       8
       8
       9
       7
       7
      12
       9
      10
      10
       9
       3
       8
       3
       5
       3
       8
       6
       7
      11
       3
       4
       6
       5
       6
       5
       6
       6
       8
       6
       9
       4
       7
      10
       5
       9
       7
       8
       8
       5
       6
       3
      10
      10
       7
       9
       7
       7
       9
      10
      10
       8
       6
       6
       3
       3
       7
       5
      12
       2
       6
       7
       9
      10
       4
       7
       8
       7
       6
       4
       7
      11
       8
       4
       7
       7
       8
       7
       7
       9
       5
      11
       5
       8
       8
       6
       5
       4
       6
       4
       2
       8
       4
       6
      10
       5
       7
       7
       1
       7
       7
       8
       6
      10
       6
       8
       3
       1
       9
       5
       8
       6
       2
       9
       2
       9
       8
       8
       9
       3
       6
       8
       6
      10
       3
       4
       8
      10
       5
       6
       5
       8
       1
      10
       7
       9
       5
       5
       4
       5
       8
       5
       8
       4
      10
       2
       6
       8
       6
      13
       7
       2
       1
       7
       9
      11
       6
       4
       5
       5
       6
       6
       8
       4
       5
       8
       7
       6
       5
       5
       7
       6
       6
       6
       9
       6
       5
       6
       8
       6
      11
       7
       7
       5
      12
       4
       4
       8
       7
       6
       8
       6
      12
       4
       7
       6
       6
       9
       5
      11
       9
       5
       7
       8
       3
       8
       5
       7
       4
       6
       5
       5
       6
       5
       9
       9
       3
       5
       3
       7
       4
       6
       2
       5
      11
       5
       6
      13
       8
      10
       7
       7
      10
       5
       6
       9
       6
       2
       9
       9
       5
       6
       6
      10
       8
       7
       8
       5
       9
       7
       8
       6
       8
       2
       8
      11
       8
       4
       6
       9
       6
       9
      10
       4
       7
       8
       9
       3
       6
      10
       7
       6
       9
       9
       8
       4
       6
       6
       2
       6
       8
      11
       7
       8
       7
       4
       3
       7
       8
       3
       9
       8
       3
       4
      10
       6
       3
       8
       7
       8
       2
       5
       7
       7
      10
       7
       6
       5
       9
       2
       6
       3
       4
       5
       8
       4
       4
       3
       2
       3
       6
       7
       3
       8
       3
       3
       1
       8
       7
       5
       9
       8
       5
       4
       8
       8
       7
       4
       5
       6
       3
       3
       4
       6
       7
      10
       5
       7
       5
       6
       6
       7
      10
       2
       6
       6
       6
       3
       3
       5
       5
       4
       3
       8
       5
       9
       4
       5
       7
       5
       2
      11
      10
       3
       7
       5
       6
       3
       5
       3
       6
      11
       6
       4
       5
       4
       6
       6
      10
       8
       5
       5
      10
      10
       5
       1
       2
       1
       7
       2
       4
       8
       6
       3
       3
       7
       4
       6
       9
       8
       5
       3
       5
       5
       8
       6
       7
       4
       6
       9
       3
       8
       2
       3
       9
       5
       3
       2
       1
       2
       5
       6
      10
       5
       5
       2
       6
      11
       4
       2
       8
       7
       5
       5
       3
       6
       6
       7
      11
       7
       7
       7
       2
       4
       6
      10
       7
       5
       5
       7
       7
       6
       6
       5
       3
      11
       3
       6
       5
       5
       2
      13
       7
       7
       4
      11
       6
       7
       5
       4
       3
      10
       5
       2
       4
       6
       5
       7
       5
      11
       6
       4
       4
      10
       3
       6
       7
       3
       8
      10
       8
       9
       5
       5
       4
       6
       7
       7
       9
       3
       7
       9
       9
       8
       6
       8
       7
       9
       2
       5
       6
       9
       6
       5
       3
       6
       5
       4
       7
       8
       7
       3
       5
       7
       4
       8
       2
       4
       8
       7
       4
       3
       7
       5
       6
       9
       5
       5
       8
       5
       5
       8
       3
       8
       3
       4
       7
       4
       4
       7
       6
       9
       3
       3
       5
       6
       4
       6
       4
       6
       4
       3
       7
       0
       3
      10
       6
       8
       4
       7
       4
       5
       7
       6
       3
      10
       6
       5
       6
       4
       5
       7
       7
       3
       6
       6
       4
       5
       1
       1
       4
       7
       7
       7
       7
       2
       5
       3
       6
       8
       5
       6
       5
       5
      11
       5
       2
       2
       7
       6
       2
       9
       7
       4
       2
      12
       1
       4
       6
      10
       1
       9
       5
       6
       8
       3
       3
       5
       6
       8
       3
       5
       5
      11
       5
       8
       2
       4
       2
       4
       1
       9
       6
       6
       5
       1
       8
       5
       5
       5
       5
      10
       5
       9
       3
       6
       4
       7
       3
       5
      11
       2
       6
       7
       3
       7
       2
       7
       2
       7
       5
      10
       5
       4
       6
       4
       7
       2
       5
       4
       2
       5
       7
       5
       3
       3
       5
       6
       5
       5
       3
       4
       4
       3
       7
       4
       3
       5
       5
      10
       4
       4
       8
       8
       6
       6
       4
       7
      10
       5
       7
       8
       9
       7
       6
       4
       5
       5
       1
       6
       4
       4
       5
      10
       5
       2
       2
       3
       5
       8
       7
       8
       9
       7
       4
       3
       3
       2
      10
       3
       2
       6
       6
       6
       4
       7
       9
       5
       3
       5
       6
       4
       5
       9
       5
       7
       7
       5
       3
       8
       5
       7
       3
       6
       6
       5
       9
       5
       4
       4
       2
       9
       3
      10
      10
       2
       7
       4
       5
       7
       4
       3
       7
       7
       3
       3
       3
       6
       4
       9
       5
       8
       5
       3
       4
       5
       5
       5
       4
       5
       4
       3
       7
       6
       5
       5
       7
       3
       2
       5
       3
       5
       6
       4
       6
       4
       7
       4
      10
       6
       2
       3
       5
       4
       8
       3
       7
       5
       4
       5
       3
       4
       4
       3
       8
       7
       5
       5
       4
       5
       4
       6
       3
       4
       8
       3
       5
       8
       7
       6
       5
       5
       3
       7
       5
       6
       4
       4
       7
       7
       7
       7
       8
       6
       4
       1
       6
       3
      10
       3
       7
       2
      12
       6
       2
       5
       4
       2
       6
       1
       5
       9
       6
       5
       4
       6
       4
       5
       5
       3
       3
       4
       5
       3
       5
       6
       3
       4
       4
       6
       3
       5
       6
       2
       3
       6
       7
       1
       5
       5
       3
       5
       5
       3
       4
       4
       5
       6
       3
       8
       5
       8
       8
       5
       4
       8
      11
       7
       5
       4
       4
       6
       6
       2
       1
       7
       8
       9
       3
       4
       4
       2
       2
       7
       1
       5
       3
       3
       4
       3
      10
       3
       2
       9
       3
       6
       5
       9
       4
       4
       8
       6
       7
       6
       2
       7
       5
       6
       1
       1
       0
       6
       1
       7
       5
       6
       8
       4
       4
       9
       7
       9
       4
       6
       5
       5
       5
       2
       4
       3
       7
       6
       4
       1
       3
       5
       3
       2
       6
       6
       7
       9
       2
       6
       3
       3
       5
       3
       6
       5
       6
       8
       6
       4
       3
       3
       4
       3
       3
       6
       6
       4
       7
       6
       9
       3
       6
       4
       1
       4
       2
       2
       5
      11
       5
       5
       3
       4
       5
       4
       3
       3
      10
       4
       2
       9
       3
       3
       8
       4
       7
       7
       6
       6
       7
       7
       4
       9
       8
       3
       5
       4
       4
       7
       5
       2
       2
       9
       6
       4
       3
       4
       4
       6
       3
       4
       8
       1
       4
       3
       3
       4
       9
       4
       4
       3
       4
       8
       1
       2
       4
       7
       7
       4
       3
       2
       2
       5
       4
       2
       1
       4
       6
       8
       8
       6
       4
       2
       3
       2
       8
       3
       1
       7
       2
       6
       6
       3
       3
       3
       2
       4
       4
       7
       7
       4
       3
       3
       2
       3
       3
       6
       7
       5
       0
       2
       3
       3
       3
       5
       5
       1
       3
       8
       4
       5
       5
       6
       8
       3
       4
       6
       1
       3
       5
       5
       5
       4
       5
       1
       4
       9
       4
       1
       8
       8
       2
       4
       5
       3
       4
       8
       3
       3
       7
       3
       5
       8
       1
       7
       6
       3
       6
       8
       5
       7
       7
       7
       2
       5
       9
       3
       7
       3
       2
       4
       2
       6
       4
       2
       3
       3
       3
      10
       4
       4
       7
       6
       4
       5
       4
       4
       3
       5
       6
       4
       4
       5
       4
       4
       3
       4
       4
       6
       5
       7
       7
       1
       7
       7
       7
       5
       5
       4
       4
       4
       5
       6
       2
       7
       5
       3
       3
       5
       2
       4
       4
       6
       2
       5
       4
       5
       2
       3
       5
       4
       4
       2
       6
       2
       7
       3
       2
       2
       8
       6
       7
       2
       4
       1
       9
       4
       6
       5
       6
       6
       7
       1
       7
       4
       9
       6
       2
       6
       4
       7
       6
       7
       4
       4
       8
       6
       6
       4
       3
       4
       4
       5
       5
       7
      11
       2
       6
       4
       2
       5
       3
       6
       4
       5
       2
       6
       1
       3
       6
       5
       8
       2
       4
       5
       1
       6
       5
       3
       2
       6
       4
       5
       8
       5
       1
       9
       3
       3
       1
       2
       3
       8
       6
       1
       7
       5
       8
       5
       2
       3
       2
       7
       8
       6
       4
       6
       4
       8
       4
       2
       5
       3
       2
       5
      10
       2
       7
       3
       6
       4
       2
       7
       6
       4
       2
       8
       5
       5
       3
       7
       5
       7
       6
       5
       6
       4
       3
       1
       6
       8
       4
       4
       3
       5
       7
       3
       8
       6
       5
       4
       2
       4
       5
       4
       6
       3
       2
       3
       3
       2
       3
       5
       3
       6
       4
       3
       6
       3
       3
       4
       8
       4
       3
       4
       5
       6
       4
       5
       5
       7
       3
       6
       2
       1
       4
       5
       3
       1
       6
       6
       1
       1
       1
       2
       7
       2
       9
       4
       3
       5
       8
       5
       6
       2
       4
       6
       6
       2
       9
       5
       7
       3
       7
       6
       4
       3
       6
       8
       8
       5
       6
       6
       9
       4
       4
       2
       5
       8
       5
       4
       2
       5
       4
       4
       4
       2
       5
       1
       6
       3
       4
       7
       5
       0
       8
      13
       5
      10
      10
       8
      11
      13
      13
      14
      16
      18
      15
      15
      13
      25
      14
      19
       9
      12
      17
      17
       7
      14
      10
       8
      10
       8
      13
       8
      12
       5
       5
       2
       5
       3
       4
       5
       6
       4
       7
       6
       4
       3
       0
       4
       3
       5
       6
       4
       5
       8
       3
       3
       8
       5
       5
       0
       4
       2
       5
       2
       2
       7
       5
       4
       5
       2
       5
       5
       5
       2
       5
       7
       2
       5
       1
       4
       7
      10
       4
       4
       7
       3
       6
       4
       5
       2
       4
       0
      10
       4
       5
       2
       9
       3
       6
       3
       1
       4
       0
       3
      10
       5
       7
       2
       5
       3
       2
       6
       3
       4
       2
       3
       2
       5
       8
       6
       4
       3
      12
       2
       5
       9
       3
       4
       2
       2
       3
       4
      10
       7
       2
       4
       4
       7
       8
       4
       7
       5
       6
       6
       5
       0
       4
       5
       4
       5
       7
       1
       2
       7
       8
       2
       4
       7
       4
       3
       3
       6
       6
       5
       3
       5
       2
       4
       4
       8
       6
      11
       3
       5
       5
       6
       4
       3
       8
       7
       8
       6
       9
       3
       6
       7
       8
       6
       5
       4
       5
       7
       4
       3
       3
       3
       3
       2
       4
       4
       3
       6
       4
       6
       5
       4
       5
       1
       6
       6
       3
       5
       6
       7
       1
       3
       5
       4
       5
       4
       3
       4
       3
       4
       5
       3
       4
       3
       5
       3
       6
       2
       3
       8
       6
       5
       4
       3
       4
       7
       3
       5
       4
       4
       5
       1
       6
       6
       5
       5
       6
       4
       3
       2
       8
       4
       2
       4
       3
       6
       2
       3
       3
       4
       4
       4
       3
       4
       6
       4
       4
       2
       3
       3
       3
       4
       4
       6
       2
       3
       3
       4
       3
       4
       4
       3
       5
       3
       5
       4
       1
       5
       2
       1
       4
       3
       4
       7
       8
       1
       2
       2
       3
       0
       6
       6
       6
       3
       9
       2
       2
       7
       6
       6
       4
       3
       2
       3
       7
       5
       2
       8
       3
       7
       4
       6
       9
       5
       5
       3
       3
       2
       1
       5
       4
       7
       5
       3
       4
       5
       3
       5
       5
       1
       7
       7
       2
       2
       2
       7
       5
       5
       4
       4
       7
       6
       5
       5
       6
       1
       1
       6
       5
       4
       6
       4
       2
       7
       3
       8
       4
       7
       4
       4
       5
       2
       3
      10
       2
       3
       4
       7
       2
       3
       4
       3
       4
       3
       4
       7
       4
       5
       3
       4
       6
       4
       6
       7
       7
       5
       7
       5
       0
       6
       4
       2
       5
       8
       8
       4
       3
       4
       1
       5
       6
       5
       5
       8
       1
       3
       5
       5
       2
       3
       4
       4
       4
       5
       7
       4
       5
       4
       7
       4
       1
       3
       5
       3
       8
       6
       5
       5
       2
       2
       5
       9
       8
       8
       3
       3
       4
       4
      10
       4
       8
       6
       4
       3
       4
       9
       4
       2
       8
       8
       4
       8
       3
       4
       4
       9
       5
       2
       6
       6
       3
       7
       6
       4
       2
       6
       4
       1
       2
       7
       6
       6
       3
       4
       4
       4
       3
       2
       5
       4
       2
       7
       4
       3
       2
       5
       3
       3
       7
       4
       4
       6
       3
       4
       4
       4
       2
       8
       4
       5
       4
       5
       4
       4
       6
       5
       3
       2
       7
       5
       3
       7
       5
       3
      10
      11
       4
      14
       6
       4
       6
       7
       5
       6
      10
       8
       2
       5
       3
       2
       2
       3
       1
       7
       8
       2
       4
       8
       5
       3
       1
       4
       6
       2
       4
       7
       2
       4
       2
       6
       4
       3
       9
       9
       3
       5
       2
       3
       9
       5
       5
       7
       3
       1
       3
       2
       6
       4
       3
       1
       6
       7
       5
       3
       3
       6
       2
       3
       4
       2
       5
       2
       6
       3
       4
       1
       3
       4
       6
       7
       3
       7
       0
       2
       6
       4
       5
       5
       4
       4
       1
       6
       3
       5
      10
       4
       7
       2
       4
       8
       4
       8
       4
       4
       7
       7
       8
       9
       4
       6
       8
       4
       5
       0
       3
       4
       6
       2
      10
       4
       1
       7
       8
       4
       5
       5
       4
       2
       6
       5
       4
       6
       2
       8
       5
       2
       3
       6
       9
       6
       1
       4
       1
       1
       2
       3
       3
       7
       7
       9
       3
       3
       6
       7
       5
       9
       3
       4
       5
       2
       5
       4
       4
       4
       7
       5
       4
       5
       7
       5
       6
       4
       3
       4
      10
       5
       3
       6
       4
       6
       3
       4
       5
       6
       4
       4
       7
       6
      13
       4
       4
       6
       3
       2
       5
       6
       6
       3
       6
       3
       6
       5
       1
       5
      10
       7
       3
       5
       8
       4
       2
       5
       1
       7
       6
       3
       8
       5
       9
       8
       5
       3
       9
       2
       4
       3
       5
       4
       4
       7
       6
       8
       3
       3
       8
       1
       3
       4
       3
       3
       2
       3
       4
       4
       4
       3
       4
       3
       2
       3
       8
       4
       3
       3
       2
       6
       7
       4
       7
       5
       3
       3
       5
       6
       8
       3
       4
       5
       4
       3
       8
       5
       7
       4
       6
       8
       5
       6
       6
       6
       8
       6
       2
       6
       6
       2
       6
       4
       6
       5
       8
       2
       7
       3
       2
       1
       5
       2
      10
       1
       3
       5
       6
       8
      13
       5
       8
       7
       5
       3
       2
       3
       7
       3
       2
       1
       4
       6
       8
       3
       1
       4
       5
       3
       5
       5
       2
       7
       4
       5
       6
       7
       2
       9
       5
       5
      11
       5
       3
       4
       5
       4
       2
       5
       8
       8
       0
       2
       9
       9
       6
       3
       4
       7
       4
       6
       4
       5
       4
       3
       6
       5
       7
       6
       5
       5
       4
       4
       5
       9
       8
       7
       1
       2
       4
       8
       5
       4
       3
       4
       3
       4
       5
       4
      13
       7
       6
       4
       8
       2
       4
       6
       5
       2
       7
      10
       9
       4
       7
       4
       0
       4
       4
       3
       7
       3
       1
       5
       8
       7
       3
       1
       8
       5
       5
       5
       7
       2
       3
       5
       2
       5
       5
       6
       6
       4
       8
       2
       7
       6
       6
       8
       7
       4
       7
       5
       3
       1
       2
       6
       4
       5
       3
       5
       1
       4
       4
       9
       5
       1
       3
       5
       7
       5
       6
       8
       2
       4
       7
       1
       4
       2
       3
       8
       4
       3
       2
       3
       2
       7
       3
       5
       6
       3
       7
       3
      10
       6
       4
       4
       3
       9
       4
       5
       8
       4
       9
       4
       4
       5
       7
       4
       4
       7
       3
       9
       9
       6
       8
       6
       5
       5
       2
       6
       3
       5
      10
       3
       5
       4
       1
       9
       6
       4
       8
       9
       5
       4
       5
       4
       4
       8
       2
       2
       7
       3
       5
       4
       5
       8
       4
       7
       3
       4
       3
       8
       3
       1
       4
       5
       4
       5
       4
       7
       3
       3
       6
       5
       8
       7
       9
       4
      10
       0
       7
       9
       4
       1
       3
       7
       3
       6
       9
       1
       9
       5
       2
       6
       4
       4
       7
       2
       4
       4
       7
       7
       4
       1
       3
       4
       8
       6
       3
       2
       5
       4
       5
       4
       5
       7
       4
       9
       5
       1
       2
       5
       3
       5
       8
       5
       5
       5
       4
       4
       3
       2
       8
       1
       4
       5
       7
       5
       4
       4
       3
       5
       7
       4
       6
       6
       3
       4
       2
       6
       8
       4
       8
       3
       3
       3
       2
       2
       8
       6
       7
       1
       0
       5
       1
       2
       7
       6
       4
       7
       1
       3
       6
       6
       1
       4
       5
       7
       7
       5
       3
       3
       7
       4
       3
       9
       5
       4
       3
       3
       4
       2
       7
       7
       5
       5
       6
       2
       6
       3
       5
       4
       4
       3
       5
       4
       5
       3
       7
       3
       8
       4
       3
       6
       1
       3
       2
       4
       5
       2
       3
       3
       4
       9
       2
       1
       5
       3
       2
       4
       1
       4
       7
       0
       2
       2
       5
       6
       4
       7
       2
       2
       3
       2
       7
       7
       7
       5
       1
       4
       4
       5
       5
       2
       7
       3
       3
       3
       5
       4
       3
       3
       2
       2
       5
       4
       5
       2
       6
       3
       4
       7
       4
       4
       5
       4
       5
       5
       8
       1
       5
       1
       7
       1
       2
       5
      10
       7
       4
       7
       0
       3
       5
       4
       2
      10
       5
       5
       4
       4
       7
       4
       3
       5
       1
       5
       1
       8
       2
       6
       4
       4
       3
       6
       2
       3
       3
       3
       6
       6
       3
       5
       3
       4
       4
       4
       1
       8
       1
       0
       3
       3
       6
       2
       6
       4
       7
       2
       1
       5
       4
       2
       2
       3
       5
       9
       8
       5
       3
       3
       2
       5
       1
       4
       4
       4
       2
       3
       4
       6
       6
       7
       4
       4
       4
       2
       7
       3
       5
       3
       4
       4
       3
       5
       8
       3
       4
       8
       8
       4
       1
       1
       4
       1
       7
       3
       4
       6
       5
       3
       7
       5
       4
       6
       4
       4
       4
       3
       1
       3
       4
       5
       8
       4
       5
       2
       5
       5
       5
       7
       2
       4
       4
       1
       3
       4
       3
       1
       4
       7
       2
       4
       3
       3
       8
       4
       5
       3
       2
       9
       4
       4
       1
       2
       3
       4
       6
       3
       7
       1
       3
       6
       3
       9
       3
       6
       3
       2
       3
       4
       7
       5
       3
       8
       4
       6
       2
       3
       6
       1
       4
       6
       5
       5
       2
       7
       6
       3
       4
       8
       4
       2
       4
       4
       1
       4
       1
       3
       6
       3
       6
       3
       5
       3
       4
       6
       3
       0
       3
       6
       5
       4
       5
       4
       4
       3
       7
       6
       7
       1
       5
       2
       7
       5
       2
       2
       2
       4
       6
       9
       5
       4
       3
       1
       4
       3
       3
       5
       8
       2
       3
       1
       4
       1
       0
       7
       5
       6
       3
       3
       4
       4
       2
       4
       1
       0
       6
       4
       8
       2
       4
       3
       2
       4
       3
       2
       4
       1
       0
       0
       0
       0
       0
       0
       0
       0
       0
       0
       0
       0
       0
       0
       0
       0
       0
       0
       0
       0
       0
       0
       0
       0
       0
       0
       0
       0
       0
       0
       0
       0
       0
       0
       0
       0
       0
       0
       0
       0
       0
       0
       0
       0
       0
       0
       0
       0
       0
       0
       0
       0
       0
       0
       0
       0
       0
       0
       0
       0
       0
       0
       0
       0
       0
       0
       0
       0
       0
       0
       0
       0
       0
       0
       0
       0
       0
       0
       0
       0
       0
       0
       0
       0
       0
       0
       0
       0
       0
       0
       0
       0
       0
       0
       0
       0
       0
       0
       0
       0
       0
       0
       0
       0
       0
       0
       0
       0
       0
       0
       0
       0
       0
       0
       0
       0
       0
       0
       0
       0
       0
       0
       0
       0
       0
       0
       0
       0
       0
       0
       0
       0
       0
       0
       0
       0
       0
       0
       0
       0
       0
       0
       0
       0
       0
       0
       0
       0
       0
       0
       0
       0
       0
       0
       0
       0
       0
       0
       0
       0
       0
       0
       0
       0
       0
       0
       0
       0
       0
       0
       0
       0
       0
       0
       0
       0
       0
       0
       0
       0
       0
       0
       0
       0
       0
       0
       0
       0
       0
       0
       0
       0
       0
       0
       0
       0
       0
       0
       0
       0
       0
       0
       0
       0
       0
       0
       0
       0
       0
       0
       0
       0
       0
       0
       0
       0
       0
       0
       0
       0
       0
       0
       0
       0
       0
       0
       0
       0
       0
       0
       0
       0
       0
       0
       0
       0
       0
       0
       0
       0
       0
       0
       0
       0
       0
       0
       0
       0
       0
       0
       0
       0
       0
       0
       0
       0
$ROI:
2
4852 5354
12587 12888
$PRESETS:
Live Time
10800
0
$ENER_FIT:
0.358687 0.099971
$MCA_CAL:
3
3.586871E-001 9.997089E-002 0.000000E+000 keV
$SHAPE_CAL:
3
3.638087E+001 -1.552510E-003 0.000000E+000
