$SPEC_ID:
JKL Model 927 SN 17053844 Input 1 HEC-Cr-HEC-Cr-T30-D100-HPGe1-2
$SPEC_REM:
DET# 2
DETDESC# BULK Model 927 SN 17053844 Input 1
AP# Maestro Version 6.08
$DATE_MEA:
05/11/2026 18:22:35
$MEAS_TIM:
251 355
$DATA:
0 16383
       0
       0
       0
       0
       0
       0
       0
       0
       0
       0
       0
       0
       0
       0
       0
       0
       0
       0
       0
       0
       0
       0
       0
       0
       0
       0
       0
       0
       0
       0
       0
       0
       0
       0
       0
       0
       0
       0
       0
       0
       0
       0
       0
       0
       0
       0
       0
       0
       0
       0
       0
       0
       0
       0
       0
       0
       0
       0
       0
       0
       0
       0
       0
       0
       0
       0
       0
       0
       0
       0
       0
       0
       0
       0
       0
       0
       0
       0
       0
       0
       0
       0
       0
       0
       0
       0
       0
       0
       0
       0
       0
       0
       0
       0
       0
       0
       0
       0
       0
       0
       0
       0
       0
       0
       0
       0
       0
       0
       0
       0
       0
       0
       0
       0
       0
       1
      19
     192
     484
     530
     507
     510
     537
     500
     469
     470
     462
     424
     420
     446
     449
     455
     471
     428
     464
     460
     485
     478
     398
     421
     482
     445
     492
     459
     460
     451
     427
     426
     445
     497
     454
     455
     451
     441
     453
     457
     446
     421
     412
     472
     452
     462
     431
     412
     413
     411
     419
     459
     437
     399
     482
     422
     436
     432
     422
     385
     437
     418
     427
     450
     359
     392
     396
     440
     411
     413
     426
     440
     436
     411
     433
     426
     383
     362
     401
     437
     445
     456
     403
     405
     429
     405
     397
     445
     428
     394
     380
     430
     422
     408
     393
     380
     439
     430
     419
     382
     392
     412
     407
     404
     406
     413
     354
     358
     381
     402
     413
     387
     417
     413
     388
     387
     396
     379
     414
     394
     415
     382
     389
     413
     344
     370
     393
     393
     412
     435
     393
     360
     367
     407
     398
     368
     405
     375
     375
     373
     362
     377
     383
     376
     334
     364
     397
     370
     380
     392
     353
     391
     387
     385
     357
     377
     342
     393
     378
     344
     394
     357
     369
     402
     351
     373
     367
     379
     368
     370
     368
     410
     360
     385
     372
     380
     415
     353
     355
     367
     365
     368
     383
     357
     387
     411
     368
     368
     357
     352
     369
     370
     382
     384
     327
     355
     359
     367
     387
     370
     384
     361
     397
     335
     359
     340
     337
     391
     328
     367
     370
     373
     368
     367
     335
     376
     353
     325
     348
     366
     358
     351
     378
     310
     336
     355
     354
     340
     355
     357
     338
     338
     349
     376
     342
     329
     329
     386
     368
     349
     346
     355
     306
     329
     356
     350
     339
     361
     348
     322
     375
     337
     363
     346
     347
     362
     358
     377
     365
     346
     358
     351
     354
     365
     351
     355
     343
     340
     342
     348
     359
     330
     335
     307
     325
     332
     312
     321
     330
     319
     341
     325
     369
     338
     332
     365
     342
     357
     358
     384
     359
     334
     335
     336
     320
     325
     313
     347
     352
     347
     349
     340
     363
     323
     328
     306
     330
     332
     343
     318
     336
     346
     319
     364
     362
     332
     325
     317
     340
     312
     320
     359
     321
     332
     327
     322
     325
     345
     347
     330
     349
     353
     337
     350
     347
     313
     328
     352
     338
     342
     337
     333
     355
     306
     301
     335
     331
     376
     347
     336
     327
     314
     347
     331
     310
     334
     293
     291
     309
     332
     313
     367
     335
     311
     345
     333
     359
     349
     337
     367
     388
     356
     291
     309
     368
     305
     353
     341
     326
     352
     334
     315
     333
     322
     342
     299
     343
     339
     317
     338
     327
     294
     307
     358
     303
     352
     301
     363
     304
     336
     300
     344
     314
     311
     320
     345
     283
     305
     312
     309
     340
     319
     338
     354
     304
     335
     319
     332
     307
     329
     340
     302
     317
     327
     283
     321
     334
     327
     318
     336
     298
     322
     302
     317
     311
     298
     334
     313
     314
     340
     329
     311
     309
     311
     319
     321
     322
     302
     309
     333
     336
     327
     308
     341
     333
     342
     305
     318
     320
     350
     328
     301
     324
     296
     322
     313
     319
     291
     326
     338
     345
     330
     333
     308
     326
     318
     354
     298
     326
     300
     303
     333
     320
     331
     312
     342
     319
     321
     308
     329
     305
     351
     332
     338
     318
     289
     308
     321
     330
     297
     311
     345
     321
     304
     319
     290
     296
     309
     306
     313
     349
     360
     343
     311
     288
     334
     306
     308
     309
     301
     304
     271
     317
     325
     331
     340
     315
     337
     346
     293
     303
     303
     336
     364
     324
     352
     323
     315
     314
     342
     272
     316
     293
     316
     346
     332
     311
     293
     321
     338
     328
     299
     352
     308
     325
     341
     334
     339
     282
     319
     313
     310
     300
     358
     345
     306
     343
     305
     316
     325
     311
     338
     308
     297
     325
     320
     309
     301
     318
     302
     294
     304
     284
     318
     322
     328
     327
     333
     271
     318
     346
     344
     315
     292
     320
     326
     345
     327
     339
     326
     326
     348
     350
     339
     358
     344
     352
     359
     336
     330
     350
     356
     330
     315
     324
     335
     309
     332
     334
     340
     325
     306
     363
     398
     361
     398
     377
     365
     368
     350
     379
     346
     323
     324
     304
     296
     303
     314
     302
     329
     313
     334
     310
     332
     301
     315
     319
     310
     282
     316
     302
     338
     338
     306
     292
     296
     338
     326
     285
     297
     334
     293
     345
     298
     300
     301
     319
     324
     325
     311
     291
     362
     329
     311
     332
     333
     329
     325
     299
     323
     310
     312
     307
     314
     318
     323
     339
     277
     315
     309
     280
     295
     312
     278
     320
     322
     308
     331
     328
     311
     329
     326
     316
     308
     325
     308
     312
     304
     321
     311
     287
     335
     314
     333
     286
     338
     332
     345
     318
     358
     328
     325
     287
     349
     325
     309
     287
     350
     355
     324
     358
     326
     280
     323
     300
     312
     309
     273
     316
     320
     302
     304
     292
     375
     305
     312
     323
     305
     320
     303
     322
     322
     338
     318
     317
     306
     319
     290
     291
     327
     297
     304
     284
     285
     314
     345
     307
     301
     335
     324
     315
     296
     305
     316
     320
     333
     287
     326
     328
     286
     327
     332
     332
     308
     327
     306
     283
     342
     318
     299
     330
     292
     318
     290
     318
     284
     287
     301
     310
     286
     284
     290
     297
     334
     311
     312
     331
     330
     345
     314
     308
     271
     316
     321
     312
     330
     281
     305
     287
     309
     335
     317
     301
     332
     346
     293
     294
     292
     280
     312
     330
     316
     310
     326
     309
     317
     293
     323
     328
     301
     303
     295
     297
     266
     292
     341
     312
     291
     299
     299
     304
     315
     281
     316
     301
     303
     300
     305
     318
     311
     342
     300
     298
     319
     310
     303
     280
     313
     336
     292
     300
     309
     299
     268
     309
     302
     316
     300
     306
     295
     295
     315
     333
     312
     298
     294
     317
     304
     290
     334
     293
     301
     307
     294
     311
     297
     285
     281
     283
     332
     291
     305
     316
     335
     285
     318
     298
     301
     259
     300
     326
     318
     298
     315
     310
     308
     296
     300
     274
     327
     319
     332
     340
     294
     313
     298
     336
     303
     307
     287
     308
     311
     290
     282
     289
     311
     324
     298
     305
     298
     319
     287
     319
     284
     326
     313
     307
     304
     335
     323
     279
     273
     317
     326
     276
     307
     271
     302
     332
     342
     331
     337
     321
     322
     296
     312
     313
     306
     294
     295
     297
     278
     303
     290
     288
     307
     317
     317
     342
     294
     307
     303
     320
     306
     305
     327
     337
     287
     271
     298
     343
     316
     295
     316
     297
     314
     330
     353
     314
     302
     315
     287
     296
     300
     319
     295
     282
     322
     340
     294
     323
     313
     304
     297
     299
     321
     326
     330
     304
     297
     306
     303
     315
     316
     300
     256
     324
     296
     312
     346
     305
     314
     328
     323
     309
     263
     298
     289
     278
     311
     296
     300
     336
     304
     323
     321
     275
     300
     310
     323
     302
     314
     310
     313
     288
     284
     338
     308
     310
     279
     280
     311
     323
     329
     315
     358
     281
     299
     285
     341
     293
     298
     308
     281
     300
     255
     320
     310
     296
     320
     265
     319
     297
     329
     318
     307
     288
     292
     323
     317
     323
     314
     314
     325
     316
     304
     324
     310
     296
     283
     300
     299
     356
     312
     298
     270
     264
     307
     317
     326
     298
     266
     297
     281
     298
     318
     292
     305
     317
     295
     315
     276
     274
     293
     292
     332
     278
     315
     293
     289
     289
     301
     293
     284
     295
     336
     311
     309
     296
     280
     321
     320
     347
     323
     291
     309
     301
     292
     302
     318
     288
     305
     296
     288
     330
     314
     294
     326
     291
     296
     282
     329
     276
     316
     325
     311
     288
     303
     312
     307
     287
     309
     292
     266
     309
     313
     291
     302
     320
     311
     300
     285
     294
     302
     286
     294
     292
     283
     319
     301
     307
     287
     342
     304
     328
     281
     315
     307
     312
     290
     299
     276
     310
     310
     291
     333
     328
     303
     315
     316
     323
     317
     323
     307
     295
     311
     290
     295
     335
     320
     347
     331
     337
     296
     299
     320
     321
     286
     328
     294
     280
     278
     305
     294
     303
     283
     278
     313
     344
     301
     315
     311
     318
     300
     346
     317
     307
     312
     318
     301
     328
     298
     292
     282
     321
     326
     284
     296
     339
     300
     315
     293
     296
     278
     314
     311
     304
     302
     274
     311
     301
     276
     293
     291
     314
     278
     292
     302
     321
     346
     318
     318
     290
     305
     303
     304
     287
     316
     298
     306
     313
     302
     278
     302
     281
     311
     299
     364
     317
     284
     287
     309
     309
     316
     309
     321
     295
     308
     282
     308
     311
     312
     278
     310
     310
     333
     305
     286
     315
     308
     282
     299
     293
     310
     317
     281
     309
     299
     294
     291
     318
     270
     287
     289
     317
     302
     305
     286
     311
     296
     307
     315
     277
     285
     309
     294
     339
     298
     283
     310
     315
     294
     279
     280
     289
     299
     284
     314
     310
     299
     293
     301
     302
     305
     300
     283
     337
     300
     310
     318
     277
     283
     294
     305
     303
     275
     333
     317
     308
     300
     315
     292
     299
     314
     325
     328
     326
     298
     299
     321
     291
     308
     294
     299
     338
     303
     293
     312
     322
     320
     342
     296
     322
     311
     302
     290
     297
     306
     298
     292
     297
     294
     304
     328
     293
     288
     274
     298
     298
     315
     301
     294
     331
     282
     304
     318
     315
     276
     301
     312
     302
     293
     294
     299
     287
     297
     318
     291
     303
     322
     304
     275
     294
     256
     302
     269
     304
     325
     301
     308
     323
     291
     291
     275
     308
     299
     320
     292
     301
     309
     327
     325
     288
     313
     301
     291
     302
     280
     306
     300
     307
     303
     297
     283
     316
     302
     326
     316
     292
     290
     292
     278
     314
     294
     330
     307
     297
     290
     311
     306
     306
     298
     290
     299
     305
     277
     311
     295
     275
     264
     256
     309
     332
     291
     337
     315
     273
     272
     310
     293
     315
     295
     309
     292
     320
     326
     282
     358
     306
     278
     322
     319
     309
     314
     305
     302
     317
     302
     284
     317
     320
     317
     287
     292
     323
     296
     323
     329
     327
     286
     268
     313
     302
     322
     329
     318
     320
     333
     275
     315
     306
     342
     276
     342
     314
     309
     300
     293
     312
     305
     291
     339
     331
     329
     314
     308
     335
     327
     340
     314
     344
     359
     312
     318
     327
     336
     318
     317
     325
     345
     349
     330
     324
     353
     290
     336
     348
     368
     379
     355
     372
     373
     351
     349
     348
     370
     332
     341
     378
     357
     359
     345
     360
     325
     371
     367
     339
     343
     389
     429
     340
     351
     349
     362
     378
     349
     364
     346
     378
     374
     381
     349
     337
     340
     346
     330
     359
     365
     376
     344
     347
     358
     367
     330
     334
     354
     354
     359
     385
     346
     373
     374
     398
     343
     384
     360
     378
     346
     373
     343
     364
     358
     364
     348
     359
     396
     362
     376
     349
     345
     321
     344
     375
     344
     327
     362
     337
     309
     346
     366
     363
     347
     337
     396
     363
     372
     342
     335
     353
     366
     377
     341
     370
     352
     364
     366
     404
     324
     337
     353
     354
     352
     349
     319
     363
     350
     342
     315
     328
     340
     354
     348
     337
     380
     356
     351
     364
     369
     311
     317
     355
     350
     325
     329
     335
     329
     340
     348
     341
     346
     345
     357
     318
     362
     349
     346
     345
     328
     358
     341
     328
     357
     379
     352
     346
     337
     344
     348
     318
     358
     343
     333
     364
     356
     334
     347
     330
     350
     361
     371
     391
     336
     333
     362
     313
     348
     353
     339
     308
     342
     329
     327
     342
     329
     353
     364
     362
     333
     345
     301
     355
     339
     341
     329
     365
     329
     337
     336
     305
     337
     343
     306
     341
     342
     304
     350
     367
     339
     343
     342
     364
     323
     343
     352
     373
     316
     338
     339
     289
     313
     337
     334
     308
     360
     349
     333
     297
     345
     312
     370
     366
     325
     341
     326
     332
     345
     315
     338
     335
     322
     323
     365
     366
     336
     340
     353
     338
     315
     355
     321
     321
     322
     336
     312
     319
     312
     371
     328
     355
     304
     331
     305
     327
     332
     334
     328
     309
     333
     336
     365
     352
     312
     328
     323
     311
     333
     325
     320
     329
     369
     332
     333
     341
     319
     332
     329
     337
     327
     323
     303
     295
     315
     322
     300
     318
     325
     310
     330
     313
     361
     310
     347
     337
     325
     313
     343
     321
     323
     311
     313
     300
     348
     304
     314
     306
     302
     321
     295
     327
     331
     334
     319
     338
     318
     325
     319
     303
     338
     345
     298
     325
     316
     328
     313
     307
     333
     346
     324
     314
     311
     331
     332
     318
     292
     372
     331
     315
     328
     283
     320
     336
     326
     307
     322
     338
     331
     323
     323
     313
     324
     312
     316
     318
     320
     330
     349
     287
     313
     326
     310
     289
     301
     321
     331
     322
     301
     338
     305
     288
     297
     300
     296
     300
     321
     311
     314
     303
     291
     333
     353
     316
     334
     324
     320
     314
     324
     341
     341
     324
     303
     340
     341
     333
     303
     330
     336
     319
     311
     329
     301
     304
     290
     302
     348
     359
     314
     284
     309
     335
     324
     330
     288
     312
     352
     315
     291
     330
     305
     339
     326
     326
     313
     365
     298
     332
     304
     332
     340
     345
     327
     299
     343
     291
     291
     350
     317
     295
     338
     331
     330
     331
     315
     303
     329
     338
     308
     328
     274
     320
     330
     309
     321
     344
     334
     359
     331
     325
     318
     279
     342
     332
     320
     297
     348
     314
     343
     325
     330
     312
     310
     325
     365
     310
     322
     322
     318
     312
     321
     289
     361
     340
     304
     299
     299
     357
     288
     326
     319
     313
     314
     317
     287
     319
     317
     320
     326
     336
     301
     294
     319
     319
     325
     298
     312
     321
     310
     289
     319
     317
     311
     320
     298
     365
     307
     322
     329
     301
     317
     307
     319
     294
     307
     286
     304
     314
     347
     304
     287
     293
     314
     293
     301
     328
     337
     302
     289
     321
     304
     334
     313
     313
     339
     319
     298
     303
     288
     308
     330
     289
     298
     319
     337
     301
     320
     293
     320
     311
     308
     283
     288
     287
     311
     332
     309
     294
     341
     298
     317
     308
     295
     304
     305
     317
     325
     279
     289
     313
     318
     301
     306
     330
     324
     314
     289
     306
     347
     344
     320
     327
     303
     295
     293
     329
     319
     323
     303
     298
     310
     324
     309
     292
     286
     288
     297
     311
     304
     296
     304
     313
     316
     293
     303
     309
     305
     290
     301
     285
     304
     299
     298
     297
     297
     300
     332
     271
     288
     295
     281
     313
     305
     310
     308
     317
     283
     321
     299
     298
     305
     311
     320
     271
     299
     288
     284
     287
     300
     279
     269
     300
     283
     310
     322
     317
     324
     284
     269
     282
     285
     305
     307
     308
     287
     269
     305
     305
     320
     314
     308
     309
     307
     325
     291
     321
     282
     330
     255
     323
     296
     312
     271
     303
     288
     275
     283
     283
     294
     275
     268
     295
     288
     263
     336
     299
     332
     315
     286
     311
     269
     312
     303
     276
     290
     294
     301
     318
     293
     293
     320
     281
     281
     312
     302
     313
     290
     311
     313
     293
     306
     281
     261
     291
     287
     310
     283
     294
     292
     308
     299
     310
     310
     314
     314
     311
     284
     301
     300
     280
     311
     318
     301
     294
     298
     299
     306
     306
     345
     299
     306
     283
     270
     301
     304
     268
     303
     287
     279
     320
     275
     285
     303
     311
     273
     293
     285
     277
     308
     310
     313
     313
     279
     297
     313
     281
     306
     284
     311
     299
     291
     274
     294
     286
     274
     266
     277
     293
     310
     298
     301
     273
     276
     284
     284
     286
     282
     301
     318
     294
     285
     285
     268
     282
     286
     284
     305
     297
     267
     334
     315
     298
     274
     296
     284
     291
     297
     282
     313
     320
     298
     302
     310
     327
     322
     274
     280
     282
     278
     312
     279
     290
     252
     278
     298
     288
     292
     271
     293
     314
     329
     265
     300
     301
     302
     273
     266
     299
     309
     281
     283
     279
     266
     295
     283
     259
     240
     294
     296
     299
     306
     296
     296
     272
     283
     299
     275
     280
     302
     307
     285
     290
     280
     269
     284
     280
     254
     281
     291
     281
     276
     279
     289
     244
     290
     284
     272
     263
     280
     277
     273
     302
     319
     296
     295
     288
     323
     291
     285
     284
     312
     299
     291
     295
     308
     287
     301
     266
     311
     294
     279
     284
     326
     291
     297
     292
     291
     275
     284
     316
     294
     297
     281
     289
     254
     272
     292
     325
     269
     269
     286
     329
     276
     279
     283
     299
     336
     279
     286
     271
     268
     294
     272
     274
     275
     302
     306
     290
     301
     272
     294
     277
     279
     278
     282
     342
     284
     303
     336
     293
     302
     265
     294
     288
     284
     270
     282
     298
     302
     291
     299
     291
     269
     283
     302
     285
     287
     278
     317
     273
     298
     303
     286
     266
     287
     326
     289
     307
     287
     295
     297
     289
     282
     256
     285
     266
     281
     292
     254
     269
     280
     276
     276
     260
     297
     300
     307
     303
     326
     306
     297
     269
     298
     321
     301
     287
     253
     290
     292
     277
     295
     298
     312
     294
     317
     304
     316
     290
     298
     297
     273
     309
     266
     276
     263
     328
     294
     277
     269
     276
     273
     308
     291
     311
     289
     320
     297
     266
     282
     287
     315
     297
     281
     280
     276
     327
     323
     296
     295
     284
     299
     307
     306
     284
     274
     314
     292
     300
     285
     296
     311
     289
     277
     267
     297
     298
     309
     275
     298
     328
     298
     276
     278
     288
     326
     289
     277
     279
     291
     276
     292
     309
     275
     287
     311
     280
     284
     313
     303
     295
     303
     338
     265
     268
     325
     283
     306
     267
     281
     306
     307
     301
     300
     264
     280
     285
     277
     311
     292
     273
     309
     299
     300
     328
     328
     307
     304
     271
     294
     312
     312
     305
     271
     276
     309
     296
     277
     307
     322
     328
     272
     281
     266
     297
     302
     292
     279
     277
     302
     307
     292
     314
     272
     294
     308
     305
     282
     284
     299
     292
     274
     273
     311
     291
     296
     288
     325
     278
     297
     291
     327
     284
     280
     305
     325
     324
     309
     309
     281
     293
     283
     313
     317
     293
     281
     309
     293
     262
     301
     324
     302
     292
     305
     298
     300
     309
     293
     287
     297
     295
     311
     321
     271
     307
     302
     333
     342
     326
     314
     309
     306
     290
     314
     330
     339
     288
     281
     287
     318
     293
     299
     323
     302
     335
     304
     276
     331
     326
     326
     305
     285
     315
     304
     312
     312
     311
     287
     307
     317
     290
     328
     310
     310
     294
     308
     320
     323
     324
     302
     300
     340
     333
     304
     291
     298
     301
     313
     302
     318
     314
     308
     318
     336
     319
     347
     293
     269
     321
     280
     305
     320
     320
     324
     303
     301
     315
     303
     311
     325
     295
     334
     353
     330
     321
     312
     309
     309
     329
     338
     314
     314
     320
     284
     355
     309
     332
     326
     309
     298
     324
     343
     297
     292
     321
     302
     353
     313
     322
     287
     329
     311
     313
     318
     345
     323
     322
     349
     341
     329
     322
     326
     311
     314
     325
     347
     329
     329
     325
     353
     310
     307
     335
     311
     287
     340
     301
     344
     349
     326
     311
     327
     323
     346
     324
     312
     296
     338
     320
     326
     300
     332
     337
     334
     319
     315
     339
     366
     331
     355
     351
     322
     315
     331
     340
     305
     312
     342
     340
     328
     324
     354
     327
     342
     316
     311
     309
     320
     312
     308
     324
     321
     316
     324
     348
     342
     348
     343
     313
     353
     350
     334
     365
     368
     343
     309
     346
     358
     310
     322
     347
     348
     357
     340
     337
     351
     362
     308
     329
     383
     340
     345
     357
     323
     363
     327
     321
     345
     355
     353
     331
     368
     336
     359
     353
     393
     338
     370
     369
     327
     367
     318
     350
     342
     362
     334
     356
     357
     334
     354
     340
     317
     328
     360
     334
     369
     347
     357
     358
     335
     351
     346
     339
     360
     362
     343
     358
     381
     339
     342
     315
     323
     366
     350
     394
     371
     395
     364
     319
     353
     407
     376
     318
     350
     382
     370
     379
     367
     342
     330
     372
     350
     362
     329
     402
     348
     360
     380
     342
     374
     374
     357
     367
     414
     391
     347
     363
     372
     365
     337
     345
     369
     371
     395
     372
     380
     351
     359
     340
     374
     376
     380
     306
     347
     376
     363
     374
     366
     378
     352
     404
     367
     384
     379
     377
     370
     377
     341
     344
     381
     405
     361
     378
     359
     348
     361
     363
     367
     367
     375
     340
     346
     396
     347
     382
     361
     374
     395
     363
     373
     390
     359
     365
     361
     405
     365
     396
     366
     360
     374
     369
     360
     366
     388
     355
     398
     358
     364
     352
     404
     384
     354
     365
     403
     385
     402
     350
     339
     363
     393
     387
     399
     396
     364
     382
     352
     369
     375
     402
     368
     390
     390
     384
     359
     428
     372
     373
     396
     343
     423
     401
     354
     386
     391
     363
     341
     374
     381
     379
     410
     417
     375
     385
     383
     390
     393
     330
     402
     369
     391
     384
     359
     380
     390
     362
     384
     364
     398
     369
     393
     408
     352
     383
     387
     348
     402
     380
     381
     316
     393
     372
     363
     366
     414
     382
     366
     375
     395
     380
     345
     365
     373
     383
     357
     353
     390
     388
     379
     372
     355
     391
     380
     384
     367
     329
     353
     352
     411
     398
     346
     356
     326
     391
     394
     330
     379
     316
     349
     360
     343
     338
     333
     362
     342
     367
     337
     362
     341
     338
     329
     330
     335
     319
     317
     318
     321
     344
     306
     312
     311
     310
     309
     301
     303
     297
     286
     320
     329
     277
     306
     259
     299
     276
     272
     269
     296
     268
     276
     283
     286
     286
     274
     267
     229
     284
     258
     299
     250
     250
     279
     270
     239
     256
     229
     264
     266
     244
     260
     257
     237
     261
     242
     248
     222
     249
     278
     233
     241
     246
     239
     234
     237
     244
     233
     235
     248
     235
     240
     248
     229
     234
     224
     204
     209
     241
     232
     229
     232
     232
     258
     216
     210
     259
     230
     207
     231
     208
     229
     203
     187
     203
     242
     227
     223
     208
     220
     232
     217
     226
     199
     220
     211
     211
     216
     232
     228
     244
     222
     220
     232
     205
     188
     230
     202
     240
     214
     248
     210
     223
     222
     232
     233
     204
     204
     210
     229
     229
     212
     220
     200
     238
     224
     186
     181
     211
     197
     202
     214
     190
     186
     212
     186
     204
     217
     188
     208
     200
     184
     211
     210
     186
     187
     218
     180
     200
     176
     172
     203
     196
     180
     183
     199
     179
     183
     203
     200
     186
     242
     189
     189
     207
     203
     163
     209
     192
     212
     193
     170
     181
     190
     175
     180
     175
     193
     174
     201
     187
     197
     203
     177
     175
     171
     180
     194
     201
     189
     201
     202
     188
     174
     171
     174
     171
     187
     169
     183
     203
     176
     202
     176
     166
     176
     167
     184
     191
     197
     193
     183
     173
     188
     206
     177
     189
     161
     159
     173
     186
     158
     174
     179
     188
     153
     158
     173
     177
     168
     182
     194
     189
     180
     183
     167
     172
     175
     172
     175
     167
     176
     186
     167
     167
     185
     192
     182
     171
     177
     208
     164
     156
     198
     166
     156
     176
     145
     155
     178
     166
     180
     170
     172
     179
     168
     175
     126
     163
     177
     196
     153
     176
     139
     195
     163
     151
     164
     176
     166
     166
     162
     150
     167
     150
     178
     179
     156
     173
     145
     153
     148
     158
     171
     162
     152
     139
     163
     161
     141
     149
     164
     168
     165
     167
     160
     157
     159
     154
     137
     157
     155
     156
     133
     131
     141
     156
     177
     151
     169
     164
     175
     184
     148
     165
     161
     155
     150
     163
     140
     157
     154
     140
     153
     163
     150
     161
     138
     153
     169
     159
     142
     152
     118
     141
     153
     137
     138
     148
     158
     151
     137
     146
     150
     143
     146
     137
     155
     148
     128
     138
     148
     143
     162
     127
     151
     150
     171
     127
     146
     129
     156
     154
     131
     146
     124
     154
     131
     148
     160
     153
     130
     132
     135
     169
     138
     140
     154
     150
     151
     148
     132
     128
     121
     141
     136
     136
     122
     142
     139
     147
     159
     137
     146
     135
     131
     129
     140
     121
     143
     130
     132
     142
     148
     133
     124
     117
     148
     134
     131
     161
     136
     125
     152
     134
     137
     141
     139
     130
     143
     129
     131
     134
     144
     129
     119
     147
     133
     141
     133
     131
     132
     124
     146
     129
     128
     154
     122
     152
     110
     138
     142
     122
     125
     118
     134
     148
     121
     122
     138
     140
     134
     134
     135
     123
     134
     114
     144
     129
     145
     125
     124
     115
     122
     121
     128
     113
     107
     139
     130
     116
     115
     117
     124
     148
     139
     114
     134
     133
     119
     137
     112
     123
     119
     137
     123
      96
     114
     107
     121
     138
     131
     121
     131
     122
     131
     120
     124
     127
     133
     125
     101
     144
     110
     113
      95
     123
     121
      96
     108
     121
     136
     139
     120
     117
     127
     115
     126
     119
     119
     116
     105
     116
     122
     124
     113
     122
     108
     112
     121
      98
     113
     114
     118
     120
     109
     113
     109
     117
     107
     105
     113
     112
     101
     100
     100
     113
     117
     107
     117
     104
     116
     100
     113
     114
     124
     113
     102
     109
     109
     103
      98
     106
     109
     110
     116
      92
      83
     104
     115
     103
     106
     116
      90
     118
     125
     108
     105
     108
      89
     141
     124
     113
     101
     106
     102
     102
     120
     114
     105
      84
     121
     108
     114
     104
      99
     117
      93
     120
     113
     110
     103
     120
     120
      83
      98
     111
     107
     102
      93
     105
     110
      90
      87
     106
      98
     108
      96
      98
     111
     117
      94
      95
     109
      97
      85
     104
     102
     105
     104
     100
     101
      94
     100
      87
     104
      74
     101
     108
     102
     106
      93
     117
     104
      76
     117
      84
     105
     106
      94
      96
      95
      99
      92
     109
      93
      96
     115
      95
     104
      95
      92
      87
      94
     109
      99
     100
      87
      97
      98
     107
     110
      95
     113
      97
     107
      84
      96
      86
      82
     100
      85
      72
      69
      90
     105
     103
      85
      82
      94
      83
      95
     101
      91
      95
     101
     115
      79
      96
     102
      90
     101
      83
      70
      94
      93
     106
     112
      88
      91
      99
     105
      96
      89
      82
      84
      97
      83
      83
      94
      80
     102
      88
      77
      98
      97
      92
      96
      85
      92
      83
     106
      81
      91
      85
      81
      94
      99
      79
      98
     104
      98
     105
     105
      90
      71
      79
      90
      86
      94
      91
      82
      80
      81
      83
      84
      85
      74
      93
      95
      91
      74
      92
      98
      90
      95
      96
     101
      70
      75
      79
      87
      86
      67
      82
      96
      90
      75
     102
      88
      85
      72
      93
      86
      89
      99
      91
      81
      80
      73
      89
     104
     104
     109
      94
      66
      77
      81
      70
      91
      82
      93
      79
      84
      80
      69
      95
      86
      83
     103
      78
      93
      88
     104
      93
      70
     103
      72
      88
      75
      89
      79
      85
      83
      74
      86
      94
      77
      76
      87
      86
      99
      84
      88
      76
      84
      87
      91
      80
      87
      88
      89
      89
      93
      75
      82
      92
      85
      94
      89
      78
      90
     103
      92
      93
      77
      85
      73
      90
      95
      73
      82
      81
     107
      79
      82
      82
     109
      73
      67
      96
      92
      93
      77
      80
      83
      68
      74
      90
      93
      90
      81
      79
      85
      67
      74
      86
      81
      78
     102
      65
      79
      87
      87
      81
      83
      84
      83
      84
      65
      89
      88
      77
      83
      87
      80
      85
      89
      81
      84
      69
      79
      89
      72
      90
      77
      91
      74
      93
      62
      94
      71
      82
      84
      87
      70
      85
      92
      82
      80
      57
     111
      99
      79
      77
      87
      83
      83
      81
      94
      78
      84
      78
      86
      98
      82
      86
      84
      75
      69
      90
      99
      75
      74
      77
      87
      85
      76
      87
      87
      88
      82
      88
      67
      89
      83
      78
      86
      85
      87
      83
      80
      73
      81
      91
      78
      94
      76
      59
      80
      78
      88
      71
      72
      77
      87
      82
      81
      83
      75
      80
      89
      81
      76
      96
      77
      82
      83
      78
      82
      69
      86
      78
      96
      83
      67
      85
      92
      93
      73
      73
      95
      78
      82
      71
      77
      73
      79
      74
      87
      98
      76
      65
      82
      97
      89
      91
      81
      96
      89
      76
      83
      66
      92
      87
      79
      77
      69
      91
      83
      93
      73
      87
      88
      72
      91
      81
      99
      73
      79
      78
      77
      85
      83
      67
     101
      63
      80
      81
      87
      88
      89
      65
      76
      79
      89
      92
      76
      72
      68
      85
     102
      75
      89
      76
      81
      79
      85
      80
      85
      81
      79
      98
      67
      71
     103
      64
      74
      83
      69
      77
      78
      78
      79
      77
      75
      83
      82
      69
      75
      84
      96
      86
      79
      80
      77
      95
      64
      80
      86
      73
      78
      80
      82
      84
      89
      71
      91
      78
      85
      84
      94
      86
      93
      84
      96
      80
      84
      84
      82
      79
      74
      79
      94
      82
      77
      93
      91
      72
     104
      74
      87
      88
      81
      71
      67
      91
      85
      77
     107
      64
      76
      85
      77
      91
      76
      90
      75
      70
      79
      77
      85
      90
      66
      74
      69
      72
      92
      85
      65
      81
      74
      91
      96
      94
      74
      71
      55
      77
      89
      84
      80
      67
      76
      66
      69
      85
      81
      89
      89
      81
      86
      91
      83
      95
      73
      77
      91
      68
      80
      88
      86
      72
      86
      74
      80
      75
      84
      77
      74
      93
      99
      90
      86
      68
      85
      92
      94
      75
      81
      86
     102
      68
      74
      88
      76
      79
      77
      78
      81
      77
      83
      99
      84
      72
      80
      90
      73
      95
      76
      70
      72
      80
      81
      74
      80
      82
      94
      81
      81
      84
      76
      72
      73
      78
      69
      84
      85
      78
      94
      76
      70
      63
      75
      72
      89
      85
      85
      87
      68
      85
      77
      74
      73
      84
      73
      68
      84
      71
      90
      85
      79
      71
      76
      72
      84
      74
      86
      87
      91
      75
      80
      72
      63
      84
      90
      81
      82
      80
      67
      72
      74
      73
      78
      73
      76
      82
      79
      84
      90
      74
      88
      77
      72
      73
      99
      72
      83
      69
      75
      80
      85
      79
      66
      93
      96
      90
      81
      72
      86
      75
      88
      85
      71
      84
      72
      77
      76
      76
      81
      80
      88
      79
      84
      85
      80
      97
      80
      84
      97
      78
      70
      79
      85
      93
      67
     102
      90
      92
      86
      87
      83
      71
      79
      79
      72
      77
      75
      89
      61
      91
      68
      92
      70
      83
      87
      84
      70
      77
      79
      69
      84
      80
      77
      73
      90
      72
     103
      85
      76
      96
      83
      73
      73
      85
      79
      89
      83
      82
      87
      77
      96
      92
      77
      73
      74
      79
      90
      82
      74
      78
      73
      83
      78
      69
      90
      80
      69
      75
      80
      82
      91
      99
      86
      77
      78
      96
      82
      92
      84
      70
      77
      82
      81
     100
      85
      78
      95
      79
      84
      86
      88
      91
      71
      74
      85
      80
      67
      73
      97
      73
     113
      77
      85
      82
      90
      71
      87
      76
      81
      92
      89
      85
      79
      84
      99
      85
      72
      88
      72
      83
      65
      69
      77
      84
      98
      93
      89
      80
      83
      89
      79
      89
      91
      72
      70
      81
      78
      98
      75
      90
      91
      85
      87
      95
      83
      75
      79
      86
      74
      77
      84
      99
      98
      84
      82
      96
      90
      77
      84
      97
      98
      79
      78
      95
      93
      85
      81
      81
     104
      73
      88
      87
      77
      95
     100
      82
      93
     106
     114
      78
      80
      82
      81
      82
      87
      97
      86
      92
      98
      93
      95
      76
      78
      96
      91
      92
      77
     104
     100
      88
     105
      89
      84
      82
      83
      87
      97
      79
      95
      88
      77
      90
      90
      94
     106
      83
      82
      94
      88
      83
     102
      95
      96
      85
      95
     100
      68
     105
      91
     107
     105
      95
      87
     113
      93
     107
      90
     101
     108
      94
      86
      87
      86
      94
      96
      87
     101
      96
      93
      83
     119
      97
     122
      94
      95
     113
      93
     123
     109
      85
      93
     110
     103
     109
     109
      98
      89
     119
      86
      99
     119
     114
      97
     111
     131
     111
     112
     127
     117
     129
     123
     114
     112
     104
     135
     115
     127
     127
     150
     129
     125
     135
     132
     143
     141
     138
     174
     170
     177
     171
     191
     175
     214
     202
     236
     287
     328
     371
     321
     365
     393
     484
     523
     619
     666
     682
     809
     940
    1097
    1204
    1433
    1666
    1884
    2219
    2507
    2964
    3529
    3928
    4470
    5103
    5836
    6662
    7408
    8175
    8760
    9382
    9994
   10371
   11201
   11322
   12124
   12468
   12750
   12613
   12881
   12767
   12941
   12732
   12451
   12005
   11682
   11069
   10691
   10291
    9586
    8930
    8044
    7664
    6857
    6170
    5458
    4600
    3957
    3395
    2846
    2445
    1910
    1705
    1339
    1062
     973
     727
     632
     515
     459
     407
     363
     316
     271
     232
     259
     238
     212
     168
     175
     163
     136
     140
     143
     120
     116
     117
     106
     105
     102
     112
      87
     116
      86
     102
      83
      99
      68
      74
      80
      71
      86
      67
      83
      84
      79
      82
      70
      59
      57
      63
      65
      76
      71
      66
      68
      71
      67
      63
      53
      68
      79
      61
      62
      68
      63
      76
      75
      74
      66
      72
      53
      60
      62
      61
      57
      50
      51
      64
      59
      57
      62
      61
      52
      49
      62
      39
      64
      56
      72
      53
      60
      59
      56
      65
      77
      69
      56
      53
      50
      59
      47
      57
      58
      47
      57
      62
      56
      54
      58
      59
      61
      52
      53
      54
      47
      56
      60
      48
      47
      50
      60
      46
      58
      35
      49
      42
      42
      58
      52
      48
      51
      46
      44
      55
      68
      53
      60
      48
      59
      50
      47
      58
      48
      50
      42
      46
      47
      50
      46
      49
      49
      61
      54
      43
      59
      59
      38
      58
      47
      49
      39
      51
      42
      56
      50
      59
      47
      47
      60
      47
      65
      59
      50
      51
      46
      52
      37
      41
      54
      48
      38
      52
      43
      45
      42
      46
      52
      45
      45
      35
      45
      50
      43
      43
      60
      49
      40
      51
      58
      57
      52
      54
      50
      38
      50
      58
      49
      58
      45
      60
      46
      53
      55
      45
      51
      50
      51
      57
      46
      59
      45
      44
      53
      40
      47
      49
      53
      59
      52
      52
      51
      47
      52
      49
      43
      52
      46
      37
      44
      49
      42
      47
      37
      51
      48
      39
      53
      42
      45
      38
      53
      41
      56
      36
      42
      42
      47
      54
      51
      44
      51
      50
      37
      39
      45
      50
      52
      52
      47
      54
      59
      42
      55
      57
      34
      38
      49
      43
      35
      47
      28
      43
      37
      44
      47
      33
      37
      36
      49
      54
      37
      52
      43
      40
      42
      44
      54
      47
      42
      39
      55
      42
      53
      42
      53
      49
      41
      51
      46
      52
      34
      50
      49
      40
      45
      45
      45
      43
      45
      48
      37
      45
      53
      50
      40
      41
      51
      43
      53
      60
      52
      37
      35
      52
      45
      46
      53
      36
      54
      38
      55
      46
      53
      53
      41
      39
      50
      59
      47
      36
      55
      39
      37
      37
      40
      43
      45
      46
      52
      48
      43
      45
      41
      52
      44
      55
      38
      46
      37
      42
      34
      42
      41
      43
      58
      40
      43
      38
      38
      47
      34
      42
      42
      53
      50
      49
      40
      49
      42
      38
      38
      41
      39
      36
      44
      45
      36
      36
      45
      35
      59
      41
      43
      50
      44
      58
      35
      41
      48
      30
      33
      34
      56
      40
      29
      39
      43
      38
      29
      47
      33
      32
      43
      47
      48
      40
      37
      37
      53
      48
      39
      37
      35
      46
      34
      46
      32
      41
      39
      54
      37
      40
      31
      47
      42
      43
      38
      39
      38
      40
      51
      46
      44
      45
      35
      34
      32
      30
      40
      39
      47
      55
      35
      43
      43
      56
      45
      51
      33
      44
      39
      43
      42
      55
      35
      41
      48
      35
      55
      50
      43
      40
      34
      30
      41
      51
      52
      36
      35
      44
      38
      36
      45
      43
      46
      43
      39
      50
      46
      55
      47
      40
      51
      40
      36
      41
      41
      38
      46
      42
      47
      36
      39
      48
      54
      55
      47
      37
      38
      59
      30
      41
      35
      46
      56
      35
      43
      39
      35
      34
      47
      40
      46
      25
      36
      41
      38
      33
      38
      32
      47
      46
      49
      33
      39
      34
      30
      49
      42
      39
      36
      48
      43
      40
      38
      36
      51
      43
      44
      51
      43
      45
      37
      35
      37
      49
      29
      34
      38
      34
      37
      44
      44
      30
      52
      37
      37
      33
      42
      49
      45
      35
      44
      42
      38
      57
      31
      37
      48
      32
      38
      47
      44
      30
      41
      34
      46
      40
      39
      41
      36
      37
      39
      43
      25
      41
      48
      65
      38
      41
      34
      48
      39
      44
      43
      41
      44
      43
      46
      26
      38
      40
      46
      44
      32
      40
      32
      45
      43
      39
      34
      44
      29
      54
      31
      29
      35
      49
      40
      36
      50
      51
      51
      29
      55
      32
      40
      29
      27
      42
      39
      36
      33
      32
      29
      54
      49
      49
      43
      38
      40
      43
      35
      47
      46
      34
      39
      41
      45
      51
      36
      52
      46
      37
      43
      43
      38
      35
      38
      46
      49
      42
      37
      28
      41
      28
      50
      50
      41
      22
      37
      50
      25
      48
      39
      42
      36
      52
      51
      47
      41
      45
      46
      43
      33
      45
      52
      32
      49
      34
      47
      41
      52
      48
      41
      40
      44
      53
      50
      45
      48
      39
      34
      33
      40
      39
      35
      41
      42
      34
      29
      32
      53
      38
      41
      38
      42
      43
      42
      26
      37
      37
      38
      32
      36
      31
      40
      44
      32
      33
      39
      35
      37
      44
      42
      37
      35
      47
      44
      28
      34
      33
      44
      39
      42
      43
      49
      41
      45
      31
      51
      40
      53
      32
      32
      37
      38
      27
      43
      42
      45
      33
      32
      41
      34
      37
      43
      38
      40
      41
      38
      36
      37
      56
      31
      33
      36
      38
      34
      36
      39
      55
      30
      40
      36
      32
      44
      40
      50
      50
      38
      41
      48
      38
      30
      56
      51
      38
      51
      38
      43
      28
      44
      39
      31
      53
      21
      37
      38
      34
      44
      34
      36
      41
      39
      34
      42
      50
      40
      41
      39
      41
      41
      41
      33
      42
      43
      40
      34
      31
      27
      39
      33
      34
      49
      40
      45
      32
      41
      45
      29
      39
      43
      38
      48
      36
      48
      44
      31
      46
      30
      35
      29
      39
      38
      53
      39
      31
      50
      37
      30
      34
      43
      36
      37
      47
      30
      33
      30
      41
      33
      51
      41
      45
      35
      41
      40
      29
      38
      54
      46
      32
      41
      29
      46
      48
      37
      35
      36
      36
      39
      40
      39
      38
      50
      26
      35
      37
      38
      43
      45
      40
      35
      38
      32
      44
      28
      48
      44
      38
      46
      34
      31
      44
      37
      29
      45
      44
      39
      39
      41
      28
      42
      35
      30
      30
      34
      47
      39
      50
      39
      45
      40
      47
      52
      40
      34
      36
      44
      65
      47
      47
      45
      48
      56
      56
      51
      58
      56
      55
      47
      37
      35
      48
      36
      37
      36
      32
      38
      34
      37
      34
      26
      35
      40
      34
      44
      44
      38
      46
      44
      30
      35
      44
      30
      36
      37
      43
      43
      42
      40
      39
      47
      27
      31
      43
      42
      38
      31
      45
      36
      29
      40
      29
      36
      42
      46
      45
      40
      36
      53
      38
      35
      37
      38
      21
      35
      26
      37
      41
      35
      39
      39
      32
      29
      39
      41
      41
      33
      38
      37
      36
      28
      39
      37
      47
      32
      46
      39
      49
      45
      43
      40
      29
      40
      36
      33
      41
      33
      42
      45
      38
      30
      37
      47
      36
      34
      34
      47
      42
      35
      35
      39
      38
      40
      32
      42
      47
      37
      39
      48
      42
      40
      52
      44
      38
      42
      45
      41
      33
      39
      32
      37
      39
      32
      45
      49
      32
      37
      37
      32
      40
      37
      40
      29
      29
      42
      45
      39
      46
      22
      27
      46
      44
      49
      42
      34
      38
      40
      33
      46
      50
      40
      46
      43
      37
      31
      44
      44
      41
      39
      31
      35
      36
      51
      45
      33
      39
      39
      45
      40
      42
      46
      38
      42
      33
      31
      42
      41
      46
      44
      28
      32
      25
      44
      36
      38
      35
      34
      43
      53
      41
      37
      35
      32
      44
      39
      31
      35
      37
      39
      39
      33
      39
      37
      47
      34
      22
      38
      29
      31
      44
      38
      36
      27
      26
      35
      52
      40
      28
      32
      41
      38
      28
      44
      33
      40
      35
      43
      44
      36
      36
      40
      42
      44
      46
      36
      46
      31
      48
      44
      35
      43
      38
      46
      40
      36
      31
      41
      37
      38
      39
      48
      40
      32
      28
      45
      39
      48
      35
      41
      41
      43
      45
      44
      31
      45
      32
      29
      39
      22
      37
      36
      34
      38
      35
      33
      44
      42
      27
      39
      46
      48
      42
      25
      48
      35
      38
      33
      28
      36
      38
      43
      37
      37
      36
      27
      45
      38
      48
      31
      34
      35
      42
      40
      38
      35
      47
      46
      36
      35
      36
      26
      36
      41
      40
      43
      43
      35
      42
      50
      42
      38
      34
      41
      38
      37
      35
      40
      42
      39
      38
      30
      41
      40
      28
      42
      37
      41
      35
      33
      26
      33
      33
      32
      43
      30
      35
      37
      41
      37
      49
      37
      35
      43
      31
      33
      44
      42
      32
      36
      39
      28
      39
      35
      30
      42
      32
      29
      36
      47
      46
      19
      44
      45
      36
      38
      35
      37
      40
      41
      38
      34
      45
      41
      31
      34
      36
      44
      43
      33
      27
      38
      35
      27
      38
      47
      47
      31
      36
      41
      46
      34
      38
      41
      33
      37
      29
      39
      38
      37
      42
      47
      42
      39
      37
      33
      34
      43
      49
      39
      30
      42
      47
      33
      44
      34
      39
      43
      40
      41
      42
      29
      40
      50
      24
      35
      41
      47
      43
      50
      51
      35
      48
      40
      34
      40
      46
      38
      40
      48
      33
      33
      37
      49
      34
      31
      42
      28
      37
      34
      57
      43
      48
      38
      40
      49
      45
      32
      38
      41
      49
      37
      43
      34
      45
      27
      30
      40
      40
      32
      41
      31
      33
      43
      35
      43
      31
      43
      26
      29
      42
      39
      36
      40
      31
      40
      40
      45
      33
      39
      36
      37
      34
      45
      38
      39
      41
      36
      40
      36
      33
      47
      33
      34
      48
      40
      41
      42
      43
      40
      38
      43
      31
      38
      34
      42
      46
      32
      28
      30
      38
      30
      40
      39
      40
      36
      41
      46
      60
      39
      39
      35
      38
      33
      43
      35
      37
      42
      43
      35
      34
      46
      44
      47
      41
      43
      39
      32
      36
      38
      37
      42
      32
      41
      28
      34
      32
      35
      30
      35
      33
      45
      44
      40
      49
      34
      43
      42
      32
      31
      36
      32
      41
      41
      32
      44
      35
      51
      28
      36
      37
      39
      41
      40
      45
      46
      46
      41
      48
      41
      31
      48
      43
      42
      35
      29
      44
      39
      39
      36
      33
      38
      42
      42
      42
      38
      42
      32
      29
      20
      40
      34
      43
      34
      47
      30
      26
      26
      39
      43
      39
      34
      51
      36
      37
      44
      31
      41
      34
      34
      34
      32
      24
      44
      29
      37
      44
      40
      39
      44
      36
      27
      37
      33
      31
      29
      32
      41
      41
      32
      40
      39
      41
      34
      31
      38
      38
      49
      38
      39
      34
      50
      34
      35
      37
      51
      41
      34
      46
      36
      38
      44
      28
      38
      43
      29
      39
      27
      34
      54
      44
      34
      34
      44
      36
      36
      50
      36
      40
      42
      36
      44
      40
      33
      39
      40
      40
      40
      39
      36
      39
      41
      35
      47
      48
      38
      34
      42
      36
      29
      44
      53
      45
      41
      45
      39
      36
      44
      36
      39
      40
      50
      45
      30
      36
      30
      37
      44
      40
      38
      43
      52
      38
      32
      38
      38
      30
      44
      35
      34
      38
      38
      41
      38
      39
      36
      43
      30
      46
      33
      38
      52
      36
      31
      44
      45
      48
      43
      37
      32
      40
      47
      40
      30
      38
      36
      44
      41
      38
      38
      37
      38
      34
      36
      39
      32
      43
      33
      34
      46
      34
      44
      36
      34
      37
      26
      45
      35
      41
      34
      43
      50
      35
      39
      44
      30
      42
      42
      36
      35
      31
      32
      36
      24
      47
      38
      50
      39
      43
      37
      37
      39
      34
      33
      42
      39
      52
      56
      54
      36
      34
      46
      38
      40
      41
      46
      53
      41
      36
      51
      39
      35
      35
      42
      36
      38
      44
      43
      32
      36
      42
      47
      30
      36
      51
      47
      40
      41
      40
      39
      39
      41
      33
      47
      37
      24
      40
      26
      38
      38
      45
      35
      43
      43
      43
      41
      34
      37
      44
      44
      26
      46
      32
      24
      45
      39
      32
      38
      42
      35
      31
      41
      28
      34
      44
      35
      38
      27
      46
      40
      34
      33
      35
      39
      31
      40
      33
      45
      45
      38
      34
      35
      33
      49
      35
      41
      35
      33
      39
      38
      50
      35
      36
      34
      41
      37
      42
      31
      31
      39
      39
      36
      38
      27
      46
      44
      37
      42
      46
      40
      37
      41
      45
      36
      39
      45
      41
      41
      45
      45
      31
      35
      44
      37
      41
      28
      35
      42
      39
      37
      47
      39
      38
      34
      42
      49
      37
      47
      38
      49
      42
      45
      38
      43
      37
      45
      33
      47
      30
      40
      44
      32
      52
      37
      39
      51
      38
      43
      43
      52
      42
      34
      41
      51
      38
      40
      26
      34
      34
      38
      49
      34
      45
      37
      41
      41
      38
      53
      46
      44
      39
      41
      44
      32
      42
      41
      46
      40
      33
      36
      39
      40
      42
      34
      40
      37
      43
      38
      38
      40
      40
      31
      46
      38
      40
      31
      38
      48
      29
      32
      39
      37
      43
      44
      48
      35
      44
      37
      36
      27
      40
      35
      45
      37
      33
      50
      49
      39
      43
      35
      32
      44
      55
      43
      35
      52
      20
      35
      51
      37
      45
      39
      41
      37
      35
      52
      30
      37
      26
      54
      38
      39
      39
      40
      38
      47
      29
      27
      53
      42
      49
      44
      36
      32
      45
      38
      42
      38
      40
      36
      36
      48
      42
      28
      38
      42
      31
      39
      43
      38
      49
      44
      41
      46
      45
      38
      41
      33
      28
      40
      39
      40
      34
      35
      32
      25
      40
      54
      46
      40
      49
      39
      36
      45
      48
      44
      30
      44
      41
      33
      40
      34
      32
      33
      43
      40
      32
      46
      37
      42
      48
      39
      41
      31
      33
      38
      37
      47
      41
      52
      39
      35
      44
      37
      47
      48
      37
      32
      43
      41
      32
      38
      35
      46
      38
      49
      41
      39
      30
      40
      31
      49
      45
      41
      50
      34
      45
      32
      36
      36
      28
      44
      42
      45
      36
      46
      39
      31
      42
      43
      26
      45
      45
      44
      47
      44
      47
      46
      36
      40
      34
      34
      50
      37
      44
      39
      39
      32
      37
      27
      36
      33
      48
      46
      45
      39
      47
      42
      45
      37
      43
      32
      39
      24
      28
      44
      42
      39
      31
      37
      40
      37
      42
      48
      40
      35
      48
      39
      47
      44
      47
      29
      36
      45
      42
      38
      41
      28
      52
      34
      36
      36
      47
      34
      28
      27
      35
      25
      34
      38
      44
      44
      39
      43
      40
      43
      38
      46
      41
      34
      44
      44
      48
      42
      37
      34
      52
      35
      31
      38
      33
      32
      47
      41
      34
      38
      30
      42
      42
      41
      41
      47
      40
      32
      46
      38
      28
      36
      44
      39
      37
      49
      37
      38
      38
      44
      44
      32
      44
      31
      41
      40
      44
      46
      42
      33
      47
      41
      42
      44
      47
      49
      33
      39
      30
      34
      35
      42
      32
      30
      43
      42
      42
      36
      50
      56
      41
      41
      35
      37
      42
      41
      40
      50
      49
      32
      32
      41
      47
      33
      41
      44
      48
      43
      43
      38
      40
      48
      47
      37
      45
      33
      43
      44
      37
      36
      41
      36
      34
      35
      41
      34
      35
      42
      49
      43
      38
      34
      40
      44
      38
      36
      43
      39
      37
      40
      46
      47
      37
      36
      39
      25
      47
      42
      39
      50
      34
      46
      40
      33
      46
      41
      44
      42
      43
      49
      41
      42
      33
      39
      41
      34
      34
      36
      39
      38
      46
      39
      29
      49
      36
      35
      43
      44
      62
      36
      45
      44
      36
      47
      38
      46
      47
      42
      49
      30
      53
      43
      47
      37
      41
      38
      35
      47
      40
      38
      36
      38
      42
      34
      43
      41
      33
      35
      36
      38
      41
      32
      38
      34
      39
      49
      36
      52
      33
      35
      43
      47
      38
      44
      34
      51
      37
      55
      40
      35
      44
      52
      37
      52
      47
      46
      39
      36
      36
      46
      36
      48
      37
      32
      52
      40
      43
      47
      39
      47
      44
      40
      34
      53
      42
      29
      40
      27
      40
      40
      35
      55
      42
      37
      52
      42
      49
      48
      51
      49
      39
      47
      45
      52
      46
      50
      50
      51
      48
      42
      47
      50
      41
      44
      50
      45
      51
      45
      47
      44
      47
      50
      49
      75
      42
      48
      36
      50
      41
      49
      47
      37
      37
      42
      34
      49
      47
      49
      39
      44
      47
      42
      48
      29
      40
      39
      47
      34
      41
      50
      33
      42
      39
      33
      43
      37
      50
      43
      39
      35
      43
      36
      42
      39
      54
      43
      35
      37
      32
      47
      33
      28
      35
      52
      35
      56
      38
      53
      39
      35
      41
      34
      39
      46
      44
      42
      40
      41
      45
      37
      50
      47
      44
      37
      35
      45
      41
      42
      35
      37
      43
      43
      41
      45
      39
      36
      48
      52
      41
      33
      38
      46
      42
      34
      41
      37
      38
      34
      35
      29
      46
      24
      41
      38
      31
      43
      32
      38
      45
      45
      48
      41
      25
      35
      44
      47
      49
      31
      54
      38
      51
      43
      51
      37
      36
      52
      50
      36
      45
      35
      41
      42
      38
      35
      38
      36
      39
      38
      46
      35
      38
      52
      47
      30
      43
      42
      42
      39
      41
      51
      44
      38
      48
      45
      43
      40
      38
      36
      30
      37
      38
      41
      40
      41
      37
      48
      33
      46
      41
      49
      39
      36
      37
      43
      45
      49
      38
      43
      43
      41
      35
      38
      33
      47
      53
      35
      33
      38
      36
      32
      55
      33
      43
      34
      40
      44
      38
      32
      45
      34
      39
      43
      49
      51
      51
      33
      36
      49
      35
      39
      32
      47
      38
      37
      35
      44
      46
      43
      42
      34
      35
      37
      40
      41
      43
      49
      41
      39
      39
      43
      40
      37
      39
      36
      51
      39
      44
      45
      37
      32
      56
      29
      57
      45
      33
      37
      39
      41
      47
      38
      38
      40
      42
      36
      40
      46
      41
      39
      41
      50
      35
      35
      34
      38
      34
      45
      37
      38
      34
      42
      35
      36
      48
      44
      36
      39
      40
      49
      48
      49
      41
      55
      34
      45
      37
      41
      34
      36
      44
      43
      29
      43
      36
      43
      33
      51
      51
      44
      32
      39
      44
      38
      44
      44
      41
      35
      37
      42
      30
      38
      47
      40
      39
      42
      38
      45
      40
      43
      36
      46
      42
      26
      43
      36
      34
      43
      37
      42
      42
      37
      38
      32
      45
      47
      30
      51
      41
      45
      38
      53
      52
      45
      37
      47
      44
      48
      34
      42
      47
      43
      48
      40
      37
      45
      44
      45
      39
      41
      45
      47
      45
      41
      52
      33
      31
      38
      52
      35
      51
      48
      44
      45
      47
      32
      40
      38
      35
      43
      34
      43
      41
      35
      50
      40
      42
      40
      63
      37
      34
      50
      42
      40
      51
      38
      57
      47
      43
      36
      40
      44
      39
      39
      42
      46
      32
      38
      38
      45
      46
      51
      38
      49
      46
      35
      45
      45
      46
      56
      29
      42
      36
      44
      35
      40
      46
      42
      45
      42
      38
      36
      36
      49
      45
      41
      45
      50
      43
      52
      29
      40
      30
      51
      41
      32
      44
      50
      41
      46
      43
      45
      44
      39
      39
      46
      38
      44
      41
      44
      29
      48
      32
      35
      44
      33
      52
      29
      43
      39
      44
      39
      40
      48
      33
      40
      40
      47
      44
      50
      45
      49
      45
      38
      26
      34
      41
      33
      26
      53
      39
      43
      48
      43
      31
      48
      42
      34
      39
      35
      44
      41
      33
      42
      36
      42
      34
      47
      44
      28
      34
      50
      42
      57
      40
      46
      46
      38
      38
      50
      40
      30
      46
      28
      53
      48
      56
      51
      37
      33
      49
      49
      41
      44
      45
      36
      44
      41
      37
      42
      43
      31
      45
      41
      32
      47
      29
      46
      42
      47
      34
      41
      48
      39
      37
      39
      43
      40
      42
      37
      42
      42
      43
      51
      38
      46
      47
      45
      41
      49
      36
      39
      43
      35
      41
      47
      43
      38
      36
      47
      41
      34
      40
      44
      46
      43
      44
      48
      57
      31
      49
      44
      47
      38
      30
      46
      38
      42
      19
      37
      45
      30
      32
      36
      45
      46
      34
      50
      45
      49
      41
      49
      38
      42
      43
      38
      46
      42
      34
      52
      33
      32
      35
      30
      47
      49
      39
      43
      49
      38
      38
      31
      53
      27
      36
      45
      35
      37
      46
      44
      43
      49
      47
      33
      50
      50
      39
      46
      50
      43
      51
      42
      40
      36
      33
      40
      38
      63
      34
      37
      51
      42
      45
      49
      51
      50
      28
      51
      42
      37
      35
      45
      60
      44
      45
      41
      40
      38
      44
      46
      37
      42
      33
      64
      38
      37
      54
      48
      44
      42
      54
      40
      35
      46
      36
      32
      45
      54
      39
      44
      43
      36
      48
      33
      42
      48
      47
      51
      35
      39
      40
      45
      47
      41
      54
      44
      39
      45
      38
      55
      32
      67
      49
      43
      33
      56
      46
      42
      38
      32
      42
      34
      55
      37
      49
      38
      54
      49
      44
      46
      40
      43
      53
      39
      46
      49
      42
      35
      35
      37
      51
      46
      48
      30
      33
      36
      53
      46
      48
      41
      38
      42
      41
      40
      55
      49
      47
      40
      51
      50
      42
      40
      36
      33
      42
      51
      28
      38
      47
      43
      50
      40
      38
      48
      47
      47
      47
      43
      47
      42
      49
      30
      44
      42
      47
      45
      44
      44
      36
      41
      33
      32
      39
      46
      52
      55
      37
      29
      42
      46
      42
      55
      56
      44
      46
      48
      37
      48
      46
      43
      40
      49
      37
      49
      62
      42
      35
      48
      43
      61
      38
      45
      41
      51
      31
      36
      37
      36
      52
      49
      27
      37
      36
      45
      43
      40
      49
      60
      52
      41
      36
      41
      55
      35
      35
      44
      36
      37
      46
      49
      48
      44
      41
      42
      48
      48
      46
      42
      45
      43
      40
      43
      33
      46
      41
      49
      42
      38
      42
      46
      38
      47
      58
      35
      53
      42
      41
      40
      41
      40
      45
      43
      41
      53
      41
      48
      59
      40
      39
      56
      41
      45
      44
      47
      43
      37
      51
      36
      40
      46
      51
      40
      48
      51
      43
      51
      40
      47
      43
      38
      41
      40
      50
      33
      53
      44
      39
      47
      48
      34
      40
      41
      46
      39
      45
      35
      48
      37
      34
      50
      39
      45
      45
      52
      35
      43
      42
      44
      46
      35
      43
      41
      42
      41
      53
      41
      37
      39
      37
      43
      42
      54
      49
      41
      63
      62
      37
      54
      51
      46
      43
      44
      26
      42
      50
      42
      33
      36
      39
      47
      38
      41
      49
      44
      48
      43
      34
      52
      49
      44
      39
      49
      48
      49
      35
      56
      61
      35
      45
      47
      38
      43
      56
      44
      45
      44
      45
      46
      47
      50
      49
      50
      52
      52
      54
      45
      47
      45
      43
      38
      48
      39
      32
      39
      60
      42
      44
      39
      56
      41
      41
      52
      40
      46
      49
      42
      49
      42
      46
      42
      55
      42
      54
      63
      40
      47
      52
      40
      49
      43
      48
      38
      46
      34
      44
      44
      37
      50
      29
      41
      46
      56
      40
      43
      44
      45
      51
      48
      47
      63
      44
      35
      36
      51
      39
      34
      44
      28
      52
      50
      37
      42
      39
      51
      36
      55
      45
      59
      39
      47
      41
      46
      39
      42
      42
      50
      41
      45
      62
      42
      52
      52
      52
      36
      51
      54
      50
      45
      51
      47
      53
      47
      44
      43
      32
      39
      45
      41
      51
      50
      48
      43
      52
      35
      38
      47
      43
      49
      47
      43
      45
      40
      43
      51
      52
      51
      37
      48
      43
      51
      46
      50
      51
      38
      39
      42
      44
      49
      38
      44
      43
      27
      49
      39
      45
      45
      55
      50
      45
      49
      51
      57
      43
      38
      53
      48
      45
      39
      51
      43
      42
      34
      51
      38
      51
      44
      58
      45
      47
      38
      49
      47
      37
      44
      49
      54
      56
      51
      43
      54
      35
      44
      49
      47
      48
      42
      41
      39
      59
      67
      45
      45
      58
      41
      37
      58
      34
      47
      55
      58
      41
      39
      41
      41
      45
      46
      51
      47
      59
      45
      54
      45
      38
      52
      44
      57
      45
      58
      39
      56
      41
      41
      40
      45
      65
      63
      54
      59
      39
      45
      59
      61
      48
      46
      54
      41
      52
      46
      43
      45
      40
      41
      53
      50
      48
      50
      45
      42
      41
      54
      44
      34
      46
      46
      41
      44
      51
      46
      39
      49
      42
      32
      57
      44
      43
      49
      51
      41
      42
      39
      44
      52
      49
      47
      48
      50
      38
      42
      49
      55
      45
      52
      49
      46
      46
      48
      47
      41
      42
      43
      51
      36
      50
      45
      48
      46
      43
      44
      56
      38
      44
      48
      46
      39
      45
      44
      43
      31
      44
      51
      46
      50
      38
      40
      52
      38
      62
      41
      47
      45
      49
      43
      48
      54
      61
      45
      42
      46
      50
      38
      49
      48
      58
      44
      45
      43
      44
      52
      54
      48
      54
      46
      52
      55
      33
      36
      64
      45
      52
      50
      45
      53
      49
      37
      49
      39
      52
      42
      46
      60
      55
      45
      47
      53
      42
      51
      50
      42
      60
      50
      43
      51
      60
      44
      54
      41
      47
      49
      44
      56
      46
      47
      37
      51
      36
      41
      53
      64
      41
      55
      44
      53
      45
      43
      52
      38
      33
      50
      36
      43
      51
      42
      52
      53
      45
      54
      48
      44
      50
      54
      53
      49
      48
      43
      58
      50
      47
      50
      44
      53
      48
      59
      37
      47
      60
      40
      44
      59
      44
      55
      58
      45
      55
      45
      42
      54
      34
      48
      48
      46
      55
      47
      41
      61
      57
      42
      57
      47
      48
      46
      45
      48
      53
      47
      50
      49
      56
      41
      45
      49
      61
      54
      45
      43
      39
      48
      60
      42
      53
      42
      49
      50
      47
      49
      49
      46
      48
      49
      45
      41
      43
      61
      53
      46
      42
      62
      46
      54
      45
      49
      44
      47
      34
      55
      46
      55
      65
      48
      58
      59
      39
      41
      50
      53
      56
      48
      45
      49
      51
      44
      41
      60
      50
      48
      51
      47
      60
      53
      42
      52
      49
      54
      58
      40
      31
      48
      58
      43
      41
      41
      58
      42
      56
      46
      50
      50
      43
      45
      41
      47
      51
      47
      38
      53
      60
      52
      53
      48
      56
      48
      46
      47
      58
      57
      47
      52
      41
      55
      56
      62
      60
      45
      45
      47
      55
      42
      52
      64
      58
      57
      48
      43
      55
      49
      54
      56
      55
      53
      43
      64
      60
      51
      56
      66
      36
      51
      54
      55
      44
      52
      45
      44
      51
      41
      49
      59
      47
      47
      50
      63
      51
      39
      52
      44
      45
      50
      47
      59
      57
      60
      49
      58
      47
      46
      53
      67
      51
      50
      51
      47
      41
      44
      51
      44
      39
      50
      63
      50
      53
      49
      46
      44
      59
      39
      45
      47
      60
      44
      57
      48
      44
      61
      55
      44
      54
      53
      45
      67
      41
      52
      54
      50
      63
      47
      52
      51
      49
      50
      47
      41
      59
      63
      48
      60
      59
      59
      37
      49
      46
      45
      55
      44
      56
      51
      51
      48
      60
      57
      61
      46
      44
      47
      58
      56
      50
      51
      45
      46
      44
      44
      55
      51
      52
      47
      50
      53
      52
      52
      55
      58
      47
      43
      62
      44
      53
      43
      42
      51
      52
      51
      49
      57
      70
      61
      63
      61
      49
      49
      42
      40
      53
      53
      47
      56
      35
      54
      50
      44
      41
      48
      50
      50
      59
      56
      54
      42
      52
      52
      52
      51
      46
      56
      49
      54
      62
      51
      41
      59
      54
      48
      40
      45
      61
      44
      59
      55
      61
      57
      41
      61
      45
      49
      39
      57
      54
      59
      55
      57
      55
      59
      52
      55
      75
      47
      61
      46
      43
      58
      46
      53
      56
      42
      64
      61
      48
      55
      60
      57
      56
      62
      52
      38
      55
      44
      50
      56
      54
      34
      71
      61
      47
      48
      51
      48
      36
      59
      49
      51
      47
      50
      49
      48
      53
      61
      49
      50
      51
      45
      56
      52
      39
      45
      40
      50
      58
      53
      52
      45
      59
      46
      53
      42
      57
      46
      45
      49
      45
      59
      54
      57
      63
      52
      53
      49
      55
      54
      60
      56
      57
      57
      58
      54
      50
      61
      50
      45
      53
      62
      57
      45
      52
      55
      50
      44
      52
      58
      35
      68
      62
      41
      54
      53
      52
      69
      64
      60
      64
      53
      55
      53
      56
      63
      70
      51
      49
      56
      69
      61
      71
      48
      55
      58
      59
      61
      58
      61
      51
      52
      49
      68
      50
      57
      52
      78
      60
      55
      76
      54
      65
      52
      52
      50
      61
      54
      71
      51
      59
      60
      70
      43
      58
      60
      63
      58
      49
      40
      47
      48
      40
      57
      51
      52
      66
      46
      57
      52
      67
      70
      61
      57
      49
      50
      63
      49
      59
      54
      53
      50
      63
      62
      54
      44
      51
      50
      58
      60
      68
      44
      54
      72
      60
      57
      54
      55
      52
      77
      54
      57
      56
      55
      52
      58
      49
      56
      64
      58
      58
      56
      50
      60
      60
      66
      58
      51
      61
      57
      47
      63
      53
      53
      49
      67
      51
      54
      50
      58
      53
      54
      55
      70
      65
      62
      48
      50
      58
      63
      61
      69
      63
      63
      64
      47
      46
      53
      60
      60
      53
      60
      70
      71
      61
      58
      62
      66
      49
      56
      64
      68
      62
      58
      61
      59
      50
      60
      56
      60
      56
      52
      65
      60
      51
      49
      57
      63
      52
      42
      52
      59
      58
      49
      59
      73
      55
      49
      65
      55
      55
      70
      53
      46
      57
      54
      66
      58
      45
      54
      48
      67
      56
      61
      53
      80
      61
      59
      58
      58
      62
      49
      56
      72
      39
      56
      69
      59
      68
      52
      63
      57
      58
      67
      63
      59
      48
      60
      46
      62
      50
      54
      57
      62
      66
      63
      73
      50
      52
      53
      61
      51
      62
      38
      51
      61
      70
      69
      53
      58
      45
      63
      67
      53
      54
      74
      53
      46
      61
      53
      61
      50
      70
      52
      70
      55
      62
      69
      55
      52
      78
      49
      67
      66
      59
      68
      58
      56
      50
      66
      54
      61
      74
      54
      52
      56
      49
      64
      58
      60
      51
      61
      48
      63
      62
      49
      43
      65
      65
      54
      69
      62
      60
      73
      58
      68
      63
      61
      61
      51
      61
      66
      69
      68
      60
      57
      61
      66
      66
      73
      60
      62
      56
      67
      66
      53
      64
      49
      60
      54
      61
      49
      60
      66
      55
      57
      67
      62
      61
      62
      58
      61
      77
      59
      69
      60
      62
      59
      71
      63
      49
      57
      53
      72
      69
      67
      70
      59
      62
      76
      64
      60
      50
      54
      71
      57
      59
      56
      60
      45
      73
      60
      68
      43
      60
      62
      49
      69
      79
      74
      61
      58
      80
      70
      77
      68
      54
      61
      60
      64
      62
      60
      71
      60
      62
      63
      57
      60
      55
      63
      66
      50
      59
      67
      69
      64
      77
      69
      68
      57
      65
      58
      73
      61
      64
      60
      69
      70
      68
      65
      76
      56
      52
      57
      57
      61
      59
      57
      52
      51
      61
      62
      61
      67
      64
      57
      54
      69
      46
      59
      58
      78
      64
      61
      59
      65
      68
      51
      68
      72
      66
      64
      58
      76
      72
      78
      68
      75
      64
      63
      69
      63
      65
      75
      63
      61
      75
      63
      68
      66
      59
      66
      70
      54
      61
      63
      70
      60
      67
      56
      50
      77
      69
      72
      70
      60
      66
      61
      66
      67
      70
      63
      75
      70
      76
      76
      66
      66
      63
      83
      61
      66
      71
      71
      60
      58
      60
      65
      56
      59
      70
      63
      65
      62
      78
      66
      69
      73
      64
      72
      79
      75
      73
      77
      72
      78
      73
      69
      78
      64
      77
      72
      89
      66
      63
      81
      76
      73
      77
      59
      71
      74
      59
      64
      67
      63
      72
      67
      60
      80
      72
      78
      78
      69
      91
      65
      72
      69
      68
      86
      73
      75
      66
      60
      64
      72
      82
      65
      73
      89
      65
      72
      73
      60
      65
      86
      65
      74
      63
      71
      63
      74
      58
      72
      72
      70
      69
      63
      83
      81
      66
      81
      74
      78
      67
      69
      64
      74
      85
      71
      71
      68
      56
      77
      69
      75
      65
      73
      68
      58
      84
      63
      58
      72
      82
      59
      80
      71
      80
      77
      74
      62
      74
      73
      65
      64
      64
      71
      65
      68
      68
      77
      70
      60
      69
      74
      62
      50
      70
      75
      66
      65
      73
      57
      68
      82
      80
      86
      71
      77
      73
      78
      76
      77
      64
      72
      73
      63
      75
      74
      85
      84
      82
      72
      81
      68
      88
      64
      62
      89
      92
      85
      80
      73
      72
      81
      84
      77
      82
      82
      64
      80
      69
      68
      78
      75
      98
      82
      86
      72
      90
      85
      98
      80
      88
      84
      88
      73
      83
      79
      81
      73
      69
      67
      83
      83
      96
      82
      76
      79
      83
     102
      86
      69
      85
      77
      72
      96
      91
      79
      70
      78
      63
      85
      78
      70
      75
      65
      64
      72
      75
      88
      71
      82
      93
      58
      81
      79
      75
      88
      67
      91
      56
      81
      74
      76
      93
      57
      79
      69
      69
      85
      68
      74
      99
      77
      88
      71
      88
      67
      84
      80
      74
      64
      75
      72
      77
      85
      90
      93
      75
      65
      66
      71
      75
      74
      84
      79
      90
      82
      75
      69
      81
      78
      91
      85
      76
      71
      73
      65
      85
      71
      82
      74
      84
      81
      66
      86
      75
      75
      72
      87
      66
      72
      65
      65
      81
      84
      77
      92
      70
      76
      81
      73
      88
      83
      88
      76
     102
      83
      76
      74
      74
     105
      88
      81
      93
      89
      80
      82
      80
      79
      82
      82
      68
      93
      88
      88
      67
      75
      83
      88
      87
      82
      66
      77
      81
      75
      88
      80
      74
      98
      74
      73
      86
      83
      99
      82
      86
      72
      77
      81
      79
      80
      85
      88
      99
      80
     101
      76
      75
      96
      63
      81
     105
      74
      79
      89
      78
      81
      79
      86
      83
      48
      90
      66
      95
      85
     109
      66
      81
      92
      92
      83
      92
      76
      83
      77
      84
      86
      91
      85
      67
      94
      84
      79
      79
      82
      99
      76
      88
      90
      80
      77
      85
      84
      91
      93
      83
      81
      72
      95
      79
      93
      88
      90
      84
      78
      81
      77
      84
      88
      88
      82
      72
      68
      86
      94
      88
      83
      94
      68
      94
      92
      97
      89
      83
      86
      88
      81
      75
      79
      72
      84
      70
      76
      73
      81
      78
      93
      79
      86
      99
     105
      86
      85
      75
      87
      84
      85
      83
      81
      85
      97
      88
      77
      96
      86
      87
      92
     100
      77
      95
      72
      97
      90
      69
      85
      79
      87
      86
     106
      96
      78
      83
      94
      91
      90
      83
      76
      85
      85
      91
     102
      92
      88
      92
      77
      78
     100
      83
      87
      87
      83
      92
      87
      76
      75
      85
      73
      97
      98
      74
      89
      93
      67
      82
      88
      80
      80
      69
      82
      77
      92
      85
      92
      87
      99
      80
      77
      98
      94
      87
      88
      91
      93
      80
      97
      74
      78
      87
      86
      84
      73
      75
      76
      65
      87
      75
      93
      80
      78
      85
      88
      81
      69
      74
      78
      52
      85
      69
      91
      69
      90
      77
      81
      79
      86
      79
      81
      85
      72
      77
      86
      85
      84
      71
      77
      86
      72
      64
      82
      74
      72
      86
      66
      68
      89
      63
      61
      77
      53
      64
      57
      73
      71
      68
      79
      64
      59
      64
      60
      76
      59
      67
      68
      68
      51
      57
      54
      73
      62
      65
      65
      64
      58
      64
      60
      61
      61
      73
      73
      54
      50
      69
      49
      61
      65
      55
      66
      60
      51
      64
      56
      50
      73
      51
      58
      63
      56
      56
      46
      57
      50
      63
      61
      57
      55
      45
      53
      64
      61
      55
      70
      47
      48
      56
      55
      60
      50
      47
      50
      56
      53
      48
      54
      62
      59
      58
      58
      47
      55
      58
      67
      52
      54
      37
      59
      52
      45
      45
      60
      51
      56
      55
      58
      52
      61
      59
      49
      46
      54
      37
      62
      47
      47
      44
      63
      46
      55
      46
      64
      50
      59
      52
      51
      41
      57
      55
      50
      52
      51
      45
      40
      49
      53
      56
      53
      57
      56
      49
      53
      43
      57
      47
      68
      52
      51
      59
      40
      57
      40
      58
      46
      49
      61
      43
      60
      44
      43
      40
      44
      50
      53
      44
      46
      51
      57
      40
      49
      43
      38
      52
      58
      53
      43
      40
      43
      53
      45
      44
      44
      54
      57
      55
      49
      49
      50
      39
      52
      44
      40
      50
      46
      59
      55
      43
      47
      42
      43
      45
      57
      40
      26
      52
      45
      48
      48
      39
      48
      36
      43
      43
      53
      44
      44
      52
      44
      40
      45
      50
      46
      42
      62
      38
      45
      41
      44
      59
      51
      43
      53
      54
      49
      54
      27
      35
      47
      45
      53
      44
      41
      40
      53
      41
      32
      42
      52
      55
      26
      53
      35
      45
      43
      48
      43
      45
      39
      39
      38
      52
      47
      35
      56
      40
      44
      51
      34
      52
      33
      46
      52
      51
      49
      41
      47
      43
      55
      41
      39
      41
      37
      44
      51
      47
      34
      46
      42
      57
      48
      40
      41
      42
      54
      52
      46
      40
      43
      36
      37
      46
      48
      56
      36
      40
      45
      34
      41
      36
      44
      39
      46
      38
      38
      45
      50
      46
      36
      50
      37
      40
      39
      37
      41
      36
      43
      37
      55
      52
      41
      45
      37
      35
      50
      54
      42
      45
      40
      35
      47
      37
      41
      43
      30
      45
      55
      41
      36
      41
      43
      50
      38
      44
      42
      42
      43
      50
      42
      40
      39
      43
      42
      35
      44
      46
      32
      34
      49
      42
      35
      38
      52
      37
      41
      38
      45
      38
      40
      46
      46
      36
      41
      44
      32
      57
      32
      29
      40
      38
      47
      44
      34
      48
      35
      31
      37
      37
      43
      42
      40
      53
      40
      48
      39
      38
      29
      34
      38
      39
      55
      28
      42
      36
      33
      48
      29
      42
      50
      37
      47
      50
      41
      39
      44
      43
      38
      38
      35
      42
      47
      40
      41
      44
      33
      32
      30
      52
      41
      35
      53
      34
      43
      39
      49
      39
      39
      41
      44
      26
      42
      37
      37
      37
      39
      36
      33
      40
      31
      39
      32
      40
      27
      31
      39
      38
      46
      28
      36
      27
      33
      35
      52
      40
      33
      39
      30
      46
      33
      28
      48
      36
      41
      25
      38
      43
      38
      44
      30
      40
      34
      33
      38
      38
      44
      40
      30
      36
      47
      43
      37
      43
      44
      37
      39
      37
      29
      43
      27
      46
      42
      33
      33
      29
      34
      27
      44
      29
      27
      32
      28
      36
      34
      40
      33
      33
      38
      37
      30
      37
      23
      42
      40
      27
      30
      46
      29
      37
      37
      24
      37
      32
      48
      41
      46
      39
      48
      33
      34
      33
      41
      32
      29
      29
      45
      30
      35
      46
      40
      38
      36
      31
      42
      33
      35
      45
      37
      29
      36
      41
      35
      47
      33
      34
      28
      39
      34
      41
      31
      31
      34
      33
      29
      36
      29
      28
      38
      34
      38
      37
      43
      40
      40
      44
      39
      43
      40
      31
      41
      44
      40
      30
      30
      32
      42
      33
      28
      32
      35
      32
      31
      40
      39
      33
      32
      28
      31
      34
      32
      33
      28
      23
      32
      33
      37
      25
      39
      27
      30
      34
      37
      49
      22
      34
      29
      47
      37
      30
      36
      34
      25
      35
      26
      25
      31
      31
      32
      28
      29
      33
      41
      29
      30
      27
      31
      26
      25
      32
      28
      23
      23
      46
      31
      36
      29
      37
      31
      28
      29
      39
      32
      33
      42
      35
      37
      33
      34
      40
      37
      38
      30
      23
      40
      44
      28
      35
      39
      29
      21
      39
      25
      32
      21
      31
      30
      26
      26
      21
      26
      28
      18
      38
      24
      31
      37
      31
      24
      22
      28
      32
      25
      26
      31
      20
      31
      25
      24
      19
      25
      28
      22
      21
      37
      29
      26
      24
      35
      26
      31
      36
      25
      29
      36
      33
      40
      35
      30
      27
      30
      32
      29
      35
      22
      30
      26
      18
      33
      32
      32
      23
      32
      24
      26
      32
      15
      40
      29
      35
      29
      31
      29
      30
      38
      25
      28
      29
      25
      31
      31
      26
      25
      26
      20
      27
      23
      34
      18
      35
      28
      18
      28
      22
      23
      34
      25
      25
      25
      30
      30
      29
      21
      35
      21
      19
      30
      18
      32
      29
      17
      25
      16
      25
      21
      27
      25
      28
      26
      25
      23
      26
      40
      21
      29
      28
      23
      22
      25
      30
      29
      30
      24
      28
      22
      32
      16
      32
      16
      34
      33
      29
      25
      21
      31
      28
      23
      30
      26
      14
      22
      26
      26
      23
      23
      24
      22
      24
      17
      18
      25
      19
      26
      26
      17
      18
      24
      18
      29
      22
      19
      29
      30
      28
      34
      18
      24
      22
      22
      32
      21
      24
      37
      27
      21
      28
      31
      22
      33
      18
      29
      29
      22
      15
      30
      18
      25
      33
      19
      23
      30
      22
      20
      20
      20
      22
      22
      25
      33
      22
      26
      23
      29
      27
      21
      21
      21
      25
      13
      23
      21
      21
      20
      26
      21
      18
      24
      19
      25
       6
      21
      19
      16
      25
      22
      16
      19
      22
      16
      12
      26
      16
      26
      26
      15
      11
      22
      21
      22
      22
      13
      26
      24
      18
      20
      23
      17
      17
      15
      14
      13
      23
      17
      17
      20
      25
      25
      23
      26
      18
      21
      26
      25
      14
      13
      17
      19
      15
      24
      17
      18
      20
      16
      26
      20
      23
      21
      17
      20
      13
      28
      15
      15
      19
      19
      24
      20
      17
      19
      16
      11
      18
      14
      16
      13
      11
      14
      17
      19
      11
      18
      19
      25
      17
      12
      17
      22
      15
      32
      22
      18
      16
      18
      24
      22
      21
      16
      20
      18
      18
       9
      15
      17
      14
      19
      16
      18
      18
      21
      25
      30
      19
      15
      13
      18
      21
      22
      15
      24
      19
      15
      14
      16
      14
      16
      15
      19
      22
      22
      24
      12
      19
      15
      13
      11
      18
      18
      10
      18
      13
      22
      14
      12
      15
       9
      18
      21
      19
      15
      20
      18
      14
      18
      16
      16
      20
      15
      15
      15
      10
      16
      27
      13
      26
      11
      11
      16
      16
      24
      15
      14
      23
      18
      15
      13
      20
      17
      16
      17
      14
      25
      15
      19
      18
      17
      19
      15
      19
      14
      16
      12
      22
      24
      23
      13
      12
      17
      17
      17
      13
      17
      18
      18
      13
      17
      13
      11
      10
      16
      22
      23
      17
      17
      16
      11
      17
      19
      21
      15
      11
       9
      12
      13
      14
      19
      14
      13
      17
      16
      15
      22
      12
      21
      13
      14
      15
      23
      12
      21
      14
      15
      17
      19
      14
      13
      25
      14
      12
      13
      19
      15
      14
      14
      10
      16
      22
      19
      20
      26
      13
      15
      15
      13
      10
      10
       8
      24
      17
      12
      15
      14
       9
      10
      17
      13
      18
      17
      13
      13
      15
      13
      15
      11
      15
      11
      17
      17
      16
      14
      12
      12
      10
      15
      12
      13
      11
      16
      16
       9
      10
      12
      13
      12
      19
      14
      17
       4
      17
      14
      13
      16
      13
      14
      17
      17
      15
      16
       9
      10
       8
      14
      18
      13
      10
      11
      18
      10
      16
      15
      15
      13
      13
      11
      10
      16
      18
      18
      11
      13
      13
      13
      10
      12
      16
      25
      13
      10
      16
      17
      14
      13
      13
      12
      15
      13
      18
      16
      11
      16
      11
      19
      13
      13
      11
      12
      12
      15
      11
      17
       9
      13
      18
      12
      10
      13
      14
      10
      17
      15
       9
      16
      13
      11
      14
      19
      12
      14
      15
      16
       8
       9
      15
      15
      17
      14
      12
      15
       8
      14
      11
      12
      13
      14
      18
      20
      19
      14
      13
      20
      20
      10
      10
      14
      12
      12
       6
      16
      10
      11
      14
      11
      18
      11
      16
      17
      12
      15
       4
      13
      12
      10
       8
      11
      10
      12
       9
       6
       9
      18
      17
       8
      13
      10
      11
      10
      14
      14
      14
      10
      11
      23
       7
      12
      10
      14
      12
      13
      15
      11
      13
      10
      10
      16
      15
      10
      12
      12
       9
       9
      12
      11
      12
      15
      19
      15
      15
      16
      10
      18
      12
      18
       7
      17
      17
      14
       7
      22
       9
      13
      17
      11
      12
      14
      14
      11
      13
       6
      16
      11
      13
      20
      11
      14
      10
      16
       9
      10
      13
      19
      15
      10
      13
      17
      18
      15
      13
      14
      16
      14
      17
      18
      11
      15
      13
      18
       9
      12
      12
      16
      16
      18
      15
      12
       7
       9
      12
      14
      11
      15
      11
      10
      13
      11
      14
       7
      14
      13
      10
      10
      10
      12
      16
      17
      14
       5
      11
       9
      10
       9
      10
      11
      10
      11
      13
      16
      16
      11
       6
      17
      17
      10
      10
      14
      16
      15
      15
      22
      17
      10
      13
       9
       7
      15
       8
      13
      15
       9
      13
      15
      11
      11
      12
       9
       5
      12
       6
      14
      16
      12
      13
      13
      18
       9
      14
      16
      16
      16
      14
      11
      13
      14
      14
      10
      14
      12
      14
       7
      10
      11
      12
       6
      13
      13
      13
      13
      11
      20
      13
      14
      14
      14
      10
       6
      18
      12
      12
      12
      20
      23
      17
      15
      17
       8
      21
      11
      13
      14
      20
      10
       9
       9
      14
      12
      16
      11
      14
      13
       9
       4
      12
      13
      11
      14
       8
      10
      18
      15
      11
      17
       7
      14
      14
      12
       8
       8
      14
      16
       7
      12
      13
      19
      10
      10
      13
      12
      18
       7
      10
       9
      15
       8
      10
      17
      18
      11
       9
      15
      11
      12
      11
      11
      13
      15
      11
      19
      15
      13
      14
      15
      10
      17
      17
      14
      13
       6
      17
      11
       9
      13
      13
      14
      15
       7
      11
      14
      14
      15
      14
      18
      11
      13
       6
      12
      15
      12
      10
      10
      13
      12
       7
       8
       9
      14
      17
      16
      17
      12
      18
      14
      14
      11
      17
      10
      14
      13
       7
      12
      16
      12
      12
      12
      11
      12
      15
      12
      12
      24
       7
      21
      16
      16
       9
      10
       7
      12
      18
       9
      13
      17
       8
       9
       5
      18
      15
      10
      15
      10
      10
      10
       8
      10
       9
      18
      17
      17
      10
      12
      11
      14
      17
       7
       8
      11
      14
      16
      13
      21
       9
      16
       6
      18
      10
      13
      21
      19
      11
      15
      10
      16
      16
      10
       6
      12
      10
      18
      10
       2
      10
      12
       6
      14
      19
      18
       9
       9
      15
      10
       9
      10
       9
      11
       8
      12
      13
      12
      19
      13
      22
       8
      10
       9
      16
      13
      12
      11
      10
      13
      11
      16
      10
      16
      13
      11
      11
      17
       4
      15
      13
      10
      17
      15
      14
       9
       8
       9
       8
      10
      10
       7
      19
      17
      15
      16
      12
      13
      13
      13
      10
      12
       9
       6
       8
      12
      12
      22
      12
      17
      16
      14
      11
       9
      11
      15
      11
       7
       9
      11
       5
      13
       9
      14
      10
      12
      11
      10
      12
      14
      14
      16
      10
       6
      11
      14
       7
       8
      15
      10
      11
      16
      13
      15
      14
      19
      15
      15
      17
      20
       9
       8
      19
      13
       7
       9
       8
      17
      20
      13
       7
      13
      10
      10
      15
      13
      12
       7
      14
       9
      16
       6
      10
      10
      14
      14
      12
      11
      14
       9
      16
      15
      16
      13
       5
      20
      14
      14
      21
      18
      12
      14
      16
      12
       9
       7
       7
      10
      11
       9
      15
      10
      19
       9
      13
      10
      16
      18
      11
      10
      11
       6
      13
      16
      11
       9
      19
      11
       9
      15
       8
      14
      13
      17
      16
      13
      13
      15
      12
      13
      17
      14
       8
      14
      12
       8
      16
       9
       9
      14
      15
      12
      13
      13
      14
      14
      11
      13
      15
      10
       9
      15
      11
      10
      17
      14
      15
      11
      14
       8
      19
      16
      13
      15
      20
      13
      18
      23
      12
      11
      13
      25
      17
      10
      11
      11
      10
      13
      10
      18
      21
      13
      13
      11
       8
      17
      17
      27
      13
      14
      19
      12
      12
      12
      13
       9
      21
      18
      14
      21
      13
      12
      13
      17
       8
      14
      14
      14
       8
      15
      19
      18
      16
      13
      23
      17
      13
      18
      16
       7
      20
      12
      14
      15
      13
      11
      15
      15
      15
      11
      15
      12
       8
      10
      20
       7
      17
      20
      11
       6
      17
      14
      19
      15
      14
      23
      18
      17
      25
      23
      21
      21
      16
      13
      17
      19
      25
      13
      12
      10
      18
      17
      24
      11
      19
      17
      10
      19
      20
      18
      19
      26
      15
      21
      18
      16
      19
      10
      23
      20
      16
      26
      26
      17
      21
      18
      21
      28
      19
      18
      24
      29
      38
      28
      44
      52
      54
      50
      64
      57
      77
      77
     107
      84
     129
     124
     156
     190
     209
     254
     323
     373
     454
     505
     638
     816
     906
    1101
    1272
    1532
    1745
    2037
    2273
    2701
    3023
    3359
    3551
    3796
    4105
    4194
    4297
    4259
    4133
    3990
    3839
    3485
    3096
    2894
    2446
    2092
    1844
    1553
    1245
     950
     808
     643
     465
     349
     240
     208
     143
      85
      81
      57
      44
      38
      37
      27
      29
      24
      24
      12
      19
      21
      13
      19
      20
      10
      13
      14
      15
      20
      17
      19
      16
      13
      16
      12
      11
      20
      17
      23
      11
      14
      12
      12
      18
      13
      15
      12
      14
      14
      13
       7
      16
      17
      15
       8
      19
      13
      17
      16
       9
      13
      13
      12
      16
      15
       7
      13
      12
       9
      10
      13
      12
      13
      14
      13
      13
       9
      16
      18
      14
       7
      19
      14
      16
      12
       6
      14
      13
       8
       7
      10
       8
      12
      11
      11
      15
      16
      10
       7
       9
       9
      11
       8
      12
       8
       7
       9
      13
      10
      11
       6
      10
       9
      14
      11
      12
       9
       5
      12
      13
      13
      14
       9
      12
      11
      12
      12
      11
      15
       8
      11
       9
      10
      11
      19
      12
      13
      13
       5
      11
       6
      15
       7
       6
       7
      13
       9
       8
       9
      12
      11
       6
      10
      10
      11
      11
       8
      10
       9
       9
      14
      11
       6
       8
      12
      11
       6
      12
      12
       9
       8
       3
      12
       7
       8
       5
      10
      15
       3
       6
       6
       6
      13
      13
       4
       8
      17
      13
       5
       9
       4
       7
      12
       3
      12
       9
       9
      12
       9
       5
      10
      12
      12
       6
      10
       8
       4
       5
       4
       9
       4
       9
       5
       9
       7
       9
       5
       5
       7
       6
       9
       6
       8
       9
      11
      12
       3
       9
       7
      13
      14
       4
      11
       8
      10
       7
       9
      11
       5
       6
       3
       7
       8
       1
       8
       7
       9
       8
       4
       8
       7
       8
       9
       4
      10
       7
       1
       6
       5
       9
       9
      13
       9
       8
      12
      12
       6
       8
       6
       9
       6
       7
       6
       7
       8
      10
       4
       7
       6
       7
       4
      13
       5
       6
       6
       8
       9
      12
      10
       2
       6
       7
       8
       5
      10
      10
      11
       6
       3
       5
      10
      16
       5
       9
       8
       4
       7
       5
       6
       7
       4
       6
       7
       7
      10
       4
       5
       3
      16
       6
       4
       5
       3
       5
       8
      11
       9
       3
       3
      11
       8
       8
       2
       7
       9
       7
       8
       9
      10
       5
       6
       6
       4
       1
       6
       1
      10
       5
       6
       6
      12
      11
       3
       8
      11
       7
       7
       8
       8
       6
       9
       6
       3
       7
       5
       7
       4
       7
       8
      12
       5
       4
       5
       7
       9
       6
       6
       4
       6
       8
      10
       7
      12
       8
       6
      11
       3
      10
       6
       3
       6
       8
       6
       6
       6
       4
       4
       2
       7
       1
       6
       3
       7
      11
       6
      12
       4
       7
       5
       4
       4
      10
       9
       4
       7
       7
       5
       7
      12
       6
      10
       7
       9
       5
       4
       6
       3
       3
       7
       8
       6
       5
       5
      10
       5
       4
       3
       7
      10
       8
       9
       6
       9
       4
      10
       8
       9
       7
       6
       3
       9
       6
       7
       7
       5
       5
       9
       9
       3
       4
       6
       8
       5
       6
       5
       7
       6
      14
       9
       9
       4
       3
       8
       4
       8
       7
       6
       5
      10
       6
       4
       6
       4
       2
       7
       8
       6
       5
       7
       7
      13
       8
       5
       6
       5
       6
       7
       6
       9
       7
      13
       7
       7
       8
       8
       5
       8
       6
       9
      12
       2
       6
       7
       7
       3
       4
       4
       6
       4
       4
       6
       8
       6
       7
       6
       6
       5
       9
       4
       8
      11
       6
       5
       4
       8
       5
       5
      10
       6
       7
       6
       8
       9
       6
       7
       6
       7
      11
      13
       7
       2
       7
       6
       4
       8
       6
       7
       5
       2
       8
       7
       8
       8
      11
      10
      11
       3
       7
       4
       7
       6
       8
       5
       5
       8
       5
       8
       8
       6
       3
       5
       6
       6
       9
       5
       6
       9
       2
       4
       8
       2
       4
       6
       7
       5
       4
       5
       6
       8
       7
       6
       7
       3
       6
       8
       9
       7
       5
       8
       2
       6
       7
       5
       3
       7
       6
       7
       7
       2
       2
       6
       6
       7
       2
       8
       4
       6
       3
       4
       2
       5
       4
       4
       8
       6
       8
       4
      10
       7
      10
       1
       3
       7
       7
       4
       6
      11
       5
       5
       6
       8
       8
       5
       9
       7
       4
       9
       7
       7
       6
       3
       6
      13
       4
       1
      16
       4
       6
       9
       6
       4
       5
      10
       5
       4
       5
      13
       4
       6
       5
       7
       9
       8
       4
       1
       7
       7
       1
       5
       8
      10
      12
      10
      11
       4
      10
       6
       8
       6
       6
       6
       4
       8
       5
       5
       5
       4
       3
       4
       1
       6
       3
       9
       5
      11
       9
       6
       5
       3
       3
      11
       7
       4
       4
       3
       5
      10
       3
       8
      10
      10
       4
       4
       7
       4
       8
       4
       8
       5
       5
       5
      10
       4
       6
       8
       6
      11
       4
       9
       5
       3
       4
       6
       3
       2
       6
       9
       7
       5
       9
       2
       8
       8
       7
       7
       2
       4
       6
       2
       6
       1
       1
       5
       9
       6
       2
       5
       7
       9
       3
       4
       6
       5
       7
       9
       2
       3
      10
       9
      11
       9
       7
       6
       6
       9
       7
      12
       5
       5
       8
       6
       8
       4
       8
       3
       5
       5
      10
       9
       8
       4
       8
       4
       7
       4
       5
       5
       6
       7
       4
       7
      10
       4
       3
       3
       5
       8
       7
       6
       8
       7
       3
       4
       4
       4
       4
      12
       5
       7
       4
       3
       4
       3
       5
       8
       8
       6
       9
       2
       4
       8
       8
       8
       5
       6
       5
       8
       5
       9
       3
       6
       3
       0
       6
       8
       8
       8
       4
       8
       1
       6
       8
       4
       7
       7
       2
       7
       5
       8
       4
       6
       5
       5
       8
       8
       5
       3
       9
      10
       3
       5
       1
       8
       5
       2
       8
       5
       4
      10
       6
       5
       3
       3
      10
       7
       3
       8
       1
       6
       4
       4
       3
       6
       0
       4
       4
       7
       5
      10
       6
       8
       6
       9
       3
       5
       4
       8
       6
       3
       7
       4
       5
       6
       6
       5
       7
       5
       4
       8
       7
       4
       8
       4
       3
       3
       8
       5
       4
       6
       5
       6
       4
       6
       5
       1
       6
       4
       5
       5
       3
       5
       6
       2
       5
       3
       6
       5
       8
       1
       6
       4
       5
       3
       6
       7
       5
       6
       5
       7
       6
       7
       2
       5
       8
       6
       6
       3
       5
       4
       4
       4
       1
       2
       4
       9
       4
      11
       9
       8
       3
       3
       5
       1
       5
       4
       6
       9
       7
       4
       3
       9
       2
       7
       3
       9
       6
       5
       5
       3
       5
       8
       8
       6
       3
       3
       7
       8
       4
       7
       2
      12
       5
       6
       3
       9
       7
       3
       4
       4
       2
       5
       4
       9
       5
       9
       5
       3
       8
       3
       8
       5
       2
       5
       4
       4
       5
       4
       3
       4
       4
      10
       3
       6
       4
       2
      12
       9
       5
       8
       5
       6
       3
       5
       7
       4
       5
       8
       2
       6
       4
       6
       6
       9
       5
       8
       5
       7
       3
       7
       5
       2
       5
       5
       5
       6
       8
       3
       6
       4
       8
       1
       8
       9
      11
       4
       7
       2
       5
       5
       7
       7
       3
       9
       4
       4
       6
       4
       5
      10
       5
       9
       1
       3
       8
       4
       8
       5
       3
      11
       5
       6
       4
       6
       4
       1
       6
       3
       4
       2
       2
       8
       6
       6
       5
       1
       4
       5
      10
      12
      11
       5
       1
       3
       8
       6
       7
      10
       5
       6
       6
       7
       9
       7
       3
       5
       6
       1
       5
       4
       6
       3
       2
       2
       5
       3
       5
      10
       6
       3
       6
       6
       3
       7
       3
       6
       3
       4
       3
       3
       6
       4
       2
      10
       6
       2
       5
       5
       4
       3
       2
       3
       7
       6
       8
       6
       7
       1
       3
       3
       3
       7
       4
       4
       6
       1
       4
       4
       4
       6
       1
       3
       5
       4
       4
       2
       5
       4
       5
       8
       8
       9
       3
       7
       1
       2
       6
       6
       4
       5
       5
       5
       5
       5
       3
       4
       7
       3
       3
       5
       8
       3
       4
       6
       5
       4
       4
       3
       6
       7
       5
       5
       6
       5
       6
       5
       6
       5
       2
       6
      11
       4
       8
       7
       6
       6
       7
       3
       9
       6
       6
       3
       3
       7
       6
       5
       6
      11
       4
       6
       3
       6
       7
       7
       5
       7
       7
       4
       8
       4
       3
       5
       4
       6
       5
       4
       4
       6
       4
       4
       3
       4
       6
       5
       3
       6
       1
       6
       7
       8
       3
       2
       5
       6
       3
       5
       6
       3
      10
       7
       8
       4
       8
       7
       3
       6
       4
       7
       3
       5
       3
       3
       8
       6
       5
       4
       6
       6
       1
       6
       5
       9
       9
       6
       5
       4
       6
       7
       3
       5
       9
       5
       2
       5
       2
       6
       7
       6
       4
       3
       2
       6
       9
       3
       5
       6
       3
       5
       7
       5
       5
       6
       4
       3
       3
       3
       8
       6
       2
       5
       6
       5
       6
       3
       3
       6
       5
       8
       5
       6
       5
       6
       4
       4
       3
       2
       9
       2
       4
       8
       7
       3
       4
       4
       7
       5
       4
       5
       3
       7
       3
       5
       3
       4
       5
       6
       5
       5
       6
       3
       5
       1
       5
       8
       3
       5
       5
       7
       7
       7
       7
       5
       6
       0
       5
       3
       3
       7
       2
       4
       6
       2
       3
       7
       4
       4
       7
       6
       4
       5
       6
       3
       3
       3
       7
       1
       4
       5
       4
       2
       9
       2
       4
       5
       2
       7
       4
       6
       5
       6
       1
       4
       6
       4
       4
       8
       8
       4
       4
       0
       2
       3
       7
       6
       5
       6
       7
      10
       1
       5
       7
       3
       3
      10
       6
       6
       3
       5
       5
       0
       5
       1
       4
       9
       4
       6
       3
       4
      10
       6
       4
       2
       6
       7
       4
       7
       5
       5
       7
       7
       4
       4
       5
       9
       3
       4
       3
      13
       5
       0
       6
       8
       2
       7
       4
       6
       0
       9
       3
       3
       3
       6
       4
       8
       4
       6
       3
       4
       3
       9
       3
       7
       3
       5
       3
       3
       2
       5
       3
       4
       3
       6
       3
       2
       5
       2
       1
       3
       4
       5
       7
       8
       6
       5
       4
       8
       7
       1
       3
       4
       5
       2
       4
       4
       4
       4
       6
       5
       3
       5
       3
       4
       7
       3
       5
       4
       6
       5
      10
       3
       4
       3
       4
       1
       3
       6
       5
      11
       2
       3
       1
       3
       4
       6
       5
       3
       3
       5
       5
       4
       3
       4
       5
       6
       3
       1
       4
       7
       5
       6
       8
       6
       3
       3
       6
       4
       3
       0
       1
       7
       2
       5
       4
       5
       9
       4
       2
       7
       5
       3
       2
       4
       4
       9
       1
       2
       4
       3
       4
       4
       2
       7
       7
       2
       2
       4
       6
       9
       8
       4
       2
       7
       8
       7
       6
       2
       4
       2
       9
       3
       5
       4
       8
       5
       3
       5
       5
       6
       7
       7
       8
       5
       3
       3
       4
       3
       2
       6
       7
       5
       6
       4
       6
       2
       4
       6
       4
       7
       9
       1
       2
       3
       9
       8
       6
       2
       4
       4
       3
       5
       4
       2
       4
       4
       5
       4
       4
       5
       4
       9
       3
       4
       2
       4
       5
       7
       7
       7
       4
       5
       9
       3
       6
       5
       9
       8
       4
       6
       9
       8
       7
       7
       3
       4
       8
       9
       7
       5
       1
       9
       3
       6
       4
       2
       5
       3
       3
       3
       4
       5
       4
       6
       6
       4
       5
       8
       7
       7
       4
      10
       5
       5
       2
       2
       7
       5
       7
       3
       5
       3
       5
       6
       6
       5
       7
      10
       6
       6
       3
       4
       5
       5
       5
       3
       6
       2
       7
       8
       6
       7
       6
       8
       7
       6
       6
       3
       4
       5
       4
       5
       8
       0
       8
      10
       8
       4
       9
      10
       7
       7
       8
      17
       8
      16
      13
      10
      17
      10
      14
       9
      19
      17
      15
      18
      14
      22
      11
      13
      15
      20
      11
      13
      15
       4
       6
       4
       3
       6
      10
       3
       4
       7
       9
       8
       4
       8
       5
       6
       9
       6
       5
       4
       4
      11
       4
       5
       2
       8
       3
       2
       3
       5
       6
       4
       3
       4
       4
       5
       7
       2
       2
       6
       3
       2
       9
       4
       4
       2
       6
       5
       3
       8
       8
       7
       5
       6
       2
       4
       2
       3
       6
       4
       8
       5
       6
       3
       5
       6
       9
       4
       3
       8
       5
       5
       2
       6
       7
       4
       3
       3
       5
       4
       6
       5
       5
       6
       5
       6
       7
       4
       8
       7
       1
       7
       4
       8
       4
       6
       4
       6
       5
       3
       5
       8
       5
       5
       8
       3
       8
       4
       2
       8
       2
       9
       3
       5
       3
       1
       5
       6
       2
       7
       5
       4
       4
       4
       3
       5
       2
       1
       7
       5
       6
       4
       5
       1
       4
       4
      11
       2
       5
       2
       8
       2
       6
       6
       4
       2
       5
       2
       6
       7
       4
       2
       2
       6
       7
       3
       2
       8
       2
       4
       4
       7
       6
       7
       2
       4
       8
       3
       1
       1
       6
       6
       7
       3
       7
       3
       6
       2
       4
       4
       5
       6
       3
       4
       5
       4
       7
       5
       9
       7
       1
       4
       8
       3
       6
       9
       1
       2
       6
       4
       3
       6
       6
       5
       6
       1
       5
       5
       2
       1
       6
       3
       6
       8
       2
       5
       3
       8
       3
       4
       7
       7
       0
       5
       8
       5
       3
       4
       4
       7
       5
       1
       5
       4
       7
       5
       5
       2
       4
       4
       3
       0
       4
       3
       5
       3
       5
       6
       7
       4
       2
       6
       3
       8
       5
       3
       3
       7
       5
       1
       3
       6
       8
       4
       4
       7
       5
       5
       3
       5
       3
       2
       3
       2
       5
       5
       3
       6
       5
       6
       7
       5
       4
       5
       1
       4
       7
       3
       6
       1
       5
       5
       5
       6
       1
       3
       8
       2
       5
       5
       7
       9
       5
       4
       4
       7
       6
      10
       4
       4
       5
       5
       3
       1
       3
       6
       1
       3
       6
       3
       6
       4
       6
       6
       5
       7
       1
       7
       5
       1
       2
       1
       4
       4
       4
       0
       2
       7
       6
       4
       5
       7
       4
       3
       6
       2
       4
       2
       9
       2
       4
       5
       5
       3
      10
       3
       3
       4
       6
       1
       4
       3
       3
       4
       6
       4
       4
       2
       7
       5
       6
       5
       4
       5
       5
       2
       5
       3
       5
       5
       3
       5
       3
       6
       5
       7
       7
       4
       0
       4
       6
       3
       4
       4
       4
       5
       4
       6
       3
       1
       4
       2
       0
       1
       4
       6
       6
       4
       1
       6
       3
       3
       4
       1
       4
       6
      13
       2
       7
       2
       4
       7
       6
       2
       2
       1
       5
       6
       2
       3
       5
       3
       6
       5
       6
       6
       7
       9
       6
       5
       1
       4
       4
       7
       4
       4
       4
       1
       2
       2
       2
       3
       4
       5
       6
       5
       5
       5
       3
       2
       1
       6
       7
       7
       2
       4
       7
       4
       4
       5
       4
       4
       4
       3
       5
       7
      10
       5
       3
       6
       5
       4
       6
       1
       2
      10
       4
       4
       4
       3
       4
       4
       4
       5
       7
       6
       5
       4
       4
       7
       6
      10
       5
       2
       6
       7
       6
       4
       3
       9
       2
       2
       4
       2
       3
       7
       5
       4
       8
       4
       2
      10
       7
       4
       2
       4
       8
       3
       7
       6
       4
       1
       2
       6
       4
       3
       4
       3
       6
       6
       4
       2
       1
       4
       5
       7
       4
       2
       0
       7
       4
       5
       4
       6
       4
       4
       5
       5
       2
       5
       4
       5
       3
       2
       4
       4
       5
       6
       4
       3
       7
       8
       3
       6
       6
       3
       3
       8
       4
       2
       4
       2
       4
       4
       1
       2
       5
       4
       6
       7
       7
       4
       4
       2
       6
       1
       4
       1
       9
       4
       4
       3
       8
       2
       8
       4
       6
       3
       4
       6
       3
       7
       2
       5
       7
       3
       8
       1
       2
       3
       4
       3
       2
       6
       3
      10
       2
       2
       4
       3
       2
       8
       4
       1
       3
       7
       5
       5
       4
       4
       8
       4
       4
       1
       1
       6
       7
       6
       1
       4
       9
       5
       3
       4
       4
       4
       6
       5
      10
       3
       3
       6
       7
       2
       9
       5
       4
       1
       4
       2
       4
       6
       2
       1
       4
       3
       1
       4
       3
       3
       4
       8
       2
       9
       3
       6
       5
       3
       6
       6
       5
       6
       3
       9
       7
       4
       6
       0
       8
       4
       4
       2
       8
       5
       5
       1
       2
       7
       6
       3
       3
       6
       2
       4
       3
       9
       6
       2
       4
       7
       1
       9
       4
       4
       3
       7
       5
       3
       1
       5
       2
       4
       4
       3
       4
       6
       5
       7
       4
       4
       5
       4
       4
       5
       3
       5
       5
       3
       2
       5
       4
       5
       4
       5
       5
       3
       4
       2
       4
       3
       7
       7
       4
       6
       2
       1
       7
       8
       4
       6
       3
       6
       4
       2
       3
       7
       3
       5
       5
       4
       3
       2
       2
       1
       2
       5
       6
       6
       4
       7
       1
       6
       5
       5
       3
       6
       5
       0
       4
       6
       3
       8
       5
       8
       4
      11
       3
       4
       6
       5
       3
       3
       7
       5
       8
       2
       5
       6
       2
       7
       6
       0
       4
       9
       6
       2
       2
       5
       6
       3
       2
       4
       5
       6
       6
       5
       7
       5
       5
      10
       5
       5
       4
       8
       3
       7
       3
       7
       4
       7
       4
       5
       5
       8
       7
       6
       6
       4
       2
       6
       7
       6
       4
      10
       4
       3
       3
      10
       5
       2
       6
       1
       7
       7
       7
       3
       6
       1
       7
       4
       4
       2
       3
       8
       8
       3
       3
       4
       7
       6
       4
       5
       4
       5
       2
       6
       3
       5
       6
       1
       6
      13
       2
       6
       4
       4
       5
       7
       8
       4
       8
       4
       3
       6
       4
       3
       3
       5
       4
       4
       6
       4
       2
       5
       6
       3
       4
       7
       3
       6
       5
       5
       7
       2
       3
       4
       5
       9
       5
       2
       2
       2
       4
       2
       7
       3
       2
       6
      10
       4
       5
       4
       1
       6
       2
       3
      10
       5
       5
       2
       3
       5
       2
       6
       5
       8
       5
       6
       5
       1
       8
       5
       3
       2
       5
       5
       6
       4
       5
       0
       2
       2
       3
       1
       5
       6
       6
       5
       4
       6
       7
       4
       5
       4
       4
       3
       4
       9
       3
       7
       4
       9
       4
       4
       7
       6
       7
       6
       2
       4
       8
      12
       6
       7
       5
       7
       7
       7
       8
       7
       4
       9
       4
       5
       6
      10
       6
       6
       4
       5
       6
      10
       2
       4
       4
       5
       2
       4
       3
       7
       4
       3
       7
       3
       2
       6
       3
       2
       6
       8
       4
       4
       9
       7
       6
       6
       3
       3
       7
       9
       3
       7
       5
       2
       5
       4
       5
       1
       3
       3
       5
       7
       4
       9
       4
       6
       3
       3
      14
       4
       4
       2
       5
       5
       6
       4
       8
       2
       3
       6
       4
       7
       6
       6
       3
       9
       5
       6
       2
       7
       7
       7
       6
       5
       5
       5
       5
       8
       4
       1
       7
       4
       2
       3
       4
       5
       5
       5
       3
       2
       2
       2
       5
       3
       3
       6
       2
       3
       1
       4
       4
       3
       5
       9
       2
       2
       4
       4
       7
       6
       4
       2
       7
       6
       4
       1
       3
       8
       5
       3
       9
       4
       6
       3
       3
       4
       3
       7
       3
       3
       5
       3
       6
       4
       4
       4
       4
       9
       4
       5
       3
       5
       5
       2
       3
       5
       1
       3
       2
       4
       5
       3
       3
       4
       3
       2
       4
       3
       4
       7
       3
       4
       4
       1
       1
       7
       7
       5
       3
       5
       3
       5
       2
       2
       4
       2
       4
       6
       3
       5
       3
       4
       5
       4
       4
       3
       5
       4
       4
       3
       6
       2
       4
       5
       2
       7
       4
       5
       3
       7
       6
       5
       3
       4
       3
       9
       5
       4
       6
       7
       1
       3
       4
       4
       3
       2
       4
       3
       3
       3
       1
       2
       5
       1
       6
       5
       3
       7
       3
       4
       3
       5
       3
       5
       4
       3
       4
       1
       7
       3
       2
       1
       1
       2
       1
       3
       5
       7
       4
       5
       2
       3
       6
       2
       9
       6
       3
       3
       1
       4
       5
       7
       5
       3
       2
       4
       6
       2
       5
       3
       3
       1
       8
       5
       2
       3
       4
       5
       3
       4
       1
       4
       3
       4
       2
       1
       7
       6
       1
       4
       5
       2
       0
       4
       8
       6
       4
       3
       3
       2
       3
       2
       7
       6
       2
       3
       7
       6
       5
       9
       5
       2
       1
       1
       5
       0
       7
       3
       7
       7
       5
       5
       3
       4
       2
       5
       4
       7
       5
       8
       0
       5
       5
       5
       3
       3
       1
       5
       5
       4
       4
       4
       3
       5
       5
       3
       4
       5
       0
       5
       2
       1
       4
       4
       2
       8
       2
       2
       0
       3
       4
       6
       6
       3
      10
       5
       3
       4
       4
       5
       3
       4
       5
       4
       8
       3
       5
       6
       6
       5
       3
       5
       2
       5
       8
       6
       7
       5
       5
       6
       4
       2
       5
       8
       3
       3
      10
       2
      10
       3
       3
       5
      10
       1
       5
       3
       5
       3
       0
       2
       5
       8
       6
       5
       5
       6
       2
       2
       7
       3
       0
       2
       0
       5
       6
       5
       6
       1
       2
       1
       1
       1
       3
       2
       2
       2
       5
       2
       6
       3
       7
       3
       8
       2
       6
       5
       4
       6
       4
       2
       6
       1
       3
       2
       6
       3
       2
       4
       5
       6
       4
       2
       5
       3
       1
       2
       3
       5
       6
       4
       4
       5
       1
       5
       4
       2
       6
       1
       5
       4
       4
       3
       2
       7
       0
       0
       0
       0
       0
       0
       0
       0
       0
       0
       0
       0
       0
       0
       0
       0
       0
       0
       0
       0
       0
       0
       0
       0
       0
       0
       0
       0
       0
       0
       0
       0
       0
       0
       0
       0
       0
       0
       0
       0
       0
       0
       0
       0
       0
       0
       0
       0
       0
       0
       0
       0
       0
       0
       0
       0
       0
       0
       0
       0
       0
       0
       0
       0
       0
       0
       0
       0
       0
       0
       0
       0
       0
       0
       0
       0
       0
       0
       0
       0
       0
       0
       0
       0
       0
       0
       0
       0
       0
       0
       0
       0
       0
       0
       0
       0
       0
       0
       0
       0
       0
       0
       0
       0
       0
       0
       0
       0
       0
       0
       0
       0
       0
       0
       0
       0
       0
       0
       0
       0
       0
       0
       0
       0
       0
       0
       0
       0
       0
       0
       0
       0
       0
       0
       0
       0
       0
       0
       0
       0
       0
       0
       0
       0
       0
       0
       0
       0
       0
       0
       0
       0
       0
       0
       0
       0
       0
       0
       0
       0
       0
       0
       0
       0
       0
       0
       0
       0
       0
       0
       0
       0
       0
       0
       0
       0
       0
       0
       0
       0
       0
       0
       0
       0
       0
       0
       0
       0
       0
       0
       0
       0
       0
       0
       0
       0
       0
       0
       0
       0
       0
       0
       0
       0
       0
       0
       0
       0
       0
       0
       0
       0
       0
       0
       0
       0
       0
       0
       0
       0
       0
       0
       0
       0
       0
       0
       0
       0
       0
       0
       0
       0
       0
       0
       0
       0
       0
       0
       0
       0
       0
       0
       0
       0
       0
       0
       0
       0
       0
       0
       0
       0
       0
       0
       0
       0
$ROI:
2
4852 5354
12587 12888
$PRESETS:
Live Time
10800
0
$ENER_FIT:
0.358687 0.099971
$MCA_CAL:
3
3.586871E-001 9.997089E-002 0.000000E+000 keV
$SHAPE_CAL:
3
3.638087E+001 -1.552510E-003 0.000000E+000
