$SPEC_ID:
JKL Model 927 SN 17053844 Input 1 HEC-Cr-HEC-Cr-T30-D100-HPGe1-2
$SPEC_REM:
DET# 2
DETDESC# BULK Model 927 SN 17053844 Input 1
AP# Maestro Version 6.08
$DATE_MEA:
05/11/2026 19:10:07
$MEAS_TIM:
251 355
$DATA:
0 16383
       0
       0
       0
       0
       0
       0
       0
       0
       0
       0
       0
       0
       0
       0
       0
       0
       0
       0
       0
       0
       0
       0
       0
       0
       0
       0
       0
       0
       0
       0
       0
       0
       0
       0
       0
       0
       0
       0
       0
       0
       0
       0
       0
       0
       0
       0
       0
       0
       0
       0
       0
       0
       0
       0
       0
       0
       0
       0
       0
       0
       0
       0
       0
       0
       0
       0
       0
       0
       0
       0
       0
       0
       0
       0
       0
       0
       0
       0
       0
       0
       0
       0
       0
       0
       0
       0
       0
       0
       0
       0
       0
       0
       0
       0
       0
       0
       0
       0
       0
       0
       0
       0
       0
       0
       0
       0
       0
       0
       0
       0
       0
       0
       0
       0
       0
       0
      15
     218
     525
     521
     529
     487
     505
     489
     474
     454
     456
     449
     451
     457
     490
     476
     467
     474
     463
     470
     467
     497
     454
     484
     443
     449
     487
     469
     508
     448
     458
     476
     445
     469
     473
     436
     433
     435
     443
     472
     468
     463
     467
     456
     451
     414
     410
     426
     473
     435
     454
     458
     437
     469
     406
     448
     449
     404
     429
     438
     403
     414
     441
     425
     441
     418
     438
     434
     372
     454
     388
     445
     415
     421
     418
     380
     421
     408
     451
     422
     383
     404
     409
     426
     420
     438
     393
     427
     405
     398
     394
     437
     394
     412
     399
     400
     419
     399
     379
     412
     411
     423
     403
     401
     400
     381
     432
     420
     370
     410
     378
     364
     435
     391
     417
     384
     414
     377
     358
     397
     402
     403
     399
     395
     360
     378
     412
     368
     424
     378
     388
     405
     370
     392
     364
     394
     369
     385
     387
     379
     363
     375
     380
     352
     365
     404
     352
     371
     366
     405
     403
     362
     374
     342
     384
     395
     383
     351
     342
     373
     366
     381
     349
     342
     346
     391
     355
     389
     397
     328
     356
     370
     347
     401
     365
     388
     367
     402
     355
     372
     373
     342
     343
     367
     386
     345
     401
     340
     350
     342
     394
     361
     402
     381
     364
     369
     316
     348
     342
     360
     372
     397
     365
     340
     363
     369
     357
     330
     348
     319
     345
     354
     351
     337
     358
     326
     349
     358
     340
     354
     356
     363
     344
     335
     361
     369
     333
     324
     345
     370
     329
     362
     354
     343
     350
     345
     382
     339
     360
     366
     355
     333
     364
     343
     345
     359
     363
     364
     336
     373
     308
     330
     355
     363
     364
     370
     331
     342
     344
     367
     357
     325
     373
     349
     368
     332
     310
     323
     336
     332
     342
     357
     358
     358
     315
     324
     356
     325
     366
     321
     333
     357
     346
     348
     380
     334
     344
     334
     399
     318
     335
     344
     312
     327
     335
     316
     318
     349
     348
     371
     354
     346
     341
     365
     331
     327
     343
     339
     303
     347
     345
     296
     352
     351
     355
     333
     324
     325
     370
     306
     344
     361
     335
     320
     330
     306
     328
     294
     339
     330
     315
     320
     326
     344
     370
     305
     388
     343
     310
     342
     321
     320
     363
     322
     334
     297
     329
     335
     325
     315
     318
     283
     316
     331
     312
     318
     333
     325
     347
     315
     352
     343
     299
     320
     299
     321
     330
     350
     331
     292
     367
     327
     344
     313
     332
     310
     343
     341
     337
     333
     310
     360
     309
     347
     324
     353
     340
     338
     384
     313
     350
     304
     338
     345
     342
     324
     332
     312
     348
     301
     317
     341
     309
     292
     320
     331
     312
     336
     309
     312
     342
     328
     315
     327
     338
     313
     305
     321
     329
     323
     307
     357
     311
     306
     350
     310
     329
     309
     336
     345
     335
     315
     321
     315
     344
     343
     336
     298
     341
     342
     337
     339
     335
     317
     318
     329
     321
     295
     309
     308
     335
     294
     294
     323
     303
     324
     332
     323
     312
     343
     322
     318
     314
     310
     328
     332
     346
     347
     333
     329
     315
     346
     356
     309
     305
     289
     324
     335
     316
     334
     326
     363
     295
     290
     318
     316
     325
     269
     316
     329
     294
     323
     336
     315
     371
     286
     324
     335
     348
     325
     353
     325
     331
     321
     350
     299
     281
     308
     299
     331
     346
     326
     299
     294
     310
     316
     322
     331
     323
     313
     306
     327
     310
     325
     331
     315
     308
     308
     337
     296
     330
     318
     277
     335
     330
     358
     270
     283
     307
     292
     305
     293
     279
     312
     327
     330
     306
     326
     318
     316
     329
     301
     307
     300
     328
     318
     330
     330
     299
     351
     305
     319
     326
     339
     290
     325
     314
     343
     309
     328
     308
     330
     309
     299
     295
     313
     312
     289
     314
     335
     288
     327
     282
     302
     311
     319
     329
     307
     335
     330
     311
     327
     330
     314
     312
     337
     321
     337
     345
     340
     356
     332
     337
     313
     338
     361
     377
     355
     341
     318
     349
     348
     333
     328
     338
     325
     327
     315
     323
     322
     356
     330
     375
     358
     365
     386
     341
     365
     378
     417
     352
     364
     341
     315
     377
     341
     306
     329
     325
     347
     331
     278
     306
     354
     323
     328
     318
     318
     319
     326
     314
     310
     337
     340
     313
     241
     339
     355
     313
     293
     360
     323
     295
     317
     326
     304
     316
     316
     289
     319
     318
     301
     289
     324
     317
     343
     302
     279
     334
     311
     304
     310
     289
     349
     273
     352
     326
     316
     272
     319
     312
     324
     309
     293
     311
     317
     297
     338
     298
     314
     323
     299
     313
     330
     345
     321
     328
     292
     314
     305
     336
     281
     331
     326
     331
     309
     364
     312
     302
     341
     335
     325
     322
     351
     357
     307
     329
     325
     348
     346
     339
     346
     333
     293
     322
     322
     292
     316
     305
     313
     328
     337
     309
     329
     286
     338
     302
     315
     330
     324
     307
     306
     341
     303
     316
     347
     294
     292
     316
     287
     281
     283
     304
     278
     313
     307
     319
     291
     295
     314
     290
     268
     330
     309
     322
     298
     321
     314
     271
     287
     310
     283
     312
     320
     293
     352
     319
     275
     298
     319
     316
     288
     327
     325
     300
     303
     308
     324
     272
     310
     312
     326
     307
     306
     309
     316
     314
     326
     301
     309
     313
     278
     285
     329
     306
     294
     286
     326
     306
     296
     343
     301
     295
     312
     313
     322
     333
     312
     311
     313
     312
     295
     333
     312
     330
     286
     323
     313
     320
     288
     330
     315
     338
     294
     323
     289
     289
     310
     314
     289
     325
     322
     343
     308
     283
     310
     314
     305
     285
     340
     290
     324
     319
     340
     297
     271
     302
     324
     292
     306
     300
     316
     291
     315
     340
     283
     293
     324
     305
     324
     277
     283
     288
     312
     285
     312
     313
     316
     306
     298
     291
     308
     278
     328
     297
     312
     308
     309
     325
     324
     325
     271
     301
     294
     298
     288
     306
     313
     305
     305
     305
     293
     305
     311
     314
     340
     319
     312
     285
     278
     280
     315
     286
     314
     319
     304
     298
     290
     316
     313
     317
     320
     295
     295
     276
     292
     317
     299
     325
     340
     298
     316
     331
     287
     295
     301
     309
     287
     308
     291
     311
     295
     302
     311
     292
     291
     313
     305
     301
     304
     290
     328
     315
     321
     321
     313
     293
     305
     306
     318
     317
     283
     323
     329
     306
     303
     301
     304
     308
     305
     322
     311
     307
     300
     324
     296
     329
     321
     298
     297
     293
     310
     322
     302
     334
     300
     279
     254
     324
     314
     306
     306
     298
     304
     336
     312
     259
     335
     331
     302
     299
     312
     307
     309
     306
     300
     311
     299
     310
     310
     317
     313
     303
     303
     318
     327
     296
     273
     321
     295
     284
     295
     305
     321
     293
     283
     300
     327
     324
     292
     301
     303
     275
     308
     283
     297
     285
     299
     282
     314
     308
     311
     295
     291
     313
     308
     321
     289
     283
     329
     322
     302
     320
     326
     273
     312
     274
     305
     312
     307
     318
     297
     308
     284
     336
     306
     282
     307
     325
     278
     300
     322
     296
     308
     297
     313
     279
     301
     283
     299
     295
     315
     281
     310
     306
     326
     299
     300
     293
     341
     337
     285
     284
     318
     257
     310
     334
     326
     297
     309
     307
     321
     315
     310
     280
     311
     318
     298
     307
     335
     324
     291
     302
     274
     296
     318
     324
     296
     314
     309
     293
     313
     330
     328
     315
     299
     293
     296
     303
     286
     322
     318
     323
     317
     317
     318
     294
     305
     324
     266
     310
     356
     327
     306
     267
     314
     308
     310
     314
     294
     318
     316
     296
     307
     288
     328
     313
     316
     298
     325
     287
     289
     296
     293
     332
     314
     312
     317
     306
     320
     297
     323
     286
     333
     302
     282
     308
     289
     292
     301
     322
     292
     310
     316
     307
     319
     316
     322
     312
     321
     288
     295
     313
     284
     322
     297
     301
     320
     307
     311
     313
     328
     287
     302
     299
     331
     310
     312
     337
     311
     280
     295
     316
     303
     305
     305
     310
     279
     283
     285
     288
     310
     315
     306
     294
     288
     294
     308
     265
     313
     301
     302
     286
     310
     350
     335
     328
     293
     297
     285
     305
     296
     312
     294
     317
     321
     279
     289
     295
     292
     295
     278
     302
     309
     285
     313
     330
     287
     319
     302
     312
     290
     304
     319
     264
     279
     289
     332
     339
     305
     298
     313
     312
     304
     301
     299
     259
     266
     278
     293
     331
     323
     323
     339
     308
     273
     309
     325
     300
     291
     317
     315
     251
     288
     300
     297
     323
     285
     286
     308
     329
     312
     304
     327
     317
     314
     263
     312
     305
     297
     312
     297
     269
     305
     269
     298
     302
     284
     321
     275
     275
     298
     293
     315
     298
     303
     278
     309
     294
     272
     323
     295
     315
     335
     277
     288
     302
     315
     325
     305
     316
     347
     314
     311
     291
     282
     319
     314
     294
     298
     303
     288
     295
     325
     294
     296
     316
     293
     318
     328
     298
     357
     315
     309
     304
     324
     308
     303
     283
     299
     312
     298
     320
     296
     317
     300
     292
     296
     294
     308
     295
     261
     286
     302
     298
     270
     279
     286
     287
     294
     285
     282
     303
     298
     313
     310
     324
     295
     298
     316
     321
     311
     285
     287
     309
     306
     318
     295
     280
     270
     324
     341
     308
     281
     316
     291
     287
     315
     307
     294
     287
     301
     301
     307
     291
     305
     271
     312
     294
     269
     327
     292
     332
     306
     279
     307
     298
     334
     292
     299
     282
     303
     291
     277
     298
     316
     326
     317
     306
     322
     289
     300
     313
     284
     297
     300
     308
     300
     308
     301
     297
     309
     285
     309
     349
     299
     309
     271
     332
     288
     299
     303
     296
     313
     276
     266
     302
     287
     267
     294
     289
     308
     316
     298
     298
     290
     298
     296
     297
     296
     304
     285
     316
     314
     288
     306
     299
     318
     297
     294
     299
     285
     334
     311
     324
     312
     296
     285
     285
     269
     298
     315
     291
     328
     327
     305
     339
     292
     319
     310
     327
     282
     336
     312
     313
     312
     321
     307
     335
     327
     294
     294
     323
     274
     302
     327
     294
     327
     287
     304
     301
     350
     316
     337
     312
     313
     341
     288
     306
     317
     350
     326
     327
     328
     327
     296
     306
     323
     340
     314
     309
     324
     345
     327
     350
     341
     354
     365
     326
     345
     347
     381
     338
     349
     373
     346
     358
     301
     367
     355
     366
     359
     323
     358
     344
     350
     388
     393
     351
     357
     351
     401
     349
     348
     363
     345
     374
     379
     363
     332
     354
     391
     370
     360
     383
     327
     344
     380
     356
     347
     344
     390
     324
     337
     359
     377
     381
     354
     386
     362
     363
     383
     340
     348
     368
     355
     377
     368
     343
     362
     340
     331
     358
     312
     369
     340
     341
     334
     365
     331
     364
     369
     354
     345
     361
     349
     376
     404
     332
     371
     338
     365
     323
     396
     382
     365
     370
     361
     352
     341
     374
     363
     339
     347
     346
     325
     365
     324
     327
     384
     357
     364
     343
     350
     370
     360
     356
     349
     354
     336
     348
     376
     356
     309
     330
     350
     363
     349
     348
     373
     315
     344
     330
     347
     351
     326
     369
     345
     337
     336
     348
     344
     331
     317
     343
     327
     340
     352
     349
     357
     368
     323
     359
     366
     344
     337
     328
     344
     348
     357
     298
     357
     329
     350
     354
     361
     326
     359
     347
     357
     328
     363
     344
     340
     379
     336
     300
     378
     338
     374
     332
     356
     291
     362
     331
     366
     367
     355
     340
     291
     328
     346
     342
     312
     332
     345
     333
     381
     345
     352
     319
     352
     355
     336
     344
     329
     342
     331
     343
     346
     327
     368
     339
     329
     309
     356
     321
     355
     327
     307
     368
     281
     330
     352
     352
     333
     381
     351
     366
     350
     334
     346
     320
     342
     333
     342
     313
     324
     325
     316
     302
     330
     324
     336
     306
     346
     327
     315
     331
     331
     344
     322
     325
     330
     370
     321
     330
     349
     345
     334
     317
     382
     365
     334
     318
     337
     330
     309
     295
     338
     334
     324
     341
     313
     307
     326
     301
     374
     347
     329
     320
     330
     313
     333
     380
     305
     325
     344
     332
     315
     333
     326
     325
     332
     360
     336
     353
     318
     321
     306
     329
     303
     330
     329
     345
     338
     338
     312
     341
     332
     332
     301
     356
     310
     324
     326
     323
     341
     300
     356
     328
     339
     332
     318
     306
     332
     305
     327
     313
     307
     330
     330
     328
     282
     291
     347
     341
     312
     313
     338
     328
     324
     326
     316
     296
     324
     326
     318
     327
     301
     282
     310
     320
     307
     304
     326
     321
     305
     310
     325
     329
     319
     339
     311
     319
     321
     323
     315
     321
     338
     329
     297
     334
     289
     328
     317
     294
     349
     328
     312
     324
     354
     322
     300
     323
     325
     292
     317
     308
     326
     311
     292
     325
     332
     302
     313
     304
     287
     312
     305
     333
     307
     295
     321
     348
     311
     309
     310
     313
     322
     291
     316
     326
     327
     330
     350
     302
     311
     335
     326
     307
     320
     370
     299
     324
     310
     327
     305
     319
     317
     333
     299
     323
     325
     335
     342
     327
     329
     296
     324
     325
     339
     321
     333
     299
     321
     344
     341
     340
     293
     323
     308
     277
     298
     325
     308
     336
     320
     319
     292
     316
     343
     324
     320
     291
     318
     300
     329
     311
     298
     332
     355
     329
     351
     326
     320
     330
     285
     297
     343
     329
     338
     345
     352
     332
     333
     317
     328
     339
     325
     300
     298
     328
     351
     327
     307
     324
     317
     325
     312
     298
     313
     318
     306
     304
     313
     327
     303
     317
     307
     315
     300
     328
     307
     340
     312
     305
     301
     329
     304
     307
     309
     315
     281
     364
     316
     294
     337
     318
     328
     291
     305
     311
     296
     324
     334
     361
     319
     326
     310
     337
     305
     296
     285
     314
     328
     307
     300
     320
     314
     312
     321
     307
     306
     349
     322
     291
     298
     308
     317
     373
     324
     310
     326
     342
     322
     295
     329
     309
     296
     299
     289
     309
     346
     311
     297
     332
     295
     338
     308
     280
     285
     272
     309
     324
     298
     324
     317
     285
     306
     323
     284
     320
     313
     290
     302
     301
     297
     315
     310
     319
     309
     296
     338
     285
     292
     340
     301
     265
     313
     297
     328
     314
     315
     294
     303
     321
     280
     322
     291
     300
     308
     300
     312
     327
     300
     318
     257
     271
     297
     278
     322
     295
     310
     282
     299
     300
     287
     315
     311
     301
     288
     303
     306
     300
     313
     303
     321
     292
     313
     301
     301
     311
     297
     335
     286
     301
     326
     282
     273
     297
     304
     306
     282
     314
     298
     291
     319
     321
     310
     296
     318
     319
     323
     307
     282
     303
     300
     289
     285
     315
     314
     293
     277
     308
     302
     303
     318
     282
     284
     303
     302
     325
     294
     318
     323
     356
     296
     274
     296
     302
     305
     323
     307
     295
     314
     291
     290
     261
     285
     290
     297
     282
     281
     283
     298
     290
     290
     308
     293
     302
     304
     288
     285
     273
     309
     320
     298
     335
     294
     308
     291
     298
     311
     318
     273
     306
     282
     294
     298
     316
     297
     291
     281
     279
     306
     317
     255
     287
     306
     272
     298
     264
     321
     283
     259
     320
     297
     267
     286
     280
     307
     287
     284
     288
     309
     298
     290
     310
     308
     307
     298
     268
     319
     291
     289
     241
     292
     281
     271
     303
     275
     286
     282
     283
     288
     296
     316
     297
     289
     316
     262
     314
     304
     280
     290
     287
     303
     295
     305
     299
     305
     295
     298
     291
     297
     304
     293
     315
     299
     286
     286
     296
     287
     290
     290
     339
     284
     265
     309
     281
     260
     286
     300
     297
     273
     268
     296
     295
     290
     330
     308
     262
     288
     296
     288
     298
     268
     269
     329
     336
     283
     306
     307
     234
     287
     312
     290
     280
     297
     296
     319
     249
     306
     269
     306
     287
     288
     284
     286
     323
     307
     263
     277
     262
     294
     299
     259
     295
     302
     281
     278
     262
     286
     293
     280
     298
     306
     266
     269
     303
     284
     304
     286
     279
     282
     301
     303
     297
     273
     287
     258
     320
     332
     297
     276
     306
     290
     251
     321
     282
     272
     318
     314
     280
     292
     291
     293
     275
     257
     286
     303
     247
     289
     317
     301
     272
     315
     256
     280
     295
     281
     289
     295
     290
     289
     282
     298
     289
     278
     303
     298
     319
     301
     268
     297
     307
     303
     301
     310
     303
     300
     292
     274
     292
     308
     269
     295
     301
     274
     294
     287
     300
     279
     293
     295
     243
     278
     262
     274
     312
     273
     292
     254
     315
     296
     314
     257
     278
     308
     297
     317
     275
     300
     272
     260
     283
     297
     306
     282
     316
     282
     335
     283
     321
     303
     310
     283
     274
     267
     273
     273
     263
     322
     267
     284
     288
     320
     276
     287
     275
     271
     272
     310
     303
     266
     297
     310
     301
     270
     312
     293
     278
     305
     279
     319
     289
     272
     310
     306
     313
     277
     278
     270
     300
     284
     286
     294
     291
     274
     305
     277
     299
     322
     311
     286
     276
     266
     288
     332
     290
     320
     299
     288
     300
     304
     299
     303
     291
     307
     326
     293
     307
     316
     269
     289
     295
     267
     296
     320
     314
     296
     282
     304
     280
     290
     306
     338
     298
     302
     284
     255
     327
     290
     327
     269
     295
     283
     295
     296
     323
     323
     293
     292
     269
     294
     278
     300
     303
     299
     283
     286
     288
     256
     284
     271
     307
     288
     309
     319
     325
     303
     294
     287
     327
     297
     287
     281
     292
     290
     325
     267
     285
     258
     301
     294
     262
     296
     317
     273
     302
     299
     294
     307
     283
     278
     293
     296
     271
     303
     323
     305
     266
     309
     289
     280
     286
     311
     303
     296
     287
     316
     288
     287
     293
     287
     310
     267
     301
     296
     303
     308
     310
     291
     303
     288
     276
     305
     328
     270
     301
     289
     327
     293
     331
     274
     275
     307
     323
     332
     300
     298
     276
     303
     310
     272
     302
     283
     330
     299
     316
     283
     324
     277
     274
     279
     294
     306
     289
     292
     313
     306
     288
     315
     286
     315
     311
     305
     275
     280
     311
     281
     283
     318
     299
     319
     302
     288
     306
     313
     301
     278
     295
     289
     296
     283
     290
     293
     324
     313
     287
     291
     294
     278
     274
     314
     320
     304
     302
     327
     314
     329
     307
     303
     341
     301
     313
     303
     335
     315
     310
     295
     302
     305
     323
     339
     302
     283
     334
     279
     304
     299
     334
     318
     326
     325
     305
     317
     316
     338
     304
     304
     293
     314
     349
     336
     322
     344
     320
     329
     300
     337
     348
     312
     293
     311
     297
     320
     300
     331
     312
     325
     330
     325
     298
     331
     318
     327
     326
     305
     322
     313
     339
     342
     328
     295
     284
     319
     298
     338
     319
     301
     300
     332
     334
     326
     304
     286
     318
     306
     325
     326
     311
     324
     300
     291
     351
     306
     329
     346
     299
     350
     326
     289
     320
     312
     318
     314
     338
     349
     351
     326
     294
     316
     343
     312
     317
     297
     346
     340
     282
     333
     302
     336
     299
     312
     289
     303
     307
     344
     310
     310
     325
     304
     306
     333
     323
     339
     361
     338
     333
     316
     334
     316
     346
     325
     320
     317
     311
     330
     313
     356
     344
     315
     362
     342
     302
     332
     368
     317
     361
     322
     340
     332
     331
     339
     311
     332
     333
     307
     342
     285
     325
     311
     307
     308
     328
     347
     361
     349
     331
     372
     357
     335
     319
     333
     352
     332
     359
     334
     345
     312
     330
     380
     333
     358
     359
     370
     341
     357
     338
     346
     324
     318
     354
     352
     344
     340
     358
     339
     323
     345
     335
     363
     333
     339
     324
     345
     349
     350
     343
     358
     356
     342
     344
     341
     346
     319
     325
     330
     366
     348
     326
     353
     341
     340
     358
     353
     346
     350
     332
     358
     342
     332
     364
     355
     321
     367
     324
     381
     328
     359
     324
     396
     357
     354
     341
     324
     356
     368
     378
     329
     307
     343
     363
     328
     370
     352
     376
     360
     364
     327
     359
     337
     405
     362
     331
     409
     340
     350
     366
     363
     333
     378
     379
     354
     351
     370
     347
     363
     337
     342
     366
     358
     352
     392
     361
     404
     399
     361
     361
     339
     387
     343
     365
     378
     344
     347
     364
     365
     373
     389
     376
     357
     336
     386
     387
     378
     372
     398
     356
     349
     361
     387
     346
     396
     369
     379
     405
     356
     351
     353
     358
     335
     417
     346
     367
     380
     391
     387
     372
     392
     382
     374
     374
     400
     368
     367
     364
     371
     358
     366
     391
     378
     375
     401
     387
     365
     381
     400
     383
     369
     392
     355
     314
     369
     384
     383
     416
     374
     378
     394
     382
     375
     372
     406
     386
     391
     330
     365
     389
     384
     403
     409
     377
     381
     372
     378
     368
     383
     371
     392
     363
     341
     389
     333
     401
     421
     375
     385
     394
     395
     401
     354
     375
     375
     403
     353
     386
     383
     388
     394
     386
     396
     392
     380
     406
     379
     358
     372
     378
     371
     376
     373
     363
     379
     368
     371
     346
     373
     390
     360
     407
     373
     358
     362
     363
     373
     368
     358
     377
     373
     366
     360
     381
     364
     366
     382
     340
     376
     378
     384
     388
     403
     396
     354
     377
     376
     361
     347
     378
     345
     360
     399
     343
     390
     342
     393
     354
     322
     365
     359
     355
     359
     339
     325
     340
     340
     360
     372
     334
     379
     367
     357
     374
     334
     387
     308
     328
     307
     321
     323
     323
     343
     342
     330
     293
     296
     310
     286
     308
     311
     308
     309
     274
     293
     292
     317
     286
     279
     282
     286
     292
     285
     280
     264
     279
     275
     267
     291
     273
     271
     268
     252
     277
     252
     268
     245
     269
     286
     255
     255
     279
     225
     251
     262
     237
     279
     234
     267
     245
     236
     264
     264
     243
     241
     253
     193
     246
     235
     245
     228
     240
     253
     238
     246
     255
     228
     221
     235
     243
     214
     221
     235
     256
     239
     219
     263
     202
     237
     233
     227
     229
     211
     218
     217
     230
     211
     240
     243
     219
     200
     215
     230
     205
     206
     208
     211
     226
     201
     219
     189
     234
     192
     213
     194
     205
     224
     213
     235
     220
     198
     210
     218
     238
     212
     241
     218
     222
     225
     202
     232
     215
     185
     204
     218
     200
     208
     201
     178
     192
     224
     191
     199
     215
     199
     189
     208
     218
     193
     190
     208
     198
     220
     162
     199
     210
     190
     218
     200
     188
     193
     193
     179
     191
     199
     202
     185
     168
     219
     193
     194
     196
     195
     207
     186
     190
     203
     193
     182
     161
     204
     211
     188
     214
     166
     168
     184
     176
     199
     178
     180
     190
     204
     160
     176
     188
     167
     171
     191
     168
     176
     210
     193
     174
     187
     205
     183
     175
     205
     183
     187
     189
     225
     180
     188
     182
     173
     190
     173
     195
     186
     162
     178
     181
     173
     174
     168
     163
     199
     179
     176
     193
     215
     186
     174
     174
     174
     165
     182
     170
     218
     167
     172
     174
     183
     190
     178
     179
     189
     161
     185
     173
     181
     156
     166
     197
     161
     169
     167
     159
     179
     173
     163
     172
     161
     169
     155
     159
     153
     140
     184
     149
     193
     165
     181
     158
     191
     159
     154
     153
     157
     160
     164
     154
     162
     171
     163
     153
     158
     165
     171
     159
     146
     168
     154
     160
     177
     171
     156
     165
     140
     157
     140
     152
     165
     134
     183
     153
     168
     137
     172
     171
     159
     166
     145
     175
     151
     160
     168
     150
     183
     190
     158
     154
     154
     171
     134
     152
     121
     145
     133
     152
     153
     162
     169
     174
     153
     162
     163
     150
     165
     156
     148
     152
     150
     149
     146
     158
     167
     163
     147
     143
     131
     143
     146
     136
     153
     149
     146
     162
     146
     154
     154
     136
     158
     143
     156
     136
     164
     146
     152
     135
     132
     164
     156
     147
     154
     132
     133
     152
     139
     148
     129
     146
     138
     151
     123
     149
     137
     117
     172
     154
     133
     148
     164
     129
     142
     137
     141
     132
     161
     127
     154
     137
     145
     134
     132
     156
     137
     126
     146
     134
     160
     143
     131
     156
     140
     148
     155
     138
     149
     146
     142
     156
     133
     141
     117
     141
     134
     143
     135
     145
     115
     132
     163
     157
     132
     140
     123
     155
     123
     157
     111
     104
     121
     136
     155
     127
     161
     120
     139
     138
     129
     130
     122
     132
     136
     148
     139
     136
     121
     126
     122
     128
     150
     143
     121
     131
     139
     107
     145
     155
     136
     143
     126
     137
     118
     126
     142
     126
     123
     109
     129
     136
     139
     125
     104
     107
     142
     104
     115
     133
     119
     118
     111
     111
     128
     124
     121
     136
     125
     133
     130
     115
      99
     127
     125
     132
     124
     130
     116
      99
     117
     144
     130
     121
     123
      92
     110
     130
     120
     111
     117
     111
     121
     116
     126
     115
     131
     132
     134
     119
     106
     127
     121
     111
     132
     105
     120
     122
     109
     121
     120
     102
     111
     112
     118
     121
     122
      95
     108
     110
     115
      97
     130
     107
     131
     119
     103
     112
     100
     103
     111
     126
     126
     101
     110
      97
     110
     114
     117
     112
     105
     118
     127
     132
     122
     106
     125
     111
     107
     114
      98
     110
     116
     104
     112
     105
     102
     118
     101
     104
      89
      84
      94
     101
     121
      99
     101
     111
     109
      93
     102
     105
     105
     135
      99
     109
     126
     115
     112
     110
     111
      88
     105
      86
     110
      95
     102
      97
      85
     111
     106
     114
     108
     119
     120
     103
      93
      93
     104
     104
     104
      90
      95
     119
     109
      96
     103
     104
      97
     121
      99
     101
      94
      88
     117
     121
      82
     100
      96
     113
      94
      86
     113
      95
      90
      88
     102
      98
      99
      98
     105
      97
      90
     105
      89
     105
     100
      88
     101
     105
      83
      84
      92
     118
     103
     110
      97
      84
      99
     104
     104
      96
     102
      85
      77
      89
      94
     108
     101
      92
      90
     104
      98
      96
      90
     100
      91
     102
      97
      94
      94
      94
      95
     110
      92
     106
      91
      83
      97
     107
      97
     113
     102
      93
      95
     100
      97
      93
     100
      88
      93
     107
      98
     106
      87
      88
      78
      97
      81
     105
      84
      89
      96
     105
      74
     109
     100
      90
      72
     103
      81
      89
      91
      71
     101
      69
      91
      90
      95
      83
      95
      97
      77
      86
     100
      87
      87
      81
     109
      97
      98
      95
      92
      95
      93
      87
     110
      99
      83
      82
      96
      99
      86
     103
     104
      88
      94
      92
     103
      81
     104
      82
      91
      90
      83
      95
      98
      88
      82
      85
     106
      85
      76
      88
      94
      88
      73
      75
     103
      85
      82
      85
      69
      80
      88
     105
     112
      80
      92
      96
      89
      87
      74
      81
     103
      77
      93
      81
      76
      95
      79
      95
      75
      76
      93
      75
      71
      67
     101
      69
      89
      85
      96
      93
      88
      68
      93
      93
      75
      87
     100
      92
      69
      90
      94
      76
      96
      92
      81
     108
      86
      88
      73
      69
      99
      74
      85
      81
      77
      90
      85
      81
      82
      87
      88
      86
      87
      78
      76
      73
      82
     101
      69
      92
      79
      82
      79
      85
      91
      90
      91
      74
      65
      72
      93
      84
      94
      96
      85
      93
      87
      68
      86
      89
      82
      91
      89
      75
      80
      68
      98
      92
      81
      90
      87
      91
      87
      79
     113
      95
      76
      83
      87
      81
     102
      69
      60
      95
      73
      85
      67
      84
      83
      74
      87
      89
      88
      70
      77
      79
      72
      80
      68
      83
      90
      91
      77
      78
      83
      84
      70
      86
      93
      74
      86
      98
      89
      94
      76
      96
      98
      77
      69
      81
      66
      90
      87
      90
      67
      77
      74
      82
      92
      92
      99
      80
      96
      66
      79
      77
      94
      72
      64
      87
      89
      78
      79
      78
      85
      89
      86
      98
      75
      80
      84
      80
      75
      91
      84
      88
      89
      87
      83
      73
      96
     101
      75
      74
      89
      92
      76
      84
      90
      95
      76
      87
      90
      84
      76
      66
      91
      95
      70
      74
      70
     105
      93
      78
      79
      77
      90
      74
      93
      60
      65
      66
      85
      81
      66
      71
      82
      92
      75
     109
      79
      92
      91
      70
      74
      90
      96
      84
      67
      85
      84
      73
      72
      73
      67
      93
      94
      91
      64
      74
      72
      96
      81
      81
      70
      86
      84
      82
      66
      93
      83
      74
      74
      90
      89
      86
     100
      83
      88
      88
      78
      79
      78
      80
      80
      73
      76
      65
      86
      83
      58
      96
      84
      92
     106
      84
      86
      71
      90
      58
      81
      74
      88
      97
      81
      74
      77
      76
      91
      80
      87
      79
      90
      85
      86
      92
      84
      96
      75
      82
      73
      76
      78
      91
      68
      72
      76
      79
      72
      74
      86
      67
      84
      81
      88
      86
      90
      91
      94
      90
      86
      85
      78
      99
      79
      75
      82
      90
      74
      85
      71
      89
      84
      83
      98
      88
      83
      78
      88
      75
      75
      77
      75
      88
      80
      97
      69
      83
      67
      83
      68
      91
      87
      89
      86
      72
      74
      86
      79
      80
      81
      75
      96
      71
      71
      78
      75
      85
      82
      80
      82
      85
      76
     100
      77
      92
      93
      76
      87
      86
      73
      85
      77
      68
      99
      85
      77
      68
      80
      77
      86
      72
      92
      75
      63
      85
      89
      78
      87
      92
      73
      86
      93
      78
      80
      81
      84
      73
      85
      83
      81
      68
      80
      76
      88
      80
      88
      77
      68
      80
      88
      74
      96
      82
      75
      95
      75
      80
      78
      85
      85
      57
      84
      89
      91
      77
      93
      72
      95
      91
      78
      64
      93
      87
      75
      83
      79
      79
      83
      72
      77
      80
      87
      84
      71
      64
      75
      88
      74
      85
      83
     100
      79
      94
      83
      83
     107
      67
      82
      70
      79
      81
      75
      93
      69
      80
      85
      92
      80
      73
      70
      86
      76
      76
      74
      82
      76
      82
      71
      93
      72
      69
      70
      79
      73
      83
      89
      78
      67
      69
      98
      75
      70
      78
      69
      64
      78
      70
      77
      83
      85
      62
      76
      78
      85
      83
      73
      78
      93
      60
      86
      90
      94
      93
      70
      82
      71
      98
      90
     101
      88
      82
      86
      70
      74
      77
      87
      78
      86
      89
      99
      87
      82
      81
      86
      81
      85
      63
      77
      91
      77
      84
      75
      77
      78
      94
      66
      73
      88
      79
      88
     103
      98
      73
      81
      94
      66
      78
      59
      78
      91
      88
      91
      75
      81
      94
      75
      85
      94
     103
      88
      90
      78
      95
      73
      91
      86
      89
      81
      61
      71
      73
      89
      74
      56
      82
      82
      76
      78
     100
      68
      93
      98
      71
     113
      74
      84
      86
     101
      78
      91
      70
     102
      85
      75
      88
      92
      78
      71
      67
      82
      91
      85
      77
      80
      73
      65
      74
      91
      83
      82
      81
      92
      95
      78
      90
      93
      86
      95
      71
      89
      64
      90
      82
      81
      97
      90
      83
      68
      65
      73
      77
      77
      76
      91
      91
      93
      72
      89
      77
      72
      77
      96
      79
      98
      87
      79
      94
      82
      81
      69
      73
      84
      83
      82
      84
      99
      86
      77
      82
      99
      99
      86
      82
      98
      87
      68
      79
      96
      84
      77
      91
      95
      92
      97
      77
      99
     100
      85
     101
      80
      96
      90
      67
      71
      77
      71
      92
      98
      84
     100
     110
      94
      75
     100
      86
      97
      77
     101
      77
      70
      89
      88
      91
      90
      94
      84
      96
      87
     106
      91
      90
      96
     100
      82
      98
      89
      88
      97
      74
      93
      74
     100
      76
      87
      75
      89
     100
      83
     103
      88
      99
      78
      72
      70
      94
      96
     101
      89
      93
      97
     105
      98
      86
      80
     110
      93
      88
      97
      82
      98
     105
      98
      88
      77
      89
      85
      91
      94
      84
      89
      96
      83
     108
      92
      84
      94
      88
      83
     101
      69
      81
     120
      89
      93
      96
      80
      74
      87
     103
     118
      74
     108
     113
     105
      90
     105
      88
      93
      96
      92
     106
     108
      98
      96
      87
     105
     118
      98
     112
      99
      89
     112
      84
      80
     103
     106
     103
     111
      93
     108
     104
     116
     119
     118
     113
     117
     109
     129
     102
     132
     111
     136
     120
     140
     126
     127
     170
     142
     142
     143
     145
     162
     187
     184
     181
     224
     222
     222
     217
     246
     284
     315
     326
     339
     347
     420
     467
     524
     595
     702
     686
     827
     945
    1092
    1186
    1386
    1589
    1833
    2219
    2537
    2970
    3473
    3872
    4587
    5170
    5647
    6573
    7143
    8020
    8599
    9429
   10048
   10678
   11310
   11640
   12253
   12232
   12824
   12724
   12808
   12772
   12870
   12702
   12393
   12179
   11629
   11465
   10726
   10245
    9738
    9009
    8173
    7496
    6682
    6083
    5304
    4722
    3961
    3413
    2930
    2364
    2021
    1614
    1370
    1154
     864
     784
     654
     525
     449
     376
     351
     354
     320
     279
     231
     207
     204
     195
     163
     166
     168
     148
     146
     124
     114
     118
      98
     113
     107
      95
     101
     112
      93
      86
      95
      98
      78
      58
      66
      83
      86
      70
      66
      71
      75
      60
      76
      55
      69
      75
      76
      83
      61
      62
      78
      71
      68
      50
      67
      66
      65
      59
      65
      59
      61
      58
      58
      55
      60
      48
      60
      57
      71
      72
      57
      71
      58
      61
      58
      67
      72
      62
      67
      58
      65
      45
      41
      60
      65
      52
      58
      49
      45
      51
      60
      65
      52
      69
      47
      58
      55
      68
      64
      62
      40
      58
      47
      59
      53
      50
      53
      57
      60
      50
      54
      47
      52
      62
      53
      48
      63
      63
      67
      38
      55
      70
      50
      52
      44
      59
      51
      45
      49
      58
      57
      50
      53
      51
      69
      53
      72
      45
      54
      44
      56
      55
      55
      64
      45
      51
      43
      56
      50
      57
      41
      59
      44
      58
      55
      35
      66
      38
      55
      52
      47
      52
      47
      60
      45
      47
      51
      53
      50
      56
      56
      52
      44
      53
      56
      53
      56
      58
      40
      49
      40
      43
      48
      44
      54
      52
      47
      40
      44
      44
      54
      45
      51
      53
      53
      55
      38
      40
      34
      44
      40
      64
      41
      53
      40
      59
      54
      52
      54
      46
      51
      45
      48
      43
      58
      44
      53
      42
      44
      37
      42
      59
      46
      43
      39
      45
      43
      47
      34
      42
      52
      46
      55
      35
      45
      45
      43
      51
      49
      45
      36
      43
      58
      44
      44
      53
      45
      48
      42
      52
      36
      48
      49
      45
      40
      37
      52
      51
      38
      42
      37
      44
      50
      40
      47
      34
      48
      47
      46
      42
      43
      51
      44
      49
      54
      45
      54
      43
      53
      55
      52
      39
      55
      47
      45
      40
      51
      37
      45
      43
      49
      38
      42
      41
      31
      48
      45
      51
      40
      37
      45
      43
      37
      43
      43
      41
      47
      44
      54
      41
      47
      42
      51
      52
      45
      36
      47
      46
      39
      34
      49
      39
      45
      28
      43
      41
      51
      39
      42
      42
      34
      38
      35
      39
      48
      57
      44
      31
      40
      39
      29
      43
      38
      33
      35
      36
      55
      43
      48
      56
      47
      45
      45
      50
      44
      50
      48
      38
      42
      39
      47
      55
      50
      43
      42
      47
      39
      42
      48
      38
      51
      44
      37
      45
      51
      51
      43
      42
      49
      41
      42
      46
      36
      51
      48
      30
      45
      48
      44
      38
      42
      47
      35
      44
      46
      39
      45
      39
      28
      40
      33
      34
      50
      41
      41
      33
      32
      43
      35
      40
      43
      45
      48
      41
      37
      51
      39
      36
      47
      42
      43
      33
      35
      51
      44
      40
      36
      32
      47
      44
      46
      45
      42
      46
      34
      36
      37
      53
      34
      48
      44
      49
      31
      65
      39
      30
      39
      40
      34
      50
      43
      42
      58
      38
      44
      44
      47
      48
      56
      41
      40
      45
      39
      38
      46
      40
      40
      38
      43
      55
      42
      42
      38
      44
      42
      34
      42
      50
      37
      49
      53
      38
      38
      43
      52
      41
      47
      41
      47
      50
      50
      47
      49
      40
      53
      39
      34
      33
      43
      37
      43
      42
      42
      42
      37
      45
      41
      39
      46
      41
      43
      33
      33
      48
      37
      39
      47
      41
      35
      47
      39
      39
      35
      46
      33
      64
      31
      44
      42
      37
      41
      30
      36
      38
      38
      31
      39
      41
      43
      39
      35
      38
      42
      42
      49
      47
      32
      44
      31
      42
      33
      34
      37
      42
      39
      43
      49
      59
      33
      40
      41
      51
      43
      32
      50
      35
      38
      48
      32
      34
      40
      35
      42
      47
      38
      43
      42
      44
      40
      41
      39
      37
      41
      36
      45
      35
      47
      47
      37
      44
      49
      43
      44
      46
      40
      41
      52
      49
      38
      33
      31
      40
      49
      42
      44
      38
      40
      47
      44
      35
      33
      47
      45
      37
      48
      35
      41
      36
      43
      42
      39
      51
      53
      38
      41
      33
      46
      38
      45
      51
      33
      44
      35
      45
      43
      45
      27
      48
      36
      40
      43
      34
      25
      30
      45
      49
      52
      36
      42
      40
      38
      38
      38
      39
      36
      29
      45
      37
      39
      31
      39
      40
      40
      40
      42
      37
      31
      47
      39
      42
      44
      30
      54
      35
      46
      49
      48
      57
      43
      46
      49
      37
      43
      32
      33
      31
      34
      38
      32
      41
      47
      41
      41
      43
      43
      40
      50
      35
      44
      42
      47
      41
      40
      36
      42
      42
      38
      42
      26
      37
      45
      47
      36
      37
      43
      38
      44
      35
      49
      43
      39
      34
      45
      45
      37
      42
      36
      37
      56
      46
      39
      45
      29
      27
      31
      39
      39
      35
      40
      38
      46
      48
      39
      52
      31
      42
      38
      45
      32
      34
      37
      43
      38
      30
      37
      39
      32
      52
      42
      43
      37
      44
      52
      40
      39
      32
      40
      39
      46
      43
      48
      49
      47
      37
      39
      53
      29
      45
      32
      35
      34
      38
      42
      46
      46
      51
      36
      40
      40
      37
      38
      49
      32
      41
      44
      34
      39
      45
      39
      36
      43
      43
      38
      38
      42
      37
      31
      41
      31
      48
      35
      33
      36
      41
      32
      37
      30
      38
      25
      40
      48
      37
      39
      48
      38
      33
      35
      45
      36
      23
      47
      41
      38
      30
      50
      46
      40
      27
      34
      33
      57
      36
      44
      47
      48
      33
      38
      34
      33
      40
      41
      34
      27
      41
      45
      32
      35
      29
      53
      39
      39
      40
      41
      48
      37
      51
      28
      46
      47
      47
      50
      44
      30
      34
      42
      38
      52
      40
      33
      30
      37
      44
      38
      34
      49
      37
      38
      45
      47
      35
      36
      39
      41
      49
      37
      28
      28
      25
      42
      27
      35
      33
      33
      29
      35
      40
      42
      48
      53
      39
      35
      42
      38
      41
      37
      35
      41
      38
      41
      47
      43
      44
      29
      35
      37
      41
      38
      34
      36
      44
      36
      37
      43
      42
      36
      42
      43
      39
      31
      41
      32
      44
      35
      41
      33
      32
      51
      50
      43
      40
      35
      41
      32
      45
      44
      48
      54
      42
      52
      48
      38
      42
      45
      58
      42
      31
      42
      49
      25
      46
      45
      38
      45
      47
      44
      36
      44
      41
      37
      43
      51
      42
      31
      43
      34
      48
      26
      42
      32
      42
      30
      38
      45
      35
      43
      31
      42
      30
      39
      42
      33
      39
      44
      44
      44
      39
      31
      39
      25
      26
      36
      36
      46
      31
      41
      45
      43
      43
      52
      33
      35
      37
      38
      40
      47
      48
      35
      41
      44
      40
      41
      49
      34
      33
      39
      39
      34
      41
      42
      42
      51
      40
      32
      53
      45
      36
      39
      30
      33
      30
      37
      35
      33
      45
      49
      30
      33
      32
      38
      36
      35
      39
      42
      39
      40
      35
      45
      38
      41
      38
      32
      33
      43
      28
      45
      39
      42
      43
      36
      45
      36
      42
      43
      34
      29
      37
      46
      44
      37
      39
      47
      47
      37
      34
      30
      45
      40
      37
      41
      41
      26
      45
      40
      37
      38
      46
      45
      39
      36
      38
      35
      43
      30
      41
      47
      44
      18
      39
      34
      36
      44
      29
      29
      37
      33
      54
      41
      38
      42
      37
      30
      39
      37
      34
      35
      42
      30
      49
      29
      42
      31
      38
      44
      38
      36
      34
      41
      39
      44
      31
      39
      28
      38
      31
      40
      38
      43
      42
      23
      39
      35
      34
      34
      39
      38
      29
      36
      38
      40
      46
      40
      34
      41
      36
      44
      47
      38
      36
      46
      45
      45
      38
      42
      39
      35
      32
      39
      44
      40
      36
      38
      36
      39
      38
      45
      57
      36
      41
      38
      27
      47
      37
      30
      37
      31
      46
      40
      35
      37
      41
      40
      36
      39
      32
      36
      32
      36
      32
      37
      41
      41
      33
      33
      34
      35
      36
      28
      35
      39
      42
      41
      35
      46
      36
      27
      48
      37
      39
      45
      30
      45
      44
      39
      31
      48
      46
      40
      41
      35
      40
      37
      35
      47
      28
      37
      37
      38
      40
      31
      44
      42
      40
      32
      36
      43
      34
      34
      42
      30
      36
      47
      44
      41
      47
      45
      40
      39
      46
      40
      41
      33
      45
      42
      40
      34
      44
      37
      44
      31
      34
      44
      36
      35
      35
      31
      34
      34
      32
      32
      44
      44
      35
      47
      34
      28
      41
      40
      34
      32
      53
      35
      45
      30
      34
      33
      26
      33
      44
      31
      47
      31
      36
      35
      32
      47
      44
      31
      35
      38
      53
      47
      41
      39
      36
      33
      41
      41
      39
      38
      48
      40
      46
      41
      33
      34
      43
      30
      36
      41
      33
      35
      39
      39
      49
      44
      37
      34
      39
      42
      40
      49
      33
      31
      39
      49
      37
      41
      51
      38
      37
      30
      51
      34
      37
      44
      44
      36
      37
      34
      45
      40
      34
      34
      37
      38
      38
      35
      33
      44
      30
      43
      45
      43
      45
      53
      35
      47
      32
      38
      37
      44
      30
      38
      43
      44
      31
      35
      44
      32
      38
      37
      33
      39
      47
      28
      30
      45
      41
      35
      37
      33
      49
      49
      41
      47
      54
      29
      49
      32
      27
      42
      30
      38
      32
      26
      36
      34
      39
      32
      42
      45
      42
      39
      27
      29
      27
      28
      39
      34
      49
      31
      28
      35
      25
      30
      24
      46
      33
      33
      47
      44
      37
      41
      42
      36
      29
      25
      34
      36
      43
      35
      35
      40
      38
      47
      35
      48
      38
      34
      44
      46
      44
      44
      38
      52
      46
      39
      50
      35
      34
      40
      46
      33
      38
      40
      32
      24
      35
      52
      44
      46
      47
      37
      35
      41
      48
      36
      41
      39
      41
      43
      32
      34
      29
      40
      45
      33
      38
      42
      50
      35
      35
      24
      32
      37
      36
      42
      33
      37
      32
      37
      32
      38
      31
      27
      40
      43
      43
      40
      47
      35
      39
      25
      28
      40
      30
      45
      43
      38
      36
      39
      38
      52
      42
      45
      38
      34
      38
      31
      35
      38
      41
      28
      34
      31
      47
      46
      37
      38
      35
      39
      44
      41
      31
      41
      36
      23
      46
      39
      36
      29
      39
      41
      43
      37
      34
      29
      39
      35
      31
      37
      38
      37
      36
      31
      44
      43
      26
      44
      42
      33
      41
      42
      32
      40
      33
      36
      40
      45
      38
      39
      39
      34
      41
      34
      27
      40
      28
      41
      38
      30
      44
      38
      27
      42
      36
      44
      31
      34
      39
      40
      50
      34
      46
      34
      51
      37
      41
      39
      49
      33
      39
      45
      40
      25
      34
      35
      34
      38
      48
      40
      36
      31
      32
      40
      43
      47
      32
      40
      44
      47
      34
      41
      41
      32
      37
      43
      38
      37
      51
      45
      36
      31
      31
      41
      33
      46
      40
      28
      41
      39
      36
      38
      36
      48
      32
      49
      36
      40
      27
      48
      49
      33
      32
      26
      41
      40
      41
      43
      38
      31
      48
      36
      41
      43
      38
      35
      35
      36
      31
      51
      22
      33
      41
      45
      42
      33
      35
      42
      46
      38
      38
      40
      40
      42
      31
      30
      51
      35
      42
      43
      38
      34
      52
      26
      24
      34
      42
      45
      46
      48
      34
      47
      37
      32
      38
      36
      37
      33
      39
      34
      30
      41
      40
      40
      41
      43
      34
      26
      40
      46
      33
      37
      37
      42
      34
      35
      38
      39
      42
      39
      39
      47
      34
      49
      42
      44
      37
      39
      34
      38
      44
      32
      37
      46
      28
      39
      36
      31
      30
      38
      43
      32
      44
      36
      38
      55
      39
      40
      28
      47
      36
      36
      39
      28
      38
      24
      32
      40
      34
      33
      28
      33
      35
      31
      45
      37
      36
      37
      42
      38
      41
      31
      43
      40
      35
      39
      37
      38
      36
      40
      38
      41
      38
      41
      44
      44
      40
      43
      39
      28
      38
      36
      44
      40
      36
      44
      43
      32
      40
      43
      44
      38
      43
      42
      41
      27
      42
      39
      48
      35
      52
      43
      49
      45
      34
      25
      33
      41
      37
      44
      37
      29
      40
      41
      35
      31
      44
      43
      52
      36
      43
      37
      41
      47
      46
      36
      43
      35
      33
      51
      32
      49
      40
      54
      43
      35
      39
      42
      38
      34
      36
      36
      48
      54
      35
      35
      40
      53
      46
      34
      46
      39
      32
      43
      36
      50
      40
      42
      43
      37
      35
      36
      33
      24
      32
      42
      40
      32
      38
      41
      50
      34
      43
      43
      33
      25
      42
      35
      30
      37
      32
      37
      47
      36
      39
      30
      33
      36
      34
      40
      36
      36
      38
      33
      41
      37
      44
      34
      36
      28
      44
      38
      46
      36
      41
      34
      33
      53
      38
      33
      38
      34
      39
      42
      40
      39
      30
      38
      30
      36
      39
      36
      39
      37
      37
      32
      30
      53
      44
      39
      39
      32
      38
      34
      31
      35
      23
      42
      35
      47
      33
      49
      48
      40
      35
      41
      35
      39
      40
      42
      37
      44
      39
      37
      40
      29
      40
      23
      34
      39
      38
      41
      46
      39
      39
      26
      38
      30
      43
      43
      40
      41
      37
      37
      42
      39
      41
      36
      43
      44
      31
      40
      44
      36
      40
      44
      45
      31
      33
      47
      38
      33
      34
      33
      51
      33
      39
      48
      40
      35
      40
      43
      45
      35
      33
      43
      42
      34
      32
      29
      36
      31
      38
      28
      42
      33
      43
      31
      37
      45
      42
      35
      54
      39
      33
      34
      42
      35
      33
      51
      50
      35
      48
      40
      48
      41
      37
      51
      40
      40
      45
      36
      51
      34
      32
      48
      37
      31
      37
      37
      38
      33
      32
      31
      36
      39
      39
      33
      44
      33
      35
      44
      34
      35
      44
      33
      39
      41
      54
      40
      33
      30
      42
      38
      43
      43
      37
      43
      40
      42
      50
      46
      48
      44
      37
      29
      37
      42
      26
      41
      53
      36
      34
      29
      46
      46
      40
      45
      44
      33
      37
      47
      38
      42
      31
      49
      39
      39
      35
      35
      33
      28
      39
      46
      42
      32
      43
      41
      25
      40
      38
      29
      37
      34
      32
      29
      36
      42
      33
      37
      44
      47
      29
      31
      35
      27
      43
      43
      31
      48
      37
      54
      35
      44
      37
      42
      41
      36
      52
      36
      35
      42
      37
      35
      43
      43
      32
      35
      43
      36
      22
      43
      35
      35
      36
      28
      41
      34
      36
      39
      30
      36
      39
      35
      33
      44
      43
      46
      39
      40
      44
      42
      43
      37
      34
      32
      47
      47
      46
      37
      51
      43
      40
      45
      27
      40
      47
      36
      37
      39
      55
      38
      41
      42
      35
      40
      39
      45
      27
      39
      31
      39
      43
      29
      29
      38
      43
      34
      46
      40
      34
      39
      38
      43
      32
      41
      38
      55
      44
      55
      35
      40
      41
      40
      52
      45
      42
      39
      43
      31
      34
      34
      34
      48
      46
      33
      44
      30
      33
      41
      36
      39
      42
      41
      51
      34
      37
      34
      32
      38
      37
      40
      39
      39
      40
      25
      29
      34
      32
      46
      35
      44
      37
      35
      33
      44
      37
      36
      29
      38
      36
      37
      34
      37
      30
      38
      39
      39
      29
      40
      42
      46
      38
      22
      34
      32
      47
      47
      50
      42
      37
      43
      40
      47
      41
      45
      40
      31
      44
      27
      46
      42
      42
      52
      42
      37
      42
      50
      32
      31
      40
      54
      40
      33
      36
      43
      41
      36
      36
      35
      29
      35
      30
      42
      41
      41
      41
      44
      47
      38
      49
      38
      28
      39
      43
      43
      35
      40
      37
      43
      37
      42
      35
      42
      39
      46
      48
      44
      41
      39
      48
      45
      32
      47
      49
      47
      32
      43
      29
      36
      38
      34
      36
      45
      41
      36
      38
      45
      36
      38
      44
      38
      50
      38
      45
      25
      44
      33
      38
      34
      39
      45
      43
      44
      36
      33
      30
      39
      41
      43
      37
      27
      33
      41
      43
      33
      36
      47
      40
      31
      42
      35
      40
      43
      32
      32
      51
      51
      36
      44
      36
      55
      43
      29
      41
      34
      47
      38
      52
      51
      43
      42
      43
      44
      34
      40
      47
      37
      40
      46
      55
      48
      45
      55
      44
      42
      44
      50
      49
      43
      50
      47
      46
      52
      43
      45
      41
      44
      40
      40
      32
      44
      32
      51
      39
      40
      44
      47
      34
      45
      42
      38
      46
      49
      36
      45
      49
      32
      46
      40
      32
      36
      39
      46
      38
      41
      49
      42
      43
      48
      48
      39
      40
      43
      29
      40
      44
      31
      40
      36
      30
      46
      43
      39
      38
      32
      50
      36
      32
      33
      35
      33
      42
      33
      61
      48
      41
      34
      43
      37
      55
      45
      40
      34
      32
      40
      42
      35
      40
      58
      25
      49
      45
      45
      41
      39
      48
      50
      37
      40
      31
      36
      37
      48
      33
      33
      46
      36
      33
      48
      36
      37
      47
      37
      35
      38
      47
      53
      34
      45
      41
      35
      32
      40
      44
      40
      36
      44
      37
      31
      36
      39
      43
      43
      40
      42
      35
      31
      48
      43
      39
      30
      43
      40
      42
      41
      36
      39
      28
      24
      39
      39
      39
      44
      52
      39
      42
      31
      41
      38
      45
      39
      39
      40
      36
      43
      44
      46
      28
      34
      40
      33
      41
      39
      46
      40
      46
      38
      45
      53
      36
      35
      51
      33
      35
      27
      43
      48
      41
      42
      41
      44
      41
      43
      34
      43
      34
      49
      35
      44
      36
      35
      36
      24
      37
      37
      45
      49
      44
      33
      43
      54
      41
      50
      31
      46
      39
      38
      38
      35
      46
      39
      42
      39
      45
      44
      44
      42
      58
      40
      45
      41
      43
      41
      44
      47
      40
      29
      33
      25
      34
      52
      46
      32
      50
      42
      53
      38
      43
      48
      38
      38
      36
      48
      37
      36
      32
      45
      40
      47
      42
      29
      41
      45
      35
      25
      35
      34
      42
      42
      38
      38
      44
      31
      52
      42
      36
      30
      38
      40
      43
      40
      43
      41
      47
      43
      37
      44
      53
      42
      48
      51
      40
      33
      40
      46
      39
      47
      39
      41
      43
      36
      45
      36
      40
      39
      57
      40
      28
      33
      39
      47
      35
      46
      32
      46
      36
      35
      36
      43
      43
      27
      38
      31
      37
      31
      47
      32
      36
      36
      41
      50
      37
      43
      47
      39
      41
      42
      52
      35
      30
      47
      42
      47
      43
      42
      34
      47
      37
      36
      44
      51
      37
      40
      36
      39
      52
      39
      38
      41
      41
      38
      58
      51
      31
      47
      42
      39
      46
      25
      45
      43
      37
      34
      37
      47
      39
      47
      53
      30
      42
      40
      33
      46
      46
      31
      43
      48
      39
      43
      43
      41
      33
      40
      42
      43
      34
      29
      44
      39
      48
      45
      58
      41
      26
      58
      36
      44
      39
      32
      37
      40
      39
      46
      43
      50
      37
      43
      33
      38
      40
      41
      42
      45
      38
      33
      39
      38
      43
      31
      34
      37
      47
      46
      45
      36
      50
      31
      33
      49
      41
      37
      42
      35
      31
      47
      52
      47
      35
      47
      37
      50
      46
      41
      42
      42
      41
      38
      40
      38
      41
      32
      42
      42
      42
      42
      50
      45
      42
      34
      31
      38
      36
      54
      40
      33
      42
      48
      41
      42
      32
      52
      43
      34
      45
      45
      46
      27
      46
      40
      42
      31
      34
      33
      43
      41
      41
      43
      44
      32
      30
      43
      40
      39
      43
      39
      33
      52
      38
      36
      31
      47
      48
      40
      56
      40
      38
      34
      43
      34
      54
      50
      50
      44
      39
      45
      33
      36
      40
      31
      26
      35
      47
      44
      45
      46
      38
      37
      40
      40
      35
      46
      49
      37
      35
      47
      34
      61
      41
      24
      40
      39
      38
      47
      57
      39
      40
      53
      53
      33
      45
      39
      48
      52
      34
      41
      47
      45
      34
      49
      38
      40
      37
      58
      46
      32
      45
      33
      42
      42
      53
      39
      32
      41
      42
      46
      43
      48
      38
      42
      36
      41
      40
      34
      38
      44
      32
      40
      40
      36
      39
      40
      52
      45
      39
      51
      40
      45
      45
      48
      37
      44
      44
      54
      34
      30
      42
      40
      38
      33
      32
      45
      49
      47
      43
      53
      39
      50
      43
      43
      41
      37
      39
      40
      31
      35
      43
      30
      27
      43
      48
      44
      42
      38
      48
      45
      56
      43
      52
      38
      44
      47
      57
      39
      37
      49
      39
      45
      43
      41
      45
      36
      41
      43
      42
      35
      48
      46
      40
      41
      48
      30
      50
      44
      53
      34
      47
      49
      42
      38
      45
      35
      44
      43
      49
      37
      45
      45
      42
      54
      38
      41
      45
      39
      43
      37
      30
      41
      37
      41
      35
      49
      40
      41
      47
      44
      33
      48
      40
      48
      41
      45
      41
      36
      58
      38
      41
      40
      40
      49
      31
      35
      37
      48
      48
      22
      50
      41
      39
      48
      48
      44
      33
      41
      38
      40
      34
      46
      31
      43
      37
      38
      38
      41
      38
      32
      53
      44
      38
      48
      41
      35
      37
      50
      45
      38
      43
      39
      44
      55
      53
      46
      38
      49
      56
      38
      42
      49
      57
      46
      42
      38
      41
      53
      47
      50
      53
      29
      41
      47
      49
      41
      52
      39
      41
      33
      47
      46
      40
      40
      55
      48
      43
      40
      48
      39
      50
      52
      36
      38
      36
      40
      38
      40
      50
      40
      38
      36
      42
      36
      57
      35
      42
      45
      38
      41
      43
      40
      43
      41
      51
      54
      44
      39
      43
      51
      44
      35
      38
      36
      40
      41
      48
      39
      41
      48
      39
      45
      44
      47
      34
      35
      35
      43
      36
      45
      37
      47
      50
      51
      43
      35
      46
      46
      51
      40
      29
      45
      46
      46
      49
      38
      46
      45
      41
      45
      48
      38
      40
      41
      43
      47
      42
      42
      43
      39
      33
      39
      44
      40
      44
      45
      42
      41
      58
      49
      46
      39
      49
      41
      34
      40
      46
      55
      48
      47
      39
      46
      36
      36
      39
      42
      43
      38
      41
      40
      47
      41
      49
      38
      41
      39
      32
      35
      50
      42
      36
      51
      33
      29
      47
      42
      43
      32
      39
      35
      47
      55
      35
      51
      41
      32
      42
      50
      46
      43
      43
      38
      41
      45
      45
      49
      34
      42
      40
      49
      41
      62
      44
      35
      46
      43
      52
      50
      42
      46
      48
      36
      51
      40
      48
      44
      36
      49
      52
      46
      39
      37
      51
      55
      46
      42
      41
      53
      44
      49
      43
      46
      44
      58
      52
      44
      42
      57
      46
      47
      44
      26
      46
      46
      33
      43
      50
      43
      37
      42
      35
      47
      39
      32
      47
      30
      30
      40
      40
      38
      45
      57
      45
      35
      58
      49
      56
      47
      51
      41
      37
      24
      39
      37
      32
      48
      56
      52
      44
      52
      47
      47
      33
      44
      56
      36
      40
      42
      44
      59
      35
      42
      34
      45
      32
      40
      39
      41
      45
      58
      42
      42
      51
      43
      42
      38
      59
      32
      50
      45
      45
      44
      54
      49
      30
      41
      37
      39
      43
      49
      42
      43
      46
      55
      34
      38
      40
      49
      51
      36
      48
      51
      39
      37
      56
      45
      47
      39
      51
      48
      49
      46
      46
      58
      55
      36
      35
      57
      51
      48
      36
      49
      47
      59
      53
      47
      54
      37
      49
      49
      43
      43
      37
      59
      51
      41
      49
      51
      53
      48
      47
      33
      38
      50
      48
      59
      39
      50
      49
      43
      44
      45
      47
      41
      44
      48
      41
      39
      40
      43
      52
      50
      37
      40
      47
      38
      51
      41
      54
      52
      45
      38
      49
      29
      43
      52
      45
      48
      36
      29
      42
      46
      48
      32
      44
      34
      44
      50
      40
      51
      51
      48
      36
      47
      42
      37
      46
      45
      42
      41
      41
      50
      41
      50
      49
      34
      42
      52
      48
      48
      51
      49
      46
      42
      45
      51
      46
      55
      42
      55
      53
      48
      39
      44
      48
      47
      48
      36
      30
      51
      56
      43
      51
      51
      34
      38
      36
      49
      38
      35
      44
      56
      48
      55
      38
      41
      55
      43
      60
      43
      43
      31
      49
      32
      42
      45
      44
      33
      53
      51
      44
      42
      46
      39
      63
      44
      51
      47
      41
      43
      42
      46
      56
      44
      50
      53
      43
      46
      42
      50
      45
      41
      45
      46
      49
      51
      34
      43
      40
      65
      39
      41
      41
      49
      50
      52
      40
      45
      37
      46
      53
      49
      35
      54
      52
      55
      39
      56
      46
      45
      49
      45
      49
      49
      39
      48
      55
      43
      49
      47
      51
      38
      46
      55
      50
      43
      53
      45
      51
      45
      44
      42
      57
      55
      51
      42
      46
      45
      42
      50
      50
      48
      37
      46
      48
      35
      51
      39
      54
      54
      62
      46
      44
      50
      43
      54
      38
      41
      51
      54
      49
      52
      43
      55
      42
      55
      40
      48
      63
      54
      39
      52
      47
      54
      41
      47
      62
      40
      58
      37
      52
      45
      44
      47
      51
      36
      31
      42
      49
      54
      39
      43
      43
      50
      44
      38
      45
      44
      48
      41
      34
      49
      55
      52
      43
      45
      63
      43
      58
      53
      42
      54
      46
      45
      48
      43
      53
      45
      45
      48
      53
      52
      40
      40
      40
      37
      38
      54
      38
      48
      49
      40
      40
      38
      54
      46
      46
      45
      46
      52
      38
      50
      54
      41
      41
      45
      57
      56
      54
      37
      37
      46
      37
      50
      54
      47
      61
      48
      48
      41
      48
      49
      42
      32
      55
      41
      41
      48
      41
      45
      45
      58
      48
      59
      58
      53
      51
      55
      64
      43
      56
      55
      45
      43
      42
      53
      55
      53
      57
      44
      46
      50
      54
      49
      44
      59
      53
      49
      54
      47
      41
      44
      41
      60
      47
      49
      42
      51
      52
      55
      48
      46
      37
      42
      44
      52
      49
      43
      38
      47
      56
      57
      54
      57
      60
      51
      45
      35
      48
      47
      52
      52
      49
      55
      47
      52
      58
      55
      53
      46
      42
      51
      39
      51
      42
      49
      41
      44
      45
      50
      54
      45
      47
      47
      47
      43
      40
      45
      55
      58
      56
      47
      53
      62
      55
      51
      43
      32
      56
      47
      53
      41
      45
      50
      47
      40
      47
      54
      56
      39
      51
      42
      41
      60
      39
      46
      51
      55
      53
      48
      39
      45
      50
      56
      52
      50
      60
      41
      47
      49
      52
      55
      58
      53
      47
      45
      49
      51
      44
      47
      47
      43
      43
      48
      44
      55
      52
      47
      53
      52
      47
      55
      47
      45
      53
      49
      38
      61
      47
      39
      48
      50
      49
      47
      47
      59
      43
      58
      46
      60
      57
      45
      38
      52
      46
      48
      34
      40
      43
      57
      44
      53
      46
      49
      54
      53
      51
      41
      47
      46
      50
      49
      47
      73
      44
      52
      58
      57
      48
      38
      50
      41
      54
      43
      53
      41
      41
      41
      63
      45
      44
      57
      53
      53
      47
      61
      45
      54
      50
      48
      57
      48
      49
      52
      58
      54
      60
      46
      55
      50
      44
      48
      59
      56
      54
      44
      51
      39
      44
      53
      69
      56
      48
      50
      54
      56
      57
      41
      45
      50
      45
      55
      50
      38
      53
      62
      50
      48
      47
      43
      66
      40
      50
      43
      44
      57
      61
      53
      52
      53
      41
      40
      54
      50
      50
      37
      66
      45
      56
      60
      46
      43
      41
      48
      55
      41
      47
      61
      52
      57
      50
      41
      52
      59
      38
      55
      41
      47
      53
      49
      64
      59
      55
      49
      45
      51
      58
      46
      59
      46
      48
      45
      45
      46
      53
      65
      43
      43
      60
      44
      47
      57
      42
      52
      45
      43
      57
      43
      56
      58
      58
      54
      46
      51
      40
      62
      47
      43
      46
      48
      43
      58
      48
      45
      40
      54
      54
      60
      60
      54
      42
      54
      47
      51
      56
      57
      42
      51
      56
      56
      57
      39
      57
      45
      48
      49
      51
      45
      48
      59
      62
      64
      47
      44
      58
      56
      45
      52
      53
      57
      43
      52
      59
      57
      48
      48
      51
      43
      56
      66
      51
      44
      61
      53
      49
      52
      66
      40
      54
      50
      52
      50
      58
      42
      60
      77
      52
      46
      47
      62
      57
      69
      60
      61
      58
      56
      49
      57
      47
      38
      49
      42
      43
      50
      56
      64
      52
      56
      55
      55
      56
      48
      49
      62
      41
      54
      58
      55
      64
      63
      57
      64
      61
      41
      56
      63
      57
      53
      56
      64
      53
      46
      52
      42
      60
      59
      55
      48
      50
      50
      53
      40
      43
      45
      63
      68
      55
      56
      47
      53
      56
      66
      54
      49
      57
      48
      42
      49
      45
      56
      56
      59
      44
      47
      44
      51
      57
      58
      47
      51
      53
      62
      53
      63
      60
      59
      55
      49
      55
      62
      68
      56
      64
      56
      62
      64
      49
      48
      56
      66
      56
      58
      56
      64
      36
      58
      53
      58
      62
      48
      55
      55
      59
      45
      39
      49
      61
      52
      57
      51
      52
      44
      49
      40
      69
      46
      52
      56
      61
      56
      47
      51
      52
      46
      37
      51
      73
      44
      50
      61
      46
      53
      66
      67
      66
      45
      68
      66
      55
      59
      64
      58
      49
      56
      59
      58
      46
      49
      63
      49
      58
      52
      50
      51
      62
      58
      54
      67
      58
      61
      56
      52
      61
      63
      53
      41
      47
      47
      61
      62
      74
      60
      45
      55
      48
      40
      56
      72
      52
      57
      57
      59
      63
      50
      54
      53
      45
      54
      64
      46
      64
      58
      60
      52
      53
      65
      56
      72
      57
      59
      69
      55
      61
      67
      59
      57
      60
      66
      56
      62
      60
      56
      49
      49
      54
      52
      62
      63
      47
      56
      49
      56
      57
      60
      56
      54
      59
      67
      48
      62
      62
      68
      54
      65
      51
      61
      51
      53
      48
      44
      64
      58
      63
      46
      67
      60
      54
      54
      67
      44
      54
      55
      53
      54
      69
      60
      50
      44
      60
      60
      57
      58
      58
      65
      63
      66
      69
      65
      65
      72
      60
      57
      65
      81
      62
      50
      49
      60
      59
      50
      60
      63
      54
      51
      68
      58
      50
      49
      55
      59
      60
      66
      52
      58
      60
      65
      53
      66
      49
      38
      75
      70
      64
      55
      64
      52
      59
      66
      49
      59
      62
      52
      63
      78
      59
      56
      52
      51
      59
      56
      77
      56
      54
      59
      47
      67
      56
      54
      60
      61
      52
      45
      59
      57
      73
      68
      77
      64
      60
      56
      73
      57
      60
      54
      55
      57
      65
      68
      55
      78
      65
      49
      65
      80
      54
      65
      67
      68
      65
      64
      58
      62
      64
      66
      58
      59
      60
      64
      68
      61
      47
      61
      58
      63
      75
      68
      57
      68
      60
      54
      59
      68
      54
      71
      73
      67
      48
      61
      63
      69
      55
      50
      78
      61
      62
      76
      62
      51
      62
      63
      58
      65
      59
      69
      77
      56
      67
      70
      54
      56
      60
      93
      65
      44
      81
      61
      60
      44
      55
      66
      73
      73
      70
      62
      70
      61
      62
      78
      65
      57
      64
      61
      61
      70
      70
      70
      79
      56
      63
      71
      63
      69
      58
      73
      62
      73
      67
      45
      61
      63
      70
      56
      56
      59
      56
      80
      54
      62
      63
      66
      68
      64
      78
      67
      52
      77
      60
      69
      65
      58
      74
      63
      63
      70
      69
      57
      65
      69
      71
      61
      64
      58
      67
      74
      76
      76
      75
      61
      65
      52
      74
      65
      62
      63
      65
      70
      71
      70
      75
      75
      66
      72
      68
      64
      64
      66
      49
      56
      60
      62
      73
      63
      54
      54
      67
      58
      59
      66
      71
      70
      64
      50
      61
      65
      75
      62
      58
      61
      65
      63
      55
      60
      66
      69
      77
      63
      76
      70
      67
      65
      71
      65
      74
      65
      58
      64
      71
      71
      74
      68
      64
      54
      63
      61
      70
      76
      75
      70
      75
      70
      71
      71
      70
      68
      67
      59
      70
      75
      65
      68
      71
      69
      79
      74
      74
      64
      70
      55
      76
      66
      73
      58
      69
      74
      72
      62
      76
      71
      60
      57
      62
      62
      80
      69
      80
      67
      67
      71
      69
      88
      63
      58
      64
      70
      62
      60
      73
      61
      72
      70
      80
      69
      69
      72
      75
      62
      70
      57
      74
      51
      61
      62
      62
      82
      86
      63
      76
      68
      74
      56
      69
      67
      73
      77
      66
      65
      69
      58
      65
      72
      72
      67
      56
      67
      67
      64
      76
      93
      74
      72
      84
      67
      66
      77
      80
      60
      69
      66
      76
      73
      63
      73
      71
      75
      67
      69
      71
      51
      74
      76
      75
      76
      74
      58
      79
      66
      77
      79
      77
      78
      57
      73
      80
      74
      72
      82
      70
      85
      76
      76
      84
      69
      81
      70
      65
      67
      84
      92
      78
      76
      89
      63
      83
      84
      74
      85
      79
      94
      77
      82
      69
      62
      92
      88
      76
      88
      80
      81
      72
      86
     100
      82
      71
      68
      77
      84
      73
      77
      74
      75
      80
      85
      79
      87
      80
      74
      87
      75
      73
      67
      85
      65
      89
      77
      77
      63
      78
      79
      86
      77
      78
      78
      75
      69
      78
      66
      96
      96
      81
      86
      77
      62
      76
      92
      84
      86
      57
      72
      77
      71
      64
      71
      77
      63
      72
      84
      91
      70
      79
      77
      72
      80
      74
      71
      71
      84
      94
      94
      84
      70
      79
      76
      87
      89
      87
      88
      98
      70
      90
      86
      92
      86
      76
      67
      69
      77
      71
      83
      77
      86
      75
      88
      78
      75
      82
      70
      74
      73
      78
      62
      79
      73
     101
      83
      78
      77
      90
      85
      87
      82
      65
      74
      88
      83
      69
      72
      96
      86
      84
      89
      80
      70
      73
      71
      79
      97
      80
      87
      71
      66
      87
      75
      92
      77
      85
      78
      85
      76
      87
      98
      78
      86
      89
      78
      78
      87
      81
      79
      89
      78
      84
      89
      75
      82
      93
      94
      67
      98
      85
      80
      73
      98
      83
      81
      62
      81
      91
      84
      88
      71
      73
      78
      88
     100
      94
      78
      84
      79
      73
      83
      87
      84
      75
      89
      77
      77
      81
      94
      78
      84
      92
      85
      87
      72
      74
      59
      75
      75
      83
      77
      81
      83
      86
      79
      85
      81
      87
      83
      85
     106
      85
      77
      89
      70
      98
      81
      69
      83
      89
      91
      74
      93
      79
      85
      85
      90
      92
     103
      78
      94
      85
      91
      83
      90
      88
      84
      82
      71
      98
      78
      87
      67
      84
      84
      93
      67
     107
      77
      80
      77
      95
      87
      67
      84
      81
      70
      90
      73
      62
      87
      84
      97
      84
      83
      84
      84
      83
      91
      86
      99
      81
      93
      87
      76
      88
      91
      80
      88
      86
      81
      95
      80
      87
     100
      77
     107
      85
      78
      78
      59
      89
      77
      89
      89
      80
      87
      86
      74
     100
      90
     104
      97
      92
      88
      85
      80
      73
      94
      83
      90
      96
      77
      87
      85
      97
      73
      89
      98
      87
      75
      74
      89
      86
      80
     103
     105
      60
      77
      74
      90
      84
      83
      81
      91
      93
      89
      96
      79
      81
      82
      85
      85
      89
      72
      83
     105
      87
      94
      88
      75
      85
      84
      95
      79
      77
      89
      79
      82
      88
      73
      84
      88
      77
      85
      99
      88
      69
      91
      74
      69
      81
      55
      79
      72
      95
      62
      70
      80
      87
      60
      77
      79
      77
      90
      74
      76
      64
      94
      76
      80
      70
      71
     105
      76
      63
      59
      69
      61
      68
      66
      62
      69
      76
      81
      63
      67
      75
      68
      62
      76
      62
      61
      74
      53
      62
      72
      67
      59
      60
      69
      56
      66
      73
      64
      78
      52
      68
      53
      61
      57
      50
      58
      60
      55
      64
      70
      44
      63
      66
      51
      56
      67
      49
      72
      49
      50
      52
      51
      52
      63
      60
      62
      51
      49
      56
      51
      59
      63
      67
      63
      62
      58
      59
      62
      64
      64
      50
      54
      44
      48
      49
      69
      44
      39
      51
      48
      48
      53
      50
      49
      50
      47
      45
      62
      56
      43
      55
      53
      52
      43
      48
      46
      49
      50
      54
      55
      55
      48
      45
      45
      48
      62
      60
      68
      63
      58
      53
      60
      40
      41
      56
      46
      46
      42
      50
      48
      49
      45
      43
      53
      41
      47
      56
      62
      39
      50
      46
      45
      41
      44
      50
      40
      47
      58
      44
      46
      56
      37
      47
      54
      55
      55
      56
      54
      57
      39
      47
      46
      55
      51
      41
      44
      50
      45
      44
      37
      60
      51
      57
      42
      59
      46
      52
      45
      47
      36
      55
      44
      51
      48
      49
      41
      61
      41
      64
      40
      48
      41
      54
      36
      48
      51
      43
      51
      43
      58
      44
      43
      34
      49
      41
      51
      58
      46
      50
      46
      41
      57
      43
      34
      49
      43
      44
      51
      49
      52
      51
      39
      47
      53
      48
      48
      45
      32
      39
      46
      45
      44
      48
      49
      37
      45
      35
      56
      34
      49
      41
      45
      34
      45
      41
      39
      46
      45
      49
      50
      51
      41
      39
      40
      44
      33
      36
      25
      46
      47
      45
      42
      56
      50
      41
      48
      40
      52
      53
      46
      47
      37
      50
      55
      34
      55
      54
      42
      46
      47
      49
      46
      50
      47
      36
      41
      36
      45
      41
      40
      47
      54
      38
      48
      44
      41
      39
      38
      45
      54
      32
      46
      47
      40
      40
      41
      53
      49
      43
      52
      42
      63
      44
      46
      55
      40
      47
      47
      48
      58
      36
      35
      33
      40
      39
      55
      36
      46
      42
      41
      45
      42
      44
      44
      39
      35
      41
      37
      45
      35
      47
      38
      32
      44
      48
      49
      48
      35
      43
      42
      37
      39
      43
      29
      44
      50
      44
      47
      39
      51
      48
      35
      34
      38
      41
      36
      40
      49
      29
      39
      28
      45
      39
      32
      55
      30
      43
      33
      40
      43
      46
      43
      40
      40
      41
      42
      42
      25
      45
      47
      35
      40
      32
      40
      40
      36
      42
      29
      33
      37
      41
      51
      46
      27
      41
      40
      37
      39
      38
      32
      36
      35
      37
      40
      37
      38
      39
      40
      33
      38
      36
      32
      27
      40
      47
      36
      47
      39
      38
      52
      40
      45
      41
      32
      35
      40
      43
      38
      37
      38
      48
      35
      29
      47
      38
      43
      34
      42
      42
      34
      41
      41
      34
      37
      48
      30
      36
      46
      39
      33
      44
      32
      37
      36
      38
      48
      32
      31
      34
      32
      45
      30
      35
      33
      35
      42
      31
      33
      38
      44
      31
      31
      49
      35
      39
      32
      42
      39
      41
      37
      34
      36
      37
      40
      34
      37
      33
      30
      52
      41
      36
      29
      39
      29
      44
      44
      33
      39
      31
      33
      40
      33
      33
      46
      33
      37
      37
      43
      30
      31
      33
      28
      41
      36
      32
      47
      34
      44
      44
      36
      36
      39
      37
      39
      40
      44
      43
      35
      34
      38
      29
      28
      29
      35
      30
      50
      51
      21
      33
      56
      37
      30
      34
      30
      34
      37
      45
      35
      37
      40
      32
      36
      35
      40
      31
      33
      33
      39
      38
      34
      30
      26
      38
      21
      34
      38
      47
      43
      37
      40
      29
      36
      39
      33
      31
      33
      53
      26
      37
      41
      39
      49
      31
      36
      36
      40
      34
      34
      23
      43
      54
      36
      44
      40
      38
      45
      40
      38
      31
      31
      34
      29
      32
      22
      24
      23
      40
      29
      21
      45
      24
      33
      29
      40
      31
      33
      30
      43
      37
      32
      37
      38
      38
      36
      34
      26
      24
      39
      29
      22
      28
      29
      40
      28
      35
      34
      35
      31
      22
      31
      32
      30
      34
      25
      34
      39
      27
      37
      34
      41
      25
      25
      29
      42
      38
      30
      40
      38
      24
      31
      35
      26
      26
      27
      34
      33
      34
      32
      34
      21
      27
      29
      27
      30
      22
      28
      28
      34
      33
      28
      34
      29
      33
      34
      31
      33
      33
      38
      32
      28
      33
      21
      21
      27
      26
      23
      24
      22
      32
      24
      30
      24
      25
      35
      26
      27
      34
      36
      25
      17
      39
      22
      28
      24
      33
      30
      27
      29
      30
      31
      35
      32
      27
      23
      40
      32
      30
      32
      22
      28
      24
      21
      33
      30
      24
      20
      25
      30
      39
      20
      35
      26
      28
      35
      40
      33
      23
      21
      29
      23
      27
      22
      22
      41
      32
      23
      19
      20
      29
      26
      27
      35
      35
      28
      36
      22
      26
      18
      28
      28
      16
      31
      31
      28
      26
      31
      25
      30
      23
      23
      30
      19
      27
      21
      30
      27
      32
      20
      34
      25
      26
      25
      30
      24
      32
      31
      26
      21
      27
      19
      23
      19
      23
      30
      23
      26
      28
      26
      22
      36
      21
      15
      23
      17
      18
      25
      30
      21
      27
      27
      33
      27
      28
      24
      26
      19
      21
      34
      19
      37
      30
      26
      31
      19
      22
      27
      14
      28
      25
      25
      27
      26
      23
      21
      23
      21
      20
      19
      22
      24
      26
      23
      23
      26
      26
      23
      15
      27
      26
      22
      28
      27
      30
      20
      15
      17
      26
      24
      28
      20
      29
      24
      25
      21
      29
      24
      17
      31
      22
      14
      29
      17
      33
      22
      16
      25
      18
      19
      25
      25
      23
      24
      24
      12
      21
      20
      22
      26
      21
      21
      18
      21
      18
      22
      18
      23
      24
      14
      26
      21
      17
      15
      20
      24
      20
      22
      20
      18
      19
      19
      18
      16
      19
      32
      13
      11
      22
      17
      14
      15
      23
      14
      23
      16
      24
      17
      17
      23
      16
      25
      18
      20
      22
      23
      19
      21
      20
      29
      20
      24
      21
      14
      26
      25
      20
      27
      19
      22
      21
      13
      21
      21
      30
      14
       9
      19
      15
      20
      22
      23
      16
      18
      21
      24
      27
      17
      18
      26
      16
      20
      22
      12
      23
      22
      16
      13
      23
      15
      25
      18
      25
      23
      17
      17
      23
      13
      17
      30
       9
      20
      14
      22
      18
      15
      15
      16
      20
      19
      24
      16
      21
      13
      22
      20
      14
      21
      18
      12
      19
      17
      18
      13
      25
      19
      16
      21
      19
      13
      21
      13
      23
      26
      10
      23
      12
      22
      24
      21
      15
      17
      15
      13
      18
      19
      16
      16
      16
      15
      19
      17
      11
      28
      23
      18
      13
      22
      20
      21
      15
      22
      19
      21
      21
      15
      21
      13
      17
       8
      23
      10
      12
      20
      17
      11
      22
      23
      10
      22
      17
      17
      19
      23
      18
      22
      13
      13
      13
      13
      16
      18
      21
      17
      19
      12
      27
      15
      16
      17
      14
      13
      22
      17
      16
      11
      24
      16
      11
      16
      13
      18
      14
      24
      12
       9
      16
      21
      10
      19
      18
      18
      18
      17
      21
      21
      16
       8
       9
      20
      13
      15
      12
      15
      16
      17
      13
      20
      12
      13
      17
      15
      16
      16
      19
      18
      16
      19
      14
      19
      16
      14
      17
       9
       9
      15
      18
      13
      12
      15
      16
      13
      15
      15
      16
      15
      12
      16
      17
      18
      20
      12
      21
      17
      20
      11
      16
      14
      14
      17
      11
       9
       9
      14
      19
      14
      14
       9
      18
      14
      19
      20
      16
      10
      11
      11
      15
      18
      16
       9
      15
      12
       9
      24
      21
      14
      11
      11
      17
      11
       9
      12
      11
      15
      13
      18
      14
      16
       9
      12
      11
       9
      15
      16
      11
      12
      14
      12
      14
      20
      12
      18
      14
      14
      18
       7
      11
      16
      15
      13
      10
      21
      19
      13
      14
      13
      13
      14
      14
      10
       9
       9
      13
      15
      12
       7
      10
      26
      12
      11
      10
      19
      11
      12
      11
      18
      12
       8
      12
      14
      13
      12
      20
      13
      13
      19
       9
       9
      15
      16
      11
       9
       8
       8
      15
      15
       8
      12
      13
       6
      15
       6
       9
      11
      10
      12
      20
      10
      18
      11
      15
      14
       6
      10
       5
       8
      13
      13
      10
      16
       7
       8
      13
      11
      12
      16
       6
      20
      16
      16
       8
      16
      17
      15
      12
      18
      15
      18
      17
      14
      19
      14
      14
      12
      12
      10
       7
      12
      14
      19
      12
       8
       9
      19
      22
      10
      20
      16
       6
      13
       8
      12
       7
      17
       9
      10
      13
      12
      14
      16
      18
      20
       8
      10
      17
      14
      12
      14
      14
      11
       7
      14
      14
      16
      14
      11
      14
       7
      13
      12
      13
      17
      13
       7
      13
      11
       6
      13
      14
      13
       9
      12
      16
      11
       9
      11
      17
       9
      11
      11
      24
      10
       9
       7
      10
      13
      12
      18
      11
      17
      16
      20
      12
      20
      17
      12
      14
      14
      11
      11
      15
      10
       9
       9
      10
      16
       8
      10
      13
       7
      16
      14
      18
      14
      11
      16
      16
      12
      13
      13
      13
      18
      14
      17
      19
      12
       9
       6
      15
      14
      12
      16
       9
      11
      11
      14
      14
       7
      11
      17
      14
       8
      19
       8
       9
      11
      13
      11
      11
      17
      14
      13
       5
      15
      12
      10
      11
      15
      14
       9
      14
      10
       8
       7
      14
      13
       8
      12
      15
      13
      17
      13
      13
      10
      11
      16
      17
      16
      11
      20
       8
      14
       9
      14
      11
      12
      11
      18
      10
      13
       9
      10
      11
      16
       9
      13
      13
      12
      19
      15
      10
      13
      14
       6
      12
       9
      12
      15
      13
      12
       7
       8
      11
      12
      11
      16
      18
      19
       8
      16
      14
      11
      13
      13
      23
      12
       8
       8
      10
      17
      14
      10
      14
      13
      14
       7
      11
      13
       8
      15
       7
      13
      13
      13
      13
      12
      15
       3
      11
      12
      13
      17
      10
      11
      10
      19
      10
      13
      15
       9
      10
      14
       8
       8
      12
      13
      11
      19
       6
      15
      14
       9
      15
      15
      17
      11
      17
      12
      16
       6
      14
      20
      10
      17
       9
      22
      15
      13
      13
      13
      14
      15
       7
      14
       9
      15
       6
       9
      10
      13
      17
      23
      11
      15
      16
      13
      24
      14
      15
      13
       7
       6
      20
      16
      12
      15
      18
      20
       5
       9
      11
      12
       5
      13
      14
      13
      10
      18
      15
       8
      18
       9
      10
      13
      16
      11
       9
      12
      13
      15
      16
       9
       7
      13
      14
      11
      10
      15
      14
      16
      15
      15
      12
      11
      11
      10
       8
      13
      15
      10
      14
      20
      14
      17
       9
      12
       8
      13
      17
      10
      11
      19
       6
       8
      11
       9
      16
       7
      14
       8
       9
       8
      14
      12
      15
      14
      14
       8
      10
      16
      14
       8
      14
      12
      11
      10
      13
       6
      10
      13
      13
      14
      15
      17
      13
      10
      10
      13
       9
      10
      11
      19
      13
      14
      15
      12
       9
      10
      16
       7
      18
       5
      14
      15
      16
      13
      23
      12
      14
      11
       8
       8
      13
      18
      20
      16
      11
      17
      21
      10
      10
       4
      14
       8
       7
      11
      14
      15
      11
       6
      12
      14
      16
      10
       6
      17
      16
      10
      15
      13
       5
      16
      12
      20
      11
       7
      20
       9
      14
      16
       8
      13
      15
      12
      10
       7
      13
      12
      12
       6
       7
      15
      13
      17
      13
      13
       9
       8
       9
       8
      10
      16
      11
      20
      12
       5
      12
       8
       9
       5
      10
       9
       9
      14
      10
      14
      12
      11
      10
       8
      18
       9
       8
      13
       7
       9
      16
      13
      10
      10
       5
      11
      22
      15
      13
       9
      18
      16
      19
       8
      16
       9
       9
       5
       9
      14
      15
      16
      16
      12
      14
      13
      11
      14
      11
      10
      11
      12
       7
       9
      11
      15
      22
      18
      14
      13
      12
       9
       7
      16
       7
      12
       3
      16
      10
      12
      14
      11
      12
      10
      19
      18
      16
      14
      13
      12
      12
      12
      13
      20
       9
      14
      16
      11
      14
      10
      14
      17
      13
      14
      11
       9
      16
      14
      15
      10
      15
      13
      12
      13
      17
      10
       4
      11
       6
      15
      20
      12
      11
      20
      12
      18
      11
      13
      19
      12
      16
      23
      14
      11
      12
      16
      15
       7
      15
       9
      13
      11
      20
      13
      17
      12
      12
      17
       9
      14
      15
      10
      15
      13
      17
      13
      11
      20
       9
       9
      16
      12
      11
      21
      11
      12
      15
      13
      14
      13
      17
      13
      20
      12
      10
      24
      12
      19
      16
      16
      13
      20
      13
      13
      14
      15
      17
      13
      17
      21
      13
      18
      16
      18
      17
      10
      11
      13
       9
      13
      15
      23
      12
      17
      13
      14
      18
      15
      14
      12
      13
      21
      11
      17
      11
      10
      23
      18
      17
      19
      18
      17
      12
      20
      17
      17
      24
      17
      11
      19
      11
      11
      14
      11
      22
      16
      15
      12
      20
      14
      16
      21
      21
      14
      17
      16
      19
      24
      20
      18
      13
      18
      21
      19
      19
      16
      20
      10
      28
      14
      14
      10
      26
      17
      14
      20
      23
      20
      19
      26
      15
      11
       8
      23
      13
      20
      28
      18
      16
      25
      16
      21
      23
      38
      19
      23
      37
      36
      26
      31
      51
      43
      51
      77
      72
      71
      91
      98
     126
     125
     165
     184
     251
     262
     275
     350
     469
     514
     608
     758
     950
    1081
    1320
    1545
    1735
    2080
    2292
    2690
    2974
    3236
    3575
    3768
    3986
    4085
    4194
    4161
    4158
    3956
    3747
    3546
    3214
    2822
    2495
    2118
    1858
    1535
    1254
     977
     816
     654
     466
     322
     262
     206
     126
      93
      95
      59
      47
      41
      37
      30
      37
      26
      27
      21
      19
      16
      16
      13
      15
      24
      19
      18
      18
      19
      15
      21
      12
      19
      20
      15
      13
      17
      13
      17
      13
      12
      12
       4
      15
      21
      18
      16
      13
      16
      13
      20
      13
      22
      15
      14
      14
      13
      14
      10
      13
      10
       8
      13
       9
      15
      11
       9
      13
       9
      17
       9
      12
      14
      15
      10
      12
      15
      13
      10
      12
       9
      14
      11
      11
      14
      12
       5
       8
      10
      15
       8
      10
      10
      15
      11
      10
      10
      10
      14
      11
      10
      11
      10
      11
       9
       4
       9
       9
       5
      14
      11
       7
      11
       7
      11
       7
       8
       9
      17
      15
      15
       9
      14
       8
       6
      11
       8
      10
       8
       9
       9
       8
      10
      11
      10
       9
      12
      11
      13
      10
       6
      11
       9
       6
      16
      11
       7
       6
       8
       8
       8
      10
      12
      13
      10
       9
      11
       7
      12
       5
       5
       8
       6
       9
       8
      12
      12
       6
       6
      17
      15
      12
       4
       6
       7
       8
      10
       7
       8
       4
      10
      19
       9
      11
       6
       9
      12
       9
       6
       7
      11
       7
      11
      18
      11
      15
       8
       5
      11
      10
       6
       5
       9
      12
       4
      10
       9
       8
      13
       8
       6
      12
       5
       8
       5
       8
       9
      11
       7
      10
       9
       5
       4
       9
       6
      14
       6
      10
      10
       8
       7
       7
       3
       4
       4
       8
       6
      12
       8
      12
       7
       6
       5
      11
       7
       7
      11
      11
       9
       4
       7
      10
       7
       5
       6
       8
       4
       6
       8
       6
       6
       9
       6
       8
       7
       4
       6
      10
       6
       4
       8
       8
       6
       8
       7
       5
       6
       9
       7
       5
       7
      10
       7
       6
       7
       5
       8
      11
       3
       9
      11
       8
       5
       8
       5
       4
       5
       7
      11
       6
       3
       9
       4
       5
      10
       8
       6
       5
       6
      10
       9
      12
       7
       7
      15
       8
       4
       9
       6
       8
       5
       7
       7
       7
       7
       6
       4
       8
       7
      10
       5
       5
       5
       9
       7
       5
       7
       4
       9
       6
       4
       5
      10
       6
      14
       8
       8
       6
       5
       8
       2
       7
       7
       5
       8
       5
       9
       9
       6
      10
       5
       3
      10
       5
       6
       6
       6
       7
       7
       5
       5
       6
       2
       9
       5
       8
       6
       8
       9
       6
       5
      12
      11
      13
      10
       9
       5
       3
       4
       4
       6
       9
       8
       5
       4
       6
      13
      13
       3
       5
       5
       4
      10
      10
       4
      11
       5
       6
       6
       5
      10
       8
       4
       5
       2
       8
       2
      15
       8
       9
      10
       5
      10
       3
       3
      11
       7
       7
       3
       7
       5
       5
       1
       5
       7
       6
       6
       8
       8
       5
       9
       8
       9
       4
       5
       5
       9
      11
       4
       8
       7
       6
       9
       6
       9
       7
       7
       9
       4
       6
       5
       7
       9
       5
       3
      11
       5
       7
       7
       5
       9
       5
       5
      14
       4
       5
       9
       6
      10
       4
       4
       6
       5
       3
       7
       8
      12
       7
       1
       7
       5
       7
       3
       3
       5
       6
      10
       8
       4
      11
       5
      11
       6
       6
       3
       5
       5
       6
       7
       6
       8
       4
       5
       7
       6
       8
       2
       8
      11
       6
       6
       8
       5
       8
       4
      10
       5
      11
       9
       3
      11
      10
       5
       9
       8
      12
      11
       6
       5
       4
       6
       9
       7
       8
       7
       5
       1
       5
       4
       5
       4
       4
       4
       4
       6
      11
       5
       9
       7
       3
       7
       7
       7
       6
       7
       7
       9
       5
       8
       8
       7
       8
      11
       8
       9
      11
       2
       8
       8
       4
       9
       6
       4
      10
       1
       4
       4
       4
       8
       5
       7
       6
       6
       9
      10
       8
       2
       4
       6
       4
      10
       7
       5
      11
       9
      11
       5
       4
       8
       5
       4
       6
       6
       4
       5
       3
      15
       6
       6
       6
       5
       7
       8
       8
       6
      10
       6
       9
       7
       5
       5
       7
       7
       4
       8
       9
       6
       3
       2
       5
       5
       7
       6
       8
       6
       0
       2
       4
       6
       8
       5
      10
       6
       3
       5
       9
       3
       6
       4
       5
       6
      12
       6
       5
       6
       2
       5
       5
       6
       6
       7
       5
       8
       5
       6
       5
      12
       6
       4
      11
       4
       8
       8
       6
       2
       3
       6
       7
       6
       6
       5
       8
       5
       7
       5
       8
       7
       5
       3
       7
       8
       2
       5
       9
       7
       8
       6
       8
       8
       5
       3
       7
       7
       6
      10
       2
       5
       1
       6
       5
       5
       3
       7
       8
       5
       7
       9
       7
       6
       6
       8
       5
       7
       9
       4
       2
       6
       3
       9
       7
       2
       7
       5
       4
      10
       3
       5
       7
       5
       7
       6
       9
       6
       4
       5
       7
       6
      10
       6
       4
       7
       2
       5
       5
       4
       4
       7
       5
       7
       5
       2
       7
       4
      10
       2
       4
       2
       8
       5
       6
       1
       5
       4
       6
       5
       4
       1
       5
       3
       9
       8
       6
       6
       9
       6
       4
       7
       6
       4
       4
       5
       8
       4
       5
       5
       6
       6
      10
       5
       4
       7
       9
       3
       4
       9
       6
       8
       7
      12
       4
       6
       6
       7
       9
       4
       3
       8
      10
       3
       4
       4
       4
      10
       5
       7
       7
       5
       6
       7
       4
       5
       6
      10
       8
      12
       4
       8
       5
       8
       7
       1
       7
       5
       8
       7
       9
       8
       7
       9
       5
       6
      10
       6
       5
       8
       4
       3
       4
      10
       9
      11
       4
       7
       8
      10
       2
       9
       7
       4
       4
       4
       5
       3
       4
       2
       8
       1
       6
       5
       5
       5
       3
       3
       7
       7
       5
       9
      11
       6
       3
       4
       5
       4
       7
       6
       3
       6
       4
       7
      11
       7
       6
       4
       5
       6
      10
       6
       5
       6
       2
       6
       6
       4
       4
       6
       4
       2
       7
       3
       6
       5
       5
      10
       3
       4
       4
       6
       4
       7
      11
       6
       5
       2
       5
      11
       5
       6
       3
       5
       2
       4
       2
       3
       3
       6
      12
       9
       7
       6
       2
       5
       4
       7
       5
       5
       7
       7
       6
       6
       9
       2
       8
      10
       4
       5
       8
       3
       5
       2
       4
       8
       5
       6
       3
       4
       5
       2
       0
       5
       4
       1
       7
       7
       9
       1
       5
       6
       6
       4
       5
       4
       7
       3
       5
       9
       5
       5
       1
       5
       3
       7
       4
       5
       6
       7
      10
       7
       4
       5
       4
       6
       4
       3
       5
       4
       6
       7
      10
       2
       8
       8
       4
       3
      11
       3
       8
       4
       3
       4
       2
       3
       6
       5
       4
       7
      11
       3
       2
       3
       2
       2
       6
       4
       3
       3
      10
       8
       7
       5
       8
       6
       2
       2
       7
       5
       8
       2
       7
       6
       3
       3
       4
       5
       5
       5
       3
       5
       7
       8
       5
       8
       5
       1
       5
       5
       3
       2
       3
       6
       3
       7
       5
       5
       6
       3
       4
       6
       4
       3
       4
       5
       1
       2
       3
       4
       4
       6
       7
       6
       7
       4
       6
       5
       4
       5
       6
       1
       7
       8
       5
       6
       6
       7
       9
       5
       7
       3
       6
       6
       6
       2
       5
       7
       7
       9
       4
       3
       5
       1
       6
       6
       3
       9
       8
       7
       3
       7
       4
       6
       1
       3
       8
       4
       2
       4
       4
       6
       6
      10
       5
       4
       8
       6
       3
       6
       3
       4
       6
       6
       6
       7
       5
       2
       8
       7
       4
       8
       3
       6
       7
       9
       2
       3
       8
       0
      10
       2
       2
       4
       4
      10
       5
       4
       5
       6
       3
       5
       4
       5
       4
       5
       2
       5
       8
       7
      10
       5
       8
       3
       6
       6
       4
       2
       8
       5
       5
       6
       3
       7
       2
       4
       6
       6
       7
       8
       2
       9
       4
       5
       1
       9
       3
       4
       7
       3
       5
       5
       6
       5
       4
       7
       2
       3
       6
       6
       6
       7
       5
       6
       6
       9
       7
       5
       5
       2
       7
       6
       8
       3
       8
       4
       7
       6
       5
       6
       7
       4
       8
       5
       7
       6
       4
       5
       7
       4
       4
       5
       4
      10
       3
       3
       5
       7
       5
       3
       5
       3
       8
       8
       2
       7
       4
       3
       6
      13
       7
       6
       3
       5
       3
       5
       7
       7
       2
       4
       2
       4
       4
       4
       4
       4
       6
       8
       5
       3
       9
       9
       2
       2
       5
       7
       4
       5
       3
       9
       4
       6
       3
       6
       5
       7
       5
       7
       8
       6
       9
       6
       4
       5
       2
      10
       5
       2
       8
       5
       7
       6
       6
       1
       2
       6
       6
       5
       3
       7
       4
       3
       2
       6
       4
       3
       2
       4
       6
       2
       5
       1
       6
       7
       5
       6
      10
       4
       2
       4
       4
       4
       4
       8
       7
       5
       8
       4
       5
       2
       6
       2
       6
       3
       5
       6
       4
       4
       5
       6
       3
       2
       2
       3
       4
      10
       5
       9
       5
       6
       4
       0
       3
       6
       3
       4
       2
       1
       7
       4
       3
       6
       7
       2
       3
       4
       4
       3
       7
      10
       4
       5
       5
       3
       5
       4
       1
       2
       2
       5
       3
       4
       6
       5
       7
      10
       8
       4
       3
       5
       3
       6
       3
       1
       4
       9
       4
       7
       6
       4
       7
       6
       5
       7
       4
       5
       3
       2
       9
       3
       5
       7
       4
       6
       1
       2
       6
      11
       6
       9
       4
       6
       0
       3
       5
       6
       2
       4
       7
       7
       6
       4
       3
       3
       5
       7
       3
       8
       9
       5
       6
       4
       1
       5
       5
       7
       7
       4
       4
       3
       4
       6
       4
       4
       5
       4
       4
       6
       5
       4
       1
       4
       5
       5
       7
       2
       7
       5
       2
       3
       4
       4
       8
       4
       5
       7
       1
       2
       9
       4
       8
       3
       5
       3
       5
      10
       6
       4
       8
       1
       5
       8
       3
       3
      11
       3
       3
       7
       4
       6
       4
       4
       7
       6
       4
       7
       6
       1
       5
       7
       3
       4
       2
       7
       8
       4
       7
       8
       6
       5
       7
       2
       2
       1
       4
       5
       5
       2
       3
       5
       3
       7
       3
       3
       3
       3
       3
       5
       5
       3
       2
       9
       8
       6
       8
       5
       6
       6
       6
       6
       3
       3
       3
       6
       5
       2
       7
      11
       5
       5
       1
       2
       8
       6
       6
       4
       2
       5
       5
       3
       4
       5
       3
       5
       2
       5
       3
       9
       3
       9
       9
       6
       4
       1
       2
       3
       9
       7
       7
       9
       6
       3
       4
       6
       4
       4
       6
       5
       6
      11
       6
       2
       6
       3
       6
       3
       7
       3
       2
       3
       5
       2
       3
       7
       6
       4
       7
       4
       4
       7
       3
       3
       2
       3
       3
       5
       8
       6
       5
       6
      10
       5
       6
       6
       5
       6
       9
       2
       5
       8
       2
       3
       8
       2
       3
       3
       2
       2
       5
       6
       4
       6
       3
       6
       6
       4
       9
       7
       5
       7
       5
       3
      10
       5
       5
       5
       3
       9
       4
       3
       5
       4
       3
       9
       5
       6
       5
       4
       1
       4
       6
      11
       7
       5
       7
       5
       5
       3
       9
       7
       3
       7
       6
       8
       3
       3
       6
       5
       3
       4
       0
      11
       8
       4
       5
       1
       5
       8
       2
       8
       9
       8
       6
       6
       4
       7
       7
       8
       7
       3
       5
       7
       8
       5
       5
       1
       9
       7
       4
       4
       4
       4
       3
       5
       8
       4
       4
       4
       8
       4
       4
       5
       6
      10
       5
       5
       5
       3
       4
       7
      10
       5
       3
       4
       5
       4
       6
       5
       7
       7
       6
       3
       5
       5
       3
       9
       6
       7
       3
       5
       5
       4
       2
       6
       4
       6
       5
       4
       6
       1
       3
      11
      10
      11
       9
      17
      17
       9
      13
      16
      21
      16
      18
      12
      20
      12
      16
      19
      24
      17
      14
      12
      16
      13
      14
      11
      10
       3
      10
       6
       7
       8
       8
       7
      10
       5
       7
       7
       5
       6
       4
       5
       4
       8
       2
       7
       6
       2
       0
       5
       1
       4
      10
       2
       4
      14
       3
       3
       6
       3
       3
       4
       2
       1
       5
       4
       2
       4
       5
       3
       2
       2
       2
       5
       6
       7
       9
       3
       7
       4
       7
       2
      11
       2
       9
       4
       5
       1
       8
       4
       8
       9
       3
       4
       4
       4
       5
       6
       3
       7
       3
       3
       7
       6
       3
       7
       4
       1
       4
      10
       9
       5
       2
       1
       3
       2
       3
       3
       4
       6
       4
       4
      12
       5
      12
       7
       7
       4
       3
       6
       2
       2
       4
       7
       4
       2
       2
       2
       2
       6
       1
       2
       7
       7
       6
       4
       4
       3
       3
       5
       7
       6
       5
       4
       8
       3
       4
      10
       4
       1
       5
       6
       6
       4
       2
       6
       4
       7
      10
       6
       3
       4
       5
       5
       7
       5
       3
       4
       2
       5
       4
       1
       5
       3
       4
       5
       4
       5
       5
       3
       5
       4
       9
       5
       5
       2
       2
       5
       4
       7
       1
       5
       4
       3
       3
       5
       2
       4
       3
       4
       5
       3
       3
       4
       3
       4
       3
       5
       2
       1
       7
       4
       4
       4
       2
       2
       3
       6
       6
       3
       0
       7
       3
       5
       5
       5
       5
       0
       5
       8
       8
       3
       5
       9
       3
       6
       3
       2
       4
       7
       4
       3
       4
       3
       4
       2
       6
       5
       2
       5
       5
       4
       5
       1
       2
       5
       6
       2
       5
       4
       4
       6
       2
       9
       6
       3
       7
       7
       4
       4
       1
       5
       2
       4
       1
       2
       0
       4
       7
       7
       3
       2
       8
       2
       3
       3
       6
       4
       5
       4
       7
       7
       2
       6
       6
       4
       2
       8
       4
       5
       6
       3
       2
       5
       5
       3
       6
       3
       3
       5
       2
       6
       6
       4
       7
       6
       4
       4
       1
       4
       5
       8
       7
       6
       2
       9
       3
       4
       5
       3
       3
       4
       7
       9
       3
       3
       7
       4
       4
       2
       5
       3
       8
       4
       1
       1
       2
       7
       7
       2
       6
      10
       4
       6
       7
       5
       2
       9
       1
       2
       3
       5
       4
       2
       5
       8
       8
       1
       5
       3
       5
       8
       6
       4
       4
       4
       6
       3
       4
       3
       3
       6
       3
       3
       3
       5
       6
       5
       7
       4
       6
       7
       6
       5
       3
       4
       5
       3
       4
       5
       5
       4
       4
       5
       4
       3
       1
       3
       3
       5
       6
       0
       3
       4
       6
       5
       7
       4
       5
       8
       5
       5
       4
       3
       7
       3
       5
       3
       4
       7
       4
       3
       2
       2
       5
       7
       4
       5
       4
       3
       2
       3
       4
       4
       2
       2
       3
       4
       3
       3
       4
       5
       2
       5
       2
       5
       2
       3
       4
       3
       6
       8
       4
       5
       3
       8
       2
       1
       5
       6
       2
      10
       2
       5
       3
       6
       4
       2
       4
       4
       3
       3
       5
       4
       2
       4
       5
       6
       3
       2
       3
       4
       7
       4
       6
       5
       3
       4
       6
       2
       6
       1
       4
       5
       6
       7
       2
       2
       2
       5
       5
       3
       4
       1
       7
       5
      10
       4
       6
       2
       7
       0
       2
       4
       3
       7
       1
       4
       7
       5
       3
       5
       4
       7
       2
       3
       6
       7
       4
       4
       3
       2
       2
       5
       7
       1
       3
       4
       6
       3
      10
       2
       4
       1
       6
       7
       2
       7
       3
       6
       5
       4
       4
       6
       6
       8
       5
       8
       2
       2
       3
       0
       5
       5
       8
      10
       6
       3
       6
       5
       5
       3
       6
       4
       6
       3
      12
       7
       7
       2
       3
       2
       7
       7
       4
       4
       3
       5
       7
       3
       3
       2
       5
       4
       5
       5
       0
       2
       4
       2
       6
       3
       3
       9
       2
       7
       5
       7
       1
       3
       8
       2
       6
       5
       4
       5
       4
       3
       5
       2
       4
       5
       3
       5
       3
      10
       5
       6
       1
       4
       4
       3
       6
       7
      11
       7
       6
       9
       4
       2
       4
       6
       5
       4
       4
       8
       5
       6
       4
       3
       4
       3
       3
       2
       5
       9
       5
       2
       2
       5
       4
       4
       5
       6
       1
       4
       4
       4
       6
       3
       9
       7
       2
       4
       9
       3
       3
       1
       5
       3
       3
       5
       6
       2
      10
       5
       6
       2
       3
       4
       7
       3
       5
       3
       7
       3
       5
       5
       5
       4
       5
       1
       2
       6
       1
       6
       6
       4
       2
       6
       2
       5
       5
       2
       7
       6
       3
       2
       5
       1
       5
       3
       6
       4
       4
       9
       6
       6
       5
       9
       8
       5
       5
       1
       4
       6
       3
       2
       6
       6
       3
       3
       2
       6
       4
       4
       6
       5
       1
       9
       2
       4
       4
       5
       8
       5
       6
       7
       6
       5
       4
       7
       6
       9
       3
       2
       5
       4
       4
       3
       1
       4
       6
       4
       2
       3
       8
       8
       7
       5
       7
       5
       3
       5
       5
       8
       4
       9
       3
       8
       5
       7
       5
       8
       4
       3
       5
       4
       1
       1
       3
       4
       6
       4
       4
       3
       4
       4
      10
       9
       3
       9
       7
       5
       5
       5
       8
       5
       5
       4
       4
       3
       4
      11
       3
       6
       8
       4
       6
       4
       3
       6
       4
       4
       4
       3
       2
       5
      11
       2
       4
       2
      11
      10
       6
       5
       9
       3
       6
       5
       6
       5
       5
       5
       4
       3
       4
       7
       6
       5
       1
       3
       6
       2
       5
       9
       4
       1
       7
       4
       3
       7
       4
       8
       7
       9
       4
       3
       6
       8
       7
       0
       2
       4
       6
       4
       4
       4
       7
       6
       7
       6
       7
       2
       2
       9
       8
       8
       6
       6
       3
       6
       1
       3
       7
       7
       3
       4
       5
       5
       3
       3
       2
       4
       8
       2
       6
       7
       6
       5
       3
       4
       4
       9
       3
      12
       5
       3
       4
       3
       7
       3
       5
       2
       4
       2
       7
       5
       7
       6
       4
       4
       7
       2
       8
       2
       6
       3
       6
       2
       4
       3
       3
       4
       5
       3
       2
       8
      10
       3
       2
       4
       2
       4
       4
       3
       6
       5
       5
       5
       6
       7
       3
       6
       6
       8
       3
       3
       6
       6
       3
       4
       9
       6
       6
       4
       4
       8
       7
       4
       7
       1
       7
       5
       4
       4
       5
       5
       5
       7
       6
       5
       7
       7
       2
       5
       3
       6
       7
       9
       5
       5
       3
       6
       6
       5
       3
       9
       7
       4
       3
       5
       4
       6
       5
       5
       4
       3
       2
       6
       4
       4
       8
       5
       4
       4
       7
       4
       1
       7
       6
       5
       4
       6
       5
       7
       5
       4
       5
       3
       7
       5
       2
       3
       6
       2
       8
       5
       7
       2
       2
      13
       4
       6
       3
       2
       8
       2
       4
       6
       6
       3
       6
       5
       4
       7
       4
       6
       3
       5
       4
       5
       5
       3
       7
       4
       7
       4
       5
       3
       7
       8
       5
       4
       1
       6
       3
       1
       4
      12
       1
       5
       3
       3
       6
       4
       6
       2
       4
       5
       3
       4
       2
       5
      10
       2
       3
       5
       5
       9
       4
       5
       3
       1
       4
       2
       3
       1
       2
       3
       8
       5
       3
       4
       6
       3
       6
       8
       2
       7
       4
      10
       7
       1
       7
       3
       3
       3
       8
       3
       6
       4
       6
       1
       7
       1
       6
       3
       1
       9
       9
       9
       2
       4
       2
       4
      12
       6
       4
       4
       6
       2
       5
       4
       5
       4
       2
       8
       2
       7
       3
       1
       3
       4
       3
       7
       6
       6
       3
       1
       3
       4
       6
       2
       4
      10
       5
       2
       6
       6
       1
       3
       1
       9
       3
       4
       4
       3
       7
       4
       4
       1
       5
       5
       2
       4
       1
       3
       6
       4
       6
       3
       4
       7
       6
       5
       8
       2
       4
       6
       2
       6
       4
       3
       7
       3
       2
       3
       4
       5
       3
       2
       6
       2
       1
       6
       2
       5
       8
       3
       2
       9
       3
       2
       5
       3
       8
       1
       6
       6
       2
       4
       2
       5
       6
       5
       4
       2
       3
       2
       1
       4
       3
       7
       6
       2
       4
       2
       2
       5
       6
       2
       2
       1
       3
       3
       3
       4
       3
       5
       6
       8
       2
       7
       2
       7
       4
       4
       6
       5
       3
       4
       5
       1
       2
       9
       8
       4
       3
       4
       4
       8
       6
       3
       2
       3
       4
       4
       4
       3
       5
       3
       8
       7
       2
       3
       6
       4
       3
       2
       4
       6
       1
       8
       8
       4
       6
       4
       2
       5
       3
       5
       1
       2
       8
       3
       6
       7
       3
       5
       4
       8
       4
      10
       3
       4
       5
       1
       5
       6
       3
       3
       6
       2
       4
       5
       4
       4
       6
       5
       6
       7
       0
       6
       6
       2
       5
       3
       5
       3
       3
       5
       5
       6
       4
       7
       3
       4
       7
       2
       3
       6
       4
       4
       5
       7
       5
       0
       4
       3
       3
       3
       3
       5
       5
       4
       3
       3
       6
       3
       4
       3
       2
       2
       3
       4
       3
       1
       2
       0
       8
       3
       3
       3
       5
       2
       6
       3
       5
       2
       2
       4
       7
       4
       5
       6
       1
       5
       3
       4
       3
       0
       7
       5
       3
       6
       7
       2
       3
       4
       5
       3
       3
       3
       2
       6
       3
       4
       1
       3
       2
       2
       4
       4
       4
       2
       4
       1
       7
       3
       5
       6
       3
       4
       5
       3
       4
       6
       3
       2
       1
       4
       4
       4
       9
       5
       5
       3
       4
       3
       6
       4
       4
       7
       5
       4
       4
       4
      10
       3
       4
       4
       1
       3
       2
       2
       4
       8
       4
       1
       2
       2
       1
       1
       2
       4
       4
       1
       6
       2
       0
       0
       0
       0
       0
       0
       0
       0
       0
       0
       0
       0
       0
       0
       0
       0
       0
       0
       0
       0
       0
       0
       0
       0
       0
       0
       0
       0
       0
       0
       0
       0
       0
       0
       0
       0
       0
       0
       0
       0
       0
       0
       0
       0
       0
       0
       0
       0
       0
       0
       0
       0
       0
       0
       0
       0
       0
       0
       0
       0
       0
       0
       0
       0
       0
       0
       0
       0
       0
       0
       0
       0
       0
       0
       0
       0
       0
       0
       0
       0
       0
       0
       0
       0
       0
       0
       0
       0
       0
       0
       0
       0
       0
       0
       0
       0
       0
       0
       0
       0
       0
       0
       0
       0
       0
       0
       0
       0
       0
       0
       0
       0
       0
       0
       0
       0
       0
       0
       0
       0
       0
       0
       0
       0
       0
       0
       0
       0
       0
       0
       0
       0
       0
       0
       0
       0
       0
       0
       0
       0
       0
       0
       0
       0
       0
       0
       0
       0
       0
       0
       0
       0
       0
       0
       0
       0
       0
       0
       0
       0
       0
       0
       0
       0
       0
       0
       0
       0
       0
       0
       0
       0
       0
       0
       0
       0
       0
       0
       0
       0
       0
       0
       0
       0
       0
       0
       0
       0
       0
       0
       0
       0
       0
       0
       0
       0
       0
       0
       0
       0
       0
       0
       0
       0
       0
       0
       0
       0
       0
       0
       0
       0
       0
       0
       0
       0
       0
       0
       0
       0
       0
       0
       0
       0
       0
       0
       0
       0
       0
       0
       0
       0
       0
       0
       0
       0
       0
       0
       0
       0
       0
       0
       0
       0
       0
       0
       0
       0
       0
       0
       0
       0
       0
       0
       0
       0
$ROI:
2
4852 5354
12587 12888
$PRESETS:
Live Time
10800
0
$ENER_FIT:
0.358687 0.099971
$MCA_CAL:
3
3.586871E-001 9.997089E-002 0.000000E+000 keV
$SHAPE_CAL:
3
3.638087E+001 -1.552510E-003 0.000000E+000
