$SPEC_ID:
JKL Model 927 SN 17053844 Input 1 HEC-Cr-HEC-Cr-T30-D100-HPGe1-2
$SPEC_REM:
DET# 2
DETDESC# BULK Model 927 SN 17053844 Input 1
AP# Maestro Version 6.08
$DATE_MEA:
05/11/2026 18:04:45
$MEAS_TIM:
251 356
$DATA:
0 16383
       0
       0
       0
       0
       0
       0
       0
       0
       0
       0
       0
       0
       0
       0
       0
       0
       0
       0
       0
       0
       0
       0
       0
       0
       0
       0
       0
       0
       0
       0
       0
       0
       0
       0
       0
       0
       0
       0
       0
       0
       0
       0
       0
       0
       0
       0
       0
       0
       0
       0
       0
       0
       0
       0
       0
       0
       0
       0
       0
       0
       0
       0
       0
       0
       0
       0
       0
       0
       0
       0
       0
       0
       0
       0
       0
       0
       0
       0
       0
       0
       0
       0
       0
       0
       0
       0
       0
       0
       0
       0
       0
       0
       0
       0
       0
       0
       0
       0
       0
       0
       0
       0
       0
       0
       0
       0
       0
       0
       0
       0
       0
       0
       0
       0
       0
       0
      12
     230
     515
     530
     574
     502
     490
     508
     498
     444
     455
     493
     381
     418
     462
     470
     462
     445
     472
     493
     438
     431
     450
     480
     444
     497
     433
     484
     435
     422
     483
     459
     476
     416
     440
     483
     451
     459
     471
     411
     429
     446
     449
     430
     481
     466
     426
     443
     417
     434
     442
     417
     430
     407
     444
     455
     406
     448
     423
     391
     430
     376
     470
     421
     404
     443
     415
     422
     456
     439
     458
     398
     421
     414
     436
     429
     431
     406
     406
     421
     433
     380
     392
     400
     409
     408
     409
     416
     377
     414
     424
     402
     410
     397
     414
     427
     410
     394
     396
     406
     420
     384
     407
     373
     378
     371
     421
     387
     395
     406
     382
     414
     406
     380
     385
     397
     373
     395
     385
     395
     380
     368
     387
     387
     367
     388
     405
     361
     431
     412
     389
     366
     367
     385
     428
     410
     383
     384
     400
     355
     354
     387
     401
     380
     359
     352
     370
     378
     383
     346
     376
     393
     372
     343
     358
     359
     390
     380
     393
     367
     357
     359
     334
     367
     337
     380
     373
     392
     381
     380
     336
     380
     356
     354
     335
     348
     365
     360
     345
     340
     364
     355
     377
     394
     351
     355
     389
     339
     377
     362
     341
     364
     360
     342
     381
     350
     343
     399
     346
     339
     338
     372
     332
     354
     323
     344
     384
     338
     367
     340
     359
     323
     360
     356
     323
     341
     360
     377
     344
     353
     376
     365
     332
     330
     335
     351
     347
     380
     295
     351
     322
     347
     334
     334
     367
     336
     358
     394
     334
     371
     350
     326
     321
     366
     363
     326
     338
     337
     340
     352
     377
     343
     319
     351
     352
     370
     317
     337
     364
     369
     326
     385
     333
     382
     347
     336
     329
     378
     354
     383
     313
     361
     329
     323
     379
     330
     342
     322
     325
     351
     336
     327
     340
     335
     306
     351
     326
     383
     321
     345
     354
     346
     338
     356
     345
     341
     360
     343
     336
     325
     344
     322
     334
     317
     350
     346
     299
     337
     330
     337
     323
     332
     347
     332
     338
     357
     345
     329
     350
     369
     364
     326
     313
     313
     328
     335
     345
     339
     333
     338
     345
     335
     331
     299
     374
     321
     315
     319
     337
     338
     344
     351
     315
     302
     355
     355
     330
     311
     323
     325
     357
     321
     351
     340
     308
     322
     323
     326
     342
     343
     348
     338
     340
     324
     347
     348
     318
     347
     334
     350
     312
     300
     336
     334
     318
     306
     331
     317
     354
     300
     332
     335
     322
     313
     293
     332
     320
     311
     316
     311
     327
     355
     343
     319
     313
     307
     291
     328
     318
     337
     356
     330
     355
     326
     324
     300
     349
     327
     320
     327
     337
     314
     299
     327
     357
     320
     323
     341
     330
     326
     346
     307
     300
     330
     274
     326
     365
     322
     340
     306
     316
     323
     310
     307
     324
     281
     323
     327
     310
     324
     307
     335
     325
     339
     339
     313
     306
     344
     317
     343
     301
     321
     304
     323
     278
     321
     338
     289
     318
     308
     328
     315
     333
     296
     293
     338
     317
     305
     332
     316
     331
     338
     298
     335
     306
     288
     347
     318
     341
     322
     337
     321
     299
     361
     306
     330
     318
     353
     338
     342
     336
     303
     329
     338
     329
     346
     295
     350
     321
     301
     320
     317
     324
     336
     302
     317
     332
     343
     317
     310
     277
     329
     308
     359
     321
     357
     312
     308
     319
     295
     319
     316
     346
     343
     305
     332
     329
     309
     317
     312
     300
     337
     331
     306
     319
     289
     300
     334
     343
     299
     307
     332
     341
     310
     330
     289
     296
     301
     328
     306
     324
     307
     315
     330
     317
     334
     303
     289
     318
     291
     303
     320
     325
     354
     328
     333
     324
     316
     303
     304
     337
     301
     319
     366
     306
     304
     337
     319
     309
     337
     302
     291
     299
     299
     353
     313
     348
     332
     333
     304
     323
     310
     336
     344
     314
     321
     293
     323
     340
     301
     299
     340
     354
     330
     363
     337
     358
     361
     313
     325
     326
     329
     340
     359
     339
     330
     316
     317
     320
     344
     336
     343
     374
     389
     391
     374
     411
     373
     375
     361
     342
     365
     325
     320
     359
     336
     286
     320
     307
     310
     312
     319
     331
     309
     328
     305
     320
     324
     304
     281
     322
     307
     303
     281
     288
     306
     275
     315
     298
     289
     304
     308
     338
     334
     314
     309
     346
     323
     287
     335
     297
     341
     318
     292
     299
     313
     295
     314
     280
     300
     277
     293
     318
     328
     330
     316
     294
     278
     314
     330
     308
     298
     294
     312
     349
     321
     305
     312
     309
     322
     300
     305
     306
     311
     328
     306
     289
     335
     329
     304
     291
     294
     311
     299
     345
     308
     313
     324
     341
     333
     307
     320
     342
     345
     338
     319
     383
     325
     294
     291
     297
     347
     343
     335
     298
     296
     291
     321
     293
     290
     287
     316
     317
     291
     326
     294
     327
     329
     330
     306
     310
     359
     339
     335
     316
     311
     301
     316
     290
     341
     319
     329
     319
     313
     297
     280
     323
     273
     303
     279
     349
     306
     284
     306
     319
     279
     358
     333
     298
     282
     321
     312
     282
     293
     310
     280
     296
     306
     316
     340
     323
     321
     313
     293
     300
     304
     347
     326
     308
     318
     345
     299
     319
     334
     333
     322
     283
     282
     308
     309
     301
     336
     308
     311
     317
     287
     302
     303
     300
     276
     302
     325
     294
     311
     303
     295
     299
     316
     301
     325
     329
     317
     336
     335
     298
     321
     324
     316
     278
     342
     329
     322
     286
     303
     305
     326
     328
     303
     305
     309
     281
     330
     309
     297
     287
     292
     290
     316
     316
     316
     282
     298
     287
     297
     302
     312
     309
     273
     299
     306
     282
     307
     303
     323
     301
     293
     336
     315
     294
     282
     338
     298
     312
     289
     287
     305
     322
     341
     312
     303
     298
     312
     304
     301
     310
     304
     324
     305
     326
     284
     300
     315
     327
     340
     323
     302
     307
     304
     292
     322
     295
     296
     316
     311
     309
     309
     287
     309
     314
     323
     324
     307
     276
     306
     256
     307
     290
     277
     327
     320
     304
     315
     278
     294
     326
     308
     278
     297
     322
     321
     311
     324
     320
     305
     315
     304
     302
     261
     310
     314
     280
     308
     322
     292
     294
     290
     313
     315
     306
     298
     320
     316
     280
     309
     302
     344
     296
     278
     260
     304
     334
     301
     307
     335
     317
     308
     313
     294
     319
     306
     326
     318
     307
     299
     314
     311
     301
     342
     303
     280
     285
     344
     303
     305
     316
     300
     291
     300
     288
     318
     306
     307
     279
     302
     304
     317
     324
     300
     285
     296
     303
     290
     297
     328
     293
     264
     301
     333
     319
     290
     299
     296
     307
     306
     312
     297
     289
     302
     291
     317
     313
     303
     290
     316
     317
     317
     317
     302
     356
     294
     299
     313
     284
     305
     316
     344
     350
     301
     291
     343
     306
     316
     296
     294
     341
     290
     272
     316
     308
     343
     306
     320
     318
     316
     295
     276
     293
     315
     341
     289
     306
     329
     319
     304
     307
     316
     304
     306
     286
     304
     316
     310
     261
     301
     294
     306
     299
     300
     313
     306
     327
     304
     297
     300
     296
     280
     278
     263
     320
     308
     313
     304
     307
     301
     288
     306
     302
     303
     320
     317
     277
     293
     267
     305
     297
     346
     299
     268
     307
     294
     316
     318
     333
     316
     314
     295
     294
     301
     292
     295
     312
     333
     300
     297
     351
     315
     304
     313
     306
     264
     327
     290
     282
     315
     304
     300
     291
     315
     314
     320
     283
     279
     296
     286
     296
     268
     308
     310
     298
     289
     299
     327
     349
     301
     343
     291
     299
     309
     301
     313
     290
     311
     289
     300
     312
     303
     290
     306
     328
     273
     312
     284
     300
     312
     310
     336
     295
     273
     318
     313
     268
     324
     309
     308
     329
     297
     284
     293
     303
     288
     303
     265
     274
     331
     309
     283
     306
     341
     325
     298
     298
     302
     327
     282
     300
     329
     286
     278
     280
     303
     309
     304
     296
     294
     328
     290
     333
     326
     328
     303
     293
     275
     308
     296
     326
     298
     300
     307
     318
     303
     289
     303
     303
     266
     306
     288
     310
     306
     323
     308
     316
     322
     322
     268
     288
     307
     293
     298
     293
     311
     299
     311
     306
     345
     258
     283
     294
     295
     321
     278
     257
     278
     290
     297
     316
     304
     295
     322
     305
     296
     313
     310
     315
     314
     309
     271
     343
     328
     292
     301
     293
     300
     305
     307
     277
     338
     314
     312
     302
     308
     301
     313
     325
     284
     306
     318
     321
     266
     297
     313
     291
     337
     335
     313
     286
     287
     306
     322
     310
     274
     316
     293
     318
     304
     296
     281
     320
     290
     317
     286
     315
     273
     324
     290
     294
     295
     304
     332
     304
     316
     290
     287
     327
     311
     298
     296
     300
     319
     299
     294
     300
     295
     309
     304
     284
     258
     298
     296
     270
     327
     301
     323
     316
     292
     314
     268
     303
     323
     280
     276
     319
     312
     287
     331
     291
     288
     310
     272
     295
     276
     293
     320
     303
     317
     313
     301
     317
     315
     279
     274
     278
     322
     279
     324
     277
     298
     305
     327
     307
     315
     294
     270
     331
     311
     307
     303
     326
     312
     307
     291
     286
     306
     285
     297
     303
     271
     274
     281
     303
     298
     323
     295
     287
     273
     328
     269
     303
     287
     322
     309
     313
     320
     304
     314
     341
     296
     306
     319
     293
     305
     303
     319
     283
     276
     289
     280
     304
     322
     273
     329
     326
     272
     294
     305
     287
     293
     322
     272
     290
     319
     308
     316
     304
     312
     298
     284
     293
     286
     282
     325
     304
     288
     308
     326
     304
     310
     331
     290
     283
     305
     296
     308
     287
     264
     318
     325
     305
     292
     286
     301
     288
     294
     335
     320
     323
     294
     328
     295
     305
     311
     327
     300
     312
     282
     318
     294
     309
     279
     326
     288
     303
     301
     304
     302
     297
     318
     312
     292
     288
     307
     331
     300
     327
     287
     289
     292
     339
     303
     328
     318
     297
     349
     318
     289
     328
     278
     303
     311
     288
     313
     318
     322
     291
     286
     315
     317
     320
     321
     293
     299
     333
     286
     320
     295
     329
     337
     329
     336
     337
     348
     305
     335
     321
     281
     315
     321
     330
     309
     324
     334
     325
     310
     349
     344
     310
     344
     337
     363
     342
     316
     337
     349
     319
     349
     320
     322
     352
     327
     300
     351
     346
     369
     363
     342
     390
     360
     329
     369
     381
     381
     348
     356
     375
     371
     346
     347
     357
     347
     379
     358
     333
     388
     328
     373
     364
     401
     345
     342
     331
     342
     344
     366
     354
     374
     374
     320
     355
     374
     343
     384
     364
     369
     364
     357
     365
     353
     391
     338
     342
     360
     341
     366
     338
     343
     381
     348
     356
     381
     354
     347
     374
     340
     347
     362
     377
     394
     340
     376
     332
     325
     367
     375
     364
     350
     349
     353
     366
     380
     351
     342
     351
     334
     414
     360
     349
     356
     365
     357
     347
     331
     326
     330
     358
     339
     360
     385
     349
     358
     391
     394
     342
     357
     380
     331
     337
     342
     364
     329
     384
     342
     335
     365
     379
     392
     380
     338
     327
     325
     370
     371
     341
     341
     315
     352
     345
     369
     391
     324
     328
     340
     329
     352
     345
     312
     342
     323
     363
     321
     356
     347
     344
     370
     347
     324
     371
     362
     376
     358
     351
     356
     332
     345
     317
     330
     339
     314
     318
     343
     301
     346
     335
     360
     327
     321
     329
     315
     339
     332
     322
     309
     336
     359
     325
     336
     326
     372
     365
     331
     346
     336
     368
     349
     305
     316
     319
     363
     330
     345
     344
     342
     316
     335
     349
     324
     332
     337
     370
     326
     357
     320
     372
     334
     300
     357
     340
     326
     349
     367
     332
     325
     356
     317
     338
     357
     325
     330
     347
     337
     304
     313
     316
     339
     331
     322
     343
     337
     326
     322
     370
     310
     301
     349
     346
     344
     324
     343
     284
     333
     334
     303
     310
     363
     330
     345
     380
     328
     315
     311
     342
     307
     308
     343
     361
     314
     367
     323
     325
     304
     361
     323
     317
     323
     289
     354
     325
     301
     348
     336
     325
     355
     332
     328
     325
     353
     317
     327
     326
     314
     322
     329
     317
     339
     304
     366
     371
     321
     307
     323
     343
     313
     323
     346
     329
     283
     354
     366
     329
     328
     339
     358
     319
     309
     329
     336
     307
     307
     322
     347
     312
     327
     328
     361
     336
     341
     304
     338
     353
     349
     339
     292
     326
     320
     315
     292
     304
     345
     323
     352
     312
     322
     321
     335
     296
     276
     312
     303
     295
     322
     284
     312
     325
     355
     331
     314
     309
     375
     352
     305
     338
     318
     310
     316
     315
     334
     346
     305
     299
     301
     308
     316
     303
     311
     307
     329
     332
     311
     342
     311
     301
     319
     305
     368
     306
     349
     313
     277
     315
     317
     328
     323
     326
     289
     321
     313
     331
     307
     290
     312
     349
     341
     314
     327
     331
     299
     339
     355
     303
     334
     324
     314
     316
     305
     350
     342
     287
     306
     297
     331
     324
     295
     358
     315
     290
     302
     316
     306
     317
     319
     324
     329
     321
     337
     307
     301
     313
     340
     332
     312
     339
     308
     328
     307
     341
     319
     313
     329
     336
     311
     319
     304
     320
     331
     335
     325
     321
     341
     308
     353
     330
     309
     286
     324
     301
     309
     331
     295
     284
     330
     317
     326
     313
     315
     281
     319
     329
     282
     324
     321
     332
     323
     283
     298
     274
     318
     317
     329
     315
     299
     288
     308
     305
     321
     319
     323
     314
     305
     333
     318
     333
     344
     320
     324
     315
     299
     312
     342
     314
     282
     351
     319
     315
     312
     341
     322
     288
     326
     321
     306
     322
     338
     312
     306
     320
     299
     337
     312
     334
     298
     303
     307
     288
     277
     348
     337
     288
     303
     319
     324
     272
     323
     316
     324
     334
     334
     293
     309
     310
     295
     304
     324
     333
     313
     321
     317
     333
     353
     328
     296
     347
     293
     306
     277
     318
     314
     296
     316
     283
     323
     337
     304
     293
     334
     279
     301
     330
     300
     314
     337
     286
     310
     322
     316
     290
     301
     303
     326
     318
     315
     312
     294
     335
     307
     304
     309
     323
     292
     293
     300
     290
     311
     309
     341
     342
     335
     291
     295
     318
     299
     285
     291
     333
     288
     296
     257
     317
     288
     276
     297
     288
     313
     314
     301
     291
     332
     290
     275
     302
     291
     290
     273
     299
     302
     289
     296
     304
     277
     321
     307
     297
     288
     303
     303
     284
     314
     265
     288
     287
     307
     305
     294
     303
     322
     316
     275
     286
     281
     314
     318
     300
     283
     302
     271
     295
     308
     283
     275
     315
     310
     307
     302
     273
     316
     309
     288
     306
     286
     300
     322
     282
     281
     316
     345
     291
     300
     332
     273
     311
     305
     301
     329
     282
     321
     299
     288
     267
     294
     311
     322
     275
     315
     309
     330
     313
     312
     285
     277
     281
     295
     320
     273
     289
     305
     298
     319
     291
     296
     289
     322
     288
     314
     287
     287
     281
     299
     311
     286
     307
     303
     284
     288
     298
     299
     276
     280
     306
     286
     289
     271
     280
     324
     296
     307
     277
     299
     277
     306
     287
     284
     334
     281
     271
     270
     303
     287
     286
     314
     303
     286
     269
     277
     280
     314
     277
     268
     299
     293
     310
     296
     300
     291
     279
     311
     297
     270
     263
     302
     320
     318
     312
     253
     330
     315
     308
     280
     313
     306
     301
     258
     330
     266
     316
     291
     298
     288
     295
     308
     288
     296
     302
     286
     311
     244
     309
     245
     269
     291
     276
     277
     299
     296
     316
     293
     286
     271
     292
     290
     282
     304
     313
     312
     298
     315
     313
     315
     277
     288
     306
     296
     293
     286
     295
     284
     306
     305
     268
     291
     277
     285
     265
     289
     285
     297
     286
     307
     298
     287
     272
     281
     273
     280
     288
     289
     279
     261
     308
     279
     296
     275
     268
     289
     288
     286
     278
     307
     300
     281
     285
     315
     295
     290
     314
     291
     292
     293
     284
     307
     298
     281
     267
     275
     280
     282
     308
     295
     274
     319
     280
     275
     302
     255
     319
     283
     287
     302
     286
     292
     257
     279
     251
     296
     243
     289
     309
     309
     321
     288
     287
     261
     286
     277
     285
     319
     305
     273
     284
     306
     278
     300
     301
     317
     278
     295
     283
     276
     257
     301
     276
     312
     282
     269
     284
     266
     282
     313
     284
     283
     287
     302
     299
     278
     278
     312
     293
     297
     300
     263
     281
     264
     327
     291
     283
     274
     288
     308
     299
     300
     318
     262
     297
     327
     266
     304
     267
     279
     303
     268
     294
     292
     274
     287
     311
     290
     256
     290
     282
     283
     331
     309
     293
     271
     289
     287
     297
     280
     310
     292
     288
     291
     281
     288
     290
     286
     304
     288
     258
     305
     294
     281
     332
     282
     292
     278
     255
     262
     286
     335
     298
     273
     296
     257
     267
     302
     312
     276
     285
     291
     280
     305
     283
     253
     286
     275
     296
     270
     266
     290
     310
     276
     303
     280
     324
     291
     273
     309
     286
     283
     280
     291
     298
     297
     305
     302
     297
     282
     262
     278
     267
     302
     315
     291
     258
     285
     316
     266
     285
     302
     268
     275
     325
     284
     273
     321
     284
     308
     318
     289
     292
     306
     276
     285
     293
     306
     288
     295
     273
     315
     292
     311
     307
     293
     299
     311
     313
     263
     287
     292
     289
     277
     296
     294
     316
     262
     286
     314
     287
     316
     284
     318
     295
     267
     264
     317
     279
     293
     298
     280
     303
     258
     303
     296
     338
     301
     266
     268
     308
     313
     292
     340
     290
     285
     307
     298
     311
     288
     286
     311
     295
     264
     287
     286
     304
     281
     322
     321
     327
     270
     300
     293
     310
     300
     305
     292
     261
     282
     275
     315
     308
     295
     305
     291
     308
     299
     308
     324
     297
     296
     299
     300
     312
     295
     287
     298
     291
     297
     337
     360
     296
     297
     268
     314
     276
     320
     300
     285
     302
     289
     304
     282
     278
     286
     306
     299
     304
     281
     298
     295
     310
     315
     302
     286
     303
     294
     304
     256
     294
     298
     310
     298
     315
     336
     283
     299
     315
     292
     306
     315
     273
     319
     299
     304
     316
     309
     299
     319
     350
     309
     308
     283
     311
     305
     336
     313
     315
     300
     287
     318
     281
     311
     289
     342
     322
     289
     323
     304
     309
     289
     310
     327
     311
     319
     292
     312
     307
     312
     301
     315
     323
     317
     316
     329
     338
     358
     333
     345
     315
     324
     310
     311
     294
     325
     309
     274
     283
     304
     297
     331
     292
     325
     318
     294
     291
     310
     300
     309
     361
     286
     321
     294
     312
     326
     323
     309
     293
     300
     326
     329
     320
     320
     345
     328
     321
     319
     329
     320
     306
     321
     322
     330
     332
     349
     301
     359
     326
     337
     312
     301
     320
     354
     314
     320
     320
     307
     310
     332
     301
     295
     309
     348
     310
     318
     303
     329
     284
     284
     353
     324
     299
     328
     340
     316
     350
     285
     332
     345
     316
     320
     345
     313
     321
     298
     303
     333
     341
     336
     338
     325
     341
     335
     289
     315
     343
     336
     307
     306
     347
     315
     331
     298
     334
     317
     338
     334
     310
     339
     274
     343
     342
     343
     332
     315
     344
     306
     314
     319
     331
     299
     320
     308
     356
     352
     321
     325
     353
     333
     332
     344
     300
     329
     311
     373
     348
     365
     333
     297
     321
     331
     387
     301
     298
     342
     314
     318
     350
     344
     327
     315
     336
     337
     351
     341
     337
     341
     353
     326
     367
     327
     349
     304
     324
     354
     343
     366
     340
     332
     351
     336
     359
     332
     327
     370
     343
     312
     341
     353
     323
     331
     343
     356
     314
     334
     332
     370
     314
     338
     372
     374
     334
     359
     335
     380
     354
     352
     346
     346
     387
     336
     344
     370
     382
     330
     337
     343
     359
     341
     361
     331
     360
     353
     330
     338
     347
     363
     401
     387
     324
     348
     363
     351
     380
     375
     357
     319
     357
     295
     335
     340
     355
     371
     361
     400
     384
     380
     399
     384
     356
     347
     377
     311
     371
     325
     333
     362
     370
     364
     328
     400
     323
     359
     415
     344
     334
     357
     371
     333
     359
     343
     369
     375
     382
     358
     374
     345
     352
     364
     333
     380
     397
     386
     365
     369
     410
     375
     351
     317
     373
     347
     359
     325
     387
     354
     371
     357
     318
     369
     363
     384
     367
     372
     386
     394
     365
     361
     375
     399
     376
     376
     405
     382
     361
     401
     353
     385
     374
     374
     343
     362
     400
     351
     414
     387
     359
     376
     378
     405
     375
     392
     380
     358
     410
     391
     364
     366
     335
     337
     378
     387
     387
     393
     354
     350
     399
     401
     364
     390
     390
     382
     395
     367
     371
     382
     364
     398
     367
     399
     360
     365
     413
     393
     390
     370
     403
     372
     397
     383
     409
     374
     386
     368
     364
     414
     403
     382
     398
     386
     366
     373
     363
     368
     358
     359
     382
     402
     379
     374
     373
     401
     384
     344
     372
     372
     423
     414
     398
     392
     362
     390
     367
     362
     362
     378
     385
     390
     375
     370
     383
     383
     394
     392
     368
     404
     385
     365
     376
     376
     370
     363
     341
     368
     362
     386
     404
     383
     357
     381
     402
     377
     335
     387
     362
     377
     356
     361
     370
     352
     348
     346
     346
     313
     337
     326
     338
     338
     350
     324
     339
     311
     336
     327
     312
     298
     322
     296
     322
     338
     343
     334
     323
     311
     325
     306
     276
     320
     318
     307
     289
     330
     300
     271
     293
     281
     266
     276
     273
     265
     265
     299
     268
     252
     255
     297
     258
     246
     301
     253
     283
     290
     267
     262
     263
     282
     247
     238
     258
     252
     247
     254
     265
     255
     255
     285
     221
     233
     253
     244
     240
     233
     241
     223
     244
     258
     252
     227
     242
     213
     211
     199
     234
     243
     229
     240
     240
     244
     204
     232
     244
     258
     230
     218
     230
     232
     226
     234
     234
     247
     230
     221
     213
     210
     236
     239
     232
     231
     219
     216
     215
     229
     221
     209
     184
     226
     232
     198
     234
     201
     196
     229
     221
     207
     223
     197
     193
     220
     194
     197
     222
     229
     253
     221
     202
     222
     220
     242
     202
     230
     202
     223
     221
     198
     182
     188
     210
     197
     203
     210
     234
     221
     213
     205
     187
     208
     189
     190
     233
     196
     218
     213
     215
     184
     206
     178
     175
     202
     204
     195
     202
     204
     196
     192
     192
     210
     166
     198
     196
     168
     178
     198
     196
     208
     214
     183
     191
     214
     195
     182
     177
     180
     199
     206
     170
     171
     179
     179
     181
     178
     176
     196
     188
     181
     210
     190
     173
     177
     193
     204
     188
     157
     187
     183
     206
     178
     206
     161
     187
     188
     177
     170
     214
     175
     182
     188
     180
     175
     174
     158
     199
     168
     171
     170
     179
     192
     176
     167
     168
     178
     176
     194
     170
     180
     169
     175
     179
     203
     182
     187
     160
     164
     160
     164
     181
     168
     196
     169
     151
     165
     172
     178
     196
     170
     174
     149
     158
     168
     180
     163
     165
     157
     186
     182
     166
     162
     164
     168
     164
     168
     197
     171
     174
     148
     158
     149
     162
     161
     171
     170
     173
     179
     170
     152
     156
     149
     166
     152
     152
     163
     182
     154
     154
     149
     151
     183
     151
     184
     162
     164
     165
     163
     157
     181
     139
     150
     141
     162
     164
     171
     136
     179
     161
     148
     147
     162
     169
     151
     155
     145
     170
     178
     128
     149
     158
     169
     151
     152
     170
     147
     153
     144
     158
     145
     149
     151
     176
     174
     176
     182
     157
     157
     167
     157
     149
     186
     134
     163
     169
     143
     147
     187
     164
     138
     160
     148
     129
     140
     140
     147
     164
     119
     131
     158
     133
     130
     152
     146
     129
     164
     146
     153
     164
     149
     146
     162
     146
     158
     137
     152
     144
     147
     153
     142
     133
     148
     127
     127
     147
     148
     157
     134
     148
     121
     133
     147
     141
     150
     158
     141
     108
     150
     138
     159
     135
     138
     124
     142
     126
     138
     128
     141
     146
     145
     151
     145
     144
     139
     123
     124
     116
     131
     125
     147
     136
     143
     132
     147
     129
     138
     133
     131
     126
     156
     143
     137
     116
     137
     127
     139
     135
     138
     129
     137
     118
     121
     126
     122
     120
     143
     126
     133
     141
     127
     127
     140
     137
     131
     126
     130
     141
     144
     112
     137
     116
     138
     125
     117
     138
     131
     140
     138
     122
     109
     122
     127
     132
     114
     123
     117
     146
     127
     109
     120
      99
     107
     129
     131
     143
     116
     112
     115
     112
     116
     124
     121
     135
     136
     118
     134
     137
     118
     127
     136
     109
     130
     130
     133
     139
     107
     124
     132
     112
     134
     109
     127
     131
     109
     106
     121
     103
     107
     129
     108
     142
     124
     139
     156
     113
     115
     118
     118
     107
     112
     109
     135
     118
     128
     128
     105
     106
     117
     115
     118
     123
     131
     118
      98
     108
     119
     112
     109
     115
     114
     117
     104
     104
     120
     115
     108
     107
     137
     108
     119
     127
     110
     111
     115
     112
      98
     120
     109
     105
      97
     108
     121
      88
     105
      98
     116
     120
     104
     107
     118
     103
     120
      97
     115
      96
     112
     117
     120
     113
     116
     121
     101
     103
     108
     115
     107
      96
     120
     106
     130
     103
     107
     113
     110
      99
     111
      92
     110
     106
      99
     118
      87
     101
      84
      95
      99
     100
     110
     102
     113
     111
     107
      95
     105
      92
      94
     111
     108
     100
     102
      94
     110
     111
     111
     105
      95
      87
     107
     104
     105
     115
     105
      97
      99
     106
      84
      89
     101
      97
     103
      92
     100
     112
     102
      86
      85
     101
     106
      97
      80
      78
      87
      88
      89
     103
      87
     110
     109
      89
      89
      90
     102
     104
      86
      90
      84
      94
      89
      82
      95
      89
      92
     100
      78
      97
     115
     114
      83
      82
     103
      99
      83
      88
      98
      91
      78
      93
      81
      99
      90
      98
      84
      82
      84
      91
      85
      94
     111
      82
      93
      99
      96
      88
     102
      78
      96
      88
      85
      83
      90
      89
     110
      84
     109
      88
     119
      94
      87
      82
      93
      97
      92
      92
     100
      75
      91
      79
     101
      81
      85
      97
      95
      90
      91
      98
      91
      88
     100
     106
      81
      77
     112
      88
      76
      98
      87
      85
      91
      87
      98
      75
     108
      83
     113
      91
     101
      81
      73
      68
     103
      81
     101
      85
     110
      93
      90
      90
      86
      86
      86
      85
      90
      80
      89
      84
     102
      94
      88
      90
      98
      90
      87
      89
     110
      93
      71
     108
      72
      98
      89
      94
      87
      83
      95
      88
     107
      81
      93
      87
      76
      81
      93
     102
      80
      87
      92
      96
      78
      83
      76
      88
      86
      81
      69
      83
      92
      80
      60
      89
      78
      86
      75
      73
     110
      88
      92
      79
      79
      75
      86
      74
      74
      85
      72
      86
      78
      86
      91
      94
      81
      90
      95
      95
      94
      84
      73
      97
      97
     100
      89
      73
      92
      86
      84
      82
      74
      89
      92
      76
      94
      81
      96
      71
      75
      88
      80
      92
      84
      86
     102
      82
      77
      74
      90
      86
     103
      95
      91
      73
      90
      99
      77
      80
      78
      76
      90
      88
      82
      86
      95
      98
      62
      90
     109
      91
      85
      76
      93
      94
      83
      79
      75
      81
      96
      78
      85
      94
      77
      76
      93
     100
      87
      91
      80
      76
      79
      99
      95
      85
      82
      76
      91
      88
      74
      79
      99
     100
      91
      72
      91
      98
      84
      68
      94
      79
      86
      73
      73
      82
      79
      89
      82
      91
      86
      87
      91
      74
      90
      96
      75
      98
      74
      82
      82
      85
      89
      88
      81
      90
      74
      84
      92
      86
      71
      88
      78
      89
      87
      83
      69
      74
      80
      80
      93
      81
      95
      78
      91
      77
      69
      86
      81
      81
      81
      93
      95
      73
      74
      74
      77
     104
      85
      69
      89
      78
      76
      92
      88
      86
      79
      99
      95
      95
      85
      93
      76
      92
      89
      72
      94
      86
      89
      85
      77
      84
      78
      72
      93
      84
      90
      77
      78
      84
      74
      97
      91
      90
      80
      92
      78
      83
      93
      86
      82
      84
      79
      92
      85
      72
     108
      83
      83
      92
      70
      85
      90
      73
      90
      82
      97
      81
      80
      76
      88
      72
      86
      80
      90
     109
      85
      70
      78
      71
      74
      71
      81
      84
      69
      92
      85
      70
      71
      81
      77
      55
      89
      75
      76
      71
      84
      86
      77
      76
      86
      91
      87
     109
      82
      77
      88
      70
      83
      85
      76
      89
      87
      91
      76
      93
      96
      86
      67
      78
      94
      84
      73
      87
      73
      82
      80
      97
      76
      87
      83
      76
      87
      85
     102
      76
      74
      81
      61
      95
      94
      73
      71
      92
      79
      73
      71
      99
      74
      89
      87
      68
      65
      68
      71
      87
      82
      83
      78
      71
      73
      78
      81
      80
      80
      94
      87
      59
      83
      95
      83
      95
      85
      85
      79
      70
      77
      97
      77
      68
      86
      94
      72
      74
      71
      85
      70
      75
      91
     106
      88
      94
      81
      83
      84
      90
      77
      73
      84
     103
      84
      73
      72
      83
      82
      85
      82
     106
      81
      83
     103
      79
      75
      86
      85
      68
      86
      74
      71
      86
      85
      84
      65
      70
      95
      90
      75
      87
      70
      83
      80
      81
      72
      81
      74
      85
      87
      87
      73
      79
      82
      77
      79
      80
      65
      82
      72
      78
      77
      73
      84
      83
      76
      79
      79
      77
      75
      89
      76
      81
      91
      66
      73
      81
      91
      85
      71
      69
      87
      90
      81
      89
      80
      80
      76
      70
      92
      70
      81
      58
      93
      72
      87
      94
      74
      77
      83
      75
      82
      74
      63
      79
      84
      85
      66
      76
      97
      67
      76
      73
      90
      72
      73
      94
      96
      68
      82
      90
      94
      79
      93
      88
      87
      79
      82
      81
      90
      78
      89
      84
      81
      78
      83
      76
      76
      88
      60
      85
      80
      77
      83
      77
      74
      79
      91
      79
      75
      84
      78
      88
      83
      77
      73
      78
      84
      82
      75
      89
      67
      79
      70
      76
      72
      87
      73
      88
      75
      77
      72
      67
      82
      82
      75
      69
      88
      88
     103
      86
      96
      81
      93
      85
      86
      84
      78
      86
      78
      82
      71
      93
      90
      63
      72
      93
      80
      84
      81
     100
      80
      74
      78
      68
      77
      89
      79
      91
      63
      87
      76
      66
      91
      78
      78
      68
      75
      72
      97
      84
      80
      74
      82
      91
      81
      82
      88
      99
      76
      87
      93
      72
      93
     101
      88
      86
      82
      72
      81
     103
      81
      83
     106
      75
      63
      81
      73
      77
      74
      84
      92
      75
      66
      76
      79
      83
      71
      90
      60
      94
     102
      99
      86
      75
      75
      70
      93
      77
      67
      77
      91
      91
      75
      72
      88
      80
      71
      87
      77
      68
      90
      80
      78
      71
      81
      76
      78
      78
      85
      73
      73
      63
      78
      84
      93
      86
      74
      78
      87
      86
      82
      86
      73
      99
      72
      82
      76
      74
      89
      78
      89
      80
      81
      97
      94
      83
      86
      73
      83
      87
      79
      94
      89
      87
      74
      83
      83
      85
      87
      77
     101
      70
      78
      80
      84
      83
      77
      88
      88
      74
      92
      88
      95
      78
      95
      95
      78
      98
     100
      71
      89
      88
      74
     101
      92
      77
      96
      86
      79
      89
      85
     111
      90
      80
      84
      81
      98
      88
      77
      88
      91
      92
      86
      79
      89
      85
      80
      95
     101
      95
      82
      94
      98
      81
      96
      88
      98
      96
      71
     102
     104
      88
      93
      88
      92
      80
      95
      93
      96
      82
     101
     102
     104
      85
      75
      90
      90
      87
      93
      98
      92
     106
      87
     111
      95
     100
      70
      89
      93
      88
      96
      85
     100
     117
      81
      93
     107
     104
      82
      97
      89
     102
     115
      98
     104
     106
     102
     112
      95
      98
      95
     117
     111
     104
      80
      92
     118
     114
      88
     133
     103
     113
     116
     117
     112
     122
     105
     110
     115
     107
     122
     122
     115
     125
      92
     131
     114
     117
     126
     120
     135
     129
     123
     139
     124
     124
     119
     143
     150
     151
     170
     183
     163
     185
     222
     189
     238
     222
     237
     273
     304
     344
     355
     395
     434
     456
     514
     568
     620
     781
     784
     930
    1085
    1184
    1479
    1696
    1930
    2170
    2592
    2993
    3522
    4028
    4592
    5060
    5888
    6517
    7372
    7959
    8784
    9456
   10275
   10774
   11319
   11649
   12084
   12263
   12580
   13045
   12983
   12713
   12808
   12645
   12373
   11992
   11658
   11293
   10812
   10269
    9570
    8786
    8260
    7397
    6585
    6042
    5236
    4433
    3848
    3357
    2816
    2422
    1976
    1658
    1307
    1130
     929
     774
     659
     557
     444
     375
     349
     335
     288
     252
     219
     215
     203
     196
     152
     186
     161
     143
     157
     133
     124
     111
     115
     116
      93
      97
      91
      91
      74
      86
      90
      82
      95
      92
      74
      68
      81
      78
      59
      71
      74
      82
      72
      90
      93
      62
      62
      75
      65
      71
      70
      61
      69
      86
      78
      65
      67
      70
      63
      74
      55
      50
      71
      70
      47
      62
      59
      55
      69
      50
      64
      56
      72
      56
      63
      54
      52
      55
      71
      67
      70
      54
      52
      63
      58
      50
      60
      50
      58
      54
      59
      66
      49
      46
      44
      67
      52
      48
      49
      58
      44
      66
      51
      41
      51
      39
      52
      47
      61
      55
      53
      49
      44
      40
      59
      45
      51
      54
      54
      51
      50
      52
      50
      52
      44
      57
      52
      60
      58
      51
      53
      56
      56
      49
      38
      62
      44
      59
      54
      63
      63
      53
      50
      39
      57
      55
      51
      57
      36
      58
      44
      57
      46
      42
      38
      52
      56
      61
      41
      41
      52
      43
      50
      43
      52
      66
      65
      63
      47
      41
      59
      46
      57
      46
      44
      54
      42
      48
      49
      44
      46
      64
      47
      45
      47
      49
      47
      47
      50
      41
      56
      46
      37
      53
      50
      54
      51
      60
      44
      42
      37
      48
      52
      47
      49
      38
      51
      55
      41
      59
      57
      40
      54
      47
      53
      35
      47
      42
      38
      36
      42
      35
      30
      40
      42
      45
      55
      44
      38
      57
      36
      43
      42
      50
      50
      35
      51
      50
      46
      32
      47
      51
      48
      43
      56
      44
      33
      37
      48
      44
      34
      32
      44
      45
      40
      44
      62
      46
      33
      47
      49
      56
      53
      43
      38
      44
      41
      44
      51
      39
      54
      33
      32
      39
      39
      39
      54
      54
      41
      56
      50
      42
      32
      43
      52
      34
      42
      47
      49
      39
      47
      36
      43
      38
      41
      37
      39
      45
      44
      41
      41
      41
      59
      41
      47
      42
      36
      33
      33
      44
      47
      45
      50
      45
      34
      40
      43
      39
      48
      42
      34
      47
      52
      46
      46
      42
      47
      42
      51
      40
      36
      52
      52
      51
      46
      37
      51
      40
      47
      51
      36
      62
      42
      43
      40
      32
      39
      38
      42
      42
      50
      36
      48
      42
      36
      40
      46
      49
      45
      43
      44
      30
      39
      36
      35
      38
      45
      45
      41
      44
      40
      39
      36
      29
      39
      33
      49
      43
      37
      57
      37
      43
      34
      43
      40
      36
      45
      36
      51
      56
      47
      42
      47
      46
      36
      41
      33
      38
      48
      45
      54
      35
      44
      49
      40
      41
      55
      42
      37
      41
      39
      39
      42
      45
      42
      39
      38
      32
      35
      43
      38
      43
      43
      35
      41
      33
      31
      36
      56
      34
      43
      39
      52
      46
      33
      43
      52
      48
      47
      51
      34
      35
      53
      41
      36
      42
      45
      27
      42
      38
      44
      47
      43
      41
      48
      43
      33
      47
      47
      46
      46
      39
      40
      39
      44
      37
      49
      45
      43
      35
      51
      43
      40
      41
      34
      51
      39
      52
      48
      51
      38
      34
      43
      51
      48
      45
      39
      33
      45
      45
      40
      37
      42
      44
      50
      39
      58
      55
      27
      51
      30
      40
      30
      45
      39
      45
      46
      39
      35
      43
      41
      26
      52
      38
      32
      46
      52
      42
      34
      37
      44
      40
      48
      34
      45
      41
      56
      43
      35
      41
      31
      37
      37
      43
      40
      36
      40
      40
      48
      40
      54
      46
      41
      38
      32
      42
      33
      49
      55
      55
      41
      42
      43
      34
      48
      45
      42
      44
      58
      53
      40
      36
      32
      41
      36
      36
      41
      34
      40
      42
      44
      39
      43
      35
      41
      29
      49
      52
      46
      40
      52
      41
      37
      47
      28
      40
      43
      49
      43
      47
      48
      39
      44
      29
      39
      37
      44
      31
      52
      42
      43
      45
      36
      42
      36
      37
      34
      39
      41
      37
      38
      35
      27
      36
      36
      38
      37
      37
      39
      36
      43
      31
      24
      29
      32
      38
      40
      45
      37
      37
      32
      41
      45
      42
      45
      41
      51
      39
      45
      39
      39
      39
      41
      39
      39
      29
      38
      43
      30
      50
      35
      42
      45
      55
      45
      45
      45
      24
      43
      34
      36
      39
      35
      53
      40
      35
      39
      35
      43
      31
      43
      41
      39
      42
      44
      41
      43
      36
      48
      38
      43
      43
      33
      33
      46
      32
      42
      35
      37
      52
      52
      39
      52
      50
      35
      45
      44
      40
      58
      50
      43
      54
      42
      51
      42
      38
      26
      48
      46
      43
      32
      33
      45
      33
      47
      51
      43
      40
      39
      41
      41
      25
      32
      41
      39
      40
      39
      49
      51
      41
      42
      28
      51
      37
      34
      34
      44
      26
      32
      40
      38
      39
      43
      29
      41
      39
      39
      41
      41
      39
      27
      35
      54
      52
      37
      34
      31
      23
      33
      39
      36
      45
      34
      37
      47
      38
      36
      41
      49
      28
      39
      21
      36
      38
      48
      39
      36
      31
      33
      48
      47
      38
      38
      40
      40
      44
      45
      38
      34
      37
      34
      51
      42
      38
      40
      34
      44
      29
      37
      42
      44
      28
      48
      48
      30
      38
      28
      37
      43
      37
      37
      52
      53
      34
      37
      44
      36
      41
      44
      34
      41
      38
      41
      42
      55
      41
      43
      37
      40
      42
      34
      38
      42
      48
      47
      28
      45
      27
      29
      41
      44
      52
      40
      43
      34
      43
      39
      40
      34
      37
      40
      38
      46
      29
      36
      46
      34
      49
      33
      32
      42
      41
      39
      44
      51
      32
      29
      44
      26
      28
      46
      40
      46
      51
      49
      38
      48
      36
      41
      36
      37
      42
      41
      52
      28
      31
      34
      31
      52
      34
      37
      36
      41
      31
      34
      39
      41
      27
      44
      34
      27
      32
      31
      34
      42
      32
      26
      50
      45
      47
      42
      40
      43
      40
      35
      51
      45
      41
      23
      45
      34
      30
      31
      35
      35
      34
      44
      29
      41
      40
      49
      27
      37
      40
      34
      42
      42
      51
      52
      51
      36
      43
      48
      36
      28
      46
      30
      32
      39
      51
      37
      44
      52
      51
      55
      53
      54
      56
      57
      43
      41
      62
      45
      53
      43
      45
      48
      33
      51
      42
      47
      22
      35
      45
      39
      40
      48
      38
      40
      37
      36
      36
      36
      31
      38
      25
      36
      34
      32
      44
      41
      41
      35
      35
      38
      34
      34
      30
      29
      39
      34
      46
      34
      42
      45
      45
      43
      26
      43
      46
      34
      37
      51
      48
      46
      35
      29
      39
      41
      36
      44
      41
      43
      44
      43
      39
      44
      32
      42
      36
      35
      37
      32
      51
      40
      39
      39
      36
      26
      47
      26
      40
      41
      45
      46
      34
      38
      36
      44
      39
      36
      29
      41
      44
      50
      40
      25
      43
      39
      38
      35
      48
      33
      43
      40
      30
      47
      44
      38
      31
      27
      47
      54
      46
      33
      35
      39
      35
      41
      34
      48
      35
      32
      42
      38
      27
      39
      34
      35
      26
      30
      39
      42
      41
      37
      37
      25
      44
      34
      32
      38
      34
      49
      41
      31
      42
      42
      41
      40
      39
      45
      48
      37
      49
      30
      39
      46
      39
      44
      48
      33
      37
      49
      47
      46
      31
      45
      38
      34
      41
      40
      48
      31
      35
      24
      52
      36
      42
      41
      48
      34
      41
      32
      38
      37
      43
      34
      46
      42
      40
      39
      42
      38
      39
      35
      37
      47
      23
      49
      43
      39
      52
      33
      27
      40
      42
      31
      47
      44
      43
      29
      33
      34
      36
      37
      52
      41
      36
      33
      38
      21
      34
      42
      23
      33
      35
      42
      34
      44
      37
      37
      32
      35
      27
      40
      43
      27
      39
      38
      39
      36
      38
      48
      34
      35
      41
      46
      36
      33
      38
      32
      29
      39
      41
      32
      40
      35
      31
      31
      38
      31
      41
      36
      38
      35
      27
      41
      35
      36
      41
      41
      37
      32
      39
      34
      40
      44
      35
      40
      41
      38
      37
      36
      36
      50
      40
      40
      48
      27
      36
      42
      33
      41
      34
      58
      32
      45
      44
      48
      41
      43
      43
      33
      40
      42
      33
      41
      40
      27
      38
      40
      31
      41
      53
      38
      44
      41
      39
      35
      22
      35
      32
      33
      44
      47
      36
      43
      49
      32
      40
      35
      23
      36
      34
      44
      29
      38
      33
      42
      33
      34
      33
      38
      34
      31
      36
      43
      37
      40
      38
      37
      36
      32
      43
      28
      24
      33
      41
      41
      37
      33
      38
      31
      47
      35
      53
      34
      43
      38
      39
      47
      40
      46
      39
      43
      29
      34
      37
      40
      46
      40
      48
      38
      44
      54
      38
      32
      37
      35
      43
      47
      39
      37
      32
      39
      37
      31
      35
      38
      53
      38
      39
      39
      33
      39
      33
      29
      39
      41
      32
      34
      40
      26
      43
      41
      35
      37
      37
      41
      39
      41
      35
      34
      38
      45
      41
      39
      41
      38
      35
      39
      33
      28
      51
      44
      43
      37
      46
      56
      43
      35
      42
      45
      34
      37
      38
      38
      33
      35
      41
      35
      36
      35
      37
      50
      35
      39
      44
      41
      40
      43
      45
      51
      35
      34
      45
      41
      46
      48
      37
      43
      48
      33
      43
      45
      40
      46
      45
      43
      26
      38
      20
      39
      45
      29
      37
      37
      41
      27
      47
      49
      33
      34
      32
      41
      31
      30
      30
      36
      37
      36
      37
      37
      38
      27
      48
      43
      49
      37
      38
      39
      40
      31
      35
      42
      37
      41
      39
      45
      43
      47
      34
      46
      45
      45
      45
      46
      35
      36
      41
      23
      47
      42
      47
      42
      36
      36
      38
      35
      31
      37
      39
      23
      43
      44
      29
      49
      34
      45
      41
      38
      47
      47
      33
      32
      42
      42
      38
      37
      39
      41
      44
      36
      41
      33
      45
      27
      30
      36
      46
      38
      38
      43
      33
      35
      40
      39
      39
      25
      44
      44
      36
      42
      53
      43
      40
      26
      27
      38
      29
      29
      46
      40
      31
      35
      42
      29
      36
      41
      41
      39
      40
      42
      30
      34
      39
      25
      32
      37
      42
      30
      19
      42
      37
      42
      40
      36
      39
      50
      36
      31
      42
      38
      26
      43
      43
      28
      41
      43
      33
      46
      37
      36
      37
      48
      41
      29
      44
      33
      45
      34
      38
      52
      34
      37
      41
      21
      34
      32
      36
      35
      40
      45
      50
      34
      37
      40
      39
      39
      33
      44
      39
      46
      41
      34
      39
      47
      33
      56
      41
      35
      47
      37
      36
      34
      45
      42
      37
      37
      41
      28
      45
      35
      40
      43
      32
      42
      43
      44
      29
      47
      41
      44
      32
      42
      46
      32
      42
      45
      36
      35
      38
      52
      49
      37
      43
      39
      40
      45
      29
      28
      37
      48
      43
      49
      53
      47
      35
      35
      48
      37
      32
      41
      42
      33
      39
      39
      33
      48
      43
      32
      45
      29
      39
      37
      35
      38
      39
      53
      36
      44
      47
      40
      42
      34
      32
      37
      35
      44
      38
      37
      40
      37
      44
      34
      36
      28
      29
      35
      37
      41
      38
      51
      45
      43
      41
      32
      30
      32
      27
      31
      40
      39
      47
      44
      44
      38
      32
      37
      31
      36
      33
      41
      31
      43
      36
      45
      34
      45
      39
      41
      41
      48
      46
      41
      31
      41
      36
      35
      42
      42
      37
      42
      41
      54
      41
      29
      49
      29
      37
      30
      32
      41
      31
      38
      36
      30
      29
      39
      36
      44
      49
      34
      42
      37
      46
      38
      37
      38
      36
      30
      35
      38
      40
      29
      41
      49
      41
      44
      40
      45
      45
      38
      37
      34
      47
      36
      49
      43
      33
      41
      37
      40
      48
      46
      38
      40
      36
      32
      27
      43
      40
      32
      33
      34
      40
      32
      38
      42
      35
      48
      46
      41
      43
      37
      41
      52
      32
      41
      45
      44
      35
      43
      44
      42
      57
      34
      33
      31
      39
      43
      35
      39
      40
      41
      31
      39
      35
      33
      36
      39
      43
      40
      38
      29
      37
      39
      23
      40
      30
      37
      33
      39
      30
      41
      34
      28
      30
      47
      26
      45
      25
      39
      41
      33
      42
      47
      30
      33
      39
      37
      30
      47
      32
      36
      51
      49
      33
      37
      39
      36
      37
      28
      41
      43
      34
      28
      40
      31
      38
      41
      38
      52
      43
      44
      33
      32
      32
      35
      41
      37
      29
      35
      51
      37
      45
      40
      38
      43
      33
      33
      36
      37
      38
      40
      40
      35
      38
      28
      36
      28
      47
      32
      42
      33
      39
      45
      40
      31
      32
      45
      34
      39
      43
      30
      46
      37
      43
      43
      39
      42
      42
      46
      37
      44
      40
      45
      42
      33
      37
      27
      33
      35
      37
      42
      33
      35
      40
      36
      38
      34
      43
      43
      38
      36
      35
      37
      40
      50
      35
      42
      57
      43
      47
      37
      44
      40
      45
      26
      33
      32
      27
      32
      35
      49
      36
      32
      42
      42
      46
      40
      35
      23
      29
      41
      43
      34
      51
      39
      36
      39
      24
      37
      36
      46
      31
      37
      50
      42
      41
      38
      36
      32
      27
      45
      52
      37
      38
      35
      31
      36
      51
      46
      38
      41
      35
      33
      39
      50
      42
      42
      51
      36
      41
      50
      34
      40
      32
      35
      31
      34
      41
      41
      49
      47
      39
      41
      35
      36
      38
      45
      35
      44
      35
      43
      57
      42
      53
      46
      34
      37
      49
      35
      34
      33
      43
      40
      41
      48
      46
      39
      43
      31
      27
      48
      25
      40
      37
      42
      34
      42
      41
      41
      46
      49
      40
      37
      44
      34
      39
      34
      47
      49
      38
      41
      38
      43
      35
      37
      46
      35
      37
      39
      50
      35
      31
      36
      46
      35
      45
      37
      37
      45
      36
      49
      39
      39
      38
      39
      56
      33
      36
      48
      39
      43
      38
      35
      42
      41
      35
      25
      44
      37
      35
      37
      33
      27
      29
      37
      37
      50
      33
      56
      41
      39
      53
      32
      43
      48
      33
      50
      35
      44
      46
      40
      39
      43
      40
      42
      36
      37
      36
      38
      28
      38
      51
      40
      34
      43
      44
      43
      50
      34
      33
      41
      35
      31
      34
      39
      44
      36
      41
      34
      41
      31
      42
      44
      41
      54
      39
      35
      30
      49
      49
      55
      32
      36
      39
      37
      44
      35
      37
      44
      40
      34
      44
      46
      27
      33
      34
      51
      36
      30
      50
      38
      37
      35
      40
      34
      36
      38
      39
      38
      41
      38
      40
      43
      42
      37
      37
      39
      52
      48
      42
      35
      38
      34
      42
      31
      36
      42
      45
      35
      39
      49
      45
      30
      30
      42
      38
      45
      35
      43
      38
      40
      41
      50
      32
      33
      36
      29
      35
      42
      42
      35
      36
      43
      41
      44
      32
      38
      55
      40
      39
      46
      39
      36
      33
      34
      38
      44
      36
      50
      47
      33
      49
      30
      44
      37
      43
      36
      35
      52
      51
      37
      30
      43
      34
      37
      33
      46
      51
      40
      32
      45
      38
      39
      43
      40
      43
      44
      39
      38
      31
      39
      45
      37
      39
      52
      29
      39
      48
      38
      39
      40
      34
      43
      34
      30
      33
      45
      45
      47
      46
      35
      44
      35
      37
      33
      41
      40
      46
      36
      47
      34
      44
      48
      37
      33
      40
      42
      30
      33
      45
      41
      28
      32
      29
      37
      45
      38
      44
      47
      41
      43
      38
      44
      30
      34
      37
      36
      40
      37
      45
      40
      38
      39
      46
      50
      36
      35
      48
      40
      51
      38
      40
      38
      34
      38
      37
      46
      42
      31
      31
      48
      34
      46
      45
      37
      33
      55
      40
      49
      35
      37
      45
      43
      24
      39
      47
      39
      43
      34
      48
      37
      28
      46
      44
      24
      21
      41
      39
      43
      45
      41
      41
      38
      35
      29
      30
      44
      44
      21
      41
      38
      41
      36
      41
      58
      31
      39
      35
      43
      37
      33
      36
      24
      34
      34
      39
      40
      50
      48
      29
      48
      31
      44
      46
      37
      27
      37
      38
      43
      34
      44
      43
      34
      38
      38
      54
      42
      60
      41
      50
      54
      55
      49
      53
      52
      54
      46
      32
      47
      45
      58
      38
      41
      41
      52
      45
      42
      49
      43
      54
      52
      42
      41
      49
      38
      41
      40
      48
      41
      46
      45
      42
      47
      30
      27
      47
      43
      40
      43
      34
      46
      45
      40
      45
      37
      45
      44
      39
      34
      40
      43
      31
      45
      43
      36
      43
      34
      38
      35
      46
      46
      50
      46
      39
      44
      45
      45
      51
      49
      37
      41
      47
      50
      49
      42
      34
      41
      39
      50
      48
      42
      31
      40
      39
      42
      43
      37
      47
      39
      44
      48
      38
      40
      43
      30
      38
      43
      35
      42
      43
      43
      43
      36
      40
      46
      54
      28
      44
      55
      43
      36
      51
      50
      34
      25
      28
      52
      34
      38
      34
      47
      37
      35
      29
      40
      50
      33
      39
      43
      40
      39
      48
      37
      39
      37
      44
      41
      39
      43
      27
      36
      36
      36
      48
      38
      47
      31
      37
      46
      38
      52
      36
      57
      34
      45
      46
      41
      45
      53
      47
      39
      41
      27
      41
      41
      44
      50
      47
      31
      35
      36
      51
      40
      43
      51
      39
      43
      40
      55
      40
      50
      34
      42
      34
      44
      40
      47
      32
      37
      42
      31
      38
      51
      40
      32
      50
      42
      42
      38
      51
      43
      41
      33
      33
      39
      48
      47
      40
      50
      36
      46
      32
      47
      41
      38
      49
      49
      46
      39
      42
      34
      44
      34
      44
      43
      46
      31
      37
      44
      39
      56
      45
      35
      34
      37
      37
      30
      47
      43
      41
      31
      42
      41
      43
      39
      47
      32
      31
      42
      25
      38
      50
      35
      32
      37
      47
      26
      47
      46
      35
      48
      37
      31
      44
      32
      37
      42
      40
      38
      46
      42
      46
      47
      32
      37
      48
      37
      41
      42
      50
      44
      40
      43
      47
      48
      27
      34
      38
      41
      46
      23
      39
      42
      36
      36
      42
      39
      36
      39
      41
      36
      34
      31
      41
      36
      38
      52
      33
      57
      45
      46
      45
      44
      39
      40
      43
      40
      36
      45
      39
      42
      33
      32
      29
      45
      49
      42
      42
      44
      38
      38
      46
      39
      35
      49
      39
      40
      37
      35
      40
      39
      48
      46
      34
      32
      37
      36
      36
      48
      45
      32
      43
      42
      40
      41
      45
      47
      34
      29
      34
      40
      32
      33
      42
      35
      37
      53
      49
      50
      38
      46
      39
      34
      38
      47
      40
      55
      51
      27
      42
      39
      49
      43
      41
      27
      33
      34
      56
      52
      40
      34
      39
      33
      35
      48
      42
      53
      32
      47
      33
      38
      43
      39
      45
      37
      40
      35
      40
      44
      42
      38
      37
      44
      25
      49
      45
      41
      37
      50
      42
      43
      37
      49
      45
      39
      45
      44
      48
      26
      45
      43
      50
      37
      41
      33
      32
      52
      48
      37
      37
      31
      37
      47
      42
      50
      42
      42
      37
      50
      36
      29
      37
      28
      34
      45
      44
      38
      43
      34
      35
      22
      48
      28
      44
      33
      37
      43
      45
      48
      36
      36
      29
      46
      33
      38
      34
      43
      42
      45
      30
      45
      41
      47
      34
      39
      45
      54
      34
      42
      53
      40
      39
      48
      40
      43
      52
      44
      41
      36
      47
      42
      41
      46
      44
      36
      36
      45
      56
      42
      34
      42
      45
      39
      33
      36
      39
      50
      40
      38
      34
      37
      41
      42
      48
      31
      37
      38
      35
      48
      42
      49
      41
      45
      34
      46
      38
      40
      35
      36
      43
      40
      44
      41
      45
      48
      33
      55
      50
      42
      39
      43
      41
      46
      42
      49
      39
      35
      45
      40
      42
      37
      40
      41
      40
      28
      37
      43
      62
      46
      30
      52
      40
      43
      48
      44
      44
      48
      41
      39
      43
      49
      43
      43
      55
      41
      41
      45
      38
      50
      46
      38
      44
      46
      37
      51
      53
      47
      47
      46
      46
      33
      46
      41
      41
      33
      38
      47
      42
      54
      47
      52
      40
      35
      55
      47
      34
      42
      40
      41
      44
      45
      45
      51
      46
      52
      42
      33
      56
      51
      47
      42
      40
      46
      39
      42
      38
      40
      36
      45
      48
      43
      33
      36
      32
      46
      47
      56
      50
      37
      37
      45
      55
      39
      30
      46
      39
      53
      42
      36
      38
      39
      48
      38
      46
      40
      41
      54
      54
      39
      47
      43
      44
      52
      41
      37
      45
      40
      39
      42
      38
      37
      45
      47
      47
      32
      44
      47
      49
      41
      42
      39
      47
      36
      44
      42
      49
      47
      39
      44
      33
      35
      47
      41
      44
      39
      42
      44
      40
      35
      43
      35
      52
      39
      42
      41
      48
      52
      46
      48
      36
      44
      40
      56
      43
      43
      50
      39
      46
      45
      45
      38
      47
      36
      49
      39
      41
      58
      48
      36
      45
      38
      38
      45
      47
      40
      38
      35
      47
      44
      40
      50
      42
      53
      36
      36
      36
      54
      40
      31
      45
      35
      43
      43
      47
      47
      46
      37
      51
      37
      47
      41
      45
      49
      44
      42
      39
      35
      40
      37
      35
      35
      46
      38
      39
      46
      50
      45
      50
      42
      41
      34
      48
      30
      37
      47
      47
      44
      28
      43
      49
      35
      55
      36
      39
      42
      44
      43
      36
      44
      54
      46
      50
      35
      43
      41
      41
      36
      46
      54
      56
      48
      36
      44
      34
      35
      48
      39
      44
      39
      44
      34
      44
      60
      43
      48
      50
      40
      46
      39
      50
      27
      37
      34
      37
      40
      35
      44
      46
      47
      38
      43
      39
      38
      44
      50
      51
      51
      42
      44
      52
      51
      37
      45
      46
      46
      40
      48
      42
      44
      45
      36
      42
      46
      47
      39
      47
      41
      39
      41
      46
      41
      38
      54
      45
      47
      40
      43
      36
      39
      55
      38
      36
      49
      43
      49
      52
      47
      36
      41
      37
      40
      47
      43
      58
      46
      39
      44
      41
      47
      50
      36
      43
      56
      45
      53
      56
      44
      45
      32
      46
      31
      41
      35
      49
      43
      30
      41
      45
      50
      41
      37
      47
      38
      50
      56
      64
      43
      42
      33
      49
      59
      42
      51
      47
      43
      41
      41
      42
      43
      45
      49
      28
      38
      43
      43
      44
      37
      31
      41
      42
      39
      47
      45
      48
      51
      46
      45
      50
      56
      38
      45
      46
      51
      44
      35
      40
      43
      36
      37
      38
      42
      48
      55
      56
      42
      38
      47
      46
      51
      43
      46
      44
      59
      53
      51
      36
      36
      54
      43
      43
      49
      38
      58
      37
      45
      51
      49
      43
      54
      45
      45
      35
      44
      45
      44
      49
      52
      41
      42
      42
      42
      52
      47
      42
      44
      51
      40
      43
      53
      48
      32
      48
      39
      51
      50
      31
      49
      42
      40
      40
      40
      35
      35
      39
      44
      40
      39
      43
      34
      47
      39
      42
      31
      45
      45
      31
      51
      47
      53
      57
      44
      33
      49
      55
      33
      52
      38
      32
      40
      42
      54
      49
      51
      42
      43
      46
      50
      48
      40
      35
      42
      53
      39
      42
      42
      40
      49
      52
      37
      48
      49
      41
      48
      52
      47
      50
      34
      44
      51
      45
      42
      53
      41
      42
      48
      56
      49
      48
      36
      42
      40
      48
      45
      47
      55
      51
      46
      40
      47
      54
      48
      39
      50
      47
      42
      45
      39
      46
      51
      37
      40
      45
      37
      44
      31
      52
      39
      56
      53
      52
      47
      42
      51
      31
      49
      64
      43
      39
      54
      51
      38
      52
      44
      42
      43
      55
      48
      37
      52
      42
      45
      39
      47
      37
      43
      33
      34
      35
      28
      47
      34
      42
      43
      44
      42
      44
      33
      43
      49
      46
      48
      52
      43
      44
      47
      42
      38
      51
      47
      44
      50
      40
      44
      45
      56
      41
      45
      43
      41
      45
      50
      38
      43
      37
      45
      55
      50
      41
      37
      51
      43
      38
      52
      56
      40
      50
      49
      47
      49
      48
      62
      43
      52
      45
      41
      46
      44
      39
      38
      35
      42
      53
      43
      58
      31
      36
      45
      41
      48
      53
      45
      49
      44
      44
      44
      42
      41
      41
      43
      42
      50
      45
      48
      39
      45
      39
      48
      52
      37
      39
      54
      48
      59
      47
      51
      41
      44
      47
      45
      44
      43
      50
      52
      37
      42
      52
      35
      40
      59
      44
      48
      52
      48
      53
      41
      45
      39
      41
      39
      47
      36
      45
      57
      52
      48
      54
      36
      32
      45
      43
      47
      47
      49
      42
      43
      56
      45
      39
      47
      38
      53
      39
      49
      39
      56
      43
      58
      41
      51
      44
      47
      36
      54
      48
      44
      49
      40
      50
      45
      33
      49
      50
      56
      58
      45
      35
      42
      54
      51
      46
      47
      41
      43
      46
      49
      53
      36
      49
      55
      55
      55
      43
      43
      46
      42
      46
      50
      49
      52
      55
      42
      32
      48
      51
      48
      49
      44
      50
      48
      52
      50
      50
      46
      45
      38
      56
      47
      51
      37
      39
      62
      51
      56
      43
      51
      55
      39
      48
      55
      48
      39
      45
      36
      39
      46
      40
      42
      45
      40
      41
      39
      52
      55
      45
      64
      39
      47
      40
      42
      55
      51
      45
      47
      48
      37
      49
      43
      54
      32
      46
      50
      47
      59
      56
      64
      42
      49
      43
      47
      55
      48
      59
      43
      41
      56
      43
      47
      55
      42
      47
      54
      52
      48
      37
      49
      40
      50
      57
      48
      54
      49
      40
      43
      48
      53
      48
      55
      43
      50
      45
      46
      33
      53
      53
      44
      29
      49
      61
      40
      47
      46
      46
      51
      51
      37
      56
      38
      42
      46
      43
      61
      43
      55
      50
      53
      57
      61
      50
      49
      62
      38
      43
      59
      43
      59
      53
      45
      53
      41
      59
      54
      52
      34
      63
      45
      54
      49
      42
      54
      60
      34
      48
      56
      57
      58
      51
      51
      57
      42
      50
      46
      56
      49
      53
      60
      47
      54
      53
      49
      46
      51
      53
      67
      47
      53
      53
      54
      48
      48
      47
      50
      47
      40
      45
      59
      52
      48
      35
      49
      64
      48
      47
      52
      43
      44
      54
      47
      45
      49
      52
      50
      34
      48
      50
      50
      52
      51
      54
      46
      59
      53
      51
      52
      48
      50
      39
      49
      40
      43
      47
      42
      54
      49
      51
      54
      38
      45
      46
      40
      52
      57
      53
      55
      49
      46
      56
      51
      44
      51
      57
      44
      47
      52
      49
      49
      48
      49
      40
      54
      46
      53
      36
      53
      48
      53
      47
      57
      43
      52
      39
      56
      72
      40
      63
      50
      61
      55
      48
      72
      43
      52
      52
      45
      58
      52
      53
      52
      55
      45
      59
      56
      50
      42
      45
      56
      62
      57
      40
      50
      50
      56
      38
      43
      49
      47
      50
      55
      48
      54
      52
      54
      42
      61
      46
      51
      52
      50
      40
      42
      36
      46
      46
      50
      61
      58
      41
      58
      49
      44
      47
      48
      43
      45
      44
      49
      52
      52
      37
      57
      56
      56
      47
      50
      43
      51
      43
      46
      45
      40
      50
      62
      55
      66
      71
      46
      48
      51
      52
      46
      57
      55
      46
      63
      55
      41
      43
      33
      57
      65
      49
      49
      52
      48
      51
      55
      65
      66
      50
      46
      50
      54
      50
      55
      50
      51
      69
      51
      49
      55
      59
      50
      65
      56
      51
      58
      35
      49
      40
      64
      57
      54
      48
      48
      57
      51
      45
      55
      57
      57
      43
      42
      56
      52
      57
      55
      49
      50
      56
      45
      48
      53
      42
      61
      50
      56
      69
      44
      37
      54
      60
      50
      48
      41
      47
      61
      58
      41
      37
      60
      61
      56
      49
      52
      50
      46
      49
      48
      51
      49
      63
      54
      50
      54
      54
      55
      46
      55
      57
      59
      51
      61
      55
      55
      49
      40
      54
      59
      45
      56
      53
      51
      40
      65
      47
      44
      46
      44
      55
      58
      45
      60
      57
      52
      47
      44
      52
      54
      53
      47
      58
      59
      41
      51
      46
      52
      59
      62
      60
      46
      60
      44
      64
      55
      54
      56
      51
      43
      45
      47
      63
      48
      58
      55
      47
      54
      45
      44
      49
      64
      71
      48
      42
      46
      52
      60
      42
      40
      59
      51
      62
      49
      64
      53
      41
      45
      49
      60
      48
      50
      64
      45
      57
      42
      59
      49
      51
      36
      58
      59
      47
      59
      68
      65
      50
      51
      46
      48
      57
      50
      52
      69
      63
      48
      59
      71
      61
      42
      62
      54
      48
      63
      48
      56
      58
      58
      51
      54
      55
      70
      53
      52
      47
      50
      53
      52
      38
      39
      62
      41
      64
      58
      54
      58
      61
      57
      52
      47
      66
      61
      56
      57
      48
      52
      59
      51
      46
      44
      59
      65
      54
      75
      53
      64
      46
      50
      55
      41
      35
      55
      55
      67
      48
      54
      55
      52
      55
      54
      54
      58
      63
      48
      55
      60
      57
      68
      47
      60
      47
      58
      55
      52
      56
      50
      44
      59
      57
      62
      64
      63
      51
      58
      49
      54
      59
      49
      50
      60
      61
      64
      64
      61
      40
      54
      46
      53
      47
      55
      57
      63
      58
      50
      63
      57
      60
      59
      61
      52
      59
      51
      52
      53
      56
      71
      58
      67
      59
      55
      57
      55
      61
      54
      57
      57
      62
      55
      59
      53
      60
      63
      56
      51
      62
      43
      47
      54
      53
      72
      50
      61
      56
      47
      53
      53
      62
      69
      51
      55
      56
      57
      45
      68
      56
      54
      54
      49
      69
      55
      58
      77
      70
      63
      55
      50
      61
      63
      53
      49
      65
      52
      59
      57
      60
      54
      66
      66
      61
      58
      56
      63
      70
      55
      61
      61
      52
      66
      54
      62
      54
      65
      69
      62
      53
      68
      51
      78
      50
      66
      72
      58
      46
      72
      57
      72
      68
      53
      51
      50
      53
      60
      58
      57
      71
      52
      52
      50
      56
      75
      52
      52
      59
      46
      56
      45
      66
      63
      59
      63
      50
      64
      48
      59
      49
      71
      70
      71
      65
      54
      57
      52
      52
      48
      71
      52
      69
      64
      60
      54
      67
      46
      87
      51
      59
      55
      60
      52
      49
      47
      55
      72
      49
      57
      62
      58
      51
      57
      53
      50
      58
      69
      52
      63
      54
      48
      69
      64
      44
      74
      61
      58
      53
      61
      58
      61
      55
      73
      64
      64
      61
      66
      57
      61
      45
      62
      73
      56
      69
      63
      57
      52
      55
      58
      66
      63
      61
      51
      66
      65
      54
      61
      64
      55
      57
      56
      56
      61
      70
      68
      63
      51
      64
      67
      52
      54
      57
      74
      62
      78
      55
      61
      65
      52
      45
      61
      55
      43
      63
      61
      60
      90
      49
      66
      63
      64
      56
      63
      53
      53
      66
      69
      57
      74
      67
      47
      57
      54
      91
      55
      57
      63
      62
      64
      38
      66
      67
      68
      59
      52
      65
      76
      66
      72
      60
      68
      51
      60
      61
      64
      58
      60
      59
      50
      72
      59
      68
      61
      74
      74
      62
      55
      47
      66
      68
      54
      62
      59
      67
      77
      73
      63
      71
      69
      58
      57
      58
      51
      74
      69
      86
      60
      62
      42
      67
      52
      59
      70
      66
      64
      61
      69
      60
      63
      61
      74
      47
      67
      67
      73
      64
      57
      64
      71
      70
      65
      67
      61
      61
      61
      61
      83
      57
      68
      67
      68
      71
      54
      62
      68
      67
      71
      68
      59
      76
      69
      85
      70
      61
      71
      64
      64
      70
      71
      61
      74
      65
      68
      56
      71
      68
      61
      80
      64
      84
      59
      61
      75
      60
      62
      87
      63
      67
      66
      66
      71
      61
      77
      70
      54
      74
      73
      72
      54
      84
      69
      69
      70
      69
      56
      70
      71
      69
      86
      68
      73
      60
      66
      76
      71
      71
      63
      68
      67
      62
      66
      62
      57
      64
      67
      58
      76
      83
      72
      46
      64
      82
      87
      65
      69
      70
      64
      54
      68
      64
      68
      68
      58
      59
      68
      57
      68
      64
      76
      68
      62
      82
      53
      63
      64
      89
      65
      64
      93
      67
      66
      70
      57
      71
      70
      62
      66
      80
      70
      65
      68
      77
      76
      72
      84
      76
      77
      71
      80
      59
      77
      66
      70
      89
      82
      75
      72
      66
      66
      81
      73
      78
      79
      59
      67
      66
      64
      55
      75
      68
      62
      68
      66
      72
      70
      67
      47
      88
      76
      60
      71
      70
      74
      65
      70
      71
      72
      85
      78
      60
      71
      81
      77
      75
      64
      60
      76
      79
      82
      64
      59
      81
      76
      65
      61
      79
      61
      92
      70
      79
      73
      82
      66
      71
      73
      86
      64
      91
      78
      66
      74
      69
      88
      74
      71
      76
      73
      91
      87
      97
      82
      79
      68
      83
      77
      82
      64
      87
      79
      80
      77
      80
      80
      80
      96
      94
      77
      92
      86
      91
      81
      85
      75
      66
      89
      82
      69
      80
      85
      70
      86
      83
      83
      89
      73
      73
      91
      65
      68
      89
      71
      95
      84
      71
      72
      91
      68
      59
      67
      83
      65
      76
      76
      71
      80
      78
      76
      79
      81
      76
      69
      70
      91
      74
      64
      77
      76
      83
      86
      80
      64
      70
      69
      78
      78
      79
      70
      71
      80
      60
      82
      77
      73
      69
      81
      80
      83
      76
      99
      62
      79
      69
      70
      89
      87
      72
      82
      89
     105
      69
      67
      73
      81
      68
      87
      77
      78
      78
      71
      85
      81
      93
      81
      89
      79
      88
      82
      85
      85
      91
      75
      94
      67
      80
      85
      94
      65
      92
      74
      77
      91
      88
      71
      83
      70
      72
      80
      81
      83
      98
      76
      77
      81
      80
      77
      86
      83
      74
      95
      80
      85
      67
      94
      63
      94
      65
      73
      94
      87
      78
      79
      78
      86
      67
      85
      66
      88
      82
      75
      76
      72
      78
      91
      87
      83
      88
      82
      66
      80
      73
      82
      97
      83
      81
      73
      74
      90
      89
      75
      77
      75
      78
      77
      86
      91
      81
      73
      95
      67
      80
      96
     106
      75
      83
      85
      93
      83
      88
      82
      81
      83
      84
      98
      90
      90
      77
      75
      91
      75
      87
      86
      91
      83
      79
      85
      86
      76
      94
      68
      99
      87
      73
      95
      81
      79
      85
      86
      85
      83
      88
      85
      78
      80
      81
      96
      81
      92
      83
      81
      70
      81
      91
      82
      86
      81
      92
      91
      92
      83
      83
      70
      72
      76
      78
      88
      70
      75
      84
      87
      89
      87
     101
      93
      94
      72
      85
      71
      81
      88
      95
      90
      73
      92
      77
      82
     106
      76
      76
      85
      79
     112
      97
      89
      95
      99
      83
      85
      95
     101
      86
      72
      75
      86
      90
      81
      83
      95
      90
      77
      80
      89
      97
      76
      87
      79
      99
      80
      87
      74
     112
      88
      71
     101
      85
      82
      71
      86
     103
      88
      78
      93
      92
      81
      99
      73
     100
      86
      84
      81
      75
      86
      93
      85
      80
      90
      86
     100
      90
      81
      79
      79
      94
      90
      74
      80
      84
      93
      89
      82
      73
      87
      86
      88
      69
      95
      78
      82
      71
      86
      80
      94
      90
      74
      77
      78
      81
      78
      85
      67
      74
      79
      68
      80
      80
     103
      78
      97
      78
      64
      94
      95
      72
      80
      84
      76
      71
      80
      69
      83
      73
      82
      91
      73
      80
      72
      93
      76
      76
      81
      82
      72
      79
      77
      72
      59
      79
      65
      79
      58
      57
      73
      77
      64
      69
      80
      62
      65
      68
      76
      70
      69
      54
      73
      76
      75
      65
      66
      76
      57
      55
      62
      64
      60
      61
      63
      69
      59
      52
      66
      70
      51
      58
      68
      57
      56
      50
      68
      82
      58
      51
      50
      53
      63
      62
      65
      69
      65
      60
      62
      51
      53
      53
      66
      69
      62
      66
      56
      56
      42
      70
      53
      43
      63
      58
      44
      58
      63
      56
      72
      60
      59
      62
      56
      62
      40
      47
      64
      54
      57
      55
      55
      55
      54
      62
      58
      59
      54
      51
      51
      54
      53
      59
      48
      56
      53
      51
      50
      29
      48
      60
      48
      54
      48
      65
      42
      54
      53
      55
      51
      55
      53
      61
      56
      40
      42
      47
      48
      49
      47
      46
      66
      52
      45
      52
      48
      41
      50
      54
      58
      63
      49
      58
      54
      56
      43
      46
      46
      66
      41
      47
      50
      59
      41
      62
      37
      66
      55
      41
      45
      61
      60
      55
      45
      40
      39
      50
      55
      50
      33
      44
      44
      35
      50
      38
      51
      45
      47
      67
      40
      56
      39
      56
      54
      45
      58
      45
      46
      40
      43
      47
      53
      42
      53
      42
      41
      48
      59
      52
      53
      46
      43
      44
      48
      61
      52
      38
      51
      39
      43
      46
      33
      48
      42
      48
      41
      42
      47
      38
      33
      47
      43
      49
      55
      39
      35
      44
      47
      48
      41
      43
      52
      51
      38
      46
      45
      38
      52
      39
      42
      51
      55
      37
      40
      43
      50
      34
      51
      43
      43
      49
      50
      46
      52
      55
      34
      59
      38
      50
      43
      36
      45
      50
      51
      39
      42
      43
      35
      45
      40
      44
      45
      51
      42
      56
      40
      42
      51
      40
      55
      45
      41
      43
      46
      42
      51
      42
      43
      53
      35
      48
      47
      38
      46
      36
      46
      64
      57
      44
      45
      37
      37
      39
      34
      30
      37
      43
      47
      47
      40
      38
      39
      38
      41
      51
      40
      47
      50
      54
      43
      38
      48
      56
      40
      47
      56
      31
      34
      48
      57
      36
      48
      39
      48
      51
      40
      48
      47
      42
      41
      45
      45
      42
      44
      34
      50
      41
      43
      36
      48
      38
      49
      50
      46
      31
      52
      52
      37
      36
      59
      45
      47
      41
      44
      57
      40
      43
      33
      42
      33
      37
      34
      32
      35
      34
      44
      40
      63
      26
      35
      41
      46
      47
      41
      36
      31
      38
      38
      37
      32
      47
      47
      49
      24
      38
      37
      27
      45
      35
      25
      42
      41
      42
      49
      43
      44
      44
      36
      40
      39
      45
      36
      36
      34
      38
      34
      38
      35
      47
      36
      45
      43
      29
      46
      30
      35
      35
      37
      37
      34
      40
      45
      40
      51
      41
      36
      37
      33
      44
      29
      34
      41
      35
      32
      33
      47
      45
      34
      46
      41
      34
      40
      47
      41
      46
      35
      37
      42
      34
      37
      35
      43
      39
      40
      36
      39
      45
      44
      34
      36
      50
      44
      41
      36
      37
      34
      51
      29
      42
      32
      33
      41
      34
      34
      38
      42
      39
      30
      45
      27
      37
      53
      28
      34
      37
      37
      43
      42
      32
      41
      30
      40
      37
      40
      35
      26
      54
      39
      42
      35
      44
      35
      39
      40
      38
      42
      46
      49
      30
      40
      28
      30
      32
      36
      37
      30
      36
      30
      25
      38
      39
      36
      36
      28
      45
      39
      30
      29
      40
      44
      35
      38
      33
      36
      31
      39
      36
      30
      42
      35
      37
      27
      47
      30
      27
      32
      30
      38
      38
      26
      45
      30
      39
      27
      27
      36
      25
      39
      34
      30
      36
      36
      37
      34
      34
      47
      41
      30
      31
      23
      31
      37
      35
      36
      35
      41
      31
      30
      45
      43
      33
      47
      38
      42
      33
      28
      42
      31
      37
      34
      41
      30
      32
      37
      38
      42
      38
      31
      36
      37
      28
      36
      37
      28
      45
      34
      42
      21
      24
      32
      31
      20
      33
      31
      18
      34
      41
      34
      27
      41
      27
      39
      31
      40
      33
      41
      39
      27
      35
      37
      35
      28
      28
      28
      40
      31
      34
      39
      27
      30
      35
      39
      35
      20
      31
      32
      18
      26
      20
      37
      32
      24
      35
      30
      27
      27
      29
      28
      41
      33
      31
      27
      27
      37
      31
      29
      16
      32
      27
      25
      31
      24
      28
      27
      40
      36
      41
      27
      39
      26
      29
      33
      28
      33
      23
      33
      37
      45
      36
      25
      24
      27
      35
      23
      21
      30
      30
      32
      40
      33
      29
      30
      25
      25
      33
      26
      25
      39
      34
      28
      44
      33
      26
      29
      26
      25
      33
      21
      27
      29
      22
      29
      26
      32
      24
      40
      35
      34
      30
      26
      32
      30
      29
      31
      35
      26
      27
      27
      20
      20
      25
      31
      32
      25
      22
      34
      19
      22
      28
      24
      27
      32
      37
      31
      23
      23
      21
      25
      22
      24
      23
      34
      28
      29
      33
      32
      23
      28
      23
      32
      27
      20
      26
      32
      33
      25
      19
      27
      18
      31
      26
      28
      34
      32
      28
      32
      37
      28
      32
      27
      27
      23
      34
      26
      23
      25
      23
      27
      28
      25
      27
      27
      33
      22
      28
      26
      29
      26
      23
      20
      24
      18
      22
      26
      23
      22
      25
      29
      23
      20
      34
      26
      32
      25
      27
      33
      29
      28
      21
      23
      26
      26
      24
      14
      28
      23
      25
      22
      19
      22
      31
      25
      20
      23
      21
      20
      20
      18
      16
      24
      21
      30
      27
      20
      23
      29
      28
      34
      26
      17
      35
      20
      31
      22
      33
      18
      26
      25
      22
      22
      21
      26
      25
      16
      17
      24
      26
      19
      16
      22
      22
      25
      30
      28
      20
      19
      22
      29
      24
      18
      25
      22
      18
      16
      27
      19
      16
      33
      21
      20
      23
      23
      20
      26
      28
      24
      20
      21
      19
      18
      20
      28
      23
      17
      27
      38
      18
      18
      18
      25
      20
      20
      17
      21
      24
      17
      21
      18
      30
      18
      11
      20
      21
      19
      21
      21
      19
       9
      34
      26
      18
      28
      31
      21
      16
      22
      25
      22
      19
      14
      31
      19
      31
      20
      15
      22
      22
      24
      18
      18
      18
      22
      20
      17
       8
      17
      28
      25
      23
      21
      10
      22
      11
      16
      14
      17
      30
      15
      22
      19
      13
      22
       6
      13
      17
      25
      18
      18
      25
      21
      15
      18
      17
      16
      25
      17
      14
      23
      11
      21
      11
      14
      16
      21
      18
      24
      28
      11
      14
      18
      16
      22
      12
      18
      19
      24
      17
      20
      14
      15
      13
      11
      24
      20
      12
      25
      13
      18
      18
      19
      17
      24
      13
      16
      14
      19
      23
      15
      12
      15
      23
      18
      17
      17
      21
      15
      19
      18
      25
      14
      16
      16
      20
      25
      15
      22
      12
      21
      18
      17
      18
      17
      15
       9
      23
      12
      27
      14
      10
      16
      22
      19
      10
      14
      14
      18
      14
      19
      18
      16
      18
      18
      16
      19
      13
      19
       9
      13
      13
      19
      18
      19
      12
      19
      15
      16
      15
      18
      16
      13
      21
      12
      13
      19
      21
      17
      17
      18
      20
      19
      18
      17
      17
      14
      11
       8
      14
      18
      11
      17
      25
      18
      10
      15
      17
      15
      23
      10
      20
      11
      20
       9
       9
      18
      15
      20
      13
      14
      13
      19
       8
      17
      17
       6
      21
      17
      15
      21
      13
       8
      14
      11
      14
      13
      13
      19
      16
      15
      19
      18
      12
      18
      10
      14
      15
      22
      11
      10
      19
      16
      15
      15
      10
      16
      27
      15
      17
       7
      12
      16
      20
       8
      10
      15
      12
      14
      24
      18
      10
      21
      12
      12
      16
      15
      15
      17
      12
      19
      18
       9
      13
      17
      11
      15
      11
      19
      18
      17
      13
      17
      14
      26
      12
      20
      13
      17
      16
      15
      16
       6
      12
      13
      11
      21
      15
      14
      12
      14
      10
       7
      19
       6
      16
      12
       9
      10
      16
      12
      21
      18
      11
      14
      16
      17
      11
      13
      16
      17
       8
      12
      13
      12
      15
      12
      15
      11
      20
      13
      13
      18
      15
       8
      12
      11
      13
      11
      16
      13
      19
      23
      15
      18
      15
       9
      10
      14
      15
      11
      13
      16
      16
       9
      17
      11
      13
      13
      15
      11
      15
      18
      16
      17
      14
      12
      18
      14
      18
       8
      15
      10
      18
      14
      14
      13
      12
       8
       8
      17
       9
      13
      16
      12
      16
      14
      14
       9
      13
      13
       9
      11
      14
      22
      11
      14
      11
      15
      13
      13
      15
      13
      10
      16
      23
      15
      17
      16
       9
       9
       8
      13
       7
      17
      12
      15
      11
      10
       9
      10
      11
      12
      12
      14
      13
      10
       8
       4
      12
       8
      13
      16
      21
      10
      10
      11
      14
       7
      13
      16
      11
      10
      14
      11
      10
      17
      14
      15
      13
      20
      13
      15
      13
      11
      15
      11
       9
       6
      10
      11
      16
       6
       8
      12
      20
      12
      15
      10
      11
      13
      10
      18
      10
      11
      12
      13
      13
       6
      13
      20
      10
      12
      10
       7
      10
      10
       6
      15
      22
      16
      15
      12
      14
       7
      13
      13
      16
      13
      16
      18
      14
      19
      16
      13
      13
      16
      14
      15
      12
      14
      13
      13
      13
      13
      12
      10
      12
      15
      10
      17
      13
      15
      14
      12
      17
      18
      15
       6
       9
      17
      15
      11
      16
      10
      10
      19
      19
       8
      14
      10
      13
      13
      14
      15
      18
       7
       9
      11
      16
      10
       9
       9
      16
      15
      14
      10
      13
      14
       6
      12
      15
      11
      13
      14
      13
      19
      13
      12
      11
      12
       9
       7
      12
      17
       8
      10
       9
      15
      12
      14
      10
      14
      16
      16
      17
      19
      10
      17
      18
      14
      17
      14
       9
      10
      14
      20
      11
      14
      15
      13
       6
      14
      11
      16
      13
      13
       8
      15
      13
      13
      13
       7
      13
      15
      10
      12
       9
      16
      12
      14
      16
       8
      14
      15
      16
      16
      10
      12
      16
      13
      12
       6
      17
      10
       7
      15
      10
      14
      17
      13
      20
      18
      12
      14
      21
      17
      17
      13
      12
       8
       8
       9
       9
       8
      12
      17
      14
      13
      10
      12
      16
      13
      10
      15
      11
      19
      15
      14
      14
      15
      14
      14
      11
      13
      14
      14
      11
      12
      10
      15
      10
      18
       8
      11
      13
      16
      10
      17
      12
      20
      11
      16
      15
      10
      10
       9
      17
      16
       7
      16
      13
      11
      17
      13
      11
      12
      13
      14
      15
      16
       7
      15
      11
      17
      10
       6
      17
      11
       9
      19
      12
       8
      11
      14
      13
      15
      14
       9
      12
      11
      15
      15
      16
      15
      10
      14
      14
      13
      17
      11
      14
      18
      14
      17
      10
       9
       7
      14
      16
      10
      15
      10
      13
      10
      14
      12
      18
      10
      15
      13
      16
      13
       7
      16
      11
      12
      14
      13
      13
       8
      18
      18
       9
      12
      19
      11
      13
      12
      15
       9
      13
      11
       8
      10
      15
      11
      12
       9
       6
      12
      13
      13
       9
       8
      15
      14
      19
      15
       4
       8
      10
      16
       8
      17
      14
      16
       8
      15
      17
      20
      10
      10
      12
       9
      16
       9
      15
      12
      15
      10
      12
      14
      12
       8
      14
      13
      12
      20
      11
       9
      22
      18
      13
      10
      17
      10
      17
      12
      17
       7
       7
      16
      18
      12
       7
      12
      11
      10
      17
      13
      10
      15
      12
      16
      10
      17
      18
      12
      12
      11
      12
      15
      15
      14
      10
      13
       9
      10
      11
      12
      18
      20
      13
       7
      12
      10
      16
       8
       7
       8
      11
      12
      18
      17
      10
      15
      13
      14
      12
      20
       8
      16
       7
      11
      14
      15
      12
      19
      11
       8
      12
      12
      15
      12
      17
       9
      10
      16
      11
      15
       9
      15
      11
      13
      13
       7
      12
      13
      18
      14
      13
      10
      22
      14
      19
      11
       8
      16
       9
      17
       9
       9
       9
      10
      17
      14
      17
      12
       7
      10
      10
      15
      12
       8
      13
       7
       8
      12
      12
      11
       9
      10
      10
      13
      21
      15
      15
      16
      13
      10
      14
      20
      11
       8
      10
      10
      11
      16
      12
      18
       9
      22
      11
      16
      17
      11
      11
      13
      13
       8
      11
      19
      14
      17
      19
      12
      15
      10
      11
      16
      15
      18
      18
       7
       9
      12
      12
      14
      15
      10
      10
      14
      10
       7
      17
      21
      11
      11
      11
      17
      11
      16
      13
      14
      19
      15
      13
      17
      12
      14
      10
      11
       9
       9
      16
      10
      11
      15
      16
      16
      13
      11
      15
      10
      14
      11
      15
      12
      18
      13
      13
      13
      15
      15
      17
      10
      11
      18
      11
      14
       8
      16
      17
      14
      15
      15
      17
      13
      12
      14
      15
      15
      20
      15
      13
      16
      11
      20
      13
      15
      16
      20
      17
      13
      11
      15
      12
      18
       4
      18
       9
      11
      11
      13
      18
      16
      16
      16
      17
      17
      11
      16
      15
      20
      12
      10
      17
      13
      26
      17
      13
      16
      11
      17
      17
      12
      13
      16
      14
      24
      15
      16
      17
      15
      15
      19
      16
      27
      11
      16
      14
      17
      20
      15
      13
      20
      20
      14
      30
      15
      15
      15
      21
      19
      22
      20
      13
      27
      12
      19
      13
      16
      16
      17
      18
      20
      28
      19
      21
      20
      15
      19
      26
      25
      20
      24
      26
      24
      27
      25
      37
      37
      48
      40
      36
      52
      56
      62
      75
      84
      92
      97
     142
     153
     174
     204
     211
     257
     309
     361
     425
     535
     654
     774
     922
    1102
    1339
    1521
    1877
    2010
    2350
    2722
    3036
    3205
    3629
    3985
    4009
    4247
    4120
    4305
    4156
    3968
    3695
    3481
    3164
    2802
    2458
    2152
    1800
    1507
    1259
    1034
     760
     571
     441
     338
     263
     184
     156
      93
      58
      54
      40
      25
      31
      23
      17
      20
      30
      28
      13
      21
      21
      20
      23
      17
      14
      23
      16
      20
      19
      18
      15
      15
      18
      20
      11
      13
      10
      14
      14
      17
      17
      12
      10
      16
      14
      14
      10
      13
      16
      22
      15
      14
      13
       6
      17
       7
      17
      15
       9
       9
      15
      12
       7
      11
      12
      14
      13
      10
       8
      13
      15
       8
       8
      17
      12
      14
      14
      10
      14
       9
      15
      12
      10
       8
       3
      13
      11
      14
       9
      11
      16
      13
       8
       9
      10
      14
      13
      10
       7
      16
      14
      15
       7
      15
       7
       8
       9
      13
       9
       6
      11
       8
      13
      11
      11
      11
      11
       7
       8
       9
      10
       9
      10
      12
      12
       9
       7
      10
       8
       9
      13
       8
      10
      13
      10
      10
       8
       9
       8
       9
      14
      15
       7
       8
       6
       3
       5
      13
       9
       8
       6
       8
      13
      10
      11
       8
       9
       5
       6
       5
      11
      10
      14
       8
       9
      12
       9
      11
       7
       5
      10
       9
      12
      11
      14
       6
      11
       8
       9
      10
       9
      15
       6
      11
      12
      11
       8
       6
      14
       6
      13
      15
       8
      12
       4
      11
       9
       9
       7
       6
      12
      10
       8
       6
      13
      10
       5
       8
       9
      12
       5
       5
      13
       9
      15
      12
      14
       2
       8
       8
       9
      10
       7
       6
       9
       7
       6
       7
      12
       6
      13
       8
       9
       7
       7
       8
      10
       9
       9
      13
      10
      10
       9
       5
       6
       6
       6
       9
       6
       7
       5
       7
      10
      12
       6
       9
       7
       4
      13
       6
       9
      11
       9
       2
       6
       7
       3
       9
       3
       6
       6
      11
      11
      11
       8
      10
       4
       4
       6
       7
       5
       8
       8
       7
       9
      12
       7
       3
       9
       6
       3
       9
       5
      11
      10
       6
       3
       6
       9
       5
       5
      10
       8
       5
       5
       3
       7
       8
      11
      10
      12
      10
       5
       8
       5
       9
       9
       6
       7
       9
       6
       5
       4
       5
       1
      10
      14
      11
       6
       8
       7
       8
      10
       3
      13
       5
       4
       8
       9
       3
      13
      10
       6
       8
       5
       3
      10
       7
       6
      10
       7
       6
       5
       4
       9
       2
       8
       6
      15
       6
       7
      12
       9
       8
       8
       7
       8
       5
      12
       6
       4
       8
       6
       7
       4
      11
      11
       7
      11
      16
       8
       8
       6
       9
      10
       4
      10
      11
       6
       8
       6
       7
       7
       5
       5
       7
       7
      12
       9
       6
       7
       7
       9
       8
       6
      11
       6
       9
       6
       1
       5
       7
       5
       4
       2
       9
       7
       1
       8
       9
       5
      11
       6
       6
       5
       6
       4
       8
      10
       5
       7
       6
       4
       7
      10
       9
       8
       4
       6
       8
       8
       8
      11
      10
       2
       9
      10
       5
       8
      11
       8
       7
      14
       5
       8
       7
      11
       5
      10
       8
       7
       8
       9
      16
       5
       5
       9
      10
       1
      11
       3
       8
      12
       6
       7
       4
       6
       4
      10
       7
       5
       8
       4
       5
       4
       9
       5
       2
       5
      13
       6
      11
       7
      10
       3
      12
      11
       6
       6
       6
       3
       7
       7
       7
       1
       8
       9
       6
       4
       3
       2
       6
       7
       6
      11
       6
       8
       4
       8
       9
      10
       2
      11
       7
       4
       3
       5
       5
       0
       4
       4
       8
       7
       5
       8
       5
       6
       8
       5
       7
       4
       4
       2
      10
       9
       2
       5
       9
       7
       2
       7
       5
       9
       7
      11
       3
       6
       7
       7
       8
      11
       4
       1
      10
      12
       8
      11
       5
       6
       7
       8
       9
       6
       8
       9
       7
       5
       9
       6
       4
       4
      10
       7
       4
       4
       5
       8
       7
       5
       8
       3
       1
       7
       4
       5
       5
       7
       8
       9
       5
       4
       5
       8
       9
      10
       5
       3
       4
       6
       4
       8
       4
      10
       7
       7
       9
       7
       3
       3
       4
      11
       5
       3
       7
       2
       8
       2
       2
      17
       8
       6
      14
       2
      10
       5
       6
       5
       6
       7
       7
       2
      12
       5
       9
       7
       8
       2
       4
       3
      10
       3
       5
       4
       7
      10
       8
      16
       6
       4
       7
       3
       2
      10
       6
       6
       6
       5
       7
       7
       3
       4
       4
       7
       4
       5
       2
       7
      11
       8
       7
       5
       3
       3
       6
       6
       6
       9
       5
       2
       4
       5
       5
       6
       6
       5
       8
       3
       4
       4
      10
       3
       7
       1
       2
       3
       2
       5
       5
       5
       4
      10
      10
       7
       4
       5
       7
       7
       5
       8
       9
       7
       8
       5
       7
       6
       7
       5
       3
       3
       3
       7
       7
       6
       4
       5
       5
       8
       6
      10
       8
       4
       4
       5
       7
       6
       9
       3
       6
       6
       5
       3
       8
      11
       4
       4
       4
       5
       7
       7
       4
       5
       7
       5
       3
       3
      12
       6
       3
       4
       6
       6
       6
       8
       8
       5
       4
       4
       9
       8
       2
       7
       7
       3
       4
       8
       8
       4
       3
       5
       3
       4
       9
       5
       7
       6
       8
       5
       3
       4
       6
       4
       6
       5
       5
       5
       3
       7
       5
       7
       6
      11
       9
       6
       4
       3
       5
       6
       7
       5
       7
       3
       8
       2
       9
       7
       6
       6
       1
       6
      11
       9
       5
       2
       4
       7
       3
       5
       5
       5
      12
       9
       5
       5
       8
       7
       7
       5
       5
       9
       6
       4
       4
       7
       5
       5
       7
       5
       7
      10
       9
       6
       4
       6
       7
       7
       2
       6
       6
       3
      11
       9
       4
       6
       4
       5
       5
       5
       4
       6
       5
       6
      11
      13
       9
       5
       8
       5
       5
       5
       2
       3
       6
       8
       8
       6
       7
       4
       6
       4
       1
       7
       5
       6
       8
       3
       3
       4
       2
       4
       3
       5
       6
       7
       5
       5
       4
       6
       4
       6
       5
       7
       4
       7
      10
       4
      13
       7
       3
       9
       3
       8
       7
       8
       4
       5
       4
       3
       6
       5
       7
       3
       4
       2
      11
       4
       5
       3
       3
       7
       9
       4
       2
       8
       5
       7
       5
       6
       4
       4
       5
       8
       8
       8
       5
       4
       6
       7
       4
       7
       6
       0
       8
       5
       5
       8
       3
      10
       5
       6
       3
       5
       5
       7
       3
       9
       5
       3
       3
       9
       4
       3
       2
       9
       3
       2
       2
       1
       7
       2
       5
       5
       6
      10
       5
       4
       7
       7
       4
       4
       5
       5
       3
       7
       6
       5
       4
       6
       7
       5
       8
       9
       1
       6
       4
       4
       2
       6
       9
       6
       7
       6
       8
       6
      15
       5
       4
       4
       6
       7
       3
       8
       4
       2
       7
      11
       7
       3
      12
       6
       1
       4
       1
       6
       5
       3
       3
       6
       5
       5
       2
       8
       8
       8
       2
      10
       5
       6
       3
       6
       7
       7
       2
      10
       5
       3
       6
       2
       4
       3
       5
       4
       4
       4
       4
       5
       8
       6
       6
       6
       7
       5
       2
       8
       5
       4
       6
       7
      14
       5
       3
       9
       2
       8
       5
       4
       2
       6
       7
       7
       6
       3
       7
       4
       4
       4
       7
       5
       4
       5
       5
       6
       8
       2
       4
       4
      11
       5
       6
       7
       5
       3
       5
       4
       4
       4
       8
       4
       8
       5
       6
       2
       6
       5
       4
       9
       5
       1
       7
       2
       4
       2
       3
       1
       5
       6
       5
       4
      13
       5
       3
       2
       1
       6
       5
       7
       4
       3
       6
       5
       7
       7
       7
       5
       3
       3
       4
       3
       6
       4
       3
       5
       4
       2
       3
       3
       4
       6
       7
       4
       8
       5
       4
       8
       4
       2
       3
       3
       6
       4
       8
       6
       4
       9
       5
       3
       5
       4
       8
       3
       9
       7
       2
       4
      10
       4
       4
       3
       6
       6
       4
       7
       3
       3
       4
       4
       4
       2
       3
       2
       4
       4
       4
       4
       4
       5
       3
       3
       7
       4
       4
       3
       5
       4
       2
       7
       7
       4
       4
       6
       3
       8
       3
       4
       3
       8
       7
       6
       4
       4
       4
       9
       5
       3
       6
       6
       4
       4
       4
       5
       4
       3
       4
       2
       5
       2
       6
       7
       5
      10
       4
       3
      13
       5
       5
       2
       5
       2
       3
       4
       6
       1
       5
       9
       3
       7
       8
       6
       4
       2
       6
       6
       3
       3
       5
      11
       4
       5
       5
       4
       5
       5
       7
       5
       2
       4
       5
       2
       7
       2
       6
       8
       6
       4
       6
       5
       2
       3
       3
       4
       5
       3
       3
       3
       6
       4
       5
       3
       5
       4
       5
       2
       2
       7
       4
       5
       4
       5
      11
       7
       5
       1
       3
       7
       7
       6
       3
       4
       2
       7
       4
       4
       7
       8
       4
       3
       4
       7
       5
       5
       8
       3
       4
       3
       6
       5
       3
       4
       1
       4
       3
       7
       2
       4
       4
       4
       5
       6
       2
       6
       4
       3
       7
       3
       5
       5
       7
       3
       8
       7
       4
       6
       3
       9
       5
       7
       8
       4
       5
       5
      11
       8
       7
       1
       4
       6
       2
       5
       3
       1
       6
       0
       9
       7
       8
       7
       6
       2
       2
       4
       9
       3
       6
       2
       4
       4
       2
       4
       3
       5
       6
       8
       3
       5
       7
       4
       5
       4
       7
       5
       3
       7
       6
       3
       3
       9
       5
       2
       8
       2
       3
      10
       6
       5
       7
       5
       6
       5
       5
       7
      10
       6
       2
       5
       4
       2
       2
       3
       3
       6
       6
       4
       1
       4
       2
       8
       5
       4
       2
       5
       5
       8
       2
      10
       4
       5
       2
       6
       3
       4
       7
       4
       6
       6
       4
       2
       6
       5
       5
       6
       6
       1
       5
       4
       9
       8
       4
       3
       5
       6
       7
       3
      11
       3
       4
       2
       5
       1
       4
       6
      10
       5
       4
       1
       5
       4
       5
       4
       5
       6
       0
       8
       5
      10
       6
       4
       5
       5
       6
       3
       3
       4
       5
       5
       5
       6
       5
       5
       5
       5
       3
       3
       6
       7
       3
       3
      10
       2
       3
       4
       3
       3
       2
       4
       9
       6
       9
       2
       5
       6
       6
       4
       5
       5
       7
       4
       4
       5
       3
       3
       5
       5
       7
       4
       4
       3
       1
       5
       8
       7
       7
       4
       2
       4
       5
       5
       9
       5
       2
       3
       4
       8
       3
       6
       5
       4
       5
       4
       7
       7
       7
       2
       4
       7
       6
       5
       4
       3
       4
       2
       2
       2
       5
       4
       6
       6
       3
       5
       5
       4
       2
       5
       5
       9
       7
       1
       4
       6
       6
       5
       5
       4
       6
       1
       6
       8
       2
       3
       6
       7
       6
       3
       7
       6
       5
       3
       7
       7
       9
       5
       3
       7
       6
       6
       4
       5
       8
       6
       3
       9
       1
       2
       5
       2
       6
       1
       3
       5
       4
       6
       9
       4
       7
       4
       7
       2
       6
       7
       5
       6
       2
       7
       4
       6
       4
       4
       9
       4
       8
       6
       9
       3
       5
       8
       7
       2
       5
       5
       7
       3
       4
       5
       2
       3
       6
       3
       4
       6
       7
       5
       4
       5
       2
       7
       4
       2
       7
       4
       7
       4
       4
       4
       7
       5
       6
       2
       6
      11
       4
       2
       2
       7
       6
       9
       5
       5
       2
       6
       5
       3
       6
       2
       8
       6
       6
      10
       8
       3
       3
      10
       5
       7
       5
       5
       7
       5
       4
       5
       1
       2
       2
       7
       6
       7
       5
       6
       1
       4
       7
       3
       3
       5
       6
       7
       4
       4
       6
       6
       6
       3
       3
       5
       4
       5
       6
       9
       8
       8
       2
       6
       4
       7
       6
       3
       3
       6
       4
       5
       7
       7
      11
       4
       4
       5
       7
       4
       6
       5
       8
       6
       8
       4
      12
      17
       8
       8
       9
       9
       6
       9
      12
      11
      21
      11
      16
      16
      11
      19
      14
      17
      18
      15
      16
      13
      13
      18
       9
      14
      10
      14
      11
       3
       6
       3
       3
       8
       8
       9
       3
       7
       8
       5
       4
       6
       6
       6
       8
       6
       5
       4
       6
       5
       5
       3
       3
       3
       5
       4
       6
       5
       7
       6
       2
       2
       6
       5
       4
       4
       3
       4
       6
       6
       6
       4
       4
      11
       6
       2
       3
       5
       8
       5
       5
       5
       2
       0
       2
       9
       7
       2
       4
       2
       3
       5
      11
       7
       4
       1
       7
       3
       7
       2
       4
       2
       4
       2
       6
       5
       3
       5
       5
       5
       5
       8
       6
       9
       2
       4
       6
       5
       1
       2
       3
       3
       3
       1
       6
       1
       4
       3
       6
       5
       5
       6
       3
       2
       5
       7
       9
       8
       8
       8
       3
       1
       4
       3
       4
       8
       6
       6
       4
       4
       2
       5
       9
       5
       3
       4
      11
       2
       2
       2
       2
       3
       4
       1
       7
       3
       3
       6
       3
      10
       6
       2
       6
       3
       5
       6
       3
       6
       7
       7
       6
       4
       5
       7
       3
       6
       2
       7
       6
       5
       4
       4
       7
       5
       4
       6
       0
       5
       3
       3
       2
       5
       3
       6
       4
       1
       2
       4
       5
       7
       6
       9
       4
       3
       8
       3
       9
       4
       6
       3
       3
      11
       6
       8
       3
       3
       6
       2
       2
       5
       6
       5
       7
       3
       7
       1
       3
       4
       6
       8
       4
       2
       4
       6
       5
      12
       7
       2
       4
       7
       3
       2
       5
       5
       6
       2
       4
       0
       7
       5
       6
       4
       5
       3
      10
       3
       5
       4
       3
       2
       3
       3
       3
       6
       2
       2
       5
       3
       5
       4
       4
       3
       5
       7
       1
       2
       5
       4
       6
       6
       3
       2
       3
      10
       2
       7
      10
       5
       4
       2
       9
       7
       6
       5
       7
       6
       6
       3
       2
       3
       6
       2
       6
       3
       4
       4
       1
       3
       2
       5
       2
      10
       8
       5
       2
       5
       6
       4
       3
       9
      10
       7
       7
       5
       4
       3
       5
       2
       8
       5
       7
       4
       3
       3
       2
       5
       5
       4
       3
       1
       3
       3
       1
       8
       3
       4
       6
       5
       6
       3
       9
       2
       2
       2
       4
       9
       4
       7
       2
       3
       2
       5
       4
       5
       9
       9
       4
       6
       5
       3
      10
       9
       5
       2
       4
       9
       5
       7
       7
       5
       7
       5
       4
       4
       3
       4
       6
       1
       1
       5
       6
       3
       4
       3
       3
       5
       7
       5
       5
       3
       6
       6
       6
       5
       6
       6
       8
       3
       2
       3
       3
       1
       1
       3
       7
       2
       3
       4
       8
       1
       5
       5
      11
       1
       2
       3
       7
       3
       3
       3
       3
       3
       4
       5
       7
       4
       5
       8
       8
       8
       3
       2
       2
       4
       6
       4
       4
       2
       2
       2
       9
       5
       4
       3
       5
       5
       4
       7
       4
       3
       4
       4
       5
       6
       3
       6
       3
       2
       4
       7
       4
       5
       2
       6
       7
       3
       5
       8
       2
       4
       7
       7
       5
       7
       7
       4
       8
       2
       6
       5
       5
       3
       5
       0
       1
       5
       3
       7
       5
       7
       4
       4
       9
       7
       3
       4
      10
       4
       5
       8
       2
       2
       8
       6
       4
       3
       1
       4
       5
       3
       2
       7
       4
       3
       6
       6
       4
       5
       7
       4
       4
       6
       5
       7
       2
       4
       8
       7
       7
       8
       4
       6
       4
       3
       3
       7
       2
       6
       3
       1
       6
       4
       3
       5
       6
       1
       3
       5
       6
       1
       6
       6
       2
       6
       4
       6
       3
       2
       4
       4
       6
       3
       5
       5
       7
       4
       5
       6
       3
       3
       3
       6
       5
       3
       1
       5
       4
       3
       4
       4
       2
       1
       9
       2
       3
       8
       2
       5
       2
       2
       4
       2
       5
       1
       4
       5
       2
       3
       8
       3
       4
       5
       4
       2
       8
       3
       3
       8
       6
       3
       2
       3
       5
       6
       5
       2
       2
       2
       3
       2
       3
       1
       5
       6
       6
       5
       5
       7
       2
       6
       2
       4
       3
       2
       9
       6
       3
       3
       4
      10
       7
       8
       6
       6
       9
       4
      11
       3
       3
       3
       3
       7
       7
       5
       3
       5
       4
       4
       4
       5
       6
       5
      11
       5
       6
       5
       6
       2
       6
       4
       0
       1
       4
       4
       2
       2
       4
       7
       2
       3
       3
       6
       5
       5
       3
       7
       4
       4
       5
       4
       2
       3
       2
       6
       4
       3
       7
       6
       4
       4
       5
       4
       2
       6
       1
       3
       3
       7
       3
       5
       7
       6
       2
       1
       5
       3
       3
       4
       7
       6
       3
       2
       9
       6
       4
       5
       5
       3
       5
       2
       6
       4
       4
       2
       2
       3
       9
       5
       9
       4
       6
      10
       5
       5
       5
       3
       7
       4
       6
       4
       2
       6
       4
       4
       6
       3
       6
       3
       3
       6
       8
       5
       3
       5
       5
       5
       4
       3
       2
      11
       3
       4
       4
       5
       7
       1
       3
       6
       7
       9
       3
       4
       4
       1
       1
       6
       3
       3
       5
       6
       2
       4
       5
       7
       3
       4
       0
       4
       5
       4
       5
       4
       3
       7
       6
       7
       4
       3
       7
       6
       3
       4
       4
       8
       6
       4
       4
      13
       3
       7
       5
       6
       2
       3
       3
       2
       5
       5
       1
       7
       4
       6
       7
       6
       4
       5
       6
       2
       8
       3
       2
       4
       3
       4
       4
       6
       6
       3
       6
       4
       4
       4
       7
       4
       3
       2
       4
       4
       1
       4
       4
       5
       3
       2
       7
       4
       5
       2
       8
       3
       9
       6
       5
       5
       2
       6
       5
       4
       9
       6
       3
       9
       7
       6
       1
       5
       4
       4
       6
       6
       6
       7
       7
       4
       7
       1
       6
       5
       3
       6
       9
       5
       6
       3
       4
       5
       5
       8
       9
       8
       3
       5
       8
       7
       5
      11
       9
       6
       6
       6
       2
       8
       7
       1
       3
       5
       5
       4
       8
       3
       7
       7
       1
       5
       4
       7
       4
      12
       4
       0
      12
       5
       4
       8
       5
       4
       5
       0
       7
       5
       5
       6
       4
       3
       4
       2
       7
       9
       7
       6
       5
       2
       6
      10
       3
       3
       7
      11
       5
       5
       5
       4
       6
       7
       4
       4
       6
       4
       6
       8
       7
       8
       3
       8
       3
       3
       7
       4
       7
       4
       6
       8
       5
       4
      14
       3
       2
       5
       3
       3
       7
       4
       4
       2
       6
       3
       6
       6
       3
       5
       6
       4
       7
       7
       2
       3
       5
       3
       6
       9
       5
       3
       1
       6
       6
       6
       8
       4
       6
       5
       3
       5
       7
       3
       6
       3
       3
       4
       4
       3
       3
       5
       4
       3
       7
       6
       5
       2
       4
       7
       7
       6
       6
       2
       8
       8
       7
       5
       2
       3
       2
       6
       4
       7
       4
       6
       5
       2
       6
       2
       3
       2
       4
       8
       2
       7
       5
       6
       8
       3
       7
       3
       7
       3
       6
       5
       4
       5
       3
       2
       5
       6
       7
       5
       8
       5
       6
       5
       4
       4
       3
       3
       9
       2
       3
       6
       4
       6
       4
       6
       3
       2
       2
       3
       5
       6
       5
       3
       2
       3
       6
       4
      11
       5
       4
       5
       1
       6
       9
       6
       9
       6
       6
       5
       6
       5
       6
       7
       5
       6
       2
       5
       4
       2
       6
       3
       7
       7
       5
       4
       5
       4
       2
       5
       0
       6
       4
       5
       3
       4
       6
       7
       6
       5
       5
       7
       2
       5
       1
       2
       1
       7
       1
       6
       4
       4
       6
       4
       3
       5
       6
       8
       8
       6
       2
       4
       3
       1
       3
       2
       2
       1
       6
       9
       6
       6
       3
       3
       7
       4
       4
       5
       2
       2
       3
       7
       3
       9
       2
       6
       4
       2
       2
       6
       5
       5
       7
       5
       8
       1
       1
       6
       1
       5
       1
       3
       1
       0
       6
       3
       1
       2
       3
       3
       5
       3
       3
       3
       0
       4
       7
       3
       6
       2
       3
       3
       4
       4
       4
       5
       4
       6
       3
       3
       7
       5
       2
       4
       5
       1
       4
       4
       4
       1
       2
       6
       2
       3
       3
       4
       0
       7
       6
       9
      10
       1
       5
       3
       2
       6
       3
       5
       6
       3
       2
       1
       5
       4
       2
       2
       8
       5
       2
       1
       3
       4
       6
       7
       5
       9
       3
       3
       3
       3
       3
       0
       5
       4
      12
       5
       7
       5
       6
       5
       4
       5
       5
       3
       7
       0
       3
       7
       2
       4
       4
       6
       7
       6
       2
       5
       4
       6
       2
       4
       2
       8
       5
       4
       2
       3
       3
       2
       5
       3
       1
       3
       4
       3
       6
       3
       3
       4
       6
       9
       5
       3
       1
       1
       8
       7
       2
       6
       5
       1
       5
       7
       9
       4
      10
       2
       2
       4
       2
       4
       4
       3
       6
       6
       4
       3
       4
       5
       2
       4
       9
       5
       4
       3
       4
       5
       4
       4
       4
       5
       1
       2
       1
       5
       4
       5
      11
       2
       9
       6
       3
       2
       1
       3
       2
       1
       2
       3
       5
       6
       4
       4
       3
       7
       6
       6
       1
       5
       5
       6
       6
       2
       3
       1
       2
       5
       3
       5
       4
       4
       8
       5
       2
       2
       3
       2
       3
       2
       2
       4
       7
       5
       2
       1
       1
       6
       4
       1
       4
       2
       4
       3
       1
       5
       6
       5
       1
       2
       2
       4
       4
       1
       1
       2
       4
       4
       3
       2
       5
       3
       1
       3
       2
       8
       6
       5
       3
       6
       5
       4
       2
       2
       1
       3
       4
       1
       5
       1
       5
       6
       3
       4
       6
       3
       4
       1
       1
       1
       3
       1
       2
       7
       4
       2
       4
       8
       4
       3
       4
       4
       2
       2
       3
       4
       3
       0
       6
       2
       7
       0
       0
       0
       0
       0
       0
       0
       0
       0
       0
       0
       0
       0
       0
       0
       0
       0
       0
       0
       0
       0
       0
       0
       0
       0
       0
       0
       0
       0
       0
       0
       0
       0
       0
       0
       0
       0
       0
       0
       0
       0
       0
       0
       0
       0
       0
       0
       0
       0
       0
       0
       0
       0
       0
       0
       0
       0
       0
       0
       0
       0
       0
       0
       0
       0
       0
       0
       0
       0
       0
       0
       0
       0
       0
       0
       0
       0
       0
       0
       0
       0
       0
       0
       0
       0
       0
       0
       0
       0
       0
       0
       0
       0
       0
       0
       0
       0
       0
       0
       0
       0
       0
       0
       0
       0
       0
       0
       0
       0
       0
       0
       0
       0
       0
       0
       0
       0
       0
       0
       0
       0
       0
       0
       0
       0
       0
       0
       0
       0
       0
       0
       0
       0
       0
       0
       0
       0
       0
       0
       0
       0
       0
       0
       0
       0
       0
       0
       0
       0
       0
       0
       0
       0
       0
       0
       0
       0
       0
       0
       0
       0
       0
       0
       0
       0
       0
       0
       0
       0
       0
       0
       0
       0
       0
       0
       0
       0
       0
       0
       0
       0
       0
       0
       0
       0
       0
       0
       0
       0
       0
       0
       0
       0
       0
       0
       0
       0
       0
       0
       0
       0
       0
       0
       0
       0
       0
       0
       0
       0
       0
       0
       0
       0
       0
       0
       0
       0
       0
       0
       0
       0
       0
       0
       0
       0
       0
       0
       0
       0
       0
       0
       0
       0
       0
       0
       0
       0
       0
       0
       0
       0
       0
       0
       0
       0
       0
       0
       0
       0
       0
       0
       0
       0
       0
       0
       0
$ROI:
2
4852 5354
12587 12888
$PRESETS:
Live Time
10800
0
$ENER_FIT:
0.358687 0.099971
$MCA_CAL:
3
3.586871E-001 9.997089E-002 0.000000E+000 keV
$SHAPE_CAL:
3
3.638087E+001 -1.552510E-003 0.000000E+000
