$SPEC_ID:
JKL Model 927 SN 17053844 Input 1 HEC-Cr-HEC-Cr-T30-D100-HPGe1-2
$SPEC_REM:
DET# 2
DETDESC# BULK Model 927 SN 17053844 Input 1
AP# Maestro Version 6.08
$DATE_MEA:
05/11/2026 12:32:08
$MEAS_TIM:
251 355
$DATA:
0 16383
       0
       0
       0
       0
       0
       0
       0
       0
       0
       0
       0
       0
       0
       0
       0
       0
       0
       0
       0
       0
       0
       0
       0
       0
       0
       0
       0
       0
       0
       0
       0
       0
       0
       0
       0
       0
       0
       0
       0
       0
       0
       0
       0
       0
       0
       0
       0
       0
       0
       0
       0
       0
       0
       0
       0
       0
       0
       0
       0
       0
       0
       0
       0
       0
       0
       0
       0
       0
       0
       0
       0
       0
       0
       0
       0
       0
       0
       0
       0
       0
       0
       0
       0
       0
       0
       0
       0
       0
       0
       0
       0
       0
       0
       0
       0
       0
       0
       0
       0
       0
       0
       0
       0
       0
       0
       0
       0
       0
       0
       0
       0
       0
       0
       0
       0
       0
      14
     200
     490
     498
     556
     535
     488
     465
     481
     494
     456
     478
     411
     427
     464
     468
     445
     444
     479
     429
     417
     477
     489
     466
     446
     453
     480
     465
     474
     438
     458
     434
     471
     441
     437
     425
     484
     461
     444
     418
     442
     425
     477
     434
     434
     457
     431
     460
     445
     475
     431
     417
     441
     431
     381
     428
     448
     398
     423
     399
     405
     409
     430
     434
     422
     431
     423
     412
     428
     466
     408
     409
     445
     435
     387
     399
     431
     426
     462
     417
     407
     438
     415
     385
     432
     408
     406
     408
     449
     395
     400
     395
     405
     418
     433
     392
     371
     421
     427
     382
     410
     400
     366
     393
     407
     409
     414
     375
     374
     378
     390
     396
     393
     398
     402
     387
     401
     383
     421
     432
     384
     388
     398
     394
     415
     372
     389
     408
     388
     397
     376
     404
     393
     387
     380
     373
     396
     394
     383
     390
     423
     366
     396
     354
     400
     369
     377
     414
     366
     360
     407
     373
     411
     364
     354
     390
     354
     381
     385
     425
     369
     373
     394
     356
     360
     393
     364
     401
     409
     357
     375
     391
     389
     369
     378
     364
     422
     335
     346
     391
     374
     362
     383
     366
     356
     369
     396
     342
     368
     372
     367
     338
     369
     380
     361
     390
     346
     387
     340
     317
     352
     344
     347
     369
     364
     364
     355
     364
     360
     363
     338
     365
     379
     372
     382
     344
     371
     310
     357
     332
     327
     391
     359
     389
     363
     357
     303
     337
     350
     366
     340
     325
     362
     361
     368
     389
     356
     335
     357
     377
     373
     357
     312
     351
     330
     359
     361
     330
     326
     365
     313
     348
     323
     324
     393
     348
     333
     323
     354
     344
     324
     347
     371
     338
     358
     332
     355
     370
     310
     373
     326
     330
     359
     352
     367
     352
     324
     326
     354
     335
     359
     346
     366
     350
     327
     365
     332
     298
     328
     345
     326
     308
     364
     364
     320
     379
     383
     341
     302
     380
     328
     359
     326
     361
     326
     328
     352
     321
     343
     310
     316
     320
     344
     327
     347
     323
     324
     326
     343
     333
     354
     334
     346
     332
     327
     339
     347
     355
     333
     325
     341
     345
     326
     321
     324
     341
     333
     352
     331
     337
     381
     330
     313
     332
     349
     347
     324
     352
     320
     336
     346
     334
     312
     345
     327
     348
     344
     326
     313
     340
     374
     322
     354
     335
     311
     298
     347
     354
     329
     320
     279
     338
     327
     279
     353
     351
     311
     327
     304
     363
     306
     335
     368
     316
     310
     327
     333
     321
     362
     330
     334
     337
     356
     339
     332
     336
     371
     312
     301
     324
     350
     298
     320
     333
     321
     363
     336
     310
     296
     337
     335
     307
     302
     300
     334
     296
     350
     289
     313
     356
     301
     305
     319
     340
     321
     323
     335
     332
     350
     339
     359
     326
     344
     308
     324
     303
     334
     344
     345
     332
     316
     357
     335
     320
     333
     320
     317
     335
     303
     373
     302
     335
     297
     308
     322
     296
     316
     295
     315
     327
     314
     341
     291
     342
     320
     326
     335
     344
     333
     300
     348
     308
     322
     327
     318
     294
     324
     318
     325
     338
     322
     306
     335
     303
     327
     321
     317
     305
     285
     329
     355
     336
     303
     315
     334
     321
     311
     309
     316
     311
     299
     324
     314
     307
     311
     326
     363
     321
     309
     341
     285
     313
     334
     319
     327
     302
     331
     292
     293
     311
     310
     317
     293
     335
     328
     329
     295
     318
     315
     334
     331
     335
     313
     302
     328
     358
     310
     286
     312
     341
     293
     309
     347
     342
     346
     295
     323
     304
     334
     330
     362
     331
     290
     322
     304
     337
     355
     296
     296
     317
     329
     296
     334
     298
     302
     314
     337
     340
     297
     320
     304
     340
     325
     324
     343
     302
     318
     317
     320
     348
     280
     301
     283
     322
     284
     337
     331
     305
     300
     347
     327
     321
     324
     322
     346
     317
     329
     320
     329
     345
     366
     346
     376
     364
     332
     358
     353
     379
     350
     364
     328
     312
     317
     308
     319
     329
     320
     340
     310
     308
     346
     342
     338
     365
     405
     406
     382
     369
     409
     362
     394
     357
     342
     330
     321
     295
     317
     313
     298
     318
     306
     320
     333
     330
     293
     338
     283
     329
     306
     339
     333
     304
     338
     340
     342
     330
     318
     278
     318
     312
     314
     300
     307
     315
     340
     311
     354
     312
     308
     284
     321
     306
     326
     339
     307
     292
     342
     300
     322
     317
     316
     291
     338
     321
     337
     321
     297
     306
     320
     315
     306
     298
     290
     334
     318
     321
     315
     319
     318
     296
     315
     305
     310
     317
     340
     320
     300
     341
     356
     304
     306
     332
     357
     306
     346
     336
     341
     340
     330
     307
     304
     357
     361
     359
     351
     343
     355
     353
     356
     333
     310
     309
     324
     297
     344
     316
     306
     310
     335
     326
     322
     316
     308
     334
     312
     326
     377
     333
     323
     349
     334
     354
     323
     309
     316
     343
     324
     362
     311
     328
     324
     306
     312
     306
     318
     313
     287
     310
     302
     314
     312
     272
     308
     316
     308
     306
     326
     288
     310
     339
     323
     325
     324
     340
     291
     307
     330
     302
     348
     283
     299
     329
     327
     321
     308
     319
     302
     290
     338
     277
     343
     317
     275
     273
     307
     311
     346
     297
     309
     302
     306
     303
     291
     332
     334
     323
     318
     319
     307
     293
     321
     314
     303
     304
     312
     311
     345
     324
     313
     279
     300
     307
     321
     298
     315
     327
     291
     292
     325
     297
     305
     329
     300
     286
     309
     343
     271
     301
     302
     316
     305
     292
     295
     292
     312
     278
     338
     283
     311
     281
     343
     307
     301
     277
     345
     337
     333
     337
     311
     314
     300
     303
     297
     282
     299
     269
     318
     274
     292
     311
     293
     305
     329
     280
     286
     310
     277
     313
     313
     299
     332
     299
     289
     315
     307
     317
     279
     300
     304
     309
     287
     317
     296
     325
     320
     323
     289
     344
     301
     362
     288
     326
     295
     276
     335
     349
     322
     311
     336
     309
     323
     343
     324
     332
     306
     271
     296
     325
     290
     318
     312
     297
     297
     316
     307
     310
     288
     312
     315
     319
     322
     264
     329
     296
     327
     308
     289
     314
     318
     316
     282
     302
     323
     330
     309
     327
     302
     346
     308
     300
     297
     307
     303
     285
     329
     321
     301
     345
     321
     329
     303
     303
     320
     299
     330
     317
     285
     293
     300
     296
     315
     325
     284
     306
     272
     322
     316
     324
     358
     312
     288
     295
     298
     335
     324
     296
     324
     316
     325
     289
     323
     308
     314
     295
     294
     294
     307
     321
     311
     331
     309
     315
     315
     307
     301
     287
     318
     315
     289
     336
     301
     310
     324
     312
     297
     334
     328
     326
     282
     332
     319
     297
     328
     295
     309
     332
     314
     277
     267
     300
     288
     316
     327
     313
     318
     315
     284
     329
     299
     297
     296
     290
     276
     327
     288
     301
     302
     287
     327
     303
     322
     315
     278
     273
     297
     297
     304
     328
     304
     297
     295
     304
     300
     307
     325
     343
     333
     325
     294
     310
     335
     330
     314
     281
     322
     306
     333
     309
     299
     290
     330
     295
     316
     294
     266
     296
     320
     282
     311
     304
     322
     339
     317
     312
     309
     328
     320
     329
     336
     310
     300
     318
     307
     335
     293
     310
     300
     349
     322
     298
     302
     306
     292
     346
     331
     330
     314
     320
     328
     315
     339
     298
     293
     287
     297
     278
     303
     299
     274
     313
     314
     282
     310
     287
     295
     292
     310
     308
     313
     314
     329
     317
     292
     311
     308
     332
     307
     299
     291
     305
     304
     280
     306
     301
     313
     317
     307
     335
     287
     320
     296
     268
     328
     330
     301
     288
     311
     298
     332
     302
     336
     312
     305
     335
     302
     310
     315
     321
     310
     327
     306
     281
     313
     321
     321
     285
     290
     287
     274
     332
     333
     326
     319
     293
     339
     305
     323
     298
     332
     307
     339
     324
     325
     321
     328
     304
     297
     325
     312
     329
     310
     289
     318
     325
     302
     307
     302
     293
     287
     296
     311
     303
     296
     299
     284
     302
     355
     282
     304
     309
     313
     296
     324
     290
     338
     280
     329
     317
     301
     309
     293
     344
     326
     321
     284
     316
     288
     305
     304
     324
     334
     295
     312
     309
     308
     311
     314
     302
     294
     287
     303
     309
     300
     314
     294
     289
     304
     301
     315
     296
     326
     310
     291
     332
     320
     303
     329
     320
     266
     330
     293
     316
     299
     300
     305
     304
     321
     311
     302
     308
     324
     302
     288
     304
     338
     279
     279
     303
     321
     263
     315
     305
     297
     311
     294
     298
     282
     285
     299
     300
     284
     313
     327
     311
     330
     308
     285
     272
     288
     295
     286
     277
     292
     287
     295
     281
     313
     299
     311
     290
     285
     332
     308
     284
     302
     306
     303
     274
     303
     337
     294
     319
     309
     294
     306
     307
     325
     305
     305
     302
     294
     288
     293
     315
     286
     328
     285
     277
     287
     302
     286
     301
     301
     253
     325
     289
     279
     288
     323
     312
     346
     313
     315
     308
     298
     336
     311
     311
     268
     303
     279
     329
     332
     253
     300
     329
     278
     256
     300
     329
     323
     284
     321
     315
     309
     294
     303
     333
     267
     334
     289
     295
     289
     310
     302
     298
     309
     303
     305
     297
     298
     290
     304
     297
     283
     298
     315
     304
     296
     316
     303
     296
     324
     299
     325
     284
     295
     321
     308
     291
     280
     305
     291
     293
     302
     310
     304
     294
     306
     319
     312
     297
     312
     319
     322
     295
     293
     287
     306
     322
     316
     288
     271
     318
     338
     313
     326
     310
     333
     292
     310
     307
     293
     314
     265
     269
     300
     306
     329
     287
     289
     276
     318
     313
     319
     308
     298
     309
     314
     295
     301
     314
     336
     316
     300
     296
     305
     277
     314
     284
     312
     299
     326
     304
     318
     299
     323
     309
     275
     315
     330
     291
     316
     313
     320
     273
     305
     304
     285
     331
     337
     294
     298
     285
     334
     311
     303
     314
     298
     290
     289
     325
     317
     319
     296
     321
     322
     333
     331
     332
     338
     320
     275
     314
     311
     295
     281
     318
     277
     323
     317
     289
     313
     343
     355
     319
     314
     330
     337
     301
     322
     350
     351
     353
     332
     322
     324
     299
     341
     365
     330
     314
     327
     323
     324
     337
     301
     350
     340
     345
     320
     349
     331
     359
     366
     340
     374
     332
     386
     379
     359
     352
     328
     340
     363
     344
     348
     376
     338
     359
     373
     392
     356
     359
     361
     401
     347
     379
     399
     345
     349
     377
     392
     350
     394
     368
     348
     356
     348
     357
     377
     354
     339
     360
     361
     356
     393
     320
     381
     365
     371
     365
     368
     351
     340
     389
     401
     367
     360
     352
     354
     351
     399
     350
     395
     358
     373
     355
     344
     361
     380
     394
     395
     345
     368
     339
     363
     361
     355
     335
     356
     383
     346
     380
     369
     395
     366
     353
     350
     365
     366
     364
     366
     328
     379
     339
     359
     408
     354
     368
     337
     339
     334
     344
     342
     354
     376
     327
     334
     339
     366
     352
     360
     371
     362
     345
     375
     345
     323
     362
     310
     391
     353
     327
     347
     323
     367
     343
     359
     359
     351
     348
     414
     337
     351
     347
     341
     357
     342
     353
     311
     345
     342
     323
     310
     379
     341
     327
     350
     373
     325
     338
     340
     330
     323
     344
     356
     357
     372
     335
     336
     350
     343
     318
     340
     348
     343
     342
     327
     309
     320
     368
     347
     337
     337
     335
     348
     366
     317
     382
     359
     330
     350
     369
     312
     324
     320
     327
     356
     328
     331
     325
     327
     357
     348
     338
     321
     348
     336
     340
     344
     329
     359
     354
     349
     338
     329
     346
     337
     401
     339
     332
     334
     352
     340
     338
     352
     337
     331
     341
     365
     327
     333
     340
     397
     365
     324
     326
     342
     338
     354
     328
     335
     357
     317
     335
     341
     349
     337
     309
     336
     347
     352
     327
     348
     363
     301
     347
     353
     356
     344
     311
     377
     372
     330
     357
     346
     329
     340
     351
     320
     317
     301
     359
     352
     332
     341
     333
     355
     316
     348
     326
     321
     319
     329
     362
     326
     310
     340
     345
     322
     323
     303
     353
     319
     322
     319
     328
     325
     301
     325
     330
     331
     322
     326
     294
     340
     361
     309
     338
     313
     322
     323
     348
     335
     326
     328
     337
     302
     331
     353
     339
     343
     329
     313
     319
     323
     363
     338
     313
     327
     334
     321
     337
     338
     327
     308
     334
     326
     293
     330
     294
     312
     302
     306
     312
     331
     294
     305
     343
     330
     324
     335
     336
     307
     318
     288
     299
     276
     325
     330
     331
     298
     298
     314
     312
     317
     344
     297
     308
     277
     298
     322
     339
     290
     298
     340
     304
     299
     297
     296
     285
     311
     311
     313
     318
     334
     327
     348
     296
     334
     338
     294
     303
     279
     322
     316
     311
     293
     342
     321
     325
     317
     347
     335
     322
     299
     335
     341
     289
     335
     318
     313
     334
     322
     315
     327
     300
     332
     357
     308
     313
     309
     303
     293
     304
     311
     308
     322
     303
     343
     319
     324
     330
     305
     340
     316
     333
     321
     299
     326
     332
     291
     324
     302
     332
     301
     295
     316
     309
     290
     289
     322
     295
     355
     304
     295
     326
     320
     359
     346
     311
     328
     296
     300
     318
     329
     305
     307
     330
     309
     303
     337
     311
     312
     326
     344
     320
     291
     311
     332
     310
     335
     346
     326
     308
     321
     333
     341
     314
     331
     314
     353
     282
     349
     337
     326
     328
     327
     322
     334
     306
     300
     333
     327
     322
     307
     293
     277
     314
     334
     353
     299
     298
     320
     316
     335
     317
     333
     320
     338
     296
     315
     307
     334
     278
     322
     304
     331
     314
     316
     306
     314
     312
     308
     323
     311
     306
     340
     320
     336
     312
     312
     286
     336
     338
     329
     277
     313
     307
     303
     310
     314
     269
     347
     305
     289
     298
     325
     322
     352
     310
     289
     349
     311
     304
     329
     290
     287
     312
     304
     320
     332
     309
     281
     285
     300
     320
     301
     290
     318
     269
     276
     310
     330
     304
     301
     291
     298
     286
     318
     286
     305
     327
     300
     331
     295
     322
     319
     287
     271
     280
     325
     302
     307
     323
     294
     316
     303
     289
     313
     293
     313
     311
     318
     316
     290
     286
     292
     305
     305
     311
     309
     300
     307
     320
     325
     277
     305
     293
     303
     304
     276
     283
     321
     302
     301
     297
     352
     296
     277
     329
     328
     283
     293
     324
     296
     328
     275
     283
     305
     287
     319
     322
     300
     336
     297
     299
     290
     282
     287
     298
     306
     291
     326
     332
     298
     309
     315
     309
     302
     262
     313
     314
     306
     293
     334
     290
     289
     296
     316
     271
     278
     284
     316
     305
     288
     320
     310
     294
     307
     292
     281
     312
     326
     279
     293
     306
     305
     281
     285
     298
     301
     292
     305
     278
     291
     287
     278
     335
     278
     280
     274
     320
     331
     273
     295
     293
     297
     333
     285
     293
     272
     319
     316
     296
     291
     287
     297
     280
     287
     314
     292
     290
     275
     290
     303
     281
     284
     292
     318
     322
     281
     286
     292
     279
     310
     297
     292
     283
     305
     323
     280
     263
     249
     290
     330
     303
     272
     291
     286
     292
     317
     286
     312
     282
     314
     265
     299
     298
     289
     306
     291
     302
     315
     308
     299
     294
     304
     306
     275
     293
     314
     313
     281
     274
     262
     307
     299
     305
     293
     308
     283
     319
     284
     296
     284
     306
     296
     290
     275
     264
     272
     275
     292
     334
     301
     321
     319
     286
     291
     265
     313
     294
     276
     287
     286
     291
     291
     296
     264
     294
     290
     289
     269
     305
     334
     287
     311
     284
     319
     299
     291
     317
     298
     321
     335
     275
     297
     296
     289
     312
     285
     282
     293
     293
     283
     304
     300
     302
     309
     299
     309
     301
     287
     279
     320
     299
     264
     292
     303
     318
     289
     299
     281
     264
     286
     301
     297
     290
     276
     315
     295
     269
     261
     296
     302
     318
     278
     279
     279
     285
     313
     304
     299
     279
     281
     261
     287
     275
     294
     293
     318
     298
     304
     278
     265
     282
     300
     262
     307
     300
     288
     278
     287
     302
     307
     303
     276
     283
     300
     291
     290
     278
     317
     277
     286
     263
     279
     307
     304
     283
     272
     279
     285
     294
     293
     303
     313
     285
     274
     288
     301
     294
     283
     269
     305
     310
     294
     309
     274
     306
     319
     271
     288
     271
     278
     280
     272
     311
     283
     312
     288
     281
     278
     290
     297
     282
     278
     310
     278
     289
     268
     295
     286
     252
     308
     311
     284
     290
     315
     264
     296
     301
     281
     296
     342
     291
     294
     287
     310
     277
     295
     282
     312
     285
     287
     286
     263
     287
     336
     313
     288
     307
     314
     292
     262
     269
     294
     319
     283
     304
     273
     282
     309
     283
     310
     295
     284
     271
     264
     271
     280
     286
     298
     295
     305
     290
     305
     293
     293
     275
     279
     298
     289
     303
     311
     307
     287
     277
     271
     299
     294
     271
     295
     281
     280
     311
     254
     307
     278
     297
     292
     311
     317
     311
     273
     298
     307
     295
     294
     258
     332
     284
     282
     290
     291
     318
     312
     259
     273
     297
     277
     270
     292
     320
     301
     283
     273
     293
     306
     311
     299
     290
     305
     265
     251
     269
     278
     290
     280
     278
     295
     321
     291
     291
     285
     296
     263
     266
     293
     288
     296
     313
     299
     286
     282
     314
     249
     280
     259
     296
     274
     292
     304
     324
     277
     282
     319
     305
     317
     273
     285
     264
     303
     278
     269
     308
     308
     310
     300
     297
     298
     278
     306
     306
     289
     306
     319
     280
     292
     284
     303
     259
     268
     278
     284
     331
     323
     268
     288
     277
     311
     293
     270
     307
     278
     307
     291
     293
     271
     295
     303
     285
     312
     313
     275
     291
     289
     287
     290
     307
     266
     323
     277
     281
     316
     316
     300
     321
     302
     306
     301
     314
     305
     283
     311
     286
     311
     293
     304
     305
     288
     284
     276
     281
     321
     305
     272
     310
     278
     300
     289
     297
     284
     311
     290
     309
     328
     297
     330
     292
     274
     310
     278
     298
     320
     317
     289
     311
     288
     286
     304
     334
     308
     292
     287
     333
     306
     295
     321
     303
     299
     294
     325
     305
     309
     296
     319
     300
     322
     300
     286
     305
     326
     305
     298
     333
     320
     302
     319
     318
     291
     341
     325
     308
     303
     298
     303
     301
     297
     321
     295
     322
     338
     336
     292
     332
     334
     301
     345
     339
     314
     314
     322
     309
     319
     314
     278
     278
     339
     302
     308
     314
     309
     311
     322
     332
     323
     315
     280
     303
     300
     306
     306
     307
     327
     336
     301
     326
     322
     306
     308
     362
     328
     300
     273
     318
     298
     332
     336
     314
     351
     297
     265
     302
     315
     286
     327
     345
     314
     318
     349
     351
     303
     330
     312
     296
     313
     325
     328
     295
     329
     298
     324
     318
     318
     335
     331
     312
     338
     321
     319
     307
     326
     337
     366
     302
     311
     314
     324
     343
     333
     308
     347
     363
     317
     314
     320
     325
     338
     309
     359
     322
     325
     329
     324
     319
     304
     315
     322
     327
     333
     326
     331
     347
     367
     326
     308
     351
     351
     358
     342
     332
     294
     299
     340
     328
     350
     351
     348
     332
     336
     314
     329
     306
     333
     309
     338
     336
     345
     319
     326
     347
     317
     364
     331
     357
     330
     339
     326
     342
     317
     371
     316
     307
     334
     349
     330
     338
     376
     332
     357
     353
     334
     348
     352
     316
     333
     368
     361
     335
     332
     341
     317
     335
     325
     336
     346
     368
     346
     340
     347
     325
     337
     327
     300
     342
     342
     382
     341
     336
     365
     376
     340
     335
     361
     379
     372
     336
     368
     342
     354
     334
     328
     359
     350
     327
     333
     356
     337
     321
     321
     350
     376
     371
     352
     383
     337
     324
     322
     348
     391
     371
     374
     318
     353
     338
     332
     377
     375
     342
     331
     346
     349
     361
     381
     299
     353
     368
     341
     382
     337
     370
     366
     354
     356
     366
     373
     384
     348
     348
     388
     367
     343
     382
     331
     348
     333
     340
     364
     379
     370
     333
     382
     360
     361
     366
     381
     346
     359
     364
     392
     373
     354
     350
     368
     370
     331
     344
     352
     338
     386
     370
     354
     376
     348
     368
     400
     371
     364
     352
     386
     350
     340
     360
     374
     386
     347
     347
     372
     377
     380
     377
     349
     365
     342
     380
     386
     346
     398
     387
     391
     371
     378
     369
     361
     357
     408
     386
     382
     339
     359
     383
     382
     382
     378
     340
     396
     395
     352
     399
     399
     348
     380
     416
     370
     419
     369
     384
     368
     378
     412
     401
     367
     372
     375
     382
     390
     370
     368
     407
     358
     408
     403
     383
     367
     414
     345
     371
     404
     402
     378
     397
     367
     434
     374
     403
     374
     386
     395
     423
     383
     366
     380
     350
     379
     412
     403
     382
     368
     397
     372
     374
     387
     415
     393
     415
     359
     362
     380
     385
     370
     383
     361
     368
     386
     368
     412
     396
     365
     360
     337
     391
     405
     395
     412
     379
     384
     373
     372
     374
     379
     392
     375
     386
     361
     369
     367
     397
     403
     376
     388
     381
     341
     365
     397
     395
     363
     372
     382
     383
     373
     396
     368
     368
     388
     335
     371
     323
     347
     390
     355
     371
     374
     330
     369
     351
     326
     343
     342
     339
     330
     370
     334
     358
     329
     394
     320
     295
     313
     300
     307
     317
     329
     287
     283
     302
     288
     321
     320
     262
     290
     329
     278
     297
     280
     288
     277
     274
     272
     261
     293
     283
     240
     278
     262
     285
     293
     278
     263
     276
     245
     274
     284
     293
     275
     258
     259
     251
     242
     291
     252
     263
     246
     253
     266
     238
     282
     231
     233
     247
     272
     264
     239
     233
     241
     231
     261
     255
     233
     223
     220
     242
     221
     209
     256
     243
     239
     233
     235
     213
     212
     216
     216
     249
     221
     224
     239
     195
     261
     206
     231
     209
     230
     209
     239
     235
     213
     227
     212
     223
     221
     226
     212
     223
     209
     197
     214
     225
     211
     214
     182
     209
     206
     204
     210
     193
     183
     225
     215
     217
     242
     216
     245
     222
     234
     202
     198
     213
     200
     211
     229
     213
     178
     209
     230
     203
     193
     211
     204
     210
     211
     181
     196
     193
     194
     192
     196
     189
     218
     197
     216
     190
     184
     214
     183
     196
     202
     189
     194
     175
     199
     189
     224
     185
     221
     209
     170
     189
     196
     182
     186
     208
     195
     200
     204
     213
     193
     191
     196
     206
     175
     201
     208
     186
     177
     185
     202
     191
     190
     190
     167
     181
     214
     183
     170
     141
     202
     178
     171
     179
     184
     206
     184
     166
     189
     184
     178
     189
     178
     189
     198
     170
     187
     201
     157
     195
     180
     164
     194
     193
     191
     179
     186
     189
     182
     186
     152
     198
     153
     165
     173
     192
     163
     155
     169
     183
     194
     157
     195
     188
     165
     186
     166
     161
     179
     179
     182
     183
     156
     174
     154
     197
     177
     180
     177
     172
     178
     179
     164
     166
     172
     190
     179
     187
     185
     176
     152
     182
     191
     167
     163
     166
     160
     159
     193
     168
     173
     167
     153
     151
     162
     148
     176
     145
     162
     180
     152
     178
     157
     147
     168
     148
     150
     177
     169
     159
     157
     181
     146
     179
     201
     162
     157
     143
     178
     180
     149
     157
     161
     139
     157
     155
     155
     157
     161
     172
     139
     176
     174
     158
     149
     165
     169
     153
     158
     148
     172
     162
     130
     150
     146
     149
     175
     158
     149
     148
     170
     140
     151
     172
     143
     148
     178
     161
     143
     167
     163
     156
     137
     137
     153
     153
     120
     151
     165
     141
     145
     144
     164
     151
     135
     146
     147
     146
     170
     156
     135
     162
     140
     153
     155
     139
     151
     149
     160
     149
     136
     138
     152
     131
     135
     148
     145
     138
     147
     144
     141
     162
     126
     151
     161
     140
     142
     150
     123
     155
     154
     110
     137
     146
     131
     142
     141
     138
     151
     138
     145
     133
     141
     123
     156
     130
     127
     129
     128
     154
     119
     144
     134
     120
     132
     117
     113
     125
     141
     147
     126
     125
     131
     138
     130
     137
     138
     130
     128
     137
     132
     126
     154
     143
     128
     143
     142
     124
     144
     136
     131
     141
     133
     143
     138
     134
     123
     137
     130
     131
     135
     129
     116
     108
     134
     126
     123
     148
     143
     104
     155
     124
     120
     122
     116
     121
     137
     118
     109
     133
     124
     140
     134
     139
     108
     121
     114
     115
     149
     118
     134
     143
     134
     111
     129
     148
     122
     109
     127
     126
     109
     107
     121
     127
     121
     136
     140
     120
     139
     133
     127
     123
     114
     111
     124
     130
     128
     126
     122
     118
     118
     123
     109
     119
     129
     103
     108
     115
     124
     118
     125
     127
     101
     112
     117
     113
     121
     124
     126
     136
     128
     138
     117
      99
      99
     113
     132
     131
     115
     114
     109
     116
     115
      95
     101
     116
     121
     102
     117
     123
     115
     112
     103
     126
     127
     126
     103
     111
     101
      92
     105
     124
     108
     120
      83
     111
     106
     119
     101
     121
     109
     149
     117
      94
     111
     103
      89
      97
     116
     112
     112
     122
      93
     101
     115
     110
     118
     117
     107
     111
     121
     116
     113
     118
     111
     112
     122
     119
     101
     113
     122
      90
     112
     122
      98
      98
     103
     129
     118
     114
     102
     119
      99
      91
     100
     113
      98
     104
      88
      67
     105
     101
      94
     116
     112
     115
     105
      92
      97
     108
     118
      92
     124
     123
     107
     101
      94
     106
     106
      97
     106
      90
     103
     111
     106
     109
      88
     113
     102
      98
     113
      92
      95
      85
      92
      84
     100
      88
     107
      96
      90
     114
     115
      98
      94
      94
      87
     109
      96
     106
     109
      92
      93
      91
     101
      92
      90
      93
     102
      80
      77
      97
     104
      95
      98
     106
      91
      90
     105
     102
      96
      89
     101
     111
      94
      76
     102
      93
     122
     106
     108
      89
      91
      97
     101
      88
      84
     108
      92
     100
      96
      96
      98
      99
     114
      99
      93
      92
      79
      99
      97
      97
      82
      87
     113
      96
      93
      88
      79
      97
      92
      91
      99
      95
      97
      78
      79
      81
     100
      94
      93
      76
      99
      98
      98
      90
      78
      77
      87
      92
      94
      75
      88
      88
      98
     110
      76
      85
      88
      86
      94
     103
      85
      86
      83
      90
      80
      89
      55
      90
      83
      88
      85
      98
      95
      81
      90
      94
      99
      81
      87
      76
      93
      82
      80
      91
      87
      80
      88
      91
      99
      88
      85
      92
      95
      89
      80
      80
     105
      82
      85
      96
      78
      97
      90
      77
      71
      77
      88
      86
      66
      78
      70
      82
      92
      93
      87
      91
     103
      74
      86
      83
      99
      91
      80
      87
      85
      76
      64
      86
      99
      90
     108
      87
     108
      76
      94
      82
      77
      81
      83
      87
      90
     101
      87
      83
      89
      88
      92
      73
      75
      86
      79
      99
      82
      82
      96
      79
      82
      94
      85
      73
      82
      73
      85
      82
     101
      92
      73
      71
     101
      85
      88
      81
      94
      92
      69
      63
      71
      78
      82
      92
      82
     103
      84
      97
      72
      86
      90
      86
      83
      68
      83
     106
      94
      94
      86
      79
      87
      92
      88
      77
      82
      82
      76
     110
      86
      87
      79
      73
      74
      90
      92
      82
      73
      84
      80
      90
      88
      83
      73
      77
      95
      87
      76
      78
      78
      86
      98
      93
      76
      71
      93
      69
      71
      69
      80
      94
      87
      65
      62
      82
      87
      78
      82
      63
      84
      86
      91
     105
      67
      86
      81
      83
      73
      83
      58
      87
      80
      81
      73
      96
      81
      74
      68
      76
      80
      88
      73
      75
      88
      88
      89
      73
      67
      87
      80
      85
      84
      84
      75
      86
      90
      80
      86
      84
      71
      96
      87
      76
      73
      91
      81
      73
      94
      71
      97
      81
      92
      99
      65
      87
      89
      90
     107
      78
      80
      81
      82
      71
      84
      81
      83
      76
      98
      79
      94
      70
      74
      77
      80
      77
      80
     104
      82
      82
      88
      73
      85
      91
      69
      77
      88
      80
      80
      91
      88
      87
      70
      93
      88
      84
      81
      73
      91
      85
      74
      85
      89
      62
      85
      80
      89
      89
      80
      67
      76
      88
      81
      71
      77
      91
      77
      79
      92
      78
      80
      98
      91
      85
      74
      92
      99
      83
      90
      78
      86
      77
      87
      79
      76
      93
      87
      76
      75
     100
     110
      86
      92
      81
      74
      90
      84
      83
      87
      81
      84
      79
      77
      83
      86
      72
      79
      78
      82
      69
      76
      90
     102
      98
      81
      78
      77
      94
      61
      79
      96
      90
      92
      91
      85
      84
      71
      71
      88
      93
      94
      88
      73
      72
      65
      49
      91
      81
      91
      87
      78
      68
      73
      85
      69
      80
      71
      93
      83
      87
     109
      92
      71
      73
      82
      76
     103
      90
      94
      98
      82
      89
      91
      77
      81
      78
      81
      81
      82
      70
      86
      75
      76
      93
      71
      89
      63
      74
      85
      80
      70
      91
      57
      69
      73
      66
      94
      70
      77
      87
      76
      84
      66
      85
      75
      89
      82
      87
     102
      82
      84
      85
      83
      65
      92
      70
      80
      75
     101
      82
      80
      74
      84
     100
      87
      83
      71
      83
     101
      80
      78
      93
      93
      85
      89
      74
      74
      73
      85
      83
      93
      78
      76
      66
      69
      83
      80
      81
      66
      69
      90
      86
      77
      79
      84
      82
      91
      79
      87
      71
      90
      85
      76
      71
      81
      72
      73
      89
      86
      83
      85
      73
      76
      78
      61
      61
      88
      90
      76
      90
      79
      89
      78
      75
      85
      77
      87
      90
      82
      84
      81
      91
      67
      94
      67
      73
      91
      82
      80
      88
      80
      57
      81
      72
      69
      76
      89
      97
      75
      84
      87
      85
      84
      68
      76
      73
      93
      66
      74
      93
      77
      76
      74
      91
      90
      87
      66
      88
      82
      82
      83
      73
      75
      67
      65
      86
      75
      81
      94
      72
      87
      70
      85
      91
      80
      80
      92
      90
      85
      88
      89
      78
      86
      65
      68
      73
      91
      87
      81
      88
      71
      77
      87
      81
      92
      95
      79
      82
      79
      81
      71
      59
      85
      78
      81
      76
      80
      85
      83
      83
      88
      79
      90
      90
      80
      79
      88
      82
      85
      78
      96
      78
      73
      88
     102
      69
      83
      73
      82
      93
      88
      77
      85
      98
      71
      80
      84
      94
      99
      79
      78
      70
      76
      83
      93
      82
      96
      76
      83
      79
      69
      84
      92
      86
      70
      68
      87
      80
      78
      80
      79
      90
      70
      82
      89
      72
      72
      78
      86
      84
      68
      95
      72
      83
      90
      84
      92
      79
      96
      87
      81
      66
      88
      79
      76
      74
      75
      83
      69
      87
      84
      80
      68
      68
      89
      84
      82
      75
      87
      74
     103
      74
      86
      76
      86
      85
      82
      83
      82
      76
      95
      92
      87
      75
      96
      87
      73
      79
      68
      76
      83
      91
      82
      86
      81
      82
      78
      88
      69
      75
      94
      92
      90
      96
      86
      85
      93
      90
      85
      96
      88
      88
      91
      85
      99
      64
     101
      86
      93
      87
      86
      97
      65
      79
      86
      84
      80
      86
      85
      90
      86
      79
      79
      91
      64
      76
      94
      80
      87
      88
      89
      81
      93
      80
      86
      79
      85
      85
      91
      65
      86
      92
      93
      81
      86
      95
      98
     102
      90
      87
      84
      79
     106
      84
     101
     106
      84
     104
      89
      82
      66
      89
      98
      80
      92
      74
      87
      84
      89
      66
      88
      85
      77
      92
     111
      83
      94
      83
      86
      89
     105
      95
      86
      88
     103
      79
      98
      89
      90
      89
      89
      85
      97
      85
      88
      72
      89
      99
      75
      82
      94
      94
      99
     100
      99
      74
      95
      84
     109
     105
      99
      80
     104
      92
      99
      86
     108
     103
      92
     104
      99
      98
      97
      88
      91
      97
     109
     121
      95
      89
     106
      91
      94
      86
     103
     100
      86
     105
     104
     118
     112
     101
     100
     117
      94
     107
     122
     130
     114
     134
     120
     112
     135
     116
     140
     128
     141
     122
     151
     139
     151
     138
     161
     158
     146
     175
     185
     161
     205
     196
     197
     244
     234
     265
     312
     309
     346
     375
     408
     464
     508
     580
     661
     699
     873
     909
    1036
    1204
    1371
    1550
    1797
    2074
    2521
    2905
    3413
    4001
    4386
    4959
    5727
    6408
    7215
    7710
    8610
    9238
    9682
   10522
   11105
   11538
   11873
   12387
   12417
   12389
   12760
   12762
   12786
   12904
   12250
   12215
   11859
   11531
   10827
   10295
    9882
    9079
    8289
    7690
    6947
    6233
    5412
    4851
    4251
    3483
    3011
    2523
    2088
    1743
    1430
    1174
     956
     750
     658
     548
     509
     442
     359
     345
     288
     284
     253
     225
     204
     176
     202
     149
     152
     140
     156
     140
     112
      94
     106
     139
      76
     100
     112
      98
      98
     102
     103
      90
      96
      82
      72
      79
      72
      75
      70
      72
      73
      73
      76
      73
      74
      80
      70
      58
      72
      64
      65
      55
      66
      62
      66
      63
      64
      59
      70
      60
      71
      71
      61
      69
      58
      51
      58
      71
      70
      54
      62
      78
      56
      60
      62
      64
      69
      64
      65
      62
      63
      62
      58
      72
      52
      51
      60
      50
      53
      61
      57
      62
      60
      48
      44
      53
      68
      52
      53
      44
      54
      40
      70
      49
      64
      60
      56
      50
      51
      43
      55
      42
      63
      60
      51
      52
      59
      56
      51
      44
      51
      55
      48
      38
      55
      57
      49
      64
      49
      54
      50
      46
      51
      43
      56
      53
      69
      58
      52
      52
      50
      44
      45
      52
      55
      56
      51
      52
      52
      52
      51
      50
      39
      58
      66
      47
      54
      59
      57
      38
      53
      40
      56
      62
      47
      60
      46
      62
      53
      65
      46
      48
      42
      34
      48
      44
      56
      59
      51
      58
      40
      57
      51
      46
      55
      56
      42
      47
      44
      42
      45
      53
      36
      57
      40
      47
      39
      42
      40
      49
      56
      33
      54
      50
      55
      52
      59
      43
      65
      50
      46
      52
      34
      54
      40
      47
      52
      52
      52
      38
      47
      59
      41
      43
      52
      50
      53
      44
      45
      58
      46
      39
      45
      48
      49
      41
      50
      50
      48
      36
      54
      47
      30
      50
      42
      39
      38
      45
      41
      39
      40
      49
      44
      63
      59
      51
      39
      38
      42
      51
      47
      46
      49
      46
      48
      46
      44
      47
      49
      49
      42
      55
      54
      39
      53
      39
      36
      40
      51
      41
      36
      30
      48
      43
      37
      51
      48
      50
      46
      45
      51
      35
      47
      36
      36
      41
      48
      47
      40
      32
      47
      38
      47
      52
      60
      55
      39
      50
      55
      57
      38
      50
      36
      51
      36
      46
      51
      40
      40
      54
      41
      38
      38
      40
      38
      42
      44
      39
      50
      43
      28
      42
      46
      46
      42
      40
      36
      43
      56
      37
      42
      37
      41
      46
      42
      54
      53
      42
      40
      38
      48
      46
      42
      45
      40
      47
      43
      35
      37
      50
      47
      34
      43
      37
      28
      38
      43
      43
      47
      41
      35
      51
      34
      39
      29
      48
      48
      45
      42
      48
      48
      45
      35
      41
      39
      50
      49
      47
      31
      47
      37
      40
      42
      34
      34
      46
      46
      46
      49
      35
      40
      54
      34
      53
      32
      54
      42
      35
      31
      37
      46
      42
      44
      48
      46
      52
      47
      38
      33
      50
      44
      42
      48
      48
      45
      38
      42
      54
      28
      40
      37
      46
      42
      50
      42
      52
      41
      47
      53
      40
      29
      37
      40
      50
      50
      31
      35
      36
      33
      36
      48
      37
      38
      41
      33
      42
      45
      30
      38
      46
      38
      32
      43
      37
      47
      49
      40
      39
      42
      38
      47
      33
      49
      37
      48
      39
      50
      43
      42
      35
      30
      43
      45
      45
      43
      40
      42
      46
      49
      52
      46
      39
      38
      37
      38
      39
      42
      37
      42
      36
      40
      55
      52
      39
      49
      41
      49
      44
      40
      42
      40
      41
      41
      39
      41
      44
      43
      28
      43
      56
      37
      35
      42
      39
      31
      47
      39
      43
      38
      36
      41
      42
      41
      44
      39
      44
      46
      48
      54
      43
      33
      43
      46
      56
      41
      40
      42
      41
      37
      40
      33
      48
      40
      44
      43
      48
      44
      40
      36
      29
      44
      35
      48
      49
      37
      45
      39
      42
      43
      60
      39
      34
      35
      47
      38
      41
      38
      47
      40
      48
      47
      29
      44
      44
      51
      40
      35
      40
      36
      45
      52
      35
      38
      37
      36
      31
      40
      41
      39
      39
      46
      34
      53
      38
      41
      41
      38
      51
      35
      43
      45
      46
      39
      43
      45
      33
      44
      63
      44
      46
      38
      36
      44
      41
      43
      32
      40
      39
      48
      40
      39
      41
      39
      43
      39
      42
      28
      54
      38
      42
      41
      48
      38
      41
      53
      42
      42
      35
      39
      44
      42
      48
      45
      45
      40
      49
      34
      39
      48
      48
      41
      30
      42
      54
      43
      41
      34
      35
      41
      32
      37
      40
      36
      47
      44
      31
      35
      39
      33
      29
      46
      32
      38
      47
      40
      52
      44
      32
      46
      54
      47
      32
      51
      44
      26
      40
      36
      46
      49
      42
      51
      30
      38
      38
      32
      55
      47
      40
      34
      37
      34
      36
      36
      31
      40
      44
      49
      43
      37
      52
      28
      34
      40
      45
      42
      35
      33
      43
      33
      40
      43
      37
      44
      38
      36
      51
      42
      37
      48
      38
      30
      41
      42
      45
      44
      39
      44
      34
      41
      49
      38
      30
      41
      36
      36
      37
      37
      43
      40
      38
      35
      39
      31
      39
      56
      36
      36
      35
      42
      36
      35
      37
      52
      45
      35
      44
      51
      39
      39
      35
      37
      48
      41
      35
      30
      31
      45
      31
      31
      42
      47
      39
      35
      42
      43
      39
      42
      43
      41
      32
      35
      45
      40
      38
      36
      39
      51
      34
      46
      46
      39
      47
      32
      41
      38
      39
      38
      38
      50
      34
      33
      38
      38
      45
      39
      43
      35
      34
      42
      45
      49
      33
      37
      44
      34
      41
      43
      42
      39
      37
      43
      50
      37
      38
      46
      33
      42
      35
      44
      39
      45
      40
      47
      43
      39
      54
      49
      31
      34
      48
      43
      39
      32
      38
      33
      46
      42
      45
      50
      56
      38
      37
      40
      43
      44
      34
      45
      51
      41
      37
      36
      41
      38
      52
      38
      37
      48
      23
      39
      38
      39
      42
      43
      36
      44
      37
      39
      33
      30
      40
      39
      39
      31
      41
      40
      45
      32
      30
      40
      43
      33
      46
      47
      50
      41
      41
      37
      41
      42
      36
      33
      31
      48
      35
      41
      28
      39
      31
      42
      40
      46
      39
      38
      42
      30
      36
      39
      49
      42
      37
      42
      39
      43
      42
      50
      40
      33
      47
      36
      40
      42
      44
      51
      38
      41
      46
      56
      54
      49
      58
      53
      43
      40
      40
      52
      30
      36
      43
      40
      60
      38
      45
      38
      41
      36
      39
      41
      59
      43
      36
      35
      45
      43
      32
      39
      27
      37
      38
      42
      36
      34
      41
      40
      42
      25
      50
      35
      45
      40
      48
      43
      29
      29
      36
      34
      43
      30
      40
      36
      32
      38
      52
      21
      46
      39
      53
      40
      33
      26
      38
      37
      51
      33
      43
      36
      35
      49
      41
      36
      35
      37
      34
      32
      38
      41
      49
      37
      34
      33
      50
      31
      44
      42
      37
      32
      42
      38
      31
      40
      43
      27
      31
      43
      32
      32
      35
      35
      43
      38
      31
      35
      37
      52
      28
      33
      39
      32
      30
      41
      38
      34
      41
      40
      36
      41
      43
      51
      38
      47
      34
      37
      37
      30
      32
      32
      37
      42
      39
      47
      46
      39
      42
      38
      42
      42
      47
      51
      39
      42
      32
      33
      37
      61
      32
      32
      46
      37
      47
      35
      35
      50
      44
      38
      46
      40
      34
      38
      28
      59
      45
      33
      30
      37
      44
      52
      37
      31
      45
      37
      47
      37
      38
      34
      22
      39
      39
      40
      30
      36
      30
      36
      48
      35
      50
      40
      38
      43
      40
      40
      54
      39
      41
      46
      41
      46
      37
      37
      49
      49
      34
      40
      50
      54
      45
      30
      45
      45
      41
      45
      44
      37
      47
      33
      39
      46
      35
      39
      39
      28
      31
      40
      30
      40
      37
      40
      44
      33
      40
      35
      34
      40
      37
      41
      40
      31
      37
      39
      38
      35
      37
      47
      37
      40
      45
      51
      35
      55
      31
      34
      45
      39
      54
      39
      48
      43
      32
      39
      30
      38
      36
      43
      38
      33
      34
      43
      36
      43
      39
      33
      45
      43
      45
      54
      48
      33
      44
      38
      48
      46
      27
      30
      33
      38
      54
      34
      42
      51
      34
      46
      40
      33
      40
      32
      45
      51
      32
      38
      32
      42
      44
      38
      43
      40
      40
      31
      48
      37
      54
      34
      30
      37
      32
      27
      47
      38
      39
      44
      45
      41
      43
      38
      45
      39
      26
      34
      44
      37
      38
      37
      37
      31
      44
      46
      51
      25
      51
      40
      41
      34
      41
      26
      43
      39
      37
      41
      37
      28
      40
      39
      45
      37
      40
      45
      46
      42
      31
      37
      32
      32
      39
      31
      32
      43
      33
      35
      41
      38
      30
      38
      45
      37
      31
      50
      35
      35
      41
      39
      44
      38
      43
      23
      31
      37
      33
      25
      34
      31
      35
      55
      35
      37
      40
      40
      42
      33
      39
      39
      28
      28
      30
      40
      46
      42
      53
      35
      33
      37
      28
      48
      42
      40
      38
      46
      58
      31
      42
      43
      44
      41
      35
      30
      33
      41
      50
      36
      41
      32
      36
      42
      41
      39
      38
      43
      41
      43
      40
      42
      32
      40
      31
      32
      36
      38
      42
      41
      39
      45
      33
      32
      37
      33
      44
      37
      47
      43
      42
      32
      31
      43
      37
      46
      41
      30
      36
      54
      43
      40
      48
      37
      42
      34
      34
      36
      32
      44
      41
      46
      34
      25
      36
      42
      37
      37
      46
      43
      38
      30
      34
      43
      30
      41
      36
      44
      36
      41
      44
      38
      37
      32
      36
      41
      33
      34
      42
      43
      27
      30
      50
      36
      34
      36
      37
      34
      45
      44
      42
      42
      35
      31
      50
      39
      37
      52
      42
      41
      33
      45
      41
      46
      35
      41
      30
      37
      41
      57
      33
      26
      39
      52
      40
      41
      43
      37
      33
      31
      38
      49
      45
      46
      39
      31
      31
      35
      30
      45
      26
      39
      41
      31
      50
      43
      46
      45
      40
      36
      43
      44
      38
      30
      37
      42
      34
      45
      46
      43
      21
      29
      54
      38
      40
      36
      44
      28
      33
      33
      46
      40
      34
      44
      39
      32
      37
      33
      38
      39
      43
      30
      32
      53
      36
      43
      41
      42
      30
      44
      38
      53
      41
      35
      37
      33
      36
      30
      39
      33
      34
      28
      40
      40
      36
      39
      40
      40
      41
      27
      54
      44
      33
      43
      32
      23
      44
      32
      33
      51
      35
      33
      50
      30
      41
      42
      40
      36
      40
      30
      35
      37
      34
      44
      43
      50
      31
      31
      46
      28
      43
      46
      53
      34
      46
      38
      40
      40
      30
      40
      42
      42
      44
      33
      31
      39
      42
      48
      30
      34
      32
      36
      40
      40
      36
      41
      42
      44
      35
      40
      36
      26
      41
      40
      38
      28
      42
      48
      39
      32
      34
      39
      31
      37
      39
      38
      36
      51
      32
      38
      38
      37
      33
      43
      43
      35
      37
      29
      46
      42
      40
      39
      44
      34
      44
      53
      23
      38
      35
      36
      40
      43
      35
      34
      48
      33
      37
      33
      34
      46
      43
      44
      35
      36
      50
      35
      41
      48
      36
      47
      37
      38
      37
      35
      42
      33
      44
      32
      37
      40
      38
      31
      24
      46
      42
      35
      32
      39
      36
      35
      39
      40
      29
      44
      41
      32
      46
      40
      44
      36
      43
      45
      41
      43
      31
      47
      52
      29
      42
      54
      36
      47
      39
      38
      42
      47
      43
      39
      32
      35
      32
      37
      34
      44
      39
      34
      39
      41
      47
      47
      36
      53
      44
      42
      41
      38
      36
      40
      36
      24
      39
      48
      34
      31
      38
      29
      36
      31
      38
      38
      29
      34
      46
      35
      43
      49
      49
      46
      52
      33
      33
      44
      40
      43
      38
      42
      36
      32
      38
      43
      35
      38
      36
      26
      35
      29
      27
      41
      32
      42
      47
      37
      46
      34
      29
      41
      37
      33
      34
      20
      28
      39
      36
      25
      39
      41
      37
      38
      38
      42
      43
      47
      40
      49
      33
      40
      30
      33
      40
      48
      36
      40
      47
      44
      35
      41
      35
      47
      37
      43
      57
      44
      27
      43
      41
      43
      35
      37
      32
      45
      25
      45
      42
      30
      31
      41
      52
      41
      36
      33
      37
      51
      28
      33
      30
      38
      39
      31
      37
      46
      44
      31
      45
      47
      30
      45
      37
      41
      35
      43
      34
      37
      41
      37
      41
      32
      45
      34
      41
      42
      46
      46
      31
      37
      47
      49
      34
      43
      24
      43
      32
      35
      34
      33
      42
      33
      44
      42
      37
      38
      38
      38
      44
      38
      38
      38
      44
      37
      42
      42
      27
      45
      28
      38
      40
      45
      40
      34
      47
      38
      42
      48
      37
      51
      43
      31
      29
      30
      45
      30
      34
      43
      41
      29
      45
      48
      40
      48
      38
      36
      28
      44
      44
      26
      37
      52
      39
      32
      42
      42
      31
      30
      45
      33
      48
      42
      46
      35
      35
      38
      41
      40
      43
      34
      41
      36
      43
      43
      28
      31
      46
      34
      36
      42
      42
      50
      27
      40
      36
      39
      45
      48
      41
      39
      46
      39
      29
      27
      39
      38
      31
      39
      37
      47
      39
      46
      25
      37
      33
      46
      49
      38
      48
      39
      41
      48
      38
      48
      38
      54
      38
      40
      31
      32
      52
      42
      31
      40
      35
      26
      36
      32
      44
      34
      43
      40
      49
      37
      42
      38
      45
      32
      41
      38
      37
      37
      44
      45
      41
      34
      40
      43
      34
      41
      41
      45
      36
      32
      36
      45
      37
      28
      38
      37
      30
      31
      34
      43
      40
      42
      43
      24
      35
      45
      47
      52
      45
      39
      31
      44
      34
      27
      59
      39
      32
      37
      50
      40
      38
      43
      38
      44
      36
      47
      38
      36
      43
      35
      46
      45
      37
      32
      39
      41
      38
      42
      42
      38
      36
      47
      34
      46
      36
      44
      46
      39
      38
      46
      40
      26
      36
      56
      45
      56
      47
      37
      41
      38
      42
      31
      41
      46
      37
      43
      30
      45
      40
      45
      36
      41
      23
      40
      33
      35
      40
      28
      39
      27
      37
      49
      39
      32
      33
      41
      35
      51
      35
      35
      43
      36
      35
      34
      44
      29
      34
      36
      33
      42
      48
      47
      34
      26
      41
      47
      43
      39
      45
      38
      38
      43
      47
      51
      38
      48
      42
      52
      42
      46
      33
      38
      43
      32
      44
      41
      35
      34
      41
      42
      37
      43
      34
      29
      41
      34
      40
      44
      43
      31
      37
      44
      36
      28
      35
      38
      49
      40
      40
      41
      40
      30
      33
      39
      33
      35
      51
      48
      36
      36
      39
      33
      38
      43
      32
      28
      43
      41
      40
      42
      41
      43
      31
      31
      39
      38
      34
      38
      31
      37
      37
      34
      42
      29
      42
      37
      24
      42
      48
      39
      53
      42
      48
      29
      37
      42
      48
      38
      44
      38
      37
      44
      42
      50
      39
      34
      55
      39
      43
      46
      41
      32
      47
      34
      35
      39
      36
      37
      32
      43
      38
      50
      42
      38
      28
      35
      24
      48
      33
      36
      37
      41
      43
      41
      38
      46
      32
      34
      28
      53
      49
      38
      37
      37
      32
      54
      48
      36
      39
      41
      43
      29
      29
      47
      42
      33
      36
      33
      47
      34
      34
      42
      51
      46
      27
      43
      40
      44
      44
      41
      36
      50
      32
      44
      57
      42
      34
      39
      45
      43
      47
      48
      44
      36
      33
      40
      49
      29
      53
      43
      41
      44
      44
      27
      37
      43
      34
      49
      43
      34
      34
      31
      37
      35
      39
      43
      27
      44
      40
      50
      33
      46
      39
      33
      44
      43
      48
      26
      33
      37
      41
      37
      33
      48
      37
      35
      42
      37
      42
      32
      31
      42
      45
      42
      45
      32
      37
      38
      45
      35
      51
      44
      36
      43
      32
      49
      40
      33
      31
      32
      43
      41
      47
      44
      35
      38
      50
      44
      45
      32
      44
      45
      45
      43
      39
      43
      45
      42
      33
      40
      37
      35
      33
      45
      40
      45
      44
      40
      30
      36
      35
      41
      32
      37
      48
      41
      31
      35
      39
      48
      33
      47
      37
      47
      61
      43
      34
      44
      42
      41
      35
      46
      44
      44
      46
      34
      39
      47
      53
      42
      45
      39
      51
      52
      43
      47
      43
      38
      51
      46
      56
      51
      49
      51
      37
      41
      23
      50
      50
      38
      38
      42
      41
      44
      35
      35
      50
      31
      43
      38
      52
      44
      45
      35
      54
      29
      38
      44
      41
      45
      47
      45
      38
      43
      26
      41
      43
      36
      51
      48
      38
      37
      35
      48
      37
      34
      44
      44
      41
      39
      50
      34
      28
      49
      35
      33
      42
      47
      37
      36
      42
      33
      39
      41
      41
      41
      48
      39
      42
      34
      34
      42
      46
      36
      38
      36
      42
      38
      42
      37
      41
      49
      40
      52
      49
      34
      48
      43
      42
      41
      46
      51
      28
      44
      42
      30
      43
      37
      30
      42
      38
      32
      46
      40
      33
      46
      44
      31
      46
      41
      36
      45
      31
      39
      48
      33
      32
      41
      40
      32
      54
      35
      40
      40
      39
      60
      41
      43
      39
      55
      43
      36
      35
      36
      35
      48
      44
      44
      39
      46
      41
      30
      40
      43
      35
      45
      40
      36
      49
      38
      38
      41
      41
      46
      29
      48
      41
      43
      40
      39
      51
      35
      39
      39
      45
      33
      38
      36
      39
      46
      43
      40
      32
      32
      39
      44
      46
      34
      35
      41
      36
      40
      53
      46
      46
      36
      38
      27
      44
      47
      41
      35
      45
      34
      42
      37
      48
      39
      37
      41
      48
      37
      42
      36
      42
      34
      40
      43
      44
      42
      41
      38
      33
      37
      37
      50
      50
      33
      45
      37
      31
      39
      36
      44
      42
      38
      44
      39
      41
      49
      39
      30
      41
      44
      32
      67
      49
      47
      47
      35
      24
      48
      40
      50
      49
      42
      33
      35
      42
      32
      49
      37
      43
      40
      46
      49
      49
      30
      40
      54
      31
      35
      37
      45
      35
      33
      36
      42
      31
      42
      41
      46
      44
      37
      44
      49
      33
      41
      41
      31
      43
      50
      33
      48
      47
      46
      38
      34
      41
      42
      38
      45
      37
      37
      38
      37
      41
      39
      42
      26
      39
      51
      43
      46
      35
      51
      41
      41
      27
      43
      45
      48
      45
      45
      30
      40
      42
      37
      33
      42
      39
      43
      40
      50
      37
      49
      28
      37
      46
      44
      36
      35
      46
      49
      42
      41
      25
      37
      40
      32
      45
      34
      31
      44
      46
      49
      40
      45
      49
      54
      36
      34
      30
      38
      35
      40
      57
      36
      41
      39
      42
      34
      41
      34
      46
      47
      34
      47
      45
      35
      39
      56
      43
      40
      45
      32
      39
      40
      46
      43
      34
      42
      28
      50
      39
      36
      30
      51
      51
      44
      49
      41
      47
      41
      29
      33
      32
      42
      50
      42
      43
      35
      40
      41
      48
      45
      44
      28
      41
      28
      37
      32
      40
      24
      49
      42
      51
      35
      40
      49
      47
      41
      50
      42
      39
      46
      42
      44
      28
      37
      49
      43
      44
      51
      47
      48
      37
      34
      24
      41
      45
      42
      41
      35
      36
      44
      35
      55
      40
      41
      39
      44
      40
      43
      43
      31
      21
      39
      44
      42
      43
      54
      45
      51
      35
      41
      43
      40
      33
      51
      37
      33
      47
      40
      37
      48
      41
      50
      46
      53
      43
      35
      37
      39
      49
      47
      37
      34
      45
      41
      30
      41
      45
      31
      50
      49
      43
      45
      49
      49
      54
      53
      40
      38
      43
      38
      41
      36
      32
      40
      43
      38
      32
      35
      53
      50
      46
      36
      39
      34
      33
      52
      33
      41
      31
      43
      42
      44
      45
      38
      47
      42
      52
      47
      44
      44
      38
      36
      47
      39
      37
      45
      34
      55
      40
      39
      42
      45
      37
      36
      33
      52
      45
      42
      47
      55
      27
      45
      37
      36
      32
      53
      46
      36
      49
      49
      38
      38
      40
      54
      43
      29
      39
      45
      49
      33
      39
      35
      39
      68
      43
      41
      49
      43
      40
      45
      45
      35
      43
      35
      38
      37
      45
      52
      41
      31
      41
      42
      44
      48
      52
      39
      42
      39
      43
      44
      42
      45
      44
      37
      46
      43
      43
      46
      31
      39
      40
      31
      51
      36
      53
      50
      45
      48
      48
      36
      42
      40
      46
      38
      49
      41
      49
      44
      48
      44
      42
      37
      38
      40
      53
      36
      37
      42
      43
      34
      47
      45
      44
      50
      61
      42
      47
      39
      45
      43
      45
      39
      41
      49
      29
      48
      35
      26
      48
      52
      39
      48
      50
      39
      49
      51
      59
      30
      32
      25
      41
      37
      47
      33
      40
      40
      47
      51
      31
      39
      52
      37
      35
      31
      47
      37
      34
      41
      53
      46
      38
      42
      34
      46
      42
      53
      48
      40
      40
      45
      44
      43
      56
      42
      44
      39
      40
      39
      35
      44
      45
      42
      35
      47
      36
      43
      37
      49
      47
      38
      40
      43
      42
      52
      43
      35
      38
      40
      44
      36
      41
      45
      42
      47
      34
      43
      44
      41
      41
      42
      48
      52
      50
      54
      44
      49
      42
      39
      31
      40
      43
      52
      45
      43
      22
      41
      47
      54
      34
      43
      39
      47
      32
      44
      46
      39
      44
      41
      37
      41
      58
      51
      46
      33
      37
      44
      40
      41
      31
      43
      42
      43
      50
      52
      46
      39
      40
      31
      53
      44
      38
      67
      39
      35
      43
      43
      44
      42
      48
      46
      51
      49
      49
      32
      47
      38
      36
      44
      52
      38
      44
      42
      35
      37
      53
      38
      42
      46
      48
      32
      47
      46
      34
      51
      33
      38
      42
      46
      35
      55
      46
      31
      37
      34
      41
      51
      41
      51
      41
      35
      60
      41
      48
      39
      42
      59
      51
      47
      50
      40
      31
      60
      49
      47
      36
      38
      41
      53
      49
      39
      40
      49
      46
      55
      38
      43
      46
      53
      38
      46
      46
      43
      40
      41
      46
      53
      38
      39
      45
      48
      36
      54
      39
      38
      37
      47
      35
      49
      48
      40
      52
      37
      38
      52
      35
      56
      43
      43
      42
      38
      40
      47
      37
      34
      36
      35
      34
      42
      39
      36
      37
      47
      49
      46
      54
      49
      38
      47
      52
      56
      38
      45
      46
      50
      48
      45
      35
      31
      37
      22
      41
      49
      40
      55
      48
      46
      53
      42
      40
      48
      54
      37
      43
      50
      54
      38
      32
      45
      45
      41
      47
      48
      41
      44
      32
      48
      59
      47
      51
      40
      51
      55
      51
      46
      40
      49
      51
      40
      43
      45
      45
      47
      51
      43
      42
      43
      36
      47
      41
      47
      47
      52
      45
      45
      48
      46
      48
      47
      41
      39
      46
      56
      34
      46
      50
      44
      52
      54
      35
      49
      38
      32
      42
      44
      46
      44
      45
      31
      37
      63
      44
      40
      54
      51
      46
      47
      38
      39
      51
      47
      53
      43
      43
      42
      37
      42
      45
      41
      45
      46
      41
      45
      59
      47
      54
      44
      49
      52
      40
      41
      36
      38
      51
      41
      54
      45
      36
      50
      49
      57
      42
      37
      42
      48
      49
      40
      51
      50
      47
      51
      44
      30
      48
      35
      48
      30
      61
      44
      49
      51
      43
      37
      42
      43
      51
      55
      46
      46
      36
      58
      49
      49
      44
      37
      37
      39
      28
      54
      47
      44
      42
      50
      53
      39
      43
      48
      45
      40
      41
      50
      49
      43
      43
      47
      46
      39
      47
      51
      42
      38
      47
      51
      43
      47
      47
      42
      36
      55
      45
      52
      43
      49
      48
      43
      44
      43
      51
      56
      45
      43
      48
      54
      52
      41
      34
      46
      37
      46
      50
      47
      36
      40
      36
      35
      52
      44
      45
      48
      51
      44
      43
      34
      51
      34
      38
      41
      39
      43
      46
      38
      48
      41
      53
      50
      47
      52
      56
      39
      46
      39
      39
      54
      40
      45
      55
      50
      46
      47
      55
      37
      36
      41
      49
      43
      40
      61
      39
      40
      36
      52
      49
      53
      54
      42
      51
      42
      43
      55
      51
      45
      50
      46
      52
      44
      41
      39
      45
      40
      42
      61
      43
      38
      58
      52
      49
      48
      35
      52
      51
      52
      50
      45
      49
      52
      44
      54
      44
      39
      45
      42
      48
      46
      57
      47
      34
      48
      39
      51
      49
      50
      44
      46
      43
      51
      42
      29
      48
      54
      48
      34
      41
      45
      53
      53
      43
      42
      51
      33
      42
      45
      50
      49
      53
      47
      28
      46
      40
      34
      41
      56
      39
      59
      61
      51
      48
      54
      46
      43
      46
      47
      45
      49
      43
      39
      38
      50
      49
      58
      50
      39
      47
      54
      47
      55
      41
      46
      49
      36
      43
      43
      54
      42
      53
      52
      50
      53
      38
      54
      55
      40
      56
      52
      42
      45
      42
      51
      57
      38
      55
      40
      41
      46
      37
      51
      47
      41
      45
      46
      40
      48
      55
      49
      40
      39
      53
      40
      47
      44
      40
      47
      52
      50
      35
      43
      45
      52
      44
      38
      45
      47
      54
      59
      47
      48
      53
      29
      45
      53
      49
      43
      46
      38
      43
      35
      55
      48
      53
      56
      38
      44
      50
      42
      40
      56
      42
      52
      41
      57
      47
      50
      50
      45
      41
      48
      40
      44
      37
      45
      64
      44
      40
      47
      52
      45
      40
      45
      47
      57
      44
      51
      37
      49
      51
      52
      65
      48
      43
      44
      56
      49
      60
      51
      42
      50
      46
      38
      37
      49
      66
      45
      49
      45
      48
      50
      48
      56
      40
      43
      56
      45
      40
      55
      44
      47
      43
      53
      47
      52
      55
      42
      45
      63
      58
      40
      56
      51
      53
      49
      50
      39
      54
      45
      46
      46
      42
      54
      45
      52
      48
      47
      55
      44
      52
      53
      52
      53
      49
      44
      48
      40
      43
      43
      54
      56
      30
      47
      53
      71
      56
      51
      53
      37
      48
      54
      46
      69
      47
      37
      48
      43
      49
      46
      56
      44
      43
      41
      45
      55
      52
      34
      52
      47
      43
      53
      43
      38
      50
      50
      60
      47
      44
      47
      46
      57
      41
      45
      42
      62
      49
      44
      43
      59
      49
      45
      47
      42
      40
      39
      54
      57
      51
      46
      36
      44
      47
      43
      50
      59
      41
      35
      44
      62
      54
      50
      51
      44
      39
      52
      56
      56
      48
      50
      54
      43
      50
      44
      48
      48
      53
      46
      59
      53
      48
      41
      43
      40
      47
      48
      70
      41
      42
      50
      48
      40
      53
      50
      50
      45
      62
      64
      64
      65
      50
      44
      51
      51
      59
      56
      50
      39
      56
      35
      62
      38
      44
      55
      49
      46
      37
      46
      49
      50
      39
      51
      41
      51
      53
      30
      59
      49
      45
      50
      52
      41
      55
      43
      42
      47
      59
      48
      48
      53
      43
      57
      41
      46
      44
      46
      47
      54
      55
      58
      52
      55
      63
      54
      54
      51
      50
      49
      49
      46
      51
      67
      58
      52
      45
      65
      39
      61
      52
      56
      54
      53
      57
      57
      52
      45
      50
      48
      53
      45
      67
      67
      60
      46
      45
      42
      56
      51
      54
      47
      48
      46
      47
      51
      51
      58
      52
      56
      63
      55
      54
      49
      50
      53
      42
      46
      44
      45
      50
      52
      51
      55
      57
      42
      47
      45
      51
      60
      59
      52
      45
      63
      52
      55
      57
      47
      50
      58
      63
      47
      56
      57
      52
      51
      48
      57
      50
      48
      61
      45
      59
      71
      50
      39
      49
      55
      58
      60
      61
      63
      52
      70
      58
      51
      57
      51
      48
      62
      52
      59
      54
      65
      51
      30
      51
      49
      52
      47
      44
      51
      44
      45
      61
      43
      48
      50
      49
      61
      59
      67
      50
      53
      42
      44
      44
      50
      48
      48
      58
      41
      41
      55
      57
      51
      52
      65
      51
      59
      55
      45
      50
      58
      62
      47
      59
      51
      48
      51
      49
      61
      61
      67
      48
      56
      52
      49
      54
      56
      54
      53
      51
      63
      54
      44
      53
      57
      53
      49
      41
      63
      39
      47
      45
      57
      47
      61
      56
      60
      60
      59
      56
      41
      43
      58
      50
      51
      48
      58
      47
      43
      50
      50
      52
      49
      59
      57
      47
      50
      50
      50
      48
      55
      48
      58
      55
      45
      60
      54
      53
      44
      61
      54
      42
      64
      52
      60
      50
      67
      60
      52
      63
      47
      43
      51
      58
      60
      55
      55
      62
      56
      51
      52
      60
      60
      45
      51
      38
      61
      54
      71
      64
      45
      51
      70
      42
      44
      49
      41
      61
      45
      53
      57
      40
      48
      51
      47
      53
      42
      56
      51
      56
      55
      55
      53
      57
      50
      54
      59
      60
      58
      57
      54
      50
      52
      41
      57
      60
      56
      44
      50
      52
      50
      60
      48
      64
      47
      56
      60
      55
      60
      37
      60
      48
      50
      51
      48
      61
      53
      67
      58
      51
      44
      51
      59
      58
      72
      65
      63
      56
      46
      53
      50
      66
      48
      67
      64
      65
      72
      60
      50
      74
      62
      42
      51
      60
      69
      45
      49
      47
      64
      57
      52
      51
      50
      62
      50
      54
      52
      56
      59
      53
      76
      73
      47
      62
      63
      50
      58
      57
      49
      55
      51
      59
      59
      65
      49
      60
      65
      66
      60
      45
      55
      69
      49
      75
      48
      53
      62
      52
      62
      53
      61
      57
      68
      60
      46
      52
      60
      60
      60
      51
      47
      61
      53
      57
      60
      52
      68
      63
      66
      55
      55
      58
      57
      56
      53
      54
      48
      58
      51
      62
      65
      54
      55
      45
      51
      64
      47
      55
      56
      59
      57
      53
      69
      68
      57
      67
      58
      55
      44
      48
      57
      45
      54
      56
      56
      55
      58
      52
      53
      43
      55
      65
      59
      69
      43
      56
      68
      48
      65
      66
      65
      49
      67
      50
      59
      61
      70
      43
      57
      65
      55
      59
      50
      63
      59
      59
      56
      65
      47
      54
      66
      58
      55
      57
      62
      54
      64
      73
      52
      81
      54
      52
      61
      63
      60
      58
      54
      71
      80
      68
      72
      60
      67
      69
      52
      52
      59
      65
      72
      70
      59
      52
      66
      71
      54
      47
      58
      71
      59
      61
      60
      62
      53
      66
      59
      53
      69
      52
      63
      66
      55
      57
      85
      62
      62
      53
      59
      47
      51
      55
      61
      58
      54
      51
      56
      50
      58
      68
      64
      53
      53
      60
      63
      51
      62
      68
      65
      60
      59
      74
      49
      48
      56
      64
      59
      57
      67
      59
      71
      64
      64
      65
      74
      71
      51
      69
      57
      69
      63
      43
      75
      62
      69
      59
      54
      63
      66
      60
      67
      62
      65
      53
      49
      69
      68
      66
      55
      56
      60
      72
      68
      62
      65
      72
      50
      59
      50
      60
      80
      66
      56
      61
      56
      62
      75
      56
      50
      70
      67
      56
      54
      51
      59
      57
      61
      58
      56
      59
      45
      66
      64
      55
      70
      74
      73
      67
      68
      66
      50
      52
      50
      66
      61
      61
      64
      56
      68
      58
      69
      68
      65
      53
      74
      80
      65
      75
      73
      68
      66
      69
      48
      70
      70
      67
      58
      65
      42
      62
      61
      58
      58
      58
      66
      70
      58
      70
      64
      58
      70
      61
      56
      60
      63
      79
      67
      69
      80
      69
      79
      75
      58
      75
      64
      58
      52
      84
      60
      70
      65
      61
      59
      56
      68
      65
      65
      69
      70
      57
      64
      61
      60
      59
      68
      71
      56
      72
      72
      61
      81
      58
      62
      64
      66
      64
      74
      56
      64
      57
      72
      69
      63
      63
      56
      62
      70
      73
      65
      52
      66
      52
      57
      68
      58
      49
      78
      87
      72
      65
      65
      71
      59
      74
      65
      78
      75
      77
      65
      69
      63
      86
      67
      75
      84
      72
      64
      77
      57
      75
      61
      49
      70
      73
      67
      57
      81
      83
      65
      52
      67
      59
      70
      72
      66
      76
      77
      68
      68
      65
      56
      46
      61
      70
      64
      65
      65
      75
      76
      81
      64
      52
      64
      51
      63
      77
      69
      64
      62
      69
      75
      74
      62
      78
      71
      87
      67
      66
      68
      71
      72
      62
      73
      57
      65
      73
      76
      77
      63
      74
      63
      68
      69
      72
      79
      68
      78
      70
      53
      73
      71
      58
      78
      66
      79
      69
      66
      92
      65
      82
      74
      63
      65
      72
      57
      67
      73
      67
      67
      87
      74
      65
      67
      71
      65
      82
      81
      63
      80
      77
      71
      69
      70
      70
      85
      80
      54
      83
      77
      61
      81
      72
      72
      77
      75
      66
      80
      76
      64
      68
      54
      69
      71
      76
      69
      72
      72
      75
      85
      67
      76
      75
      57
      80
      83
      57
      80
      62
      69
      90
      83
      85
      72
      62
      56
      75
      81
      65
      58
      80
      71
      82
      79
      72
      71
      71
      68
      71
      76
      78
      77
      67
      73
      70
      81
      79
      72
      92
      73
      85
      82
      94
      94
      88
      72
      92
      88
      87
      73
      87
      96
      91
      98
      87
      91
      81
      96
      86
      74
      88
      87
      78
      87
     102
      85
      82
      80
      70
      70
      78
      75
      93
      67
      72
      84
      74
      67
      84
      76
      72
      85
      80
      74
      81
      77
      63
      65
      69
      73
      69
      78
      90
      72
      70
      68
      65
      68
      63
      69
      65
      73
      81
      86
      96
      87
      78
      53
      76
      83
      80
      66
      70
      71
      78
      85
      72
      76
      71
      84
      67
      77
      78
      87
      86
      83
      76
      83
      67
      73
      77
      78
      71
      86
      73
      81
      77
      77
      72
      77
      64
      81
      84
      81
      67
      86
      91
      74
      84
      75
      91
      74
      91
      80
      82
      70
      75
      74
      89
      76
      85
      85
      84
      88
      76
      84
      74
      67
      89
      72
      79
      95
      57
      74
      77
      93
      76
      84
      67
      88
      90
      92
      74
      72
      92
      91
      73
      74
      79
      78
      77
      78
      62
      78
      68
      83
      87
      91
      66
      91
      72
     101
      82
      78
      74
      76
      68
      76
      86
      63
      70
      77
      80
      82
      74
      75
      97
      93
      88
      80
      63
      74
      92
      64
      94
      82
      88
      70
      89
      79
      91
      73
      89
      83
      92
      80
      83
      83
      71
      77
      87
      79
      91
      83
      73
      88
      83
      67
      79
      84
      90
      84
      77
      91
      81
      66
      74
      82
      62
      76
      66
      80
      82
      82
      77
      89
      83
      84
      84
      82
      75
      82
      92
      61
      83
      89
      85
      90
      84
      90
      78
      86
      89
      81
      61
      87
      97
      91
     106
      78
      84
      88
      94
      94
      88
      80
      75
      83
      88
      94
      72
     106
     100
      75
     107
      91
      83
      87
      86
      71
      93
      78
      89
     107
      71
      99
      88
     102
      84
      92
      92
      82
      83
      93
      81
      93
      98
      84
      68
      83
      82
      79
      72
      74
      88
      92
      78
      87
      80
      97
      82
      83
      84
      66
      96
      73
      85
      94
      70
      60
      86
      85
      85
     102
      83
      88
     108
      90
      85
      76
      88
      84
      95
      90
      91
      83
      80
      85
      88
      88
      85
      88
      78
      78
      94
      81
      87
      84
      81
      91
      92
      92
      81
      93
      94
      83
      85
      74
     103
      92
      77
      91
      95
      98
      81
      90
      80
      88
      94
      82
      93
      82
      74
     100
      92
      87
      84
      91
      86
      93
      88
      93
      83
      72
      71
      85
      95
      81
      87
      87
      77
      68
      82
      83
      99
      79
      80
      71
      74
      72
      59
      84
      81
      77
      90
      64
      58
      70
      95
      74
      74
      81
      83
      78
      74
      83
      77
      73
      70
      79
      62
      86
      84
      75
      67
      67
      60
      62
      67
      79
      62
      75
      74
      77
      59
      76
      63
      66
      62
      69
      65
      70
      42
      83
      76
      62
      64
      69
      55
      60
      60
      50
      61
      71
      52
      67
      57
      53
      50
      79
      62
      41
      68
      66
      54
      63
      64
      65
      62
      57
      55
      47
      52
      52
      57
      71
      71
      65
      53
      50
      52
      59
      65
      66
      71
      63
      49
      57
      60
      51
      52
      63
      52
      57
      64
      47
      58
      60
      60
      52
      55
      56
      51
      53
      46
      47
      54
      56
      54
      42
      57
      51
      55
      55
      49
      60
      41
      57
      55
      47
      38
      49
      51
      53
      54
      47
      40
      56
      45
      52
      46
      56
      37
      47
      46
      59
      50
      46
      53
      47
      50
      56
      35
      50
      57
      47
      60
      44
      38
      53
      46
      62
      58
      64
      50
      51
      54
      47
      47
      58
      38
      42
      45
      46
      49
      49
      37
      54
      64
      52
      51
      54
      54
      49
      42
      43
      36
      37
      53
      66
      51
      53
      31
      38
      64
      49
      55
      42
      43
      64
      64
      37
      42
      54
      60
      47
      35
      33
      56
      52
      45
      49
      49
      49
      50
      62
      57
      40
      35
      51
      43
      53
      49
      40
      49
      50
      45
      47
      51
      55
      37
      44
      58
      39
      35
      45
      42
      53
      53
      53
      44
      38
      43
      44
      48
      44
      33
      46
      64
      52
      46
      40
      49
      45
      56
      49
      51
      46
      41
      49
      45
      41
      40
      48
      42
      45
      47
      35
      46
      48
      56
      47
      46
      41
      54
      47
      46
      41
      40
      54
      42
      37
      47
      45
      46
      39
      43
      46
      42
      39
      45
      48
      49
      44
      52
      52
      39
      41
      39
      35
      45
      33
      42
      46
      41
      44
      37
      49
      39
      45
      55
      37
      42
      43
      45
      40
      48
      48
      40
      39
      39
      44
      43
      38
      50
      41
      41
      44
      43
      49
      35
      52
      33
      36
      52
      61
      41
      44
      32
      46
      43
      49
      45
      43
      51
      35
      35
      45
      44
      45
      51
      45
      41
      48
      36
      35
      31
      50
      51
      40
      40
      55
      40
      41
      45
      54
      38
      57
      43
      45
      41
      57
      32
      49
      40
      37
      41
      43
      39
      37
      48
      29
      38
      42
      43
      42
      37
      51
      37
      50
      43
      44
      46
      44
      42
      40
      48
      51
      32
      36
      37
      41
      35
      40
      35
      42
      43
      34
      32
      42
      39
      36
      49
      39
      37
      42
      49
      44
      42
      46
      38
      37
      48
      39
      38
      41
      22
      31
      55
      35
      44
      39
      33
      43
      32
      42
      41
      29
      55
      41
      44
      33
      39
      46
      42
      40
      49
      50
      46
      41
      38
      40
      30
      29
      44
      37
      47
      50
      34
      34
      42
      37
      47
      41
      41
      35
      38
      34
      36
      33
      44
      35
      51
      34
      43
      34
      41
      34
      35
      33
      32
      40
      39
      40
      32
      48
      40
      37
      35
      41
      54
      37
      37
      44
      37
      40
      43
      26
      45
      47
      44
      38
      49
      34
      28
      43
      33
      38
      50
      43
      38
      42
      40
      35
      43
      35
      36
      39
      32
      33
      36
      35
      38
      48
      35
      29
      30
      30
      40
      33
      36
      35
      37
      39
      34
      36
      39
      41
      34
      41
      38
      36
      41
      40
      38
      36
      47
      46
      36
      28
      44
      28
      37
      41
      38
      33
      29
      41
      29
      40
      40
      42
      31
      51
      33
      37
      37
      36
      41
      38
      27
      27
      33
      42
      33
      36
      38
      39
      38
      35
      23
      33
      30
      27
      36
      28
      36
      33
      40
      47
      39
      41
      31
      43
      27
      34
      33
      30
      38
      37
      25
      29
      32
      34
      45
      33
      36
      37
      47
      32
      37
      42
      38
      39
      49
      41
      41
      44
      40
      35
      33
      38
      31
      37
      35
      30
      35
      42
      37
      29
      27
      39
      33
      39
      25
      33
      43
      39
      21
      41
      29
      35
      37
      32
      24
      27
      30
      41
      27
      30
      29
      37
      33
      45
      33
      30
      32
      27
      44
      39
      27
      24
      25
      41
      25
      29
      33
      26
      25
      30
      31
      46
      36
      30
      35
      37
      35
      31
      46
      33
      32
      31
      27
      38
      27
      28
      34
      27
      33
      40
      33
      27
      22
      38
      31
      36
      36
      19
      33
      31
      30
      27
      26
      25
      32
      37
      31
      32
      35
      33
      33
      31
      32
      29
      25
      31
      23
      22
      34
      24
      33
      21
      40
      35
      26
      22
      31
      27
      29
      37
      28
      32
      36
      27
      27
      30
      38
      27
      30
      29
      26
      33
      35
      33
      34
      27
      32
      33
      23
      40
      22
      33
      30
      30
      34
      26
      38
      30
      35
      31
      29
      31
      27
      24
      25
      24
      32
      29
      23
      39
      21
      27
      32
      26
      25
      28
      25
      34
      26
      33
      28
      35
      28
      25
      26
      29
      30
      19
      25
      25
      22
      29
      35
      27
      41
      25
      28
      36
      27
      22
      38
      31
      25
      26
      20
      24
      34
      27
      25
      21
      32
      31
      32
      28
      20
      27
      28
      36
      19
      29
      32
      26
      21
      16
      38
      29
      26
      30
      21
      26
      30
      21
      20
      28
      20
      18
      24
      32
      26
      29
      20
      16
      22
      29
      24
      23
      24
      30
      25
      16
      16
      20
      22
      34
      28
      35
      32
      21
      29
      20
      21
      30
      27
      25
      27
      12
      24
      28
      23
      27
      24
      28
      29
      27
      27
      20
      26
      21
      17
      24
      32
      27
      20
      20
      24
      18
      18
      17
      29
      20
      23
      28
      22
      28
      19
      17
      20
      24
      32
      28
      19
      16
      20
      27
      19
      22
      25
      21
      17
      18
      23
      26
      36
      22
      18
      29
      25
      23
      22
      18
      16
      16
      21
      19
      22
       8
      18
      29
      21
      26
      27
      17
      22
      22
      18
      22
      15
      22
      27
      30
      18
      16
      23
      22
      23
      30
      22
      21
      20
      27
      20
      22
      24
      19
      23
      17
      27
      17
      22
      14
      23
      20
      17
      22
      28
      17
      21
      20
      24
      19
      23
      14
      20
      25
      17
      18
      17
      24
      23
      18
      23
      21
      24
      24
      25
      30
      16
      17
      24
      28
      20
      21
      20
      20
      19
      22
      19
      15
      20
      12
      24
      20
      25
      12
      31
      16
      17
      18
      25
      20
      14
      17
      24
      15
      13
      17
      17
      16
      22
      16
      20
      20
      23
      16
      12
       6
      23
      15
      18
      15
      17
      19
      17
      19
      17
      19
      20
      17
      16
      26
      20
      16
      19
      13
      22
      16
      25
      12
      13
      21
      17
      18
      23
      21
      16
      16
      13
      20
      26
      18
      23
      12
      20
      17
      18
      24
      14
      17
      16
      22
      18
      17
      25
       9
       9
      14
      23
      12
      24
      20
      23
      21
      14
      23
      21
      25
      20
      19
      18
      12
       7
      15
      17
      17
      18
      19
      22
      15
      14
      12
      25
      21
      17
      20
      15
      22
      19
      10
      17
      10
      14
      15
      20
      17
      12
      15
      10
      13
      16
      14
      20
      16
      18
      22
      14
      18
      10
      21
      18
      13
      13
       8
      16
      13
      15
      11
      17
      10
      13
      15
       9
      16
      13
      20
      18
      18
      18
      15
      16
      11
      25
      20
      17
       9
      21
      16
      20
      10
      22
      18
      12
      15
      17
      16
      22
      16
      16
      20
      14
      15
      23
      14
      18
      18
      16
      19
      17
      17
      20
      17
      17
      16
      12
      10
      21
      14
      11
      15
      13
      14
      19
      14
      15
      15
      16
      12
      18
      21
      23
      20
      10
      15
      19
      13
      13
      13
      17
       7
      17
      17
      13
       9
       9
      11
      19
      19
      20
      18
       9
       7
      13
      15
      13
      19
      10
      25
      18
      14
      24
      15
      13
       9
      14
      21
      21
      19
      23
      11
      13
      11
      14
      17
      23
      10
      14
      16
      16
      20
      11
      12
      16
      19
      14
      12
      18
      17
      13
      14
       9
      15
      13
      20
      13
      17
      12
      17
      11
      20
      16
      16
      19
      10
      11
      14
      14
      14
      12
      13
       9
      15
      14
      10
      18
      11
      11
      15
      16
       9
      12
      15
      13
      13
      12
      16
      17
      17
      18
       9
      25
      13
      14
       7
      22
      20
      13
      20
      14
      14
      11
      15
      13
       9
      11
      29
      11
      12
      17
      11
      11
      21
      16
      18
       9
      12
      21
      11
       9
      19
      15
      13
      14
      12
      11
       7
      13
      13
       9
      10
      12
      11
      11
      15
      12
      16
      13
      10
      20
      15
      10
       9
      16
      14
      14
      10
      11
       9
      15
       7
      13
      14
      12
      17
       8
      12
      11
      12
      12
      12
      12
      12
       9
       9
      11
      15
      22
      14
      16
      14
      12
      12
      10
      16
       8
      22
      20
      21
       6
      10
      19
      17
      13
      13
      13
      14
      10
       7
       5
      11
      17
      13
      10
       9
      13
      10
      14
      16
       8
      13
      12
      15
      11
       7
       9
      13
      12
      10
      10
      16
       9
      12
      14
      19
      14
      14
      19
      16
      17
       8
       9
      16
      14
      13
      12
      13
      21
      14
      12
      14
      16
      14
      15
      12
       9
      15
      12
       5
      13
      14
      15
      15
      11
      11
      15
      13
      16
      17
      15
      11
      13
      10
       6
      13
      14
      16
       9
      13
      12
       7
      14
      18
      15
      11
       7
      10
      16
      18
       8
      13
       5
      15
      11
       9
      15
       8
      20
      13
      16
      15
      13
      12
      12
      16
      15
      13
       6
       7
      11
      16
      15
      10
      12
       7
      21
      12
       6
      14
      11
      15
       7
       6
      14
      17
      24
      18
      10
      13
      15
       9
      13
       6
      12
      23
       6
      15
      11
      13
      11
      11
      12
      15
      10
      16
      15
      10
      14
      14
      18
      11
      11
      15
      18
       9
      13
       9
       9
      13
      12
      14
      21
      12
      16
       9
       9
      13
      10
      14
       8
      17
       8
      14
      14
      13
       9
      15
      15
      20
      19
      21
      16
      16
       9
       9
      10
      14
      17
      11
      11
      12
      13
      11
      18
      12
      20
      12
       8
      10
      10
      17
      15
      17
      16
      17
      10
      10
      20
      13
      12
      14
      13
      14
       9
      11
      11
      17
       7
      15
      13
       7
      17
       8
      17
       9
       8
      18
      15
      16
      10
       9
      19
      13
      16
      10
      12
      10
      15
      17
      14
      14
       9
      17
      11
      14
       9
      14
      19
      14
       7
      12
       9
      12
      13
      12
      22
      14
      22
      12
      12
      12
      11
      12
       6
      14
      11
      11
      17
      10
      20
      14
      20
       9
       8
      13
       9
      17
      11
      17
      22
       5
      14
       5
      14
      13
      18
      12
      14
      11
       8
      14
      21
      19
      19
      18
      13
       9
      15
       8
      16
      14
      13
      14
      16
      10
      16
      13
      15
      16
      14
      11
      15
      12
      14
      18
      12
      11
       9
      16
      13
      12
      16
      12
      14
       9
      10
      13
      15
       9
      12
       7
      10
       6
      15
      10
      17
      16
      10
      10
      13
      19
      18
      10
      11
      16
      14
      10
      15
      14
      10
       8
      13
      13
      13
      16
      14
      13
      17
      11
      10
      21
      17
       9
       5
       9
      14
       6
      13
      15
      10
      10
      19
       4
       8
      17
      16
       6
      11
       6
      13
      10
       7
       6
      12
      14
      20
      14
       6
      13
      17
       9
      17
      10
       7
      12
      13
      13
      21
      14
      13
      14
      13
      14
      14
      12
      16
      11
      12
      12
      13
      14
      19
      13
      14
      19
      12
      12
      10
       9
      15
       7
      10
      14
      16
       6
      10
      16
      15
      11
      11
      14
      10
      14
      17
      14
      11
      11
      11
      13
      11
      16
      12
      12
      12
      15
       7
      18
      15
      13
      15
      14
      13
      19
       5
      13
      21
      15
      12
       7
       8
      13
      12
      10
      13
       9
      16
      16
      14
       8
      14
      14
      19
       8
      11
      10
      18
      14
       8
      16
      13
      11
      18
      21
      12
      11
      16
      15
      12
       7
      12
      12
      20
      14
       9
      14
      19
      15
      13
      16
      17
       9
      11
      14
      15
      15
       9
      16
      11
      10
       9
      11
      17
      15
      16
      14
      13
      10
      12
      15
      10
       8
      11
      12
      14
      12
      19
      17
      12
      11
      14
      12
      16
      17
       9
      14
      18
      12
      12
      15
      18
      17
      19
      10
      14
      22
       9
      17
      13
       9
      11
      10
       9
      13
      14
      14
      24
      11
      13
      14
      10
      11
      18
      16
      13
      13
      18
      14
      13
      18
       9
      18
      11
      23
      18
      11
      16
       8
      11
       8
      12
      21
       9
      11
       7
      15
      12
      19
      16
      11
      10
      17
       9
       9
       8
      20
      12
      15
      12
      13
      12
      13
       7
      17
      10
       7
      16
      21
      10
      15
      15
      13
      14
      12
      20
      11
       9
      11
      15
       7
      12
      12
      13
      18
      18
      13
       8
       6
      15
       8
      17
      21
       9
      12
       9
      11
      17
      14
      13
      11
      16
      23
      14
      15
      18
      17
       9
      15
      15
      14
      19
      18
      20
      12
      18
      16
      19
      15
      20
      10
      20
       7
      16
       9
      10
       8
      20
      11
      15
      12
       5
      14
      14
      15
       8
      16
      15
      15
      16
      14
      10
       9
      15
      15
      10
       7
      12
      15
      13
      12
      14
      12
      12
       9
      17
      13
      17
      13
      14
      20
      13
      25
      17
       9
      19
      21
      18
      24
       7
      19
      25
      18
      15
      17
      24
      21
      21
      19
      19
      20
      19
      22
      21
      23
      21
      22
      18
      25
      25
      30
      21
      25
      20
      27
      30
      35
      37
      40
      30
      42
      38
      33
      40
      51
      45
      75
      69
      98
     110
     127
     154
     151
     184
     230
     267
     303
     393
     492
     529
     682
     819
     885
    1117
    1278
    1468
    1805
    2083
    2339
    2678
    2947
    3310
    3431
    3753
    3880
    4193
    4255
    4198
    4110
    3984
    3833
    3508
    3096
    2867
    2557
    2298
    1924
    1601
    1296
    1006
     846
     643
     478
     365
     285
     196
     153
     115
      72
      66
      54
      29
      31
      34
      19
      17
      21
      16
      22
      14
      20
      21
      19
      15
      19
      12
      18
       9
      13
      18
      11
      26
      22
      12
      16
      15
      15
      19
      12
       9
      12
      13
       9
      12
      19
      13
       9
      16
       8
      12
      10
      18
      12
       9
      10
      13
      18
      20
      14
      15
       8
      15
      17
       8
      11
       9
      13
      12
      13
       8
      10
       9
       9
      14
       8
       9
      12
      13
      12
       9
      18
      11
      13
       7
      10
       9
       9
      11
       5
      10
      12
      10
      14
       6
      12
      18
       7
       9
       7
      14
      11
      10
      13
      14
      12
      11
      13
      12
      13
       9
      10
       7
      11
      18
       6
       6
      13
       7
      11
      15
       9
       7
      12
      10
       7
      13
      11
      12
       7
      13
       9
      12
      12
      14
       4
      14
       9
      13
       7
       9
      10
      14
       3
       7
      10
       9
       7
      12
       7
      10
       6
      12
       9
       8
       9
       9
       5
      11
       5
      12
      12
       7
      10
       6
       8
      12
       9
       9
       7
       7
      10
       8
       8
       6
       6
      11
       9
       7
       9
      11
      11
      12
      10
       5
       8
       7
       9
       7
      13
      11
      10
      11
      12
      10
       7
      13
       8
       6
       7
       6
       9
      10
       5
      12
      11
       9
       5
      16
       5
       6
       7
       5
       8
      10
       6
       7
       8
       7
       5
       8
       8
       6
       7
       9
       4
      10
       4
       6
      11
       9
      12
       7
       2
       7
       6
       4
       5
      10
       6
      10
       6
       5
      10
       2
       3
       7
       8
       7
       4
      13
       6
       8
       2
       8
      10
       8
       3
       7
       7
      10
       5
       8
       8
       9
       7
       5
       4
      14
       6
       7
       3
       4
       6
      10
       3
       9
       8
      12
      11
       9
       9
       6
       6
       8
      13
      13
       4
       6
       7
       7
       6
      10
       9
       3
       6
       9
       5
       7
      16
      10
       6
       7
       8
       9
       5
       5
       9
       7
       6
       6
       3
       6
       5
       8
       7
       5
       5
       4
       4
       6
       6
       7
       9
       8
       9
      11
      12
       6
       6
       8
      11
       6
       8
       6
       7
       6
       6
       8
      11
       3
       9
       6
       8
       4
       5
       5
      10
       8
       7
      10
       6
       7
       7
       6
       9
       9
      13
       4
       3
      10
       5
       9
      11
      11
       5
       2
       8
      11
       7
       7
       7
       3
      11
       4
       5
       7
       8
       9
      11
      13
       7
       9
      10
       9
       5
       8
       6
       7
       6
       9
       2
       3
       6
       3
       9
       9
       7
       7
      11
       9
      15
       6
       7
       4
       3
       7
       3
      16
       3
       5
       8
       9
       7
       8
      14
       8
       5
       3
       8
       4
       8
       8
      10
       2
       8
       3
       7
       5
       4
       1
       6
       8
       5
       6
       5
      10
       5
       6
       5
       5
       9
       6
       3
       4
       7
      12
       7
       6
       7
       8
      10
      10
       7
       6
      11
       6
       7
       4
      13
       9
       9
      12
       8
       4
       6
       3
       7
       6
       4
       8
      11
       3
       5
      10
       4
       8
       9
       7
       9
      10
       8
      10
      10
       9
      10
       8
       6
       4
       7
       5
       6
      13
       7
       8
       7
       5
       7
      12
       6
       7
      10
       7
       5
       9
       8
       7
       7
       6
       4
       9
       7
       6
       2
       7
       6
       8
       4
       4
       5
      11
       5
       8
       9
       8
       7
       8
       5
       8
       5
       8
       3
      13
       5
      10
       8
       4
       5
       9
       6
       8
       8
       9
       7
       9
       7
       3
       7
      10
       4
       7
       6
       6
       9
       4
      18
       5
       7
       6
       6
       7
       3
       6
       8
       8
       3
      13
       6
       5
       9
       6
       9
       2
      10
       2
       3
       3
       7
      11
       8
       6
       6
       9
       4
       8
       3
       7
       3
       9
       7
       5
       7
       4
       2
       7
       3
       6
       7
       9
       8
       8
      13
       5
       4
       5
       6
       2
       7
       8
       6
       5
       8
       5
       3
       6
       7
       6
       4
       6
       4
       6
       3
       5
       6
       2
       7
       4
       6
       5
       9
      12
       4
       7
       6
       7
      12
       4
       7
       4
       3
       5
       5
       7
       5
       5
       6
       6
       7
       9
       6
       3
       5
       8
       2
      10
       5
       6
       8
      13
       7
      10
       8
      12
       7
       6
       7
       4
       9
       5
       8
      13
       4
       5
       5
       5
       8
       6
       8
       3
       5
       5
       6
       5
       5
       9
       8
       3
       4
       8
       5
       9
       7
       9
       2
       7
       7
       5
       3
       4
       7
       8
       5
       7
       5
       7
       4
       5
       6
       6
       6
       8
       5
       6
       5
       5
      11
      11
       9
       6
       8
       8
       5
       9
       6
       8
       6
       3
       7
       5
       7
       4
       5
       5
      11
       3
       8
       5
       4
       6
       4
       5
       7
       3
       6
       5
      10
       2
       3
       4
       4
       4
       5
       4
      13
       2
       7
       5
      14
       5
       4
       5
       4
       6
       7
       3
       6
       1
       9
       7
       5
       9
       5
      11
       6
       9
       4
       4
       5
       5
       9
       4
       4
       6
       6
       8
       5
       3
       7
       7
       5
       9
       3
       6
       3
       9
       8
       3
      10
       6
       6
       5
       7
       2
       6
       5
       6
       4
       3
       6
       8
       5
       6
       5
       4
      12
       6
       6
       5
       2
       7
       9
       6
       5
       4
       4
       6
       4
       7
       8
       4
      10
       8
       4
       5
       4
       5
       3
      10
       5
       6
       7
       7
      10
       6
       3
       9
       7
       6
       7
       9
       7
       1
       8
       7
       7
       6
       5
       9
       9
       2
       5
       5
       9
       3
       3
       3
       8
       9
       3
       4
       6
       6
       9
       5
       3
       6
       6
       4
       9
       6
       5
       7
       5
       7
       2
       6
       5
       4
       5
       3
       5
       5
       3
       4
       7
       6
       6
       5
       8
       5
       2
       4
       6
       4
       2
       5
       2
       8
       1
       7
       5
      11
       4
       5
       3
       7
       3
      12
       6
       3
       5
      11
       4
       8
       8
       8
       6
       4
       6
      10
       7
       9
       8
       5
       6
       2
       5
       4
       6
       4
       9
       6
       4
       2
       9
       7
       2
      10
       4
       6
       6
       9
       4
       7
       4
       4
       4
       8
       8
      10
       5
       5
       6
       6
       4
       5
       3
       5
       8
      10
       4
       6
       2
       2
       4
       6
       9
       7
       6
       6
       4
       4
       6
       6
      11
       4
       5
       4
       3
       2
       9
       7
       9
       4
       5
       8
       9
       2
       2
       3
       7
       2
       5
       3
       6
       7
       7
       3
      14
       7
       2
       8
       6
       7
       7
       8
       7
       9
       5
       4
       8
       3
       2
       2
       7
       5
       7
       8
       4
       4
      13
       1
       3
       5
       9
       8
       4
       7
       6
       8
       5
       6
       5
       5
       7
       2
       8
       6
       5
       7
      10
       7
       6
       5
       1
       6
       4
       5
       5
       9
       5
       2
      10
       7
       5
       2
       4
       7
       5
       6
       7
       8
       4
      10
       6
       5
       6
       4
       3
       2
       5
       7
       2
       2
       3
       8
       6
       6
       9
       3
       5
       9
      10
       5
       7
       4
       7
       6
       2
       4
       6
      11
       2
       4
       7
       7
       7
       9
       4
       7
       6
       6
       1
       7
       5
       5
       4
       6
       5
       3
       3
       6
       7
       4
       6
       3
       5
       5
       8
       3
       2
       9
       8
       4
       6
       4
       4
       3
       3
       5
       3
       6
       9
       6
       4
       2
       5
       7
       5
       6
       5
       7
       3
       8
       8
       5
      10
       5
       5
       7
       1
       4
       4
       2
       5
       6
       3
      10
       4
       6
       8
       5
       3
       5
       4
       5
       2
       3
       8
       6
       4
       7
       2
       4
       6
       2
       6
       4
       4
       6
       3
       7
       5
       5
       7
       1
       6
       4
       6
       4
       2
       6
       6
       6
       4
       6
       8
       6
       2
       9
       2
       2
       6
       3
       9
       5
       3
       6
       7
       7
       4
       3
       5
       9
       2
       5
       9
       4
       7
       5
       1
       5
       5
       3
       6
       2
       1
       5
       6
       7
       8
       5
       3
       7
       3
       3
       3
       3
       5
       7
       4
       6
       7
       6
       6
       3
       8
       1
       5
       6
       2
       6
       4
       6
       3
       8
       7
       8
       6
       7
       5
       1
       4
       6
       8
       5
       5
       7
       3
       7
       3
       6
       2
       6
       4
       1
       4
       2
       4
       2
       5
       6
       4
       7
       1
       3
       5
       3
       3
       5
       4
       6
       9
       4
       4
       5
       3
       7
       4
       1
       5
       3
       4
       7
       6
       5
       8
       8
       6
       7
       6
       4
       4
       5
       5
       7
      10
       6
       4
       4
       3
       3
       4
       7
       7
       4
       5
       6
       4
       6
       4
       4
       6
       5
       6
       4
       8
       8
       1
       7
       7
       2
       5
       6
       2
       8
       4
       6
       6
       9
       7
       6
      12
       7
       5
       8
       3
       1
       4
       6
       6
       5
       2
       8
       3
       5
       6
       3
       7
       4
       4
       4
       3
       8
       8
       3
       5
       6
       3
       6
       2
       4
       5
       4
       6
       3
       4
       5
       2
       8
       5
       4
       5
       4
       7
       6
       5
       3
       3
       2
       7
       6
       8
       7
       4
       5
       2
       5
       5
       1
       6
       2
       3
       7
       4
       7
       4
       9
       3
       5
       1
       5
       7
       2
       7
       4
       5
       3
       4
       6
       4
       1
       8
       3
       7
       2
       2
       2
       6
       4
       5
       5
       4
       5
       6
      13
       7
       9
       6
       5
       3
       2
       0
       6
       4
       5
       3
       7
       4
       6
       0
       4
       4
       1
       7
       4
       4
       6
       5
       7
       4
       6
       0
       6
       6
       4
      11
       6
       3
       6
       9
       7
       2
       3
       4
       3
       4
       5
       8
       2
       6
       2
       2
       3
       5
       5
       7
       7
       5
       4
       3
       6
       6
       4
       8
       4
       6
       4
       3
       4
       5
       4
       2
       7
       4
       4
       6
       3
       9
       4
       4
       7
       8
       9
       2
       3
       8
       4
       3
       6
       3
      10
       6
       5
       2
       2
       4
       0
       3
       5
       4
       3
      10
       8
       4
       5
       7
       7
       6
       2
       1
       8
       5
       4
       2
       2
       5
       7
       6
       7
       6
       9
       5
       8
       4
       2
       7
       6
       2
       4
       5
       4
       9
       4
       4
       7
       5
       3
       3
       5
       4
       6
       7
       4
       4
       3
       4
       7
       5
       8
       4
       7
       7
       8
       6
      10
       6
       5
       5
       4
       4
       6
       2
       4
       4
       1
       5
       4
       7
       6
       4
       5
       5
       5
       4
       1
       4
       3
       4
       8
       2
       2
       3
       4
       3
       6
       5
       5
       5
       7
       1
       7
       7
       3
       7
       2
       4
       3
       8
       6
       4
       3
       5
       5
       1
       8
       5
       7
       0
       4
      11
       3
       5
       2
       6
       8
       2
       7
       6
       6
       1
       5
       5
       4
       5
       7
       5
       2
       6
       7
      11
       3
       5
       4
       0
       7
       7
       4
       5
       7
       3
       4
       5
       5
       6
       4
       3
       7
       8
       4
       7
       3
       6
       5
       2
       9
       5
       6
      11
       7
       5
       8
       2
      10
       3
       5
       6
       3
       5
       5
       7
       5
       2
       8
       2
       1
       2
       6
       2
       6
      12
       2
       4
       5
       5
       6
       9
       4
       7
       6
       5
       8
       7
       4
       2
       4
       7
       6
       6
       3
       7
       4
       7
       4
       6
       7
       7
       4
       7
       6
       7
       4
       6
       5
       5
       5
       5
       4
       6
       4
       6
       7
       8
      11
       3
       8
       4
       3
       3
       6
       1
       2
      11
       2
       7
       2
       3
       5
       4
       4
       5
       4
       3
       5
       2
       7
       3
       3
       5
       3
       5
       4
       6
       5
       6
       5
       3
       5
       4
       4
       4
       4
       4
       7
       5
       5
       4
       4
       4
       4
      10
       5
       6
       5
       5
       6
       9
      14
       6
       5
       6
       9
       6
       8
       5
      10
      13
       9
       9
      17
       7
      15
       6
       7
      17
      20
      14
      16
      17
      25
      19
      22
      17
      18
      12
      19
      20
      11
      20
       8
       7
      15
       4
       8
       7
       4
       9
       9
       4
       7
       5
       7
       5
       5
       7
       6
       5
       5
       5
       5
       6
      12
       4
       6
       5
       4
       1
       4
       6
       3
       5
       7
      12
       3
       7
       5
       6
       8
       6
       4
       4
       8
       3
       2
       7
       1
       4
       6
       2
       6
       6
       2
       4
       6
       1
       4
       7
       6
       4
       3
       9
      10
       5
       6
       4
       6
       4
       6
       3
       1
       2
       4
       2
       4
       6
       3
       6
       2
       3
       1
       4
       2
       5
       8
       6
       7
       5
       7
       5
       5
       4
       5
       2
       5
       4
       5
       5
       2
       7
       3
       5
       7
       7
       3
       3
       4
       5
       2
       4
       7
       4
       3
       4
       3
       4
       4
       5
       7
       7
       5
       4
       3
       4
       3
       3
       3
       1
       6
       4
       6
       4
       3
       4
       2
       4
       8
       6
       0
       5
       5
       4
       5
       4
       6
       8
       2
      11
       5
       3
       5
       8
      13
       9
       2
       3
       4
      10
       1
       4
       2
       4
       6
       4
       3
       5
       1
       3
       4
       4
       5
       4
       8
       4
       9
       4
       4
       5
       7
       3
       4
       5
       5
       7
       5
       3
       3
       4
       3
       7
       5
       6
       5
       4
       7
       5
       5
      11
       8
       5
       7
       4
       6
       6
       8
       6
       5
       4
       8
       5
       3
       6
      10
       7
       7
       4
       3
       6
       4
       5
       3
       7
       3
       3
       6
       5
       4
       8
       5
       3
       3
       7
       2
       2
       4
       3
       5
       3
       3
      10
       2
       5
       4
       4
       2
       5
       2
       7
       4
       8
       8
       3
       2
       6
       3
       0
       6
       7
       7
       6
       6
       6
       8
       2
       7
       3
       5
       6
       5
       6
      10
       3
       5
       6
       7
       6
       5
       9
       8
       9
       3
       3
       6
       4
       3
       3
       4
       4
       9
       8
       4
       2
       4
       6
       6
       2
       3
       4
       5
       5
       7
       4
       2
       4
       3
       1
       4
       4
       6
       5
       4
       5
       6
       6
       7
       3
       4
       1
       4
       5
       3
       3
       6
       6
       5
       6
       5
       7
       4
       1
       5
       9
       5
       4
       5
       3
       2
       5
       9
       3
       4
       6
       5
       9
       4
       3
       7
       4
       9
       4
       6
       7
       6
       2
       4
       1
       6
       6
       5
       9
       4
       5
       1
       6
       4
       2
       5
       5
       5
       1
       5
       3
       6
       5
       5
       2
       6
       2
       9
       3
       4
       6
       5
       4
       6
       6
       6
       5
       4
       5
       4
       6
       6
       2
       6
       4
       4
       5
       6
       5
       4
       3
       5
       5
       6
       8
       3
       4
       4
       4
       5
       5
       3
       5
       1
       2
       5
       3
       2
       8
       3
      12
      10
       6
       1
       6
       4
       5
       0
       4
       3
       2
       4
       1
       4
       2
       4
       1
       4
       5
       8
       2
       6
       6
       6
       8
       4
       7
       5
       5
       7
       8
       3
       4
       8
       3
       4
       9
       5
       3
       5
       4
       3
       4
       2
       4
       3
       6
       5
       2
       5
       4
       4
       8
       2
       3
       7
       5
       2
       5
       3
       7
       3
       7
       0
       7
       5
       6
       5
       2
       2
       3
       1
       4
       5
       1
       8
       3
       2
      11
       3
       6
       6
       6
       8
       3
       1
       8
       4
       4
       5
       4
       4
       9
       7
       4
       6
       4
       6
       5
       7
       5
       8
       3
       5
       4
       8
       4
       2
       5
       4
       6
       4
       5
       3
       2
       4
       8
       6
       4
       2
       9
       7
       5
       5
       4
       2
       3
       7
      11
       4
       5
       2
       7
       4
       1
       4
       5
       7
       4
       3
       7
       3
       7
       6
       4
       5
       3
       5
       2
       6
       3
       7
       4
       8
       2
       9
       1
       4
       7
       3
       2
       4
       4
       7
       6
       6
      10
       3
       8
       4
       7
       4
       5
       0
       6
       3
       4
       2
       6
       4
       2
       7
       4
       6
       4
       3
      11
       2
       7
       4
       3
       5
       3
       4
       5
       5
       5
       4
       7
       4
       8
       3
       4
       2
       1
       3
       3
       7
       7
       4
       4
       5
       5
       3
       4
       5
       7
       5
       3
       3
       2
       5
       3
       0
       4
       3
       3
       2
       2
       3
       4
       6
       4
       3
       7
       7
       3
       2
       5
       1
       4
       5
       1
       6
       5
       5
       3
       4
       4
       5
       3
       2
       4
       2
       4
       6
       6
       3
       5
       7
       1
       7
       5
       6
       2
       5
       2
       3
       7
       4
       6
       4
       8
       1
       5
       2
       8
       3
       5
       5
       5
       5
      10
       3
       2
       3
       4
       2
       5
       9
       2
       5
       5
       2
       6
       8
       2
       5
       7
       2
       3
       2
       7
       8
       4
       2
       6
       6
       3
       4
       8
       3
       1
       3
       5
       3
       6
       7
       7
       2
       4
       4
       6
       5
       5
       3
       5
       7
       3
       5
       4
       6
       6
       9
       6
       5
       7
      10
       3
       2
       2
       6
       2
       6
       5
       4
       8
       4
       7
       7
       5
      11
       5
       7
       4
       1
       4
       4
       6
       2
       4
       4
       4
       3
       8
       3
       7
       2
       8
       4
       6
       3
       4
       4
       7
       4
       6
       5
       3
       4
       7
       3
      10
       4
       2
       5
       4
       4
       5
       7
       4
       3
       3
       6
      10
      13
      10
       3
       1
       6
       2
       7
       5
       7
       4
       2
       9
       7
       5
       2
       9
       8
       5
       5
       6
       3
       3
       1
       2
       5
       7
       7
       6
       5
       7
       9
       2
       2
       2
       2
       3
       1
       6
       5
       4
       8
       8
       9
       5
       8
       5
       3
       1
       0
       6
       5
       4
       1
       6
       6
       0
       3
       3
       5
       6
       6
       5
       5
       0
      10
       3
       3
       7
      10
       7
       2
       4
       5
       6
       2
       7
       7
       6
       5
       6
       9
       6
      10
       3
       2
       9
       4
       4
       7
       8
       7
       5
       5
       3
       6
       6
       5
       7
       6
       5
       5
       3
       6
       7
       6
       2
       3
       7
       9
       1
       8
      10
       4
       4
       5
       7
       5
       3
       6
       3
       7
       7
       7
       6
       1
       6
       3
       4
       8
       2
       5
       6
       8
       6
       8
       5
       6
       4
       6
       4
       6
       4
       3
       2
       4
       1
       4
       6
       4
       4
       7
       4
       3
       9
       6
       5
       4
       7
       5
       5
       2
      10
      10
       5
       7
       4
       3
       3
       4
      12
       4
       6
       6
       7
       2
       4
       6
       3
      10
       6
      10
       7
       4
       5
       4
       8
       8
       5
       6
       5
       5
       7
       7
       5
       1
       3
       3
       4
       6
       5
      11
       3
       3
       5
       1
       4
       4
       4
       8
       6
       1
       3
       5
       2
       3
       7
       7
       9
       5
       4
      13
       2
       4
       5
       1
       7
       5
       7
       6
       4
       5
       7
       4
       4
       8
       4
      10
       6
       6
       3
       4
       5
       5
       5
       2
       6
       4
       3
       5
       7
       6
       4
       3
       6
       6
       7
       8
       6
       4
       3
       4
       6
       7
       3
       4
       9
       5
       4
       6
       5
       7
       2
       5
       5
       2
       3
       6
       2
       3
       4
       6
       2
       4
       0
       6
       2
       7
       4
       8
       2
       3
       4
       4
       7
       5
       1
       4
       5
       2
       1
       4
       2
       5
       3
       6
       4
       5
       2
       5
       8
       2
       5
       7
       5
       2
       1
       1
       8
       2
       3
       4
       5
       0
       4
       5
       5
       3
       4
       7
       6
       4
       7
       6
       2
       7
       3
       7
       4
       5
       4
       2
       2
       2
       7
       6
       5
       4
       3
       3
       4
       9
       2
       1
       2
       7
       5
       6
       5
       3
       4
       2
       3
       6
       5
       3
       8
       6
       2
       3
       3
       3
       5
       4
       5
       9
       7
       5
       4
       3
       3
       1
       2
       4
       6
       4
       4
       5
       6
       2
       2
       6
       9
       1
       5
       3
       4
       4
       5
       6
       7
       4
       5
       1
       6
       3
       9
       3
       5
       3
       9
       2
       4
       1
       5
       7
       6
       5
       3
       7
       3
       3
       7
       5
       2
       1
       3
       4
       4
       2
       4
       3
       4
       2
       5
       3
       3
       1
       3
       2
       3
       1
       4
      10
       5
       6
       4
       2
       4
       2
       4
       9
       6
       5
       7
       3
       5
       4
       6
       4
       8
       1
       8
       7
       6
       2
       2
       6
       6
       0
       3
       7
       4
       2
       4
       5
       2
       1
       7
       2
       6
       9
       6
       5
       2
       5
       4
       4
       4
       8
       8
       6
       4
       5
       0
       5
       3
       6
       4
       3
       8
       7
       7
       3
       3
       7
       4
       4
       5
       5
       7
       7
       5
       6
       6
       4
       3
       3
       5
       6
       7
       9
       3
       7
       4
       5
       3
       2
       5
       2
       6
       2
       3
       4
       5
       3
       2
       5
       3
       1
       7
       3
       5
       5
       4
      10
       5
       3
       3
       2
       4
       4
       5
       6
      10
       3
       5
       8
       5
       2
       3
       5
       5
       7
       3
       2
       5
       4
       2
       4
       2
       5
       2
       4
       5
       2
       7
       2
       5
       2
       4
       2
       3
       7
       8
       5
       5
       5
       6
       5
       2
       6
       5
       6
       4
       5
       2
       1
       2
       5
       5
       3
       5
       6
       7
       0
       2
       2
       6
       4
       7
       4
       7
       1
       3
       2
       8
       5
       5
       5
       4
       5
       3
       2
       5
       5
       3
       3
       3
       1
       5
       4
       2
       7
       5
       4
       3
       5
       1
       5
       5
       5
       2
       3
       5
       5
       3
       1
       3
       2
       5
       8
       5
       5
       7
       4
       6
       4
       7
       5
       4
       3
       3
       1
       7
       4
       4
       3
       9
       8
       5
       9
       1
       3
       3
       6
       4
       0
       4
       9
       6
       2
       4
       3
       4
       8
       3
       2
       8
       3
       3
       4
       2
       6
       1
       4
       3
       2
       5
       4
       3
       4
       3
       0
       0
       0
       0
       0
       0
       0
       0
       0
       0
       0
       0
       0
       0
       0
       0
       0
       0
       0
       0
       0
       0
       0
       0
       0
       0
       0
       0
       0
       0
       0
       0
       0
       0
       0
       0
       0
       0
       0
       0
       0
       0
       0
       0
       0
       0
       0
       0
       0
       0
       0
       0
       0
       0
       0
       0
       0
       0
       0
       0
       0
       0
       0
       0
       0
       0
       0
       0
       0
       0
       0
       0
       0
       0
       0
       0
       0
       0
       0
       0
       0
       0
       0
       0
       0
       0
       0
       0
       0
       0
       0
       0
       0
       0
       0
       0
       0
       0
       0
       0
       0
       0
       0
       0
       0
       0
       0
       0
       0
       0
       0
       0
       0
       0
       0
       0
       0
       0
       0
       0
       0
       0
       0
       0
       0
       0
       0
       0
       0
       0
       0
       0
       0
       0
       0
       0
       0
       0
       0
       0
       0
       0
       0
       0
       0
       0
       0
       0
       0
       0
       0
       0
       0
       0
       0
       0
       0
       0
       0
       0
       0
       0
       0
       0
       0
       0
       0
       0
       0
       0
       0
       0
       0
       0
       0
       0
       0
       0
       0
       0
       0
       0
       0
       0
       0
       0
       0
       0
       0
       0
       0
       0
       0
       0
       0
       0
       0
       0
       0
       0
       0
       0
       0
       0
       0
       0
       0
       0
       0
       0
       0
       0
       0
       0
       0
       0
       0
       0
       0
       0
       0
       0
       0
       0
       0
       0
       0
       0
       0
       0
       0
       0
       0
       0
       0
       0
       0
       0
       0
       0
       0
       0
       0
       0
       0
       0
       0
       0
       0
       0
       0
       0
       0
       0
       0
       0
$ROI:
2
4852 5354
12587 12888
$PRESETS:
Live Time
10800
0
$ENER_FIT:
0.358687 0.099971
$MCA_CAL:
3
3.586871E-001 9.997089E-002 0.000000E+000 keV
$SHAPE_CAL:
3
3.638087E+001 -1.552510E-003 0.000000E+000
