$SPEC_ID:
JKL Model 927 SN 17053844 Input 1 HEC-Cr-HEC-Cr-T30-D100-HPGe1-2
$SPEC_REM:
DET# 2
DETDESC# BULK Model 927 SN 17053844 Input 1
AP# Maestro Version 6.08
$DATE_MEA:
05/11/2026 16:06:01
$MEAS_TIM:
251 356
$DATA:
0 16383
       0
       0
       0
       0
       0
       0
       0
       0
       0
       0
       0
       0
       0
       0
       0
       0
       0
       0
       0
       0
       0
       0
       0
       0
       0
       0
       0
       0
       0
       0
       0
       0
       0
       0
       0
       0
       0
       0
       0
       0
       0
       0
       0
       0
       0
       0
       0
       0
       0
       0
       0
       0
       0
       0
       0
       0
       0
       0
       0
       0
       0
       0
       0
       0
       0
       0
       0
       0
       0
       0
       0
       0
       0
       0
       0
       0
       0
       0
       0
       0
       0
       0
       0
       0
       0
       0
       0
       0
       0
       0
       0
       0
       0
       0
       0
       0
       0
       0
       0
       0
       0
       0
       0
       0
       0
       0
       0
       0
       0
       0
       0
       0
       0
       0
       0
       0
      22
     218
     510
     575
     512
     514
     514
     534
     483
     445
     466
     447
     459
     487
     426
     437
     442
     427
     476
     481
     456
     439
     467
     438
     469
     469
     442
     467
     465
     474
     458
     430
     475
     447
     487
     473
     491
     474
     467
     475
     415
     451
     421
     428
     433
     418
     439
     452
     416
     457
     460
     446
     446
     418
     415
     431
     413
     424
     444
     414
     453
     421
     398
     455
     428
     466
     458
     428
     436
     448
     430
     425
     424
     409
     438
     409
     397
     420
     408
     443
     425
     397
     448
     417
     402
     449
     426
     378
     380
     404
     411
     392
     436
     402
     392
     434
     398
     402
     414
     448
     385
     424
     380
     409
     398
     391
     411
     412
     414
     399
     403
     395
     389
     419
     411
     372
     447
     370
     402
     399
     399
     381
     386
     418
     410
     408
     367
     375
     378
     363
     427
     353
     389
     389
     381
     412
     400
     380
     352
     375
     428
     412
     384
     384
     371
     376
     356
     370
     333
     372
     390
     347
     400
     395
     362
     367
     396
     396
     343
     395
     356
     373
     360
     360
     357
     376
     360
     389
     363
     350
     332
     337
     392
     370
     364
     358
     371
     384
     390
     383
     386
     350
     393
     352
     391
     373
     362
     348
     374
     348
     362
     330
     347
     367
     377
     378
     386
     359
     344
     377
     375
     352
     351
     347
     353
     323
     349
     341
     380
     350
     345
     359
     336
     357
     356
     360
     359
     369
     356
     354
     345
     378
     342
     380
     317
     372
     354
     359
     361
     349
     338
     350
     338
     345
     356
     343
     349
     338
     390
     364
     342
     350
     343
     340
     363
     356
     371
     362
     353
     344
     288
     329
     389
     319
     383
     336
     349
     343
     347
     355
     353
     335
     359
     347
     352
     313
     356
     342
     336
     339
     362
     357
     382
     343
     372
     333
     337
     361
     303
     342
     349
     348
     352
     355
     342
     332
     342
     335
     347
     344
     321
     350
     347
     397
     351
     352
     302
     308
     370
     359
     316
     300
     322
     289
     313
     345
     363
     331
     326
     307
     363
     308
     359
     327
     345
     351
     326
     343
     349
     369
     306
     364
     313
     347
     314
     312
     361
     302
     320
     355
     323
     344
     307
     350
     304
     319
     334
     340
     311
     314
     342
     330
     340
     328
     314
     335
     348
     336
     343
     353
     303
     326
     311
     337
     328
     324
     339
     314
     337
     317
     326
     359
     316
     308
     311
     331
     357
     326
     310
     298
     308
     329
     307
     338
     369
     306
     318
     337
     336
     310
     311
     344
     353
     326
     334
     326
     342
     353
     341
     309
     301
     309
     340
     330
     360
     293
     336
     333
     312
     350
     344
     308
     302
     323
     324
     336
     360
     294
     308
     298
     329
     321
     323
     305
     339
     306
     290
     337
     330
     300
     338
     330
     317
     345
     304
     374
     326
     329
     336
     345
     314
     343
     337
     346
     312
     346
     327
     313
     336
     325
     352
     315
     295
     335
     298
     328
     314
     344
     317
     306
     321
     335
     318
     316
     322
     343
     294
     340
     309
     334
     312
     305
     300
     328
     333
     329
     317
     342
     324
     345
     304
     332
     313
     313
     355
     357
     306
     325
     300
     329
     353
     329
     344
     315
     313
     299
     336
     330
     340
     364
     342
     337
     327
     318
     315
     331
     292
     357
     356
     305
     336
     329
     349
     304
     323
     315
     331
     357
     340
     302
     307
     333
     319
     308
     294
     339
     352
     313
     328
     327
     346
     329
     324
     336
     293
     304
     333
     319
     320
     342
     335
     308
     309
     315
     298
     353
     334
     300
     304
     305
     310
     310
     330
     312
     312
     294
     334
     332
     312
     358
     351
     336
     333
     337
     326
     327
     314
     319
     333
     303
     312
     321
     333
     345
     315
     347
     356
     289
     330
     299
     352
     286
     315
     302
     283
     293
     321
     367
     331
     319
     328
     325
     339
     333
     322
     306
     311
     311
     341
     299
     323
     311
     315
     314
     324
     312
     310
     305
     347
     373
     358
     323
     355
     348
     369
     357
     350
     339
     364
     312
     343
     332
     354
     343
     334
     323
     351
     321
     344
     356
     321
     355
     368
     356
     372
     397
     367
     407
     346
     355
     362
     378
     324
     341
     328
     312
     301
     289
     301
     337
     328
     324
     273
     337
     330
     338
     305
     341
     310
     309
     347
     317
     315
     319
     322
     316
     343
     305
     318
     319
     260
     302
     309
     333
     311
     287
     349
     307
     323
     289
     320
     347
     308
     319
     332
     310
     315
     308
     315
     298
     312
     320
     307
     324
     310
     346
     311
     319
     311
     326
     330
     324
     335
     301
     340
     347
     303
     316
     345
     308
     327
     280
     330
     332
     291
     320
     317
     303
     334
     337
     311
     352
     348
     333
     323
     315
     312
     303
     315
     322
     343
     339
     323
     365
     318
     326
     357
     348
     382
     347
     308
     343
     337
     325
     312
     283
     338
     325
     305
     340
     299
     342
     309
     337
     323
     320
     309
     353
     321
     323
     300
     354
     340
     330
     337
     337
     315
     305
     306
     306
     318
     297
     337
     316
     305
     271
     306
     342
     305
     307
     334
     329
     325
     303
     328
     314
     290
     281
     295
     290
     334
     317
     304
     281
     299
     316
     324
     316
     333
     305
     315
     323
     323
     328
     342
     295
     294
     323
     321
     327
     315
     349
     300
     301
     297
     303
     275
     324
     312
     312
     307
     315
     282
     308
     292
     321
     311
     303
     314
     330
     296
     312
     299
     345
     300
     313
     332
     298
     304
     322
     308
     327
     299
     276
     314
     329
     279
     281
     290
     286
     316
     285
     314
     334
     354
     325
     305
     298
     265
     323
     311
     296
     334
     341
     342
     312
     304
     322
     323
     297
     301
     347
     330
     304
     336
     338
     307
     321
     328
     320
     347
     275
     335
     328
     301
     288
     293
     307
     331
     305
     292
     314
     314
     322
     311
     339
     323
     319
     310
     279
     309
     273
     319
     292
     313
     296
     298
     288
     338
     305
     315
     315
     330
     321
     311
     311
     295
     291
     320
     296
     320
     330
     313
     313
     319
     321
     315
     306
     326
     306
     286
     341
     309
     282
     326
     335
     335
     347
     303
     287
     319
     343
     334
     294
     292
     312
     343
     315
     284
     308
     307
     311
     297
     298
     321
     318
     310
     303
     309
     300
     323
     299
     297
     280
     271
     277
     324
     339
     342
     296
     299
     322
     304
     310
     320
     283
     311
     306
     356
     285
     305
     302
     295
     325
     336
     319
     332
     339
     299
     304
     320
     318
     319
     313
     341
     342
     295
     278
     305
     343
     274
     314
     306
     343
     317
     270
     313
     291
     293
     302
     277
     299
     273
     324
     301
     295
     331
     298
     287
     277
     277
     309
     302
     313
     304
     329
     318
     307
     329
     332
     320
     327
     313
     310
     315
     302
     300
     344
     288
     322
     335
     321
     320
     306
     314
     321
     289
     297
     328
     273
     291
     307
     314
     336
     324
     313
     297
     310
     285
     341
     300
     299
     299
     291
     354
     298
     338
     337
     316
     320
     315
     321
     276
     319
     303
     346
     325
     316
     302
     293
     317
     331
     347
     298
     310
     335
     283
     327
     311
     285
     286
     326
     302
     347
     306
     302
     289
     338
     268
     318
     300
     308
     341
     304
     302
     335
     311
     341
     294
     320
     334
     321
     307
     306
     313
     299
     312
     341
     316
     301
     302
     320
     327
     303
     330
     298
     315
     289
     315
     284
     314
     320
     304
     314
     308
     284
     315
     285
     288
     324
     324
     324
     311
     275
     326
     314
     281
     272
     300
     315
     292
     314
     322
     300
     307
     313
     319
     283
     328
     295
     328
     313
     297
     338
     347
     284
     334
     341
     325
     274
     290
     297
     316
     325
     306
     301
     298
     292
     315
     317
     305
     304
     324
     335
     281
     286
     318
     316
     314
     294
     292
     300
     294
     292
     319
     333
     300
     313
     324
     308
     318
     314
     272
     309
     311
     295
     323
     323
     314
     253
     277
     307
     310
     325
     313
     299
     327
     325
     311
     310
     298
     322
     308
     300
     307
     289
     295
     294
     327
     293
     323
     321
     333
     281
     327
     315
     311
     295
     288
     326
     302
     301
     312
     341
     308
     295
     320
     315
     306
     295
     284
     297
     291
     294
     348
     342
     307
     311
     340
     341
     311
     326
     330
     303
     326
     316
     290
     287
     322
     293
     327
     310
     329
     297
     295
     304
     298
     302
     307
     320
     294
     297
     309
     340
     336
     279
     309
     315
     306
     273
     336
     292
     314
     282
     279
     291
     294
     288
     319
     308
     322
     287
     309
     299
     305
     328
     332
     316
     310
     326
     306
     328
     320
     292
     284
     310
     302
     291
     279
     326
     294
     274
     290
     299
     306
     308
     347
     311
     313
     290
     326
     330
     305
     312
     298
     323
     286
     320
     278
     333
     338
     308
     309
     289
     297
     335
     303
     310
     314
     303
     328
     297
     313
     255
     293
     284
     326
     264
     300
     318
     282
     298
     284
     320
     302
     295
     330
     311
     292
     297
     301
     328
     297
     323
     290
     311
     304
     336
     299
     347
     281
     298
     310
     305
     267
     283
     290
     319
     325
     304
     328
     302
     299
     296
     279
     297
     303
     299
     286
     304
     304
     307
     289
     306
     268
     336
     338
     307
     285
     302
     311
     280
     285
     321
     272
     320
     304
     304
     322
     315
     285
     331
     328
     292
     293
     291
     314
     305
     306
     277
     292
     312
     291
     323
     343
     307
     294
     297
     307
     300
     287
     284
     305
     300
     306
     322
     319
     298
     293
     293
     312
     329
     290
     305
     302
     288
     309
     304
     332
     298
     283
     294
     314
     329
     354
     278
     292
     322
     301
     299
     360
     274
     292
     306
     341
     332
     347
     298
     302
     315
     300
     282
     314
     329
     315
     316
     300
     267
     335
     294
     289
     320
     301
     305
     274
     286
     311
     303
     275
     304
     340
     306
     333
     310
     321
     285
     306
     332
     312
     305
     321
     290
     309
     303
     268
     278
     292
     312
     332
     300
     306
     306
     312
     334
     295
     292
     346
     291
     293
     328
     277
     291
     306
     282
     313
     278
     312
     308
     325
     320
     297
     286
     291
     318
     295
     321
     286
     326
     295
     273
     342
     334
     283
     289
     300
     311
     319
     331
     305
     321
     302
     282
     317
     333
     331
     304
     291
     306
     308
     307
     324
     328
     320
     323
     302
     311
     283
     310
     320
     341
     324
     362
     337
     337
     307
     326
     306
     310
     349
     323
     343
     330
     365
     353
     362
     326
     361
     349
     391
     328
     375
     385
     345
     364
     382
     356
     388
     330
     370
     331
     390
     369
     346
     362
     377
     386
     349
     372
     334
     364
     366
     378
     359
     380
     351
     347
     377
     364
     339
     357
     363
     347
     365
     334
     357
     380
     400
     368
     361
     361
     357
     384
     381
     363
     310
     368
     372
     356
     368
     358
     340
     362
     367
     353
     370
     372
     360
     378
     383
     334
     335
     356
     388
     376
     368
     322
     353
     358
     341
     338
     366
     382
     345
     377
     355
     374
     349
     380
     350
     372
     354
     338
     329
     358
     366
     350
     374
     361
     376
     362
     337
     359
     349
     348
     353
     364
     351
     355
     357
     326
     363
     373
     373
     371
     337
     339
     341
     358
     314
     409
     345
     343
     340
     360
     320
     349
     359
     359
     342
     325
     368
     327
     366
     373
     332
     368
     350
     365
     350
     346
     337
     339
     377
     360
     332
     381
     330
     380
     321
     354
     318
     356
     350
     307
     356
     386
     347
     360
     348
     356
     340
     331
     355
     361
     360
     354
     295
     369
     325
     365
     353
     310
     337
     337
     337
     375
     343
     324
     336
     326
     339
     317
     330
     385
     354
     320
     343
     351
     351
     393
     338
     323
     350
     341
     373
     340
     334
     359
     350
     333
     321
     317
     326
     348
     349
     348
     335
     355
     336
     324
     316
     356
     364
     333
     318
     327
     315
     342
     354
     315
     332
     353
     335
     328
     335
     343
     342
     352
     317
     332
     334
     383
     361
     323
     329
     327
     336
     357
     356
     308
     312
     294
     341
     324
     380
     332
     317
     328
     343
     355
     358
     353
     341
     331
     304
     348
     285
     331
     347
     364
     338
     302
     347
     369
     319
     304
     345
     326
     337
     322
     333
     318
     307
     346
     349
     315
     316
     349
     291
     373
     349
     291
     352
     315
     324
     333
     310
     315
     329
     323
     333
     324
     378
     330
     346
     344
     308
     356
     307
     325
     310
     331
     303
     312
     321
     316
     322
     339
     322
     302
     342
     324
     295
     317
     334
     305
     294
     314
     305
     329
     294
     326
     325
     289
     339
     323
     317
     312
     329
     329
     318
     321
     290
     331
     324
     337
     307
     364
     285
     323
     322
     342
     271
     292
     283
     306
     338
     319
     303
     339
     337
     329
     324
     327
     325
     312
     319
     298
     359
     329
     326
     301
     295
     331
     307
     330
     344
     306
     310
     314
     336
     302
     303
     314
     305
     314
     363
     341
     318
     327
     339
     329
     302
     340
     306
     346
     327
     338
     322
     316
     297
     338
     326
     321
     332
     304
     336
     306
     334
     318
     300
     344
     321
     291
     321
     299
     297
     300
     335
     332
     343
     321
     310
     279
     291
     318
     322
     331
     306
     317
     319
     329
     326
     339
     343
     318
     342
     301
     328
     310
     319
     351
     315
     326
     313
     329
     337
     326
     332
     333
     337
     332
     316
     330
     301
     304
     328
     309
     343
     291
     345
     300
     306
     279
     302
     342
     308
     279
     328
     314
     314
     303
     315
     329
     334
     304
     303
     335
     332
     338
     331
     321
     313
     302
     302
     349
     283
     330
     303
     319
     328
     312
     318
     331
     339
     331
     303
     322
     307
     324
     290
     339
     310
     318
     292
     288
     314
     314
     298
     305
     335
     324
     316
     324
     307
     309
     352
     323
     352
     335
     309
     308
     335
     312
     293
     300
     322
     294
     300
     298
     314
     343
     338
     293
     303
     342
     298
     293
     333
     304
     319
     304
     316
     322
     306
     293
     301
     296
     293
     309
     335
     295
     313
     295
     318
     306
     304
     303
     292
     335
     295
     329
     319
     283
     299
     288
     312
     329
     325
     314
     313
     329
     291
     314
     319
     314
     312
     319
     274
     269
     328
     311
     334
     336
     294
     312
     322
     324
     297
     301
     274
     296
     327
     321
     347
     320
     306
     319
     296
     314
     287
     321
     316
     324
     317
     293
     285
     312
     339
     322
     322
     300
     302
     295
     305
     318
     324
     318
     333
     337
     300
     295
     310
     275
     303
     303
     301
     289
     333
     310
     307
     298
     268
     312
     320
     308
     293
     293
     300
     320
     295
     317
     297
     313
     320
     276
     304
     311
     347
     297
     329
     292
     325
     271
     302
     315
     313
     284
     280
     309
     287
     253
     317
     310
     308
     275
     300
     282
     290
     309
     281
     315
     292
     316
     272
     328
     339
     291
     324
     296
     303
     306
     309
     317
     309
     287
     317
     307
     304
     338
     283
     323
     310
     314
     317
     327
     325
     288
     300
     322
     305
     285
     255
     303
     278
     332
     279
     288
     310
     276
     286
     283
     295
     307
     282
     276
     275
     274
     295
     303
     311
     320
     293
     305
     303
     299
     294
     287
     309
     310
     298
     303
     290
     297
     305
     286
     305
     283
     317
     279
     301
     294
     298
     279
     304
     287
     269
     280
     310
     278
     318
     275
     286
     316
     292
     315
     307
     315
     273
     295
     312
     331
     291
     323
     319
     319
     294
     300
     297
     287
     284
     272
     289
     297
     297
     286
     310
     270
     301
     311
     338
     286
     301
     312
     310
     337
     287
     305
     302
     298
     287
     359
     297
     282
     293
     293
     284
     303
     284
     272
     313
     293
     313
     289
     297
     289
     324
     300
     301
     305
     321
     296
     264
     271
     284
     278
     324
     310
     321
     314
     298
     304
     299
     300
     299
     320
     291
     306
     305
     312
     313
     304
     312
     289
     310
     327
     320
     330
     299
     279
     282
     290
     307
     285
     281
     331
     300
     275
     292
     279
     271
     295
     305
     273
     310
     268
     284
     310
     273
     283
     332
     332
     287
     296
     279
     282
     306
     299
     294
     283
     315
     293
     287
     277
     318
     248
     292
     303
     281
     295
     306
     265
     258
     305
     270
     307
     292
     279
     291
     290
     290
     330
     287
     281
     292
     275
     299
     316
     294
     280
     265
     312
     296
     297
     303
     288
     326
     278
     280
     275
     262
     288
     297
     294
     305
     302
     301
     292
     298
     281
     313
     291
     296
     295
     292
     298
     293
     320
     275
     303
     283
     290
     308
     270
     319
     282
     301
     246
     297
     274
     290
     276
     286
     257
     306
     302
     296
     281
     268
     293
     300
     314
     282
     307
     292
     277
     302
     325
     296
     305
     302
     285
     295
     312
     280
     307
     266
     298
     255
     307
     310
     329
     277
     301
     287
     299
     314
     292
     283
     286
     283
     278
     305
     304
     268
     292
     313
     287
     282
     287
     276
     306
     326
     273
     287
     286
     283
     298
     331
     313
     292
     297
     297
     290
     302
     324
     296
     277
     272
     290
     296
     310
     291
     303
     297
     290
     287
     269
     306
     293
     282
     300
     286
     291
     318
     326
     293
     293
     279
     319
     262
     286
     295
     288
     289
     296
     339
     288
     334
     251
     292
     317
     281
     287
     291
     292
     306
     297
     318
     283
     306
     294
     284
     307
     299
     275
     312
     294
     313
     291
     297
     279
     292
     281
     296
     271
     306
     295
     310
     259
     260
     299
     293
     316
     301
     291
     264
     312
     279
     300
     308
     308
     279
     296
     320
     312
     289
     286
     329
     281
     275
     327
     299
     288
     311
     287
     289
     343
     301
     309
     300
     293
     297
     321
     216
     278
     293
     306
     280
     342
     297
     275
     299
     284
     302
     283
     284
     299
     276
     285
     330
     312
     302
     288
     294
     314
     294
     316
     319
     304
     286
     312
     256
     321
     331
     296
     275
     306
     304
     281
     316
     307
     281
     290
     335
     335
     310
     320
     287
     309
     271
     274
     327
     317
     289
     297
     293
     315
     318
     305
     282
     308
     298
     280
     286
     345
     283
     303
     308
     309
     311
     308
     301
     294
     298
     309
     291
     302
     291
     305
     333
     288
     340
     293
     277
     311
     324
     275
     269
     284
     294
     295
     323
     298
     292
     301
     336
     313
     318
     318
     313
     287
     346
     323
     276
     334
     296
     302
     298
     298
     318
     299
     306
     289
     326
     296
     284
     289
     316
     303
     327
     313
     287
     299
     284
     316
     316
     290
     296
     307
     276
     312
     280
     326
     328
     326
     281
     320
     294
     288
     312
     291
     289
     318
     286
     346
     287
     275
     312
     299
     335
     306
     313
     298
     305
     326
     298
     314
     289
     347
     333
     327
     317
     325
     325
     307
     335
     332
     317
     300
     321
     334
     325
     333
     310
     334
     292
     323
     309
     302
     323
     329
     301
     304
     302
     305
     286
     291
     323
     318
     288
     298
     317
     308
     305
     305
     301
     291
     296
     321
     327
     302
     341
     326
     308
     346
     296
     295
     332
     300
     315
     366
     299
     287
     318
     344
     303
     289
     306
     300
     317
     313
     339
     302
     337
     320
     266
     345
     302
     349
     334
     329
     350
     307
     330
     334
     298
     334
     319
     302
     342
     349
     323
     310
     321
     338
     333
     357
     346
     300
     326
     311
     329
     345
     344
     332
     310
     325
     315
     329
     341
     330
     331
     300
     336
     342
     368
     334
     316
     293
     361
     349
     340
     315
     364
     359
     366
     350
     323
     349
     342
     322
     352
     324
     350
     351
     346
     352
     345
     354
     340
     336
     320
     336
     334
     348
     360
     347
     336
     341
     359
     337
     327
     325
     392
     339
     381
     336
     359
     360
     349
     348
     341
     332
     336
     354
     361
     353
     300
     339
     327
     332
     341
     351
     346
     320
     341
     378
     339
     318
     372
     353
     336
     354
     347
     354
     371
     350
     321
     325
     309
     317
     357
     326
     381
     333
     342
     353
     349
     353
     334
     386
     343
     369
     355
     348
     347
     348
     345
     367
     354
     353
     358
     366
     333
     350
     369
     357
     345
     361
     352
     335
     348
     331
     355
     325
     391
     374
     352
     364
     315
     365
     368
     366
     370
     329
     349
     375
     337
     374
     358
     355
     363
     360
     346
     373
     349
     363
     355
     351
     371
     338
     347
     354
     397
     353
     347
     380
     350
     351
     335
     356
     390
     337
     365
     364
     384
     365
     382
     367
     409
     355
     350
     368
     382
     377
     367
     368
     362
     388
     372
     350
     394
     394
     387
     385
     384
     376
     361
     367
     397
     396
     381
     397
     396
     363
     356
     386
     335
     371
     391
     356
     384
     361
     385
     373
     362
     373
     379
     354
     391
     359
     371
     396
     383
     385
     362
     362
     370
     381
     349
     391
     396
     411
     380
     348
     378
     370
     401
     367
     395
     407
     406
     374
     380
     410
     365
     388
     355
     367
     404
     393
     378
     363
     381
     371
     369
     355
     378
     396
     392
     390
     347
     386
     380
     339
     343
     387
     381
     397
     400
     365
     332
     391
     395
     381
     341
     367
     345
     381
     393
     381
     390
     336
     348
     397
     406
     359
     394
     371
     392
     368
     381
     414
     376
     413
     350
     376
     388
     401
     356
     390
     394
     379
     385
     368
     419
     360
     405
     390
     381
     383
     383
     389
     391
     353
     399
     362
     390
     394
     387
     395
     352
     375
     353
     371
     359
     379
     359
     368
     362
     374
     399
     373
     363
     404
     394
     325
     387
     386
     380
     333
     368
     346
     362
     348
     374
     399
     330
     383
     374
     325
     349
     348
     339
     353
     349
     351
     343
     366
     344
     339
     354
     352
     323
     307
     332
     362
     330
     327
     299
     305
     346
     338
     303
     289
     334
     332
     316
     289
     310
     282
     288
     305
     293
     298
     295
     259
     265
     290
     273
     305
     296
     270
     257
     285
     295
     273
     270
     287
     244
     273
     245
     246
     271
     251
     243
     278
     269
     238
     243
     243
     260
     256
     280
     276
     287
     262
     253
     229
     274
     258
     242
     227
     239
     249
     228
     263
     242
     230
     244
     271
     227
     225
     218
     203
     221
     215
     229
     238
     211
     246
     234
     188
     235
     223
     233
     258
     216
     245
     227
     234
     229
     220
     250
     208
     229
     212
     215
     199
     186
     212
     224
     209
     238
     232
     202
     225
     216
     202
     200
     247
     223
     224
     218
     201
     209
     224
     201
     226
     218
     215
     207
     245
     222
     218
     230
     222
     233
     230
     207
     214
     218
     188
     225
     251
     217
     197
     200
     199
     200
     190
     199
     198
     213
     197
     230
     198
     202
     205
     210
     199
     191
     223
     209
     211
     213
     186
     224
     198
     200
     192
     203
     201
     208
     175
     193
     181
     201
     190
     189
     209
     220
     199
     218
     206
     192
     184
     199
     213
     182
     188
     190
     178
     198
     192
     202
     181
     189
     188
     203
     179
     182
     180
     193
     163
     172
     201
     192
     218
     200
     193
     192
     169
     184
     163
     178
     189
     189
     172
     167
     165
     166
     152
     184
     170
     177
     181
     187
     180
     186
     191
     185
     222
     172
     199
     192
     179
     196
     169
     172
     174
     183
     184
     184
     171
     167
     177
     182
     190
     157
     175
     167
     187
     181
     197
     160
     196
     184
     176
     173
     185
     178
     192
     177
     175
     183
     171
     186
     177
     161
     149
     174
     152
     173
     171
     163
     189
     180
     172
     174
     172
     188
     156
     151
     166
     182
     147
     161
     164
     181
     164
     171
     166
     148
     175
     181
     135
     155
     161
     159
     159
     160
     174
     142
     148
     180
     153
     171
     161
     197
     154
     171
     168
     170
     167
     163
     158
     158
     163
     154
     155
     140
     126
     146
     167
     153
     164
     162
     161
     156
     155
     165
     155
     132
     138
     161
     153
     156
     160
     183
     169
     156
     154
     160
     141
     128
     147
     142
     139
     131
     176
     152
     156
     173
     145
     144
     168
     150
     161
     171
     158
     155
     144
     162
     129
     141
     180
     168
     146
     155
     167
     152
     160
     152
     160
     150
     153
     143
     141
     151
     134
     142
     128
     136
     125
     154
     153
     149
     136
     159
     161
     145
     140
     144
     146
     155
     123
     127
     135
     154
     133
     128
     139
     157
     142
     139
     143
     148
     144
     133
     150
     138
     128
     153
     137
     144
     144
     147
     129
     141
     136
     139
     132
     137
     136
     128
     116
     143
     126
     143
     146
     178
     135
     135
     131
     121
     125
     139
     122
     123
     143
     144
     125
     137
     106
     114
     133
     136
     125
     118
     109
     126
     150
     137
     120
     128
     146
     130
     142
     115
     149
     114
     130
     144
     130
     146
     107
     130
     107
     136
     120
     145
     121
     140
     131
     145
     125
     141
     124
     136
     110
     131
     124
     145
     139
     141
     135
     113
     115
     127
     113
     119
     126
     132
     125
     131
     134
     122
     126
     135
     115
     124
     144
     132
     126
     105
     120
     136
     143
     115
     122
     102
     155
     126
     133
     121
     129
     120
     113
     130
     120
     117
     123
     130
     132
     136
     126
     103
     109
     125
     113
     116
     112
     125
     117
     129
     115
     143
     119
      97
     120
     107
     134
      97
     114
     100
     142
     102
     108
     125
     105
     133
     102
     124
     116
     110
     119
     121
      91
     118
     106
     109
     116
     116
     112
     113
     127
     115
     115
     108
     130
     133
     115
     116
     113
     113
     114
     106
     120
     118
      99
      91
     113
      98
      96
     113
      94
     113
     108
     106
     110
     110
      90
      97
     102
     112
     102
     105
      99
     117
     108
      94
     109
     100
     114
     116
     121
     110
     109
     131
     108
     109
      96
     105
     125
     115
     101
     118
     102
     121
     122
     105
      95
     111
     118
      92
     108
     101
     116
      97
      87
     107
     107
      99
      97
      98
     124
     105
     100
     102
      91
      89
     125
      94
     100
     110
     123
     111
     105
     106
     100
     120
      97
     108
      82
      95
      95
      97
      94
      82
     107
     108
      97
     105
     108
      91
     107
      98
     102
      93
     110
      85
      99
      95
      85
      94
     101
     103
     107
     101
     101
      99
      96
      93
      81
      94
      95
      99
      85
      98
     106
      89
      93
      96
      84
      94
      98
      95
      82
     107
      79
      90
     123
     109
      99
     108
      82
     101
      95
     115
      93
      99
      82
      89
     109
      97
      85
      99
     101
      99
      94
      88
      99
     114
     107
      96
     109
      98
      95
      85
      87
      72
      91
     106
      85
      79
      93
      85
      78
     103
      75
      95
      91
      88
      93
     102
      85
     108
      91
      80
      99
      74
      91
     111
      98
      95
      95
      88
      86
      91
      89
      92
      99
      89
      84
      86
      90
      95
      92
     100
     101
      99
      90
     105
      88
     103
     102
      89
     104
      89
      83
      83
      99
     106
      94
      93
      86
      85
      86
      91
      88
      77
      83
      99
      98
      94
     102
      84
      86
     101
     100
      91
      93
      85
      96
      81
      98
      94
      81
      79
      72
      94
      74
      84
     106
      83
      85
      94
      73
      79
      92
      99
      74
      86
      92
      96
      81
     103
      90
      94
      71
      78
      82
      90
      98
      79
      80
      76
      83
     105
      79
      85
     106
     107
      82
      90
      86
      86
      86
      94
      81
      84
      72
      69
      79
      97
      96
      96
      90
      95
      81
      69
      83
      90
      98
      69
      97
      85
      87
      90
      86
      81
      94
      88
      81
      87
     100
      77
      93
     101
      96
      99
      79
     100
     104
      91
      93
      91
     102
      90
      79
      77
      63
      93
      78
      89
      94
      90
      74
      83
      89
      75
      94
      79
      83
      92
      92
      97
      86
      76
      87
      88
      56
      75
      73
      80
     100
      88
      67
      99
      84
      88
      83
      72
      84
      90
      99
      84
      80
      85
      82
      78
      77
      75
      73
      97
      81
      81
      84
      89
      78
      71
     107
     104
      79
      88
      97
      71
      79
      79
      85
      91
      79
      77
      85
      85
      96
      67
      95
      97
      95
      91
      90
      78
      95
      79
      89
      73
      85
      79
      90
      88
      79
      93
      82
      89
      92
      90
      89
      91
      77
      87
      72
      77
      74
      70
      79
     113
      83
     107
     103
      92
      89
      95
      71
      83
      83
      82
      91
      79
      78
      74
      80
      72
      72
      93
      81
      78
      85
      87
      75
      86
      84
      73
      77
      70
      98
      96
      72
      84
      82
      82
      85
      66
      79
      78
      79
      79
      69
      89
      79
      86
      76
      85
      93
      75
      86
      78
      84
      77
      92
      89
      71
      77
      89
      84
      68
      91
      83
      90
      76
      80
      86
      90
      96
      74
      86
      81
      86
      78
      80
      82
      81
      70
      82
      75
      99
      78
      65
      78
      91
      97
      83
      72
      87
      60
      75
      95
      72
      84
      86
      87
      82
      80
      85
      91
      86
      92
      86
      92
      92
      84
      78
      90
      95
      77
      97
      64
      84
      79
     110
      86
      75
      75
      99
      64
      76
      81
      79
      80
      84
      85
      77
      80
      88
      79
      93
      76
      88
      76
      75
      88
      76
      78
      84
      78
      78
      82
      81
      85
      75
      85
      87
      83
      80
      94
      84
      84
      67
      82
      73
      54
      96
      85
      77
      94
      89
      77
      75
      72
      81
      95
      74
      72
      75
     111
      78
      80
      72
      86
      84
      86
      77
      86
      79
     101
      80
      71
      71
      83
      78
      72
      82
      76
      84
      90
      89
      79
      93
      86
      90
      80
      85
      76
     103
      75
      69
      95
      82
      81
      85
      67
      69
      94
      85
      76
      78
      86
      84
      69
      90
      92
      97
      70
      81
      98
      75
      87
      79
      77
      89
      76
      83
      76
      72
      78
      85
      76
      93
      78
      84
      79
      87
      72
      77
      83
      66
      93
      78
      81
      86
      83
      75
      80
      96
      77
      70
      89
      83
      70
      97
      83
      93
      64
      92
      78
      80
      85
      74
      82
      84
      86
      94
      83
      88
      93
      77
      91
      64
      92
      82
      72
      79
      84
      88
      89
      79
      79
      84
      81
      75
      75
      85
      94
      83
      96
      77
      88
      81
      79
      73
      93
      93
      74
      69
      75
      88
      88
      89
      90
      87
      89
      65
      77
      92
      67
      82
      75
      87
      98
      93
      66
      54
      66
      75
      80
      80
      79
      82
      73
      75
      91
      83
      90
      92
      83
      87
      76
      80
      77
      79
      99
      64
      86
      86
      81
      70
      83
      87
      86
      81
      73
      81
      84
      80
      83
      72
      79
      76
      79
      74
      81
      89
      76
      88
     113
      91
      94
      80
      79
      82
      87
      92
      82
      78
      81
      77
      66
      86
      84
      88
      87
      81
      82
      83
      88
      84
      81
      83
      82
      81
      88
      80
      60
      82
      74
      70
      83
      88
      67
      75
      72
      72
      86
      75
      70
      81
      84
      77
      85
      94
      92
      90
      91
      78
      86
      95
      75
      88
      88
      94
      79
      96
      83
      72
      78
      73
      88
      92
      95
      72
      91
      71
      84
      88
     101
      84
      79
      73
      87
      81
      82
      79
      78
      89
      56
      89
      80
      93
      81
      80
      95
      87
      69
      83
      81
      86
      90
      84
      85
      80
      78
      75
      70
      92
      80
      86
      83
      76
      75
      81
      72
      76
     100
      74
      76
      83
     103
      83
      76
      80
      82
      87
      93
      70
      86
      70
      77
      83
      83
      74
      77
      68
      80
      80
      88
      92
      75
      61
      84
      92
      88
      69
      73
      84
      93
      95
     109
      81
      98
      81
      87
      78
      78
      77
      83
      81
      89
      92
      84
      68
      98
      91
      96
      98
     114
      75
      81
     101
      86
      94
      80
      84
      73
      99
      93
      81
      87
      79
      77
      75
      85
      87
      76
      98
      81
      83
      88
      78
      92
      77
     101
      81
     105
      94
      92
      84
      83
      64
      91
      94
      87
      78
      92
      98
      71
      90
      77
      86
      86
      99
      79
      89
     106
      74
      94
      81
      65
      80
      88
      97
      90
      81
      92
      95
      66
      92
      80
      92
      83
      80
      93
      78
      81
      88
      93
      87
      82
     108
     103
      86
      85
      98
      88
      84
      84
      83
      98
      80
      91
      92
      69
      71
      95
      76
      77
      90
      97
      78
      76
     112
      87
      78
      88
      98
      97
      85
     107
      88
      80
      93
      82
      92
     106
      80
      97
      93
     107
     106
      97
      79
      93
      97
     115
     110
     102
      87
      99
      97
     107
     103
      97
     108
      86
      93
     113
     101
      88
     102
      94
     110
     106
     101
      92
      97
      80
      97
     113
     111
     121
     106
      91
     119
     101
     101
     103
     113
     105
      99
      81
     101
     110
     112
     120
     115
     116
     115
     108
     136
     124
     126
     110
     123
     122
     136
     133
     152
     144
     147
     175
     162
     182
     182
     194
     194
     231
     242
     278
     322
     313
     352
     403
     416
     499
     571
     575
     642
     799
     838
     919
    1159
    1247
    1452
    1614
    1923
    2173
    2604
    2999
    3482
    4039
    4662
    5223
    6007
    6691
    7441
    7985
    8758
    9758
   10193
   10670
   11431
   11733
   12166
   12370
   12608
   12919
   12983
   12948
   12739
   12434
   12300
   12107
   11718
   11148
   10665
   10135
    9437
    8770
    8222
    7360
    6636
    5846
    5258
    4494
    3937
    3368
    2758
    2287
    1885
    1578
    1236
    1090
     883
     716
     607
     546
     475
     401
     370
     322
     263
     244
     235
     196
     197
     203
     168
     166
     136
     151
     129
     127
     125
     125
     129
     113
      89
      92
     111
      82
      89
      87
      82
      85
      89
      84
      76
      80
      60
      63
      79
      77
      77
      76
      71
      74
      73
      60
      69
      86
      64
      64
      60
      67
      54
      62
      66
      53
      57
      71
      63
      56
      69
      70
      75
      60
      79
      60
      67
      59
      54
      60
      59
      60
      81
      66
      69
      62
      57
      66
      52
      58
      74
      63
      66
      67
      65
      69
      62
      58
      57
      58
      36
      66
      74
      60
      60
      47
      76
      45
      60
      56
      53
      31
      54
      60
      64
      53
      53
      60
      61
      55
      60
      64
      59
      60
      57
      61
      54
      46
      48
      58
      47
      47
      66
      43
      55
      62
      56
      54
      47
      57
      49
      37
      53
      55
      61
      59
      46
      54
      58
      49
      63
      45
      61
      50
      58
      55
      59
      47
      52
      49
      50
      44
      51
      52
      52
      51
      41
      52
      44
      42
      56
      42
      54
      58
      63
      45
      54
      56
      48
      48
      57
      54
      52
      46
      40
      58
      43
      53
      57
      55
      40
      58
      39
      52
      52
      55
      43
      46
      55
      59
      40
      56
      52
      51
      39
      44
      50
      30
      47
      42
      63
      51
      59
      50
      50
      41
      57
      53
      47
      59
      58
      50
      42
      61
      34
      59
      43
      53
      35
      44
      45
      50
      46
      65
      45
      53
      38
      40
      44
      57
      48
      33
      54
      42
      60
      40
      54
      43
      42
      50
      39
      46
      42
      36
      47
      47
      41
      37
      42
      45
      52
      61
      52
      50
      47
      34
      56
      46
      44
      42
      49
      53
      52
      44
      42
      54
      32
      46
      38
      43
      40
      43
      40
      42
      49
      46
      39
      48
      44
      50
      37
      49
      59
      40
      40
      47
      53
      28
      52
      41
      51
      36
      53
      49
      35
      40
      34
      49
      55
      47
      45
      47
      42
      45
      42
      42
      39
      49
      47
      36
      38
      41
      41
      52
      44
      40
      38
      40
      42
      40
      33
      43
      40
      44
      43
      54
      41
      39
      39
      43
      39
      40
      37
      41
      40
      47
      47
      44
      48
      52
      37
      45
      42
      44
      41
      51
      35
      43
      62
      54
      44
      39
      46
      43
      38
      47
      39
      42
      45
      42
      42
      36
      46
      47
      45
      40
      34
      36
      48
      42
      48
      35
      28
      39
      50
      49
      38
      35
      42
      41
      52
      41
      38
      40
      33
      43
      47
      43
      39
      37
      43
      49
      40
      61
      41
      40
      53
      51
      47
      38
      39
      39
      32
      39
      36
      41
      34
      37
      43
      54
      36
      48
      47
      43
      43
      36
      57
      47
      45
      33
      33
      40
      42
      53
      43
      41
      33
      49
      47
      42
      39
      41
      28
      36
      45
      49
      40
      34
      50
      48
      50
      38
      43
      35
      38
      47
      47
      44
      49
      34
      43
      35
      39
      35
      54
      32
      56
      40
      41
      52
      40
      29
      55
      33
      41
      42
      46
      34
      49
      44
      44
      41
      42
      38
      36
      38
      39
      38
      39
      52
      45
      46
      54
      41
      46
      33
      41
      46
      39
      49
      43
      39
      40
      35
      40
      48
      42
      35
      50
      45
      39
      33
      51
      40
      32
      38
      40
      42
      38
      40
      39
      36
      38
      33
      51
      43
      45
      35
      42
      43
      40
      46
      56
      46
      30
      41
      43
      38
      40
      55
      43
      36
      44
      41
      44
      30
      42
      34
      44
      39
      40
      34
      30
      32
      38
      34
      43
      44
      35
      53
      43
      38
      41
      36
      57
      47
      38
      46
      44
      43
      35
      38
      46
      24
      30
      39
      44
      38
      33
      43
      43
      41
      47
      32
      29
      47
      43
      37
      42
      38
      37
      37
      31
      48
      44
      45
      43
      45
      33
      50
      56
      41
      44
      37
      44
      37
      49
      39
      45
      41
      28
      40
      39
      39
      34
      43
      40
      31
      63
      33
      47
      45
      43
      55
      39
      32
      44
      39
      33
      55
      49
      33
      33
      40
      24
      39
      35
      38
      38
      46
      42
      38
      41
      51
      43
      40
      49
      28
      34
      41
      40
      44
      48
      44
      40
      42
      51
      43
      37
      34
      52
      30
      45
      51
      36
      40
      34
      49
      35
      42
      28
      40
      34
      41
      47
      42
      50
      47
      41
      47
      47
      39
      42
      24
      50
      41
      32
      45
      30
      46
      36
      33
      41
      35
      27
      33
      42
      40
      49
      47
      46
      50
      42
      49
      27
      48
      50
      55
      38
      36
      27
      52
      40
      38
      40
      30
      36
      47
      44
      36
      31
      35
      45
      45
      46
      29
      47
      35
      44
      30
      36
      33
      41
      36
      42
      43
      40
      43
      36
      40
      28
      37
      38
      38
      50
      41
      37
      39
      44
      47
      41
      45
      50
      39
      38
      35
      43
      43
      40
      38
      42
      43
      35
      34
      37
      38
      45
      39
      48
      24
      42
      47
      36
      41
      35
      39
      38
      34
      31
      31
      33
      40
      40
      34
      33
      36
      39
      35
      43
      43
      35
      40
      47
      31
      43
      36
      47
      34
      41
      38
      49
      53
      36
      33
      49
      45
      45
      23
      44
      44
      43
      31
      44
      43
      37
      40
      45
      33
      45
      45
      44
      43
      43
      35
      38
      38
      26
      40
      47
      35
      32
      31
      39
      49
      42
      27
      39
      33
      34
      36
      51
      45
      36
      43
      40
      44
      46
      49
      40
      45
      53
      39
      49
      50
      43
      40
      32
      38
      29
      42
      34
      47
      41
      37
      59
      37
      29
      49
      44
      44
      40
      40
      36
      41
      28
      34
      46
      29
      33
      33
      41
      44
      43
      42
      41
      37
      36
      37
      37
      37
      40
      31
      41
      42
      45
      37
      46
      38
      35
      37
      44
      45
      37
      41
      39
      48
      28
      35
      33
      38
      45
      48
      34
      44
      50
      35
      40
      44
      33
      30
      32
      40
      53
      41
      40
      49
      45
      33
      36
      35
      42
      40
      40
      48
      46
      33
      34
      40
      42
      38
      31
      38
      35
      36
      38
      40
      48
      37
      54
      39
      39
      37
      36
      35
      38
      35
      37
      58
      34
      38
      43
      40
      52
      49
      53
      40
      39
      62
      55
      53
      43
      49
      50
      37
      51
      48
      34
      40
      39
      39
      37
      34
      37
      35
      38
      49
      40
      39
      45
      41
      35
      49
      36
      32
      43
      41
      46
      31
      36
      32
      36
      39
      22
      39
      34
      47
      34
      47
      52
      42
      40
      38
      40
      36
      43
      47
      33
      33
      45
      26
      32
      38
      30
      41
      38
      36
      43
      28
      30
      46
      42
      33
      39
      43
      40
      42
      41
      35
      36
      31
      41
      38
      47
      36
      41
      34
      32
      43
      45
      41
      36
      30
      40
      35
      28
      47
      24
      48
      48
      38
      38
      54
      37
      35
      32
      41
      49
      46
      34
      42
      51
      38
      38
      36
      38
      43
      41
      35
      37
      49
      41
      32
      45
      36
      41
      46
      39
      36
      35
      36
      34
      34
      40
      33
      33
      34
      30
      30
      39
      49
      44
      35
      28
      37
      48
      39
      27
      35
      37
      46
      35
      40
      40
      43
      32
      39
      44
      47
      41
      42
      40
      34
      37
      34
      36
      40
      42
      34
      39
      40
      37
      31
      35
      45
      43
      42
      31
      32
      34
      28
      36
      55
      37
      42
      39
      40
      57
      41
      36
      36
      35
      37
      39
      30
      44
      24
      32
      33
      47
      31
      35
      32
      39
      31
      49
      37
      44
      28
      52
      44
      26
      36
      36
      41
      39
      35
      45
      33
      40
      30
      49
      34
      33
      48
      32
      33
      31
      55
      28
      43
      32
      35
      34
      34
      49
      30
      40
      32
      30
      48
      52
      31
      52
      33
      50
      33
      35
      45
      41
      31
      34
      40
      35
      29
      34
      37
      35
      28
      34
      47
      41
      35
      39
      28
      39
      40
      51
      39
      45
      41
      40
      37
      34
      39
      39
      53
      37
      54
      44
      38
      48
      35
      36
      37
      38
      53
      39
      41
      38
      42
      43
      39
      45
      35
      49
      25
      39
      36
      47
      33
      36
      36
      39
      31
      37
      45
      40
      28
      44
      38
      36
      42
      29
      40
      41
      40
      31
      36
      41
      41
      46
      35
      43
      39
      43
      31
      50
      35
      39
      46
      41
      35
      27
      38
      44
      41
      39
      39
      43
      42
      33
      58
      22
      36
      35
      38
      35
      34
      35
      45
      33
      28
      38
      38
      41
      34
      34
      25
      32
      36
      47
      44
      29
      46
      44
      42
      35
      42
      50
      41
      38
      32
      32
      40
      36
      29
      44
      37
      39
      32
      38
      40
      32
      37
      37
      45
      33
      35
      40
      39
      36
      42
      33
      36
      42
      38
      39
      27
      30
      37
      27
      41
      49
      48
      34
      35
      36
      40
      31
      37
      30
      37
      41
      39
      36
      29
      37
      37
      32
      35
      58
      37
      38
      40
      35
      44
      42
      34
      32
      40
      47
      33
      39
      38
      43
      37
      33
      34
      44
      43
      36
      27
      46
      47
      45
      38
      44
      39
      56
      34
      33
      44
      42
      35
      39
      31
      44
      25
      35
      34
      39
      50
      49
      35
      40
      37
      36
      37
      34
      37
      35
      43
      38
      32
      34
      36
      42
      49
      34
      43
      45
      43
      34
      41
      42
      41
      44
      50
      30
      42
      41
      33
      29
      29
      38
      47
      45
      36
      36
      29
      38
      47
      32
      44
      30
      46
      57
      30
      38
      45
      43
      40
      47
      43
      27
      37
      41
      48
      27
      32
      41
      47
      41
      41
      46
      53
      45
      49
      34
      48
      38
      40
      41
      46
      33
      49
      46
      45
      44
      54
      44
      44
      51
      27
      49
      43
      45
      37
      47
      37
      36
      32
      39
      45
      40
      47
      39
      41
      39
      50
      37
      38
      36
      35
      39
      36
      43
      33
      36
      40
      37
      46
      36
      37
      42
      44
      41
      41
      45
      29
      32
      36
      27
      43
      44
      38
      33
      33
      47
      36
      25
      38
      42
      39
      35
      32
      37
      50
      45
      31
      37
      38
      46
      36
      39
      36
      32
      32
      37
      45
      41
      35
      56
      33
      30
      42
      22
      57
      35
      30
      37
      37
      41
      44
      44
      50
      38
      48
      40
      43
      33
      37
      31
      35
      31
      33
      49
      26
      40
      39
      53
      45
      36
      29
      42
      36
      46
      39
      43
      41
      30
      43
      41
      40
      28
      42
      39
      44
      49
      38
      46
      39
      31
      53
      47
      45
      45
      45
      54
      44
      36
      38
      37
      47
      34
      31
      48
      54
      44
      45
      44
      47
      36
      39
      42
      46
      40
      32
      30
      41
      51
      43
      47
      40
      34
      46
      30
      50
      41
      38
      36
      37
      36
      36
      31
      40
      35
      52
      43
      35
      35
      29
      36
      37
      32
      53
      48
      27
      33
      39
      31
      39
      34
      53
      39
      40
      44
      44
      48
      34
      47
      40
      38
      51
      40
      46
      35
      45
      39
      37
      43
      41
      42
      47
      31
      30
      38
      38
      31
      41
      30
      46
      41
      49
      44
      32
      46
      41
      47
      38
      39
      39
      39
      38
      34
      43
      47
      35
      43
      35
      44
      33
      35
      36
      45
      44
      45
      34
      35
      29
      47
      50
      40
      27
      45
      38
      38
      33
      33
      40
      43
      33
      35
      37
      34
      30
      53
      39
      46
      48
      55
      42
      48
      35
      30
      41
      41
      37
      29
      37
      40
      42
      46
      31
      35
      41
      37
      39
      46
      45
      32
      46
      36
      37
      41
      35
      44
      41
      56
      30
      35
      38
      39
      40
      41
      38
      47
      35
      45
      34
      42
      45
      38
      47
      49
      37
      36
      39
      48
      40
      49
      40
      40
      47
      39
      38
      37
      30
      27
      36
      40
      43
      30
      34
      36
      35
      31
      38
      44
      25
      41
      34
      49
      44
      47
      39
      41
      44
      46
      41
      42
      38
      47
      46
      27
      39
      46
      46
      41
      35
      50
      44
      36
      36
      43
      35
      45
      33
      38
      37
      40
      46
      34
      28
      36
      45
      30
      35
      32
      30
      39
      42
      38
      29
      31
      37
      39
      33
      52
      40
      37
      39
      41
      41
      34
      34
      47
      40
      34
      34
      47
      40
      43
      39
      37
      35
      37
      48
      38
      29
      31
      45
      41
      37
      39
      33
      40
      25
      52
      51
      47
      36
      44
      40
      42
      43
      29
      36
      35
      40
      39
      30
      34
      45
      37
      22
      38
      28
      40
      43
      32
      38
      49
      46
      37
      52
      44
      35
      48
      43
      43
      47
      35
      47
      34
      44
      42
      36
      46
      42
      43
      40
      35
      28
      34
      30
      45
      30
      39
      37
      34
      47
      32
      45
      43
      48
      35
      35
      41
      41
      34
      44
      42
      48
      43
      47
      40
      50
      33
      50
      36
      42
      39
      31
      51
      46
      40
      48
      27
      35
      45
      36
      35
      47
      36
      45
      40
      42
      41
      39
      49
      41
      43
      31
      32
      40
      40
      40
      39
      44
      30
      57
      47
      40
      37
      34
      52
      37
      38
      31
      46
      38
      40
      38
      44
      39
      42
      29
      38
      37
      38
      41
      37
      38
      33
      50
      38
      36
      38
      36
      52
      28
      52
      44
      36
      42
      40
      32
      35
      37
      37
      42
      38
      39
      53
      37
      40
      36
      56
      45
      30
      26
      47
      40
      38
      44
      39
      42
      37
      42
      50
      50
      44
      30
      42
      45
      43
      40
      53
      44
      31
      32
      43
      45
      30
      40
      30
      34
      41
      40
      33
      43
      31
      39
      39
      44
      32
      30
      44
      36
      35
      40
      27
      31
      49
      37
      31
      50
      32
      59
      40
      42
      43
      56
      41
      46
      40
      50
      29
      37
      40
      42
      40
      34
      42
      37
      53
      38
      49
      42
      38
      50
      39
      41
      38
      47
      37
      41
      42
      27
      49
      41
      31
      46
      37
      28
      44
      44
      46
      41
      44
      36
      49
      37
      41
      38
      33
      41
      38
      37
      46
      47
      43
      36
      41
      46
      39
      31
      35
      43
      43
      32
      37
      40
      41
      29
      41
      38
      31
      33
      55
      40
      54
      39
      41
      43
      33
      26
      44
      37
      49
      42
      33
      53
      52
      33
      47
      43
      32
      42
      36
      43
      39
      47
      26
      38
      39
      35
      46
      36
      42
      37
      30
      30
      42
      37
      38
      36
      44
      42
      44
      41
      43
      32
      42
      52
      37
      33
      41
      34
      43
      50
      38
      39
      43
      36
      43
      52
      29
      45
      47
      35
      30
      48
      37
      46
      50
      30
      36
      39
      42
      33
      37
      54
      42
      39
      34
      47
      38
      27
      39
      42
      43
      35
      29
      34
      36
      25
      47
      33
      45
      43
      35
      37
      45
      41
      36
      42
      34
      53
      42
      40
      43
      39
      40
      39
      37
      29
      49
      33
      35
      37
      34
      54
      46
      36
      32
      35
      50
      27
      36
      43
      41
      31
      45
      39
      39
      31
      29
      34
      33
      40
      47
      41
      44
      35
      51
      32
      36
      39
      37
      38
      47
      38
      42
      36
      33
      38
      52
      41
      40
      51
      39
      37
      55
      49
      47
      38
      43
      45
      39
      32
      42
      43
      43
      42
      36
      39
      33
      34
      57
      39
      37
      42
      33
      47
      49
      43
      46
      32
      42
      44
      34
      40
      44
      45
      42
      38
      39
      38
      38
      37
      40
      41
      34
      36
      40
      44
      36
      33
      39
      44
      45
      55
      52
      49
      35
      40
      44
      38
      43
      40
      47
      38
      39
      26
      44
      33
      43
      38
      43
      42
      47
      36
      36
      31
      54
      38
      35
      42
      44
      54
      44
      32
      35
      39
      45
      46
      42
      37
      33
      52
      37
      38
      45
      34
      44
      41
      48
      37
      47
      46
      47
      38
      43
      40
      36
      40
      39
      51
      53
      33
      31
      36
      40
      35
      38
      49
      35
      50
      39
      44
      32
      39
      37
      36
      36
      49
      45
      46
      40
      48
      45
      37
      38
      48
      26
      36
      38
      40
      36
      36
      43
      42
      36
      45
      37
      37
      44
      40
      32
      34
      29
      31
      36
      38
      37
      39
      32
      30
      46
      45
      53
      48
      50
      34
      52
      43
      42
      39
      48
      44
      43
      51
      50
      41
      42
      45
      51
      45
      38
      39
      30
      60
      45
      40
      52
      29
      32
      43
      42
      44
      47
      48
      39
      49
      35
      40
      40
      36
      46
      31
      39
      62
      32
      49
      37
      39
      34
      35
      34
      43
      43
      57
      44
      40
      32
      49
      55
      45
      34
      41
      33
      36
      43
      50
      45
      50
      42
      41
      46
      36
      40
      42
      32
      41
      34
      46
      43
      45
      50
      55
      41
      48
      39
      42
      42
      49
      43
      37
      29
      34
      52
      39
      45
      37
      42
      40
      34
      31
      37
      42
      34
      45
      37
      27
      34
      43
      37
      41
      41
      29
      46
      37
      37
      43
      43
      36
      42
      38
      37
      40
      42
      36
      38
      37
      43
      39
      37
      40
      38
      39
      44
      31
      39
      31
      36
      32
      48
      45
      43
      50
      38
      38
      27
      42
      47
      33
      42
      33
      39
      37
      31
      42
      34
      39
      43
      42
      45
      45
      38
      36
      42
      45
      32
      41
      34
      43
      44
      31
      34
      52
      38
      35
      35
      49
      44
      42
      41
      46
      42
      57
      41
      39
      39
      51
      47
      38
      43
      42
      42
      41
      44
      37
      39
      44
      44
      36
      34
      43
      50
      37
      43
      40
      29
      47
      35
      48
      40
      32
      56
      40
      44
      37
      31
      35
      34
      39
      50
      36
      45
      42
      39
      43
      35
      38
      40
      38
      48
      39
      36
      47
      41
      41
      40
      47
      36
      42
      35
      33
      41
      46
      34
      40
      41
      37
      39
      46
      54
      46
      39
      32
      47
      35
      37
      40
      45
      45
      39
      43
      42
      41
      46
      34
      53
      35
      49
      48
      44
      36
      58
      37
      46
      34
      31
      41
      50
      40
      49
      42
      38
      58
      46
      42
      50
      35
      34
      42
      36
      39
      33
      41
      34
      35
      36
      40
      39
      45
      40
      36
      36
      40
      42
      37
      43
      46
      44
      38
      32
      37
      40
      38
      37
      34
      36
      50
      36
      34
      36
      43
      39
      45
      61
      39
      38
      49
      41
      45
      39
      50
      36
      49
      45
      30
      40
      27
      53
      40
      47
      48
      30
      32
      30
      38
      40
      46
      42
      46
      42
      40
      41
      50
      34
      41
      34
      38
      34
      32
      40
      48
      40
      40
      45
      41
      43
      39
      51
      37
      52
      35
      38
      38
      34
      50
      47
      36
      44
      42
      43
      48
      43
      49
      46
      41
      36
      41
      44
      39
      30
      46
      36
      46
      41
      48
      47
      42
      37
      29
      40
      36
      38
      41
      40
      32
      51
      40
      35
      35
      35
      40
      53
      31
      36
      37
      35
      40
      43
      45
      53
      31
      43
      51
      50
      42
      33
      44
      36
      47
      40
      39
      42
      40
      32
      40
      41
      42
      45
      40
      47
      45
      45
      38
      36
      38
      39
      45
      42
      49
      38
      52
      41
      54
      46
      38
      36
      43
      34
      59
      44
      46
      39
      44
      40
      49
      28
      44
      39
      27
      45
      52
      34
      47
      37
      46
      43
      31
      45
      44
      54
      38
      43
      46
      49
      42
      50
      47
      48
      54
      39
      36
      37
      33
      53
      38
      40
      35
      49
      45
      53
      31
      34
      38
      46
      38
      34
      43
      39
      42
      44
      42
      47
      45
      50
      38
      48
      40
      38
      36
      36
      54
      47
      47
      39
      39
      41
      33
      48
      39
      42
      38
      42
      46
      40
      38
      38
      31
      30
      34
      43
      40
      50
      43
      37
      43
      48
      45
      31
      31
      40
      45
      44
      34
      41
      38
      49
      48
      33
      39
      42
      43
      38
      58
      46
      30
      37
      27
      43
      44
      38
      43
      51
      43
      34
      45
      42
      40
      53
      56
      35
      38
      30
      42
      39
      37
      38
      43
      39
      58
      47
      54
      40
      37
      39
      41
      45
      46
      46
      51
      46
      35
      41
      55
      40
      37
      42
      39
      49
      39
      40
      27
      32
      35
      29
      38
      32
      44
      50
      39
      43
      51
      45
      34
      53
      35
      40
      38
      44
      43
      41
      37
      47
      35
      43
      38
      45
      44
      43
      47
      36
      33
      44
      52
      34
      51
      45
      34
      45
      36
      51
      37
      40
      35
      39
      39
      37
      47
      40
      39
      41
      46
      46
      44
      48
      40
      51
      40
      37
      45
      34
      50
      32
      41
      47
      41
      46
      42
      41
      39
      46
      41
      40
      41
      41
      40
      38
      42
      30
      39
      40
      44
      30
      45
      33
      35
      39
      49
      50
      40
      31
      44
      45
      44
      48
      48
      50
      41
      30
      40
      42
      40
      42
      45
      41
      49
      43
      49
      53
      46
      41
      50
      48
      33
      47
      68
      56
      48
      37
      48
      39
      44
      47
      43
      33
      45
      33
      41
      57
      51
      47
      56
      45
      54
      50
      56
      45
      52
      45
      43
      42
      42
      45
      49
      35
      40
      47
      43
      44
      56
      40
      38
      44
      35
      45
      36
      37
      38
      45
      35
      37
      45
      35
      36
      45
      45
      43
      33
      35
      42
      38
      40
      31
      38
      37
      50
      42
      54
      55
      48
      40
      50
      41
      36
      48
      38
      39
      50
      38
      38
      51
      42
      42
      49
      40
      42
      58
      41
      40
      39
      42
      35
      50
      34
      45
      55
      38
      41
      39
      44
      51
      45
      38
      36
      58
      47
      43
      48
      45
      38
      45
      48
      33
      52
      49
      41
      37
      35
      51
      41
      46
      56
      47
      44
      48
      46
      40
      50
      47
      49
      43
      40
      45
      49
      35
      35
      47
      38
      57
      40
      38
      56
      49
      46
      37
      47
      30
      48
      39
      40
      48
      37
      47
      46
      42
      39
      47
      39
      31
      54
      39
      42
      44
      40
      53
      45
      54
      42
      46
      53
      40
      47
      34
      52
      38
      34
      32
      48
      45
      42
      54
      37
      46
      44
      40
      47
      46
      50
      42
      46
      52
      44
      43
      40
      36
      35
      45
      41
      48
      47
      42
      30
      47
      49
      47
      52
      55
      50
      49
      47
      52
      42
      44
      44
      53
      48
      50
      27
      50
      41
      41
      44
      58
      44
      43
      43
      40
      52
      30
      43
      42
      32
      32
      36
      46
      48
      45
      54
      40
      51
      47
      36
      46
      38
      60
      37
      39
      41
      52
      37
      45
      44
      31
      49
      61
      42
      52
      39
      48
      37
      41
      53
      37
      40
      34
      46
      56
      42
      44
      50
      39
      44
      57
      59
      50
      37
      35
      53
      38
      43
      48
      41
      43
      48
      45
      50
      38
      36
      42
      41
      52
      36
      44
      41
      59
      58
      47
      51
      49
      53
      48
      48
      47
      49
      41
      46
      42
      50
      45
      61
      43
      52
      55
      40
      34
      37
      47
      38
      39
      45
      41
      46
      37
      44
      47
      42
      38
      42
      37
      49
      37
      60
      54
      57
      56
      44
      35
      43
      40
      40
      39
      47
      44
      29
      53
      48
      54
      50
      44
      52
      54
      35
      49
      44
      36
      44
      44
      54
      52
      43
      33
      52
      42
      35
      53
      36
      46
      48
      46
      49
      45
      54
      59
      46
      45
      38
      50
      47
      55
      38
      45
      54
      40
      45
      43
      42
      33
      41
      34
      31
      38
      45
      37
      39
      46
      45
      57
      48
      46
      38
      44
      42
      40
      44
      54
      38
      50
      50
      38
      40
      40
      28
      45
      33
      42
      55
      48
      37
      51
      44
      47
      50
      50
      33
      44
      43
      36
      50
      46
      44
      53
      41
      37
      44
      52
      43
      45
      45
      45
      42
      48
      42
      47
      57
      48
      45
      36
      41
      52
      54
      56
      36
      48
      47
      51
      31
      49
      31
      48
      44
      41
      42
      33
      59
      42
      54
      45
      40
      41
      50
      47
      47
      51
      48
      51
      49
      41
      40
      44
      46
      38
      41
      56
      47
      38
      36
      47
      35
      46
      42
      46
      46
      48
      49
      54
      39
      51
      48
      40
      46
      30
      48
      46
      31
      50
      43
      39
      45
      46
      51
      43
      53
      40
      39
      36
      53
      47
      56
      47
      47
      50
      50
      48
      44
      41
      39
      54
      38
      50
      55
      52
      44
      49
      44
      46
      53
      53
      37
      32
      52
      39
      43
      42
      44
      52
      54
      45
      57
      51
      45
      49
      53
      43
      33
      43
      57
      48
      39
      40
      45
      44
      47
      51
      48
      52
      57
      42
      50
      41
      41
      50
      39
      40
      46
      49
      37
      50
      58
      54
      40
      54
      46
      44
      43
      40
      45
      49
      42
      49
      51
      56
      38
      42
      50
      49
      54
      47
      48
      51
      36
      40
      61
      38
      33
      50
      52
      52
      41
      40
      50
      38
      59
      48
      48
      43
      34
      39
      48
      48
      45
      39
      44
      42
      45
      58
      49
      50
      32
      49
      48
      51
      55
      45
      53
      45
      50
      37
      50
      45
      45
      34
      44
      52
      56
      43
      43
      46
      47
      39
      37
      50
      55
      45
      52
      36
      48
      53
      49
      48
      41
      59
      50
      44
      63
      43
      44
      33
      45
      44
      55
      53
      59
      40
      54
      49
      44
      41
      48
      41
      47
      42
      47
      53
      41
      41
      41
      48
      52
      59
      44
      54
      39
      47
      38
      48
      40
      45
      40
      35
      52
      39
      57
      45
      52
      52
      42
      55
      37
      52
      43
      51
      50
      60
      52
      53
      36
      43
      45
      53
      52
      53
      47
      47
      62
      51
      49
      56
      60
      56
      36
      49
      45
      49
      42
      55
      58
      54
      55
      51
      45
      45
      43
      42
      49
      41
      43
      40
      58
      44
      50
      52
      44
      60
      49
      49
      44
      31
      51
      47
      54
      38
      51
      51
      51
      52
      58
      40
      44
      50
      38
      54
      52
      62
      43
      53
      52
      40
      51
      57
      57
      43
      48
      30
      45
      51
      57
      41
      59
      67
      55
      53
      66
      49
      44
      52
      51
      49
      69
      52
      52
      43
      53
      40
      46
      52
      48
      45
      49
      42
      51
      62
      42
      49
      43
      50
      54
      59
      49
      50
      60
      57
      54
      50
      46
      45
      55
      56
      51
      53
      44
      61
      68
      41
      57
      51
      54
      40
      43
      49
      51
      45
      31
      39
      49
      44
      42
      47
      60
      46
      65
      53
      44
      48
      44
      52
      53
      37
      51
      52
      48
      58
      47
      52
      45
      56
      50
      52
      55
      32
      49
      58
      49
      59
      53
      48
      59
      52
      42
      52
      66
      39
      53
      50
      55
      53
      60
      57
      53
      60
      47
      45
      46
      53
      49
      49
      62
      46
      49
      47
      52
      58
      62
      47
      58
      46
      55
      53
      46
      48
      44
      57
      50
      70
      47
      63
      46
      36
      42
      45
      64
      42
      47
      53
      49
      48
      44
      53
      56
      47
      41
      30
      54
      35
      47
      47
      56
      54
      45
      54
      60
      51
      52
      56
      53
      52
      64
      46
      56
      53
      41
      46
      53
      49
      47
      52
      54
      40
      39
      52
      50
      55
      59
      45
      46
      50
      54
      54
      61
      46
      48
      54
      63
      57
      49
      45
      54
      45
      54
      48
      60
      53
      50
      50
      31
      53
      50
      45
      59
      52
      47
      49
      48
      52
      55
      42
      52
      53
      39
      48
      46
      61
      56
      58
      46
      56
      51
      59
      66
      51
      45
      41
      52
      48
      64
      46
      53
      39
      56
      53
      53
      47
      50
      55
      36
      53
      53
      59
      56
      56
      33
      45
      48
      47
      48
      54
      47
      53
      51
      47
      49
      52
      41
      51
      70
      57
      47
      53
      41
      55
      38
      44
      58
      43
      60
      51
      50
      56
      54
      57
      53
      49
      54
      53
      40
      48
      64
      59
      46
      48
      46
      41
      52
      77
      55
      54
      59
      53
      51
      60
      49
      46
      64
      47
      56
      55
      54
      52
      41
      36
      36
      54
      51
      44
      55
      49
      49
      57
      60
      56
      56
      57
      48
      52
      48
      50
      56
      53
      50
      52
      58
      53
      42
      40
      48
      46
      47
      50
      53
      43
      57
      45
      45
      58
      48
      60
      48
      48
      45
      48
      62
      48
      48
      63
      60
      54
      57
      61
      52
      54
      53
      62
      50
      54
      55
      49
      49
      53
      50
      56
      54
      49
      47
      56
      63
      49
      58
      54
      50
      63
      49
      50
      72
      60
      58
      49
      44
      58
      59
      59
      49
      46
      52
      55
      63
      42
      44
      57
      47
      56
      60
      48
      59
      57
      47
      63
      53
      53
      66
      46
      51
      54
      49
      58
      53
      47
      60
      55
      63
      45
      49
      41
      59
      55
      55
      69
      57
      61
      49
      46
      50
      43
      53
      47
      45
      57
      55
      47
      52
      76
      56
      48
      60
      66
      56
      61
      56
      47
      55
      56
      46
      47
      51
      49
      58
      47
      48
      55
      51
      59
      72
      55
      42
      54
      63
      57
      58
      72
      65
      60
      41
      70
      54
      58
      65
      41
      39
      59
      60
      58
      43
      78
      54
      55
      59
      50
      54
      62
      54
      46
      51
      63
      52
      45
      52
      63
      62
      65
      83
      49
      46
      39
      50
      55
      55
      58
      41
      49
      56
      65
      48
      52
      63
      57
      46
      52
      58
      70
      52
      64
      47
      61
      50
      57
      58
      53
      57
      57
      74
      63
      54
      62
      61
      61
      60
      64
      57
      64
      65
      62
      67
      65
      53
      55
      37
      54
      68
      59
      49
      53
      61
      55
      63
      71
      43
      54
      51
      53
      57
      67
      63
      53
      64
      63
      69
      60
      53
      66
      66
      47
      68
      51
      72
      67
      60
      75
      52
      56
      48
      58
      50
      63
      62
      62
      62
      49
      57
      63
      76
      54
      48
      53
      60
      56
      60
      54
      65
      62
      67
      64
      56
      63
      44
      51
      56
      69
      61
      65
      54
      62
      52
      52
      60
      59
      50
      53
      57
      54
      45
      73
      56
      57
      62
      55
      47
      58
      54
      70
      58
      59
      54
      58
      55
      64
      56
      51
      50
      61
      50
      59
      60
      52
      66
      44
      41
      65
      57
      74
      64
      63
      54
      50
      65
      63
      46
      43
      55
      60
      66
      72
      58
      54
      62
      71
      51
      56
      72
      54
      61
      69
      64
      50
      55
      59
      62
      57
      64
      64
      63
      64
      64
      61
      52
      51
      63
      82
      67
      55
      61
      67
      62
      55
      58
      57
      58
      50
      52
      66
      50
      62
      65
      54
      45
      81
      61
      42
      70
      76
      58
      71
      61
      58
      68
      74
      59
      76
      66
      58
      51
      61
      54
      76
      56
      54
      68
      61
      52
      59
      57
      66
      60
      61
      76
      59
      65
      55
      51
      64
      74
      59
      53
      64
      63
      62
      77
      79
      71
      58
      66
      68
      56
      66
      68
      66
      48
      63
      65
      62
      61
      63
      36
      61
      61
      60
      59
      52
      66
      71
      75
      61
      71
      72
      76
      85
      74
      70
      48
      67
      50
      68
      64
      49
      67
      61
      65
      68
      69
      73
      74
      65
      66
      49
      60
      60
      60
      74
      73
      62
      64
      69
      60
      71
      59
      58
      54
      66
      66
      61
      55
      59
      71
      59
      57
      72
      62
      49
      60
      67
      64
      57
      71
      71
      78
      55
      65
      71
      45
      63
      68
      81
      63
      76
      65
      64
      77
      53
      71
      67
      56
      56
      61
      69
      53
      54
      60
      77
      67
      54
      73
      55
      73
      77
      55
      63
      68
      59
      55
      70
      66
      58
      66
      62
      47
      50
      60
      77
      64
      60
      54
      70
      50
      58
      60
      75
      71
      53
      60
      65
      72
      48
      59
      58
      68
      63
      71
      57
      59
      79
      68
      75
      60
      61
      73
      69
      69
      77
      57
      77
      82
      58
      63
      78
      77
      62
      51
      74
      77
      57
      67
      60
      63
      83
      71
      67
      85
      57
      69
      72
      75
      72
      98
      63
      62
      77
      72
      74
      68
      63
      75
      74
      72
      53
      68
      54
      69
      75
      54
      65
      50
      77
      70
      61
      61
      54
      76
      73
      81
      72
      83
      74
      64
      74
      70
      64
      86
      80
      60
      78
      63
      67
      73
      83
      80
      62
      63
      69
      81
      62
      55
      76
      73
      73
      79
      63
      73
      76
      68
      74
      82
      73
      72
      79
      73
      63
      75
      82
      62
      68
      73
      60
      76
      66
      70
      68
      82
      64
      75
      63
      68
      81
      78
      68
      67
      70
      69
      96
      65
      66
      75
      64
      58
      61
      72
      67
      59
      75
      79
      71
      70
      65
      60
      71
      66
      82
      68
      92
      67
      65
      51
      72
      81
      72
      87
      61
      82
      69
      65
      66
      78
      63
      81
      81
      67
      81
      63
      70
      76
      73
      63
      64
      76
      67
      61
      77
      77
      83
      81
      60
      63
      84
      76
      73
      83
      74
      63
      59
      84
      73
      82
      81
      66
      75
      66
      61
      91
      96
      73
      86
      76
      69
     100
      77
      79
      89
      90
      71
      69
      77
      77
      81
      78
      64
      84
      73
      75
      83
      87
      83
      85
      69
      61
      78
      82
      91
      90
      89
      69
      98
      88
      75
      88
      80
      94
      57
      85
      88
      77
      73
      76
      73
      98
      78
      83
      79
      89
      78
      92
      80
      90
      86
      82
      82
      74
      80
      69
      81
      79
      90
      80
      92
      72
      88
      61
      79
      82
      82
      80
      86
      83
      85
      63
      59
      75
      81
      84
      76
      66
      85
      80
      85
      67
      89
      71
      63
      88
      69
      80
      68
      78
      96
      84
      86
      70
      78
      83
      62
      68
      67
      59
      61
      83
      64
      87
      73
      79
      82
      84
      87
      69
      78
      75
      90
      82
      80
      87
      91
      74
      75
      93
      92
      62
      71
      62
      79
      71
      80
      91
      73
      92
      78
      84
      63
      88
      76
      97
      60
      82
      85
      69
      77
      81
      61
      61
      74
      66
      83
      92
      77
      92
      77
      86
      85
      78
      77
     106
      76
      72
      74
      83
      83
      73
      68
      68
      81
      81
      67
      93
      83
      87
      87
      80
      88
      85
      77
      77
      75
      75
      76
      93
      80
      75
      87
      67
      82
      69
      76
      75
      77
      81
      67
      81
     102
      78
      90
      89
      87
      93
      84
      87
      91
      89
      91
      70
      83
      80
      86
      86
      84
      78
      82
      66
      84
      81
      84
      94
      68
      83
      79
      74
      72
      81
      98
      97
      77
      68
      77
      91
      88
      70
      70
      93
      76
      99
      91
      67
      89
      92
      73
      74
      76
      97
      85
      93
      76
     107
      75
      85
      86
      96
      79
      83
      66
      82
      87
     112
      68
      86
      66
      74
      89
      90
      80
     103
      86
      81
      70
      85
      71
      87
      82
      87
      90
      82
      73
      83
      84
      92
      97
      79
      90
      97
      87
      76
      89
     100
      79
      82
      65
      89
      79
      77
      85
      92
      86
      96
      95
      70
      84
      76
      99
      75
      96
      89
      76
      80
      80
      85
      95
      82
      97
      76
      76
      97
      89
      92
      80
     100
      76
      88
      78
      94
      85
      85
      94
      99
      86
      91
      91
     102
      91
     103
      90
      89
      75
      93
      91
      85
      91
     102
      99
      92
      93
      87
      84
      71
     104
      89
      84
      86
      90
      77
      96
      93
      87
      85
      83
      93
      81
     105
      71
      89
      90
     103
      78
      77
      78
      98
      80
      77
      85
      80
      83
      95
      84
      95
      78
      87
      82
      99
      85
      85
      73
      75
      96
      75
      68
      76
      84
      93
      91
      77
      81
      72
      81
      96
      79
      83
      93
      97
      84
      75
      86
      77
      77
      81
      80
      68
      77
      82
      56
      76
      89
      71
      60
      77
      75
      75
      77
      72
      64
      70
      73
      77
      61
      73
      65
      64
      72
      66
      70
      61
      73
      70
      72
      75
      70
      73
      53
      77
      66
      56
      72
      76
      51
      57
      71
      73
      75
      49
      58
      61
      46
      65
      59
      54
      60
      55
      58
      60
      59
      59
      55
      63
      58
      51
      60
      57
      64
      62
      62
      64
      57
      48
      66
      40
      53
      59
      63
      64
      56
      60
      52
      52
      57
      58
      56
      61
      60
      32
      57
      52
      55
      57
      63
      61
      50
      56
      57
      51
      57
      60
      55
      52
      51
      56
      59
      58
      48
      43
      64
      57
      60
      57
      66
      52
      54
      47
      59
      50
      37
      56
      39
      56
      46
      40
      59
      54
      48
      55
      45
      61
      46
      44
      70
      51
      39
      35
      42
      48
      57
      62
      46
      47
      40
      48
      53
      58
      45
      42
      47
      55
      56
      49
      49
      58
      49
      48
      45
      56
      43
      50
      54
      63
      46
      51
      51
      47
      49
      53
      46
      38
      58
      49
      46
      56
      44
      39
      48
      50
      53
      50
      52
      47
      58
      49
      40
      53
      58
      46
      46
      38
      58
      46
      49
      40
      46
      40
      61
      54
      45
      46
      51
      51
      47
      37
      47
      48
      60
      38
      40
      58
      45
      40
      46
      36
      39
      34
      46
      56
      44
      43
      47
      58
      51
      56
      56
      44
      55
      56
      48
      43
      54
      31
      57
      42
      31
      48
      45
      40
      44
      39
      38
      46
      48
      36
      47
      67
      36
      58
      44
      48
      32
      44
      46
      55
      50
      45
      44
      42
      34
      43
      50
      53
      39
      31
      32
      58
      40
      35
      34
      44
      38
      38
      44
      42
      37
      51
      45
      47
      42
      50
      44
      46
      44
      51
      41
      43
      43
      46
      58
      33
      56
      52
      38
      49
      51
      42
      61
      37
      44
      44
      44
      30
      54
      59
      38
      50
      48
      51
      51
      43
      48
      54
      48
      38
      40
      59
      43
      34
      42
      43
      42
      47
      33
      42
      32
      41
      31
      44
      49
      38
      38
      48
      40
      33
      48
      38
      57
      41
      46
      44
      41
      50
      44
      35
      45
      38
      44
      48
      46
      49
      44
      36
      43
      34
      39
      38
      38
      48
      48
      43
      39
      37
      45
      43
      35
      36
      34
      37
      41
      40
      46
      38
      40
      44
      35
      37
      46
      26
      44
      44
      43
      47
      43
      41
      41
      48
      45
      48
      24
      43
      45
      46
      40
      52
      42
      37
      36
      44
      34
      32
      42
      38
      44
      43
      47
      33
      43
      48
      35
      36
      40
      43
      45
      34
      46
      40
      37
      50
      41
      44
      43
      43
      50
      37
      33
      44
      39
      46
      40
      43
      40
      31
      37
      45
      36
      39
      34
      40
      29
      42
      36
      45
      35
      36
      44
      42
      50
      32
      47
      41
      26
      39
      37
      42
      46
      39
      43
      35
      42
      35
      34
      39
      45
      38
      45
      36
      42
      48
      48
      35
      42
      27
      42
      51
      37
      43
      45
      40
      52
      44
      38
      40
      44
      39
      45
      35
      32
      36
      44
      31
      34
      40
      40
      24
      41
      30
      43
      30
      37
      40
      39
      40
      33
      37
      31
      32
      35
      32
      37
      27
      53
      42
      36
      50
      44
      38
      39
      30
      34
      32
      40
      28
      43
      43
      35
      42
      31
      34
      34
      39
      45
      43
      43
      34
      49
      42
      37
      39
      33
      38
      35
      43
      45
      34
      33
      33
      45
      41
      29
      37
      32
      40
      27
      30
      42
      21
      39
      32
      43
      27
      45
      31
      38
      40
      43
      45
      37
      29
      42
      29
      31
      36
      22
      30
      42
      45
      35
      29
      38
      27
      29
      32
      36
      38
      36
      35
      43
      29
      41
      36
      34
      51
      39
      37
      29
      31
      41
      33
      39
      44
      34
      40
      31
      31
      39
      33
      40
      31
      31
      30
      33
      38
      43
      41
      37
      32
      30
      32
      21
      37
      33
      33
      33
      36
      35
      30
      34
      35
      29
      25
      30
      39
      35
      37
      30
      32
      26
      36
      41
      44
      38
      47
      29
      34
      36
      31
      30
      34
      29
      38
      31
      36
      27
      28
      36
      27
      29
      35
      28
      40
      30
      38
      37
      34
      29
      32
      28
      21
      43
      35
      25
      38
      23
      34
      31
      42
      19
      29
      26
      35
      22
      28
      34
      30
      31
      25
      25
      24
      25
      32
      30
      35
      27
      35
      28
      36
      21
      39
      26
      30
      31
      35
      28
      26
      27
      32
      29
      37
      31
      36
      30
      32
      23
      31
      20
      35
      19
      32
      26
      34
      30
      35
      23
      39
      29
      31
      29
      24
      35
      27
      32
      26
      28
      27
      32
      29
      31
      26
      21
      37
      39
      23
      25
      26
      22
      19
      28
      34
      41
      26
      28
      36
      21
      30
      23
      31
      30
      32
      33
      24
      27
      28
      22
      29
      39
      27
      31
      17
      22
      31
      28
      22
      36
      25
      26
      24
      22
      25
      31
      28
      23
      26
      24
      32
      28
      18
      30
      20
      23
      20
      18
      29
      28
      19
      19
      32
      25
      28
      16
      35
      28
      27
      31
      26
      23
      26
      33
      25
      25
      25
      20
      25
      19
      30
      34
      32
      24
      30
      21
      29
      32
      29
      32
      29
      30
      24
      35
      25
      31
      18
      20
      33
      25
      23
      29
      26
      23
      26
      19
      33
      24
      32
      28
      25
      26
      26
      23
      18
      19
      22
      26
      27
      27
      39
      38
      25
      22
      37
      19
      35
      19
      22
      25
      27
      29
      14
      22
      20
      19
      33
      24
      29
      26
      19
      41
      27
      18
      27
      26
      32
      29
      23
      24
      30
      19
      26
      17
      25
      25
      13
      23
      16
      22
      19
      20
      26
      31
      15
      18
      15
      25
      30
      28
      22
      32
      25
      25
      22
      23
      17
      24
      27
      18
      20
      21
      16
      23
      29
      18
      19
      21
      28
      24
      12
      17
      27
      22
      25
      22
      24
      17
      21
      22
      22
      16
      24
      23
      24
      22
      21
      28
      20
      24
      20
      27
      17
      20
      23
      21
      26
      23
      16
      13
      18
      14
      25
      16
      31
      23
      20
      23
      24
      31
      17
      19
      16
      24
      29
      17
      20
      23
      17
      18
      24
      28
      28
      20
      18
      14
      22
      22
      23
      20
      25
      22
      22
      19
      22
      19
      21
      22
      21
      22
      22
      18
      17
      20
      25
      23
      15
      14
      28
      15
      21
      17
      17
      22
      17
      22
      19
      19
      24
      17
      18
      16
      22
      13
      19
      16
      23
      21
      14
      19
      23
      10
      15
      10
      22
      16
      22
      36
      15
      23
      17
      17
      17
      18
      18
      24
      16
      17
      22
      16
      24
      17
      24
      21
      22
      23
      23
      11
      20
      15
      10
      22
      16
      22
      24
      18
      20
      13
      20
      18
      17
      13
      14
      19
      19
      14
      17
      19
      25
      18
      24
      15
      13
      17
      11
      18
       9
      26
      14
      13
      25
      16
      18
      16
      20
      28
      24
      19
      19
      14
      26
      16
      16
      14
      24
      22
      15
      14
      23
      20
      15
      12
      14
      19
      17
      17
      18
       9
      14
      20
      13
      18
      21
      12
      20
      18
      13
       7
      18
       7
      14
      18
      13
      20
      17
      15
      13
      18
      21
      15
      18
      21
      18
      24
      21
      25
      21
      20
      21
      18
      16
      18
      21
      17
      10
      20
      19
      25
      15
      15
      14
      11
      13
      12
      19
      15
      14
      23
      20
      14
      20
      11
      21
      20
      21
      13
      10
      10
      21
      16
       8
      17
      26
      21
      14
      14
      18
      18
      12
      23
      16
      16
      21
      17
      14
      14
      14
      16
      15
       7
      19
      21
      16
      14
      14
      10
       9
      10
      10
      19
      11
      18
      17
      10
      10
      14
      16
      17
      10
      13
      15
      13
      13
      19
      15
      12
      23
      10
      12
      13
      15
      20
      14
       8
      13
      13
      15
       9
       9
      22
      16
      11
      13
       7
      13
      23
      15
      17
      16
      13
      14
      11
      17
      13
      15
      18
      17
      21
      13
      12
      11
      14
      11
      11
      13
      12
      10
       9
      13
      13
      10
      21
      16
      17
      14
       5
       8
      14
      16
      15
      17
      13
      12
       7
      12
      15
       9
      13
      15
      18
      13
      18
      15
      11
      11
      17
      20
      17
      11
      13
      13
      13
      13
      11
      14
      14
      15
      18
      18
      22
       9
      19
      15
       9
      16
      20
      15
       7
      16
      16
      11
      16
      15
      15
      16
      19
      16
      15
      14
      15
      10
      15
      13
      21
      15
      11
      15
      16
      15
      10
      18
      13
      13
      13
       9
      10
      14
      11
      13
      16
      13
       9
      10
      13
      19
       6
       8
      19
      16
      15
      15
       6
      14
      17
      11
      11
      19
      10
       6
      15
      11
      13
      16
       9
      21
      11
       9
      13
      20
      12
      12
      15
      15
      11
      15
       9
      16
      19
      12
      18
      18
       8
       9
      15
      13
      16
      17
      13
      16
      17
      17
      10
       9
      14
      20
      14
      10
       8
      19
      16
      18
      11
      19
       9
       8
      18
      10
       9
      17
      13
      10
      17
      16
      16
       6
       8
      13
      20
      15
      12
      16
      18
       9
      17
      17
      12
      12
      15
      10
      13
       7
      15
      10
      15
      15
      16
      12
      11
      13
      12
      16
      21
      15
       5
      13
      15
      14
      17
      13
      14
       9
       7
      14
      22
      13
       9
      20
      11
      12
       5
      12
      13
      15
      17
      18
      17
      10
      11
      17
       7
      13
      17
      17
       8
      12
      15
       9
      21
      14
      12
      17
      14
      12
      18
      15
      13
      13
      12
      12
       9
      13
       8
      10
      16
      13
      11
      15
      10
      17
       9
      13
      16
      18
       9
      13
      12
      10
       7
      15
       7
      17
       5
      11
      13
      15
      13
      11
      12
      15
      12
      16
       8
       7
      12
      12
       8
      16
       8
      12
      17
       8
      10
      12
      14
      12
       8
      16
      13
      12
      12
      11
      14
      11
       9
      11
      13
      11
      13
      10
      13
      14
      17
      10
      11
      13
       8
      15
      11
      15
      11
      11
      14
       8
      13
       9
      11
      15
      14
       9
      11
      14
      15
      13
      11
      16
      14
      13
      17
      15
       7
      17
      10
       9
       6
      13
      14
      16
      14
      16
      14
       7
       8
      19
      10
      17
      18
       9
      13
      10
      18
      13
      10
      11
      11
      11
      13
      10
       7
       5
      15
      16
      14
      11
      14
      21
      14
       9
      17
      14
      14
      15
      16
      17
      22
      10
       8
      18
      14
       9
       9
      11
      12
      12
      10
       8
      15
       9
      11
      15
      18
       8
      15
      12
       9
       5
      11
      13
      13
      12
      10
      15
      12
      16
      14
      12
      13
      16
       9
       9
       8
      10
      15
      20
      12
      19
      15
       8
      14
      15
      14
      13
      17
       8
       8
      19
       9
      10
      20
      14
      11
      13
      15
      13
      14
      13
       7
      15
      10
      12
      12
      10
       7
      15
      13
      13
      13
      15
      17
      13
      10
      15
       8
      18
       5
      12
      19
      10
      21
      13
      19
      18
       9
      19
      10
      11
      17
      11
      12
      11
      13
      11
      11
       9
      10
      14
       8
      16
      17
      12
      14
       5
      11
      12
      15
      15
      13
      10
      15
      10
      10
      13
      12
      11
      15
      17
       9
      11
      16
      11
      14
      13
      15
       8
      15
      11
      13
      14
      13
      13
      10
      17
       8
       9
      12
      10
      17
      17
      14
      11
      13
      10
      11
       6
      23
      14
      17
       7
      14
      13
      10
       7
      13
       9
      11
      12
      13
      17
      12
      13
      18
      14
      18
      12
      11
      13
       6
      13
       5
      21
      14
      14
      12
       8
      17
      16
      12
       8
       9
      10
      10
       4
      12
      20
      18
      12
      10
      15
      15
      10
      12
      18
       6
      16
      13
      11
      16
      12
      15
      12
      10
      12
      17
      10
      11
      14
      17
      16
      16
      13
      18
      22
      10
      12
      23
       7
       3
       9
      11
       7
      16
       9
      10
       9
      15
      14
      11
      12
       9
      15
      17
      13
      10
      16
      14
      11
      19
       9
      12
      25
      13
      12
      16
      11
      21
      13
       8
      11
      13
      13
      12
      11
       9
      12
      18
      12
      13
      10
      11
      13
      16
      12
      20
      14
      14
      11
       8
      21
      17
      15
      11
       7
       4
      21
      18
      13
       7
      15
      14
      11
      11
      11
      11
      18
      13
       8
      16
      15
      11
      11
      10
       7
      18
       9
      15
      17
      15
       8
      13
      11
       8
      11
      20
      12
      12
      12
      17
      11
      22
      13
      12
      12
      10
      16
       8
       9
      16
      16
      11
      16
      16
      10
       6
      10
      13
      18
      15
      15
       7
       9
      12
       9
      10
      18
      13
       9
      13
      18
      16
      18
      11
       9
      13
       9
      16
      20
      12
       9
      12
      16
      10
      13
      10
       7
      11
       6
      12
       5
      14
      20
      11
      15
       8
      20
      13
      15
      10
      16
      16
      10
      12
       9
      11
      11
      11
      14
       8
      16
      13
      12
      14
      11
      11
      10
      14
      15
      12
      15
      17
       9
       9
      17
      20
      18
      12
      11
      18
      14
      14
      15
      15
      17
      13
      13
      10
      22
      14
      20
       7
      13
      11
      18
      16
      14
      16
      13
      12
      15
      10
      19
      19
      15
      20
       8
      13
      20
      13
      20
      20
      15
      19
      21
      17
      13
      18
      13
      20
      10
      11
      17
      17
      15
      18
      19
      22
      19
      25
      20
      19
      18
       8
      12
      26
      16
      17
      30
      12
      20
      17
      11
      21
      18
      15
      16
      15
      12
      19
      12
      19
      27
      20
      24
      18
      19
      15
      23
      28
      18
      18
      28
      31
      25
      27
      31
      40
      42
      42
      46
      37
      61
      73
      83
      90
     108
     117
     119
     170
     173
     212
     263
     290
     320
     453
     501
     584
     683
     813
     982
    1155
    1418
    1593
    1923
    2250
    2473
    2764
    3080
    3345
    3670
    3986
    4099
    4158
    4219
    4182
    4221
    3862
    3639
    3392
    2951
    2804
    2311
    1987
    1701
    1393
    1193
     846
     756
     517
     405
     313
     214
     162
     116
     100
      80
      58
      45
      32
      26
      31
      24
      19
      18
      16
      32
      23
      19
      19
      17
      18
      20
      20
      13
      15
      13
       9
      15
      28
      21
      11
      20
      13
      20
      12
       9
      18
      11
      11
      16
      17
       7
      12
      10
      18
      16
      15
      14
      15
       8
      14
      14
      12
       9
      13
      17
      17
      13
      17
      14
      10
      10
       7
      11
       6
       9
       8
      14
      14
       7
      11
      14
      12
      16
      18
      13
       8
      12
      17
      11
      11
      10
      10
       6
      12
       9
      10
      15
       7
      12
      19
      10
       9
      10
      10
       7
       9
       8
      17
      12
       9
      13
       9
      10
      13
       9
      15
      12
      11
       9
      12
      11
      14
      11
       9
       8
       9
      11
      10
       6
       8
       8
      16
      11
      11
       8
      12
      11
       9
       7
       5
      15
       9
       6
       7
      12
      16
      10
       8
      11
       7
       7
       8
      11
       9
       8
      12
       6
       8
       5
      10
       5
      10
       8
       8
       5
      10
      13
       6
       7
       4
       9
      10
      10
       9
      11
       8
       9
       9
      10
       8
      12
      14
       7
       6
       7
       6
      11
       9
       8
      10
       7
       6
      16
       6
       6
      11
      11
      10
       7
       8
      11
       6
      13
      11
       8
      14
      11
       9
       9
      11
       7
      12
       9
      11
      12
      14
       4
       8
      10
       7
       8
       9
      15
       6
       5
       5
       7
       8
       7
       4
       5
       5
      10
      11
       7
       7
       9
       5
      11
       9
       7
       6
      10
      10
       9
       2
      14
       8
      10
       7
       6
      14
       4
       8
       1
       8
       3
      10
      18
       3
      12
       6
       7
      12
       4
      11
      13
       9
       8
       6
       6
       5
       6
       9
       6
       9
      11
       9
       7
       4
       9
       7
       3
      13
       9
       4
       6
       8
       9
      12
       4
       6
       5
       9
       6
      12
      10
       6
       8
      11
       8
       5
       7
      12
       3
       9
       5
       7
      12
       6
      10
       5
      11
       9
       6
       5
      13
       4
       8
       7
       7
       8
       4
       6
      11
       4
       4
       6
       6
       8
       5
       7
       6
       7
      11
       7
       6
       9
      10
       6
      10
       4
       8
       8
       5
       9
       6
      10
       6
      11
       2
       4
       4
      10
      10
      11
       1
       6
       6
       2
      11
      10
      10
       8
      10
       4
      11
      10
       4
      11
       6
       7
       6
       8
       5
       2
       5
       6
       9
       9
       7
       8
       9
       2
       6
       9
       3
      11
       8
       5
       3
       3
       4
       5
      12
       4
       9
      10
       9
       7
       7
       6
       3
       6
       6
       9
       9
       9
       8
       9
      11
       8
      10
       5
       4
      13
       5
       2
       9
       5
       8
       5
       7
       7
       9
       8
       1
       7
       3
       9
       1
       4
       8
       5
       8
       4
       9
       4
       9
       6
       8
       6
       4
       7
       7
       7
       9
       9
       3
      10
       7
       4
       5
       5
       6
       7
       9
       6
       6
       6
       7
       6
       5
       7
       5
       7
       6
       6
      11
       7
       5
       6
       7
       5
       7
       5
       5
       4
       4
       9
       5
       5
       3
      10
       6
       9
       7
       9
       9
      13
       1
       6
       9
       8
       7
       9
       6
       5
      10
       5
       4
       4
       7
      13
       5
       4
       6
       6
       7
      10
       3
       3
       4
       7
       8
       7
       6
       4
       7
       2
       1
       5
       8
       9
       5
       7
       5
       5
       7
       6
       7
       5
       6
       6
       7
       6
       8
       8
      10
       2
       8
       5
       0
       5
       7
       5
       8
       4
       8
       7
       6
       3
       5
       8
      10
       4
       5
      13
       7
       8
       6
       3
       8
       8
       6
       3
       5
       9
      10
      10
       6
       9
       7
      11
       6
       5
       6
       5
      10
       7
       9
       7
       5
       8
       8
       2
       8
       6
       2
       6
       8
       8
       2
       4
      10
      10
       2
       9
       8
       5
       8
       2
       6
      10
      11
       7
       8
       3
       9
       8
       9
       5
       9
       8
       8
       5
       8
      12
       8
       6
      10
       8
       5
       5
       7
       4
       5
       6
       9
      11
       7
       2
       6
      11
       7
       5
       4
       3
       4
       4
       4
       3
       9
       6
       9
       5
       6
       7
       4
       6
       3
       5
       8
       3
       3
       9
       8
       6
      11
       6
       2
       5
       9
       3
      11
       9
       7
       7
      11
       7
       8
       8
       8
       4
       8
       7
       6
       6
       7
      10
       7
       5
       7
       8
       4
       5
       5
       7
       4
       2
       3
       8
       5
       1
       5
      11
       5
       7
       0
       9
       8
       4
       7
       4
       5
       3
       7
       8
       5
       2
       6
       6
       6
       4
       3
       4
       5
      11
       6
       5
       3
       6
       2
       5
       5
       2
       8
       5
       5
       7
       8
       5
      10
       9
       3
       7
       7
       7
       5
       5
       3
       8
       8
       5
       4
       8
       5
       4
       5
       5
       7
       3
       5
       9
       4
       7
       6
       6
       7
       6
       6
       9
       6
       4
       2
       5
       9
       9
       1
       1
       8
      10
       2
       4
       8
       9
       3
       8
       6
       5
       2
       5
       3
       4
       6
      10
      13
       5
       3
       5
       5
       4
       5
       5
       5
       7
       8
       9
       9
       5
       3
       9
       7
      10
       1
       8
       5
       5
       9
       5
       4
       7
       8
       1
      10
       7
       7
       7
       3
       1
      10
       7
       6
       6
       4
      11
       5
       9
       8
       7
       7
       5
       6
       6
       7
       4
       4
       7
       8
       4
       6
       6
       5
       6
       3
       7
       2
      11
       8
       5
       7
       3
       8
       3
       4
       7
       4
       2
       6
       7
       5
      10
       5
      10
       7
       6
       4
       7
       4
       5
       5
       8
       6
       6
       4
       5
       7
       8
       6
       3
       7
      10
      11
      10
       5
       3
       1
       3
       5
       8
       7
       9
       4
       7
       4
       8
       8
       7
       4
       6
       7
       4
       5
       7
      10
       5
       5
      10
       4
       5
       5
       4
       4
       5
      10
       6
       5
       6
       6
       8
       6
       6
       3
       5
      10
       6
       5
       2
       6
       3
       5
       0
       4
       2
       2
       8
       8
       3
       7
       5
       3
       9
       1
       8
       5
       5
       4
       5
       3
       1
       3
       4
       5
       6
      10
       3
       5
       7
       7
       3
       5
       9
       4
       4
       6
       5
       5
       4
       4
       5
       8
       7
       9
       4
       5
       7
       7
       4
       2
       5
       6
       3
       1
       9
       6
       3
       4
       5
       6
       5
       9
       3
       8
      11
       3
       2
       4
       3
       6
       6
       8
       4
       5
       6
       2
       6
       5
       4
       5
       5
       6
       2
       9
       9
       4
      10
       4
       7
       6
       8
       6
       6
       6
       7
       6
       5
       8
       3
       4
       9
       4
       4
       5
       9
       6
       7
       4
       7
       8
       5
       7
       8
       3
       4
       3
       5
       7
       4
       4
       6
       6
       4
       5
       5
       5
       8
       3
       3
       2
       5
       8
       2
       9
       2
       7
       4
       9
       3
       4
       5
      10
       4
       7
       2
       5
       6
       1
       5
       3
       7
       6
       8
       2
       5
       2
       8
       7
       6
       6
       5
       9
       5
       6
       8
       7
       7
       3
       5
       5
       8
       2
       4
       6
       3
       5
       2
       3
       5
       2
       3
       5
       5
       7
       5
       6
       6
       8
       9
       7
       3
       7
       6
       4
       6
       4
       5
       3
       4
       3
       4
       4
       6
       6
       3
       4
       7
       2
       5
       1
       6
       3
       5
       7
       2
       5
       4
       3
       5
       5
      10
      10
       5
       3
       6
       6
       5
       3
       5
       3
       2
       6
       7
       7
       4
       5
      10
       7
       6
       4
       4
       3
       2
       6
       0
       7
       5
       9
       3
       2
       1
       6
       2
       5
       8
       4
       6
       5
       4
       2
       4
       2
       5
       5
       6
       6
       7
       9
       6
       5
       8
       6
       9
       4
       7
       5
       4
       8
       2
       8
       6
       7
       5
       3
       3
       1
       6
       6
       3
       6
       9
       9
      14
       7
       4
       5
       3
       9
       4
       7
       3
       4
       6
      10
       6
       4
       4
       4
       3
       7
       4
       2
       7
       4
       6
       5
       6
       6
       6
       8
       6
       4
       3
       2
       6
      10
       2
       8
       7
       7
       3
       5
       4
       3
       6
       9
      10
       3
       1
       5
      10
       7
       2
       3
       7
       4
       5
       2
       9
       7
       4
       6
       3
       2
       6
       6
       3
       5
       5
       4
       7
       3
       6
       4
       3
       1
       5
       4
       8
       1
       7
       9
       3
       3
       5
       7
       3
       4
       3
       2
       6
       2
       6
       6
       8
       6
       4
       5
       4
      11
       5
       7
       8
       2
       6
       9
       7
       5
       4
       5
       5
       4
       8
       7
       2
       8
       1
       7
       9
       8
       3
       6
       4
       5
       7
       5
       8
       4
       2
       4
       4
       7
       6
       5
       8
       7
       6
       4
       9
       6
       4
       6
       1
       7
       2
       8
       4
       7
       3
       8
       3
       3
       7
       7
       3
       3
       3
       8
       5
       1
       4
       5
       2
      10
       8
       4
       0
       6
       9
       6
       4
       1
       1
      10
       7
       5
       6
       8
       5
       3
       4
       5
       4
       6
       7
       8
       4
       3
       5
       6
       3
       3
       5
       8
       5
      10
       2
       5
       3
       6
       6
       3
       0
       5
       6
       4
      10
       3
       3
       4
       8
       3
       5
       3
       8
       3
       5
       5
       5
       6
       5
       4
       1
       7
       4
       1
       3
       6
       5
       4
       5
       9
       3
       6
       6
       1
       4
       5
       3
       5
       3
       5
       2
       4
       3
       3
       3
      11
       3
       1
       4
       3
       8
       6
       3
       5
       7
       5
       8
       9
       4
       4
       4
       6
       9
       2
      11
      10
       2
       7
       6
       4
      10
       4
       4
       4
       3
       9
       2
       5
       3
       6
      10
       6
       1
       6
       5
       2
       3
      11
       5
       4
       4
       5
       8
       5
       6
       3
       5
       3
       3
       3
       3
       7
       9
       4
       2
       5
      10
       7
       4
       5
       3
       4
      10
       2
       4
       5
       1
       6
       2
       5
       6
       6
       3
       2
       5
       4
       3
       3
       4
       5
       5
       3
       5
       2
       3
       5
       5
       4
       4
       5
       5
       1
       2
       5
       3
       3
       5
       6
       1
       6
       6
       5
       7
       4
       6
       6
       4
       7
       6
       2
       1
       6
       7
      10
       8
       4
       6
       6
       2
       3
       1
       3
       3
       3
       4
       0
       5
       4
       5
       5
       5
       7
       6
       4
       5
       1
       2
       9
       6
       9
       3
       5
       7
       2
       4
       1
       5
       9
      12
       8
       4
       3
       6
       8
       3
       2
       1
       6
       7
       2
       7
       7
       3
       6
       2
       2
       6
       4
       9
       6
       5
       4
       8
       8
       1
       2
       3
       4
       4
       5
       4
       4
       5
       3
       5
       2
       5
       4
       9
       5
       4
       9
       4
       4
      10
       5
       5
       4
       4
       4
       7
       7
       4
       6
       8
       3
       3
       2
       6
       2
      13
       5
       8
       3
       7
       6
       3
       4
       7
       5
       4
       6
       4
       7
       3
       6
       5
       7
       5
       4
       8
       8
       5
      10
       8
       4
       1
       9
       3
       3
       7
       6
       5
       3
       8
       7
       5
       6
       6
       9
       5
       4
       4
       3
       8
       3
       4
       4
       3
       4
       5
       4
       2
       7
       3
       7
       3
       2
       6
       5
       6
       5
       4
       4
       6
       3
       2
       4
       3
       3
       3
       4
       4
       3
       3
       8
       4
       5
       4
       4
       2
       5
       7
       6
       7
       5
       5
       4
       4
       5
       6
       2
       2
       7
       8
       5
       9
       8
       3
       5
       4
       7
       5
       4
       5
       5
       4
       3
      10
       3
       6
       7
       4
       3
       5
       8
       6
       8
       6
       5
      10
       3
       1
       2
       5
       8
       5
       5
      10
       9
       7
       5
       5
       7
       3
       6
       8
       5
       6
       2
       6
       3
       4
       4
       4
       5
       4
       4
       9
      11
       5
       5
       7
       9
       4
       7
       5
       4
       9
      11
       5
       7
      11
       8
      15
      10
      14
      20
      15
      14
      12
      16
      14
      17
      12
      20
      15
      20
      26
      17
       9
      14
       6
       9
      13
       9
      10
       8
       2
       9
       7
       6
       4
       5
       8
       4
       6
       9
       3
       6
       3
       6
       2
      11
       5
       5
       4
       5
       6
       6
       1
       3
       2
       4
       4
       2
       4
       3
       3
       6
       6
       5
       6
       6
       7
       2
       8
      12
       5
       3
       5
       6
       5
       9
       5
       1
       4
       5
       1
       4
       1
       8
       8
       3
       9
       4
       3
       7
       5
       1
       6
       2
       2
       3
       7
       5
       8
       7
       5
       6
       6
       4
       8
       4
       5
       1
       5
       3
       5
       7
      11
       6
       5
       2
       8
       3
       7
       5
       3
       5
       7
       5
       4
       7
       8
       4
       0
       3
       6
       4
       3
       6
       5
       3
       7
       4
       6
       3
       5
       2
       2
       6
       2
       4
       5
       3
       4
       4
      10
       2
       4
       4
       2
       5
       6
       8
       1
       3
       5
       5
       4
       7
       4
       7
       4
       5
       5
       6
       6
       2
       4
       6
       3
       6
       4
       5
       3
       5
       3
       3
       5
       6
       5
       6
       2
       3
       2
       6
       5
       4
       3
       7
       4
       4
       5
       8
       6
       5
      10
       7
       5
       7
       3
       5
       6
       5
       3
       5
       6
       3
       5
       4
       1
       2
       8
       4
       9
       6
       6
       3
       4
       6
       9
       6
       4
       3
       3
       3
       5
       4
       6
       1
       3
       7
       5
       4
       0
       3
       4
       8
       6
       4
       6
       6
       5
       3
       4
       4
       4
       5
       1
       7
       4
       3
       6
       9
       5
       1
       7
       8
       6
       1
       3
       3
       3
       7
       6
       7
       7
       4
       2
       3
       2
       6
       9
       1
       8
       6
       7
       2
       3
       0
       8
      11
       7
       4
       6
       8
       1
       4
       4
       2
       7
       7
       4
       3
       6
       4
       3
       3
       4
       6
       4
       6
       5
       5
       4
       6
       5
       1
       3
       2
       5
       2
       7
       2
       4
       2
       4
       2
       6
       6
       5
       9
      10
       4
       1
       5
       4
       4
       5
       3
       7
       2
       2
       5
       5
       1
       5
       8
       3
       2
       5
       6
       3
       3
       5
       6
       6
       6
       2
       6
       4
       5
       9
       9
       4
       0
       4
       5
       2
       3
       4
       6
       1
       1
       3
       3
       5
       6
       2
       3
       3
       2
       6
       8
       4
      10
       6
       3
       4
       2
       0
       4
       3
       4
       4
       2
       2
       3
       6
       5
       5
       4
       7
       5
       5
       5
       4
       5
       7
       3
       8
       3
       1
       4
       8
       5
       9
       6
       1
       4
       2
       9
       9
       5
       7
       2
       5
       9
       5
       4
       1
       8
       5
       5
       6
       3
       5
       4
       6
       9
       5
       1
       3
       4
       3
       2
       6
       4
       5
       7
       3
       4
       1
       3
       6
       6
       6
       5
       4
       1
       7
       4
       6
       7
       3
       5
       3
       3
       5
       4
       4
       4
       6
       5
       3
       2
       6
       8
       4
       6
       3
       3
       8
       5
       5
       9
       5
       5
       6
       6
       7
       6
       3
       5
       5
       3
       6
       6
       2
      11
       4
       3
       5
       7
       9
       3
       2
       3
       6
       3
       2
       4
       7
       7
       4
       5
       5
       6
       4
       5
       4
       4
       4
       4
       1
       4
       6
       2
       4
       5
       5
       5
       3
       5
       2
       4
       3
       3
       6
       2
       6
       4
       4
       1
       3
       3
       5
       5
       4
       5
       7
       2
       7
       8
       3
       7
       2
       1
       2
       4
       2
       5
       4
       4
       5
       3
       5
       7
       5
       3
       4
       3
       4
       4
       6
       8
       6
       5
       3
       3
       2
       6
       9
       6
       5
       7
       3
       0
       3
       6
       6
       5
       3
       4
       6
       5
       5
       5
       3
       3
       4
       5
       0
       6
       7
       5
       1
       4
       7
       3
       2
       4
       4
       3
       2
       5
       5
       4
       2
       0
       3
       9
       3
       2
       0
       8
       6
       3
       3
       9
       6
       3
       5
       5
       4
       4
       4
       0
       4
       3
       4
       4
       3
       4
       4
       3
       4
       8
       3
       5
       8
       6
       7
       5
       5
       2
       4
       3
       7
       2
       7
       5
       5
       5
       4
       4
       9
       4
       7
       2
       8
       3
       4
       5
       5
       5
       4
       3
       3
       4
       3
       3
       6
       7
       3
       5
       4
      10
       3
       8
       5
       6
       3
       4
       5
       6
       4
       0
       5
       5
       3
       3
       7
       7
       8
       6
       7
       3
       4
       4
       1
       5
       7
       3
       5
       8
       3
       3
       2
       5
       3
       4
       6
       5
       5
       1
       3
       6
       5
       2
       7
       7
       2
       5
       4
       5
       5
       7
       3
       4
       5
       8
       5
       3
       3
       4
       6
       7
       0
       5
       5
       7
       3
       4
       7
       1
       4
       2
       3
       1
       4
       4
       5
       4
       5
       3
       6
       4
       7
       5
       4
       7
       5
       4
      12
       4
       4
       7
       7
       6
       3
       6
       7
       1
       8
       6
       5
       2
      10
       6
       3
       2
       1
       3
       5
       4
       4
      11
       4
       2
       9
       3
       4
       1
       8
       4
       8
       3
       5
       6
       4
       8
       4
       2
       4
       6
       2
       8
       5
       5
       5
       2
       1
       4
       5
       3
       6
       3
       5
       6
       6
       4
       1
       1
       5
       2
       3
       3
       8
       7
       4
       6
       6
       2
       6
       4
       5
       7
       5
       3
       4
       2
       6
       8
       5
       3
       9
       2
       2
       6
       4
       5
       9
       4
       7
       2
       5
       4
       4
       1
       3
       7
       2
       1
       5
       3
       4
       5
       4
       1
       6
       6
       2
       5
       6
       7
       5
       4
       4
       4
       2
       3
       5
       9
       8
       6
       4
       5
       9
       3
       3
       5
       3
       4
       2
       6
       5
       6
       5
       6
       9
       3
       8
       3
       5
       6
       5
       3
       5
       6
       4
       4
       6
       3
       3
       5
       4
       3
       4
       3
       5
       5
      10
       6
       5
       4
       8
       3
       4
      10
       4
       4
       3
       4
       7
       3
       6
       8
       2
       3
       2
       7
       3
       4
       3
       6
       3
       3
       4
       6
       9
       4
       8
       1
       5
       3
       5
       5
       5
       4
       5
       4
       6
       6
       2
       4
       5
       5
       3
       6
       3
       4
       8
       8
       4
       5
       4
       3
       7
       2
       5
       7
       8
       3
       1
       4
       6
       4
      12
       7
       9
       5
       7
       3
       7
       4
       8
       5
       6
       9
       6
       4
       6
      11
       6
       2
       9
       2
       7
       8
       8
       7
       6
       8
       5
       5
       5
       8
       9
       3
       8
       6
       2
       6
       2
       3
       6
       3
       5
       5
       7
       2
       1
      12
       8
       7
       6
       3
       3
       3
       5
       4
       3
       3
       3
       3
       6
       6
      11
       4
       3
       5
       8
       5
       9
       2
       5
       5
       8
       9
       5
       7
       2
       5
       3
       4
       4
       1
       3
       2
       1
       7
       4
       4
       5
       6
       9
       4
       6
       4
       1
       4
       5
       3
       5
       5
       4
       4
       7
       4
       5
       5
       4
       7
       8
      11
       7
       3
       3
       6
       6
       6
       5
       8
       6
       5
       1
       5
       7
       5
       6
       4
       9
       5
       0
       5
       6
       4
       6
       5
       4
       6
       4
       3
       5
       6
       7
       7
       4
       2
       8
       4
       7
       6
       2
       5
       4
       2
       5
       4
       3
       2
       4
       2
       3
       6
       6
       5
       5
       0
       8
       6
       6
       2
       1
       6
      10
       4
       7
       6
       6
       5
       5
       3
       3
       4
       3
       4
       2
       7
       6
       7
       3
       7
       4
       4
       5
       3
       3
       6
       3
       2
       5
       8
       4
       3
       7
       6
       4
       5
       4
       4
       1
       1
       8
       4
       2
       3
       5
       6
       3
       2
       2
       4
      13
       6
       4
       3
       3
       4
      11
       4
       5
       3
       3
       3
       4
       2
       2
       6
       3
       2
       1
       2
       3
       3
       3
       5
       3
       5
       8
       4
       7
       4
       5
       9
       8
       2
       5
       5
       6
       7
       3
       5
       3
       4
       8
       4
       4
       5
       1
       3
       2
       7
       2
       5
       6
       1
       4
       3
       1
       3
       2
       6
       4
       3
       6
       2
       1
       6
       6
       3
       6
       6
       2
       9
       3
       4
       1
       4
       2
       3
       7
       3
       6
       9
       6
       2
       1
       2
       5
       4
       3
       2
       4
       3
       4
       4
       6
       1
       1
       3
       6
       5
       3
       3
       3
       5
       3
       3
       3
       5
       2
       3
       3
       5
       4
       0
       5
       5
       7
       4
       2
       4
       1
       2
       4
       6
       3
       7
       2
       5
       5
       6
       3
       4
       1
       3
       0
       4
       2
       5
       3
       2
      10
       1
       4
       4
       4
       2
       5
       2
       1
       3
       3
       8
       5
       5
       5
       5
       7
       6
       3
       6
       5
       8
       3
       3
       8
       4
       6
       2
       4
       5
       4
       6
       9
       1
       4
       3
       7
       3
       5
       5
       5
       4
       4
       6
       1
       3
       5
       7
       4
       4
       8
       6
       1
       5
       4
       4
       3
       2
       4
       2
       2
       1
       4
       6
       4
       6
       3
       2
       8
       4
       4
       2
       5
       4
       1
       5
       6
       5
       4
       7
       2
       0
       3
       8
       5
       4
       2
       0
       0
       5
       9
       3
       2
       1
       0
       5
       2
       1
       7
       6
       4
       4
       7
       4
       8
       1
       4
       3
       2
       7
       3
       3
       6
       1
       5
       2
       5
       5
       0
       7
       6
       0
       7
       7
       1
       4
       9
       4
       4
       1
       4
       5
       5
       5
       7
       2
       1
       5
       2
       7
       1
       2
       7
       3
       4
       4
       5
       5
       2
       3
       3
       3
       5
       2
       3
       4
       5
       1
       8
       7
       2
       1
       3
       6
       2
       7
       4
       2
       3
       3
       3
       2
       3
       1
       2
       4
       3
       5
       5
       3
       5
       4
       2
       6
       3
       3
       6
       1
       6
       3
       5
       4
       5
       0
       0
       0
       0
       0
       0
       0
       0
       0
       0
       0
       0
       0
       0
       0
       0
       0
       0
       0
       0
       0
       0
       0
       0
       0
       0
       0
       0
       0
       0
       0
       0
       0
       0
       0
       0
       0
       0
       0
       0
       0
       0
       0
       0
       0
       0
       0
       0
       0
       0
       0
       0
       0
       0
       0
       0
       0
       0
       0
       0
       0
       0
       0
       0
       0
       0
       0
       0
       0
       0
       0
       0
       0
       0
       0
       0
       0
       0
       0
       0
       0
       0
       0
       0
       0
       0
       0
       0
       0
       0
       0
       0
       0
       0
       0
       0
       0
       0
       0
       0
       0
       0
       0
       0
       0
       0
       0
       0
       0
       0
       0
       0
       0
       0
       0
       0
       0
       0
       0
       0
       0
       0
       0
       0
       0
       0
       0
       0
       0
       0
       0
       0
       0
       0
       0
       0
       0
       0
       0
       0
       0
       0
       0
       0
       0
       0
       0
       0
       0
       0
       0
       0
       0
       0
       0
       0
       0
       0
       0
       0
       0
       0
       0
       0
       0
       0
       0
       0
       0
       0
       0
       0
       0
       0
       0
       0
       0
       0
       0
       0
       0
       0
       0
       0
       0
       0
       0
       0
       0
       0
       0
       0
       0
       0
       0
       0
       0
       0
       0
       0
       0
       0
       0
       0
       0
       0
       0
       0
       0
       0
       0
       0
       0
       0
       0
       0
       0
       0
       0
       0
       0
       0
       0
       0
       0
       0
       0
       0
       0
       0
       0
       0
       0
       0
       0
       0
       0
       0
       0
       0
       0
       0
       0
       0
       0
       0
       0
       0
       0
       0
       0
       0
       0
       0
       0
       0
$ROI:
2
4852 5354
12587 12888
$PRESETS:
Live Time
10800
0
$ENER_FIT:
0.358687 0.099971
$MCA_CAL:
3
3.586871E-001 9.997089E-002 0.000000E+000 keV
$SHAPE_CAL:
3
3.638087E+001 -1.552510E-003 0.000000E+000
