$SPEC_ID:
JKL Model 927 SN 17053844 Input 1 HEC-Cr-HEC-Cr-T30-D100-HPGe1-2
$SPEC_REM:
DET# 2
DETDESC# BULK Model 927 SN 17053844 Input 1
AP# Maestro Version 6.08
$DATE_MEA:
05/11/2026 16:35:46
$MEAS_TIM:
251 356
$DATA:
0 16383
       0
       0
       0
       0
       0
       0
       0
       0
       0
       0
       0
       0
       0
       0
       0
       0
       0
       0
       0
       0
       0
       0
       0
       0
       0
       0
       0
       0
       0
       0
       0
       0
       0
       0
       0
       0
       0
       0
       0
       0
       0
       0
       0
       0
       0
       0
       0
       0
       0
       0
       0
       0
       0
       0
       0
       0
       0
       0
       0
       0
       0
       0
       0
       0
       0
       0
       0
       0
       0
       0
       0
       0
       0
       0
       0
       0
       0
       0
       0
       0
       0
       0
       0
       0
       0
       0
       0
       0
       0
       0
       0
       0
       0
       0
       0
       0
       0
       0
       0
       0
       0
       0
       0
       0
       0
       0
       0
       0
       0
       0
       0
       0
       0
       0
       0
       1
      23
     208
     501
     581
     508
     536
     513
     528
     470
     438
     439
     470
     470
     471
     499
     446
     488
     475
     443
     472
     418
     466
     445
     460
     449
     453
     467
     480
     453
     437
     465
     435
     473
     462
     480
     446
     418
     421
     453
     419
     437
     438
     445
     450
     402
     440
     456
     400
     451
     474
     419
     452
     433
     414
     466
     439
     425
     389
     429
     444
     430
     426
     400
     423
     431
     453
     409
     450
     422
     388
     438
     437
     421
     415
     393
     399
     447
     384
     430
     369
     403
     423
     448
     441
     420
     413
     417
     432
     446
     401
     410
     420
     386
     408
     407
     390
     433
     418
     384
     438
     416
     393
     447
     404
     407
     410
     404
     390
     447
     393
     410
     389
     393
     424
     394
     366
     396
     415
     386
     395
     408
     404
     369
     392
     385
     351
     414
     381
     389
     389
     393
     379
     386
     387
     365
     359
     412
     375
     379
     375
     420
     394
     406
     381
     360
     394
     383
     347
     371
     395
     391
     367
     363
     379
     403
     388
     333
     374
     387
     386
     336
     348
     381
     379
     372
     333
     363
     380
     369
     417
     388
     368
     357
     326
     377
     386
     360
     356
     353
     361
     373
     388
     386
     343
     354
     351
     373
     364
     335
     362
     377
     338
     327
     372
     358
     349
     330
     372
     329
     361
     370
     359
     368
     332
     376
     328
     341
     397
     367
     369
     368
     367
     364
     349
     370
     373
     366
     361
     358
     361
     334
     368
     355
     343
     380
     352
     364
     361
     355
     351
     342
     364
     361
     352
     359
     327
     344
     349
     346
     361
     363
     376
     340
     343
     354
     335
     345
     352
     339
     373
     364
     383
     332
     363
     324
     354
     393
     339
     329
     322
     349
     357
     344
     341
     339
     294
     339
     370
     318
     378
     338
     371
     328
     357
     320
     371
     335
     343
     339
     328
     344
     331
     313
     304
     338
     316
     334
     328
     354
     356
     334
     345
     341
     288
     329
     340
     309
     374
     352
     350
     329
     325
     317
     335
     349
     361
     345
     356
     357
     338
     339
     349
     356
     324
     301
     308
     311
     357
     327
     303
     328
     363
     318
     315
     340
     369
     346
     373
     341
     331
     332
     335
     354
     318
     358
     348
     341
     310
     316
     359
     347
     362
     311
     329
     321
     315
     326
     326
     325
     349
     328
     321
     338
     336
     316
     313
     346
     342
     338
     303
     328
     329
     359
     337
     329
     335
     341
     341
     346
     310
     325
     306
     310
     362
     317
     354
     313
     335
     321
     338
     332
     328
     311
     312
     328
     304
     322
     333
     299
     353
     350
     318
     344
     347
     332
     342
     344
     345
     314
     324
     314
     366
     316
     336
     332
     297
     323
     334
     346
     322
     312
     333
     340
     357
     346
     313
     313
     355
     306
     322
     355
     334
     314
     325
     324
     345
     312
     326
     299
     334
     330
     299
     359
     348
     299
     294
     329
     338
     313
     349
     332
     313
     300
     358
     318
     306
     316
     334
     310
     317
     304
     311
     348
     295
     338
     303
     363
     323
     314
     354
     282
     324
     309
     357
     362
     311
     310
     320
     307
     330
     311
     297
     309
     330
     365
     343
     328
     358
     287
     316
     348
     336
     320
     320
     295
     331
     301
     316
     324
     336
     338
     316
     325
     344
     339
     327
     335
     312
     308
     330
     314
     335
     295
     299
     363
     340
     331
     319
     354
     318
     304
     336
     292
     322
     332
     313
     327
     310
     313
     342
     327
     333
     315
     308
     325
     339
     321
     303
     319
     332
     324
     318
     351
     297
     307
     346
     342
     314
     316
     320
     341
     349
     313
     356
     297
     317
     319
     336
     327
     291
     318
     313
     352
     335
     334
     338
     354
     294
     321
     358
     306
     302
     315
     316
     293
     310
     325
     332
     322
     353
     284
     333
     319
     338
     308
     328
     287
     330
     325
     329
     331
     322
     328
     316
     285
     321
     299
     318
     314
     332
     317
     293
     312
     319
     318
     323
     321
     324
     309
     350
     335
     352
     354
     356
     366
     379
     356
     355
     339
     337
     334
     342
     320
     316
     333
     332
     350
     351
     368
     304
     362
     325
     345
     349
     374
     355
     392
     418
     360
     378
     365
     348
     330
     339
     315
     332
     331
     346
     342
     331
     305
     338
     303
     304
     328
     341
     315
     330
     334
     327
     315
     308
     330
     334
     281
     318
     315
     322
     318
     291
     330
     313
     291
     321
     327
     315
     299
     351
     330
     341
     317
     316
     314
     339
     303
     308
     319
     339
     289
     332
     298
     319
     321
     317
     321
     315
     313
     317
     341
     324
     339
     291
     312
     290
     352
     289
     346
     323
     315
     321
     332
     322
     292
     270
     284
     324
     325
     307
     313
     318
     330
     301
     302
     323
     318
     358
     338
     336
     314
     357
     303
     364
     342
     320
     336
     373
     337
     358
     332
     354
     302
     336
     357
     358
     307
     323
     295
     320
     307
     296
     310
     337
     313
     309
     345
     308
     305
     320
     377
     332
     318
     318
     303
     331
     310
     339
     285
     330
     325
     339
     340
     312
     284
     329
     320
     336
     286
     327
     282
     333
     334
     334
     327
     300
     304
     334
     325
     314
     317
     302
     315
     318
     328
     296
     295
     346
     307
     299
     325
     332
     346
     307
     285
     303
     298
     315
     330
     326
     323
     331
     312
     304
     337
     293
     317
     317
     310
     331
     322
     298
     327
     348
     331
     336
     308
     283
     309
     294
     309
     336
     329
     323
     295
     308
     320
     349
     320
     316
     307
     316
     328
     326
     295
     290
     313
     296
     289
     345
     312
     285
     316
     322
     353
     301
     309
     287
     311
     311
     278
     350
     303
     309
     340
     264
     313
     305
     331
     346
     330
     273
     307
     319
     310
     302
     311
     305
     296
     339
     325
     320
     352
     344
     313
     323
     304
     305
     283
     351
     306
     341
     311
     320
     305
     301
     312
     319
     293
     345
     336
     308
     313
     322
     351
     284
     316
     330
     300
     314
     282
     322
     329
     320
     307
     300
     315
     277
     316
     282
     318
     304
     308
     319
     299
     322
     296
     310
     321
     326
     305
     314
     320
     305
     321
     307
     328
     308
     256
     304
     268
     334
     286
     285
     305
     317
     289
     310
     317
     324
     320
     345
     325
     291
     313
     299
     315
     321
     312
     314
     317
     325
     327
     347
     311
     291
     306
     305
     323
     327
     301
     315
     311
     326
     307
     310
     310
     331
     310
     329
     307
     329
     324
     299
     324
     304
     300
     287
     277
     299
     292
     340
     320
     286
     315
     302
     296
     300
     293
     286
     331
     331
     294
     296
     294
     319
     298
     292
     312
     304
     334
     326
     337
     334
     301
     293
     320
     341
     282
     269
     317
     302
     299
     337
     322
     314
     314
     294
     331
     341
     261
     293
     331
     309
     335
     305
     310
     294
     316
     308
     298
     335
     327
     320
     320
     291
     332
     326
     331
     283
     303
     322
     321
     317
     326
     303
     324
     327
     316
     336
     309
     304
     303
     313
     278
     323
     334
     325
     287
     309
     304
     318
     313
     289
     282
     287
     309
     276
     302
     320
     333
     282
     288
     284
     308
     308
     312
     316
     329
     304
     328
     313
     314
     300
     318
     334
     326
     339
     337
     308
     291
     305
     287
     316
     328
     282
     299
     306
     343
     323
     293
     307
     302
     323
     303
     337
     316
     338
     289
     322
     298
     314
     316
     308
     328
     283
     316
     319
     286
     304
     300
     319
     297
     301
     305
     271
     320
     302
     279
     304
     307
     336
     281
     316
     302
     340
     271
     274
     326
     278
     325
     316
     303
     296
     300
     312
     326
     322
     292
     322
     291
     321
     308
     301
     293
     314
     305
     312
     304
     335
     324
     294
     309
     313
     311
     308
     308
     328
     313
     293
     298
     339
     301
     297
     327
     313
     323
     321
     302
     311
     296
     317
     328
     326
     311
     343
     266
     312
     308
     291
     307
     310
     302
     290
     308
     306
     318
     314
     298
     304
     334
     294
     299
     321
     298
     284
     299
     286
     325
     311
     276
     312
     304
     305
     309
     322
     334
     291
     314
     332
     324
     316
     278
     288
     301
     287
     283
     334
     282
     311
     298
     328
     313
     318
     296
     307
     284
     284
     318
     330
     287
     309
     306
     337
     302
     282
     302
     301
     300
     322
     345
     297
     310
     297
     312
     307
     292
     312
     322
     296
     287
     309
     298
     285
     310
     316
     309
     334
     308
     276
     307
     313
     321
     302
     311
     291
     309
     298
     277
     279
     305
     299
     297
     308
     295
     274
     312
     303
     296
     312
     347
     307
     307
     320
     316
     298
     307
     315
     295
     302
     295
     295
     271
     297
     313
     320
     306
     298
     315
     290
     287
     283
     286
     317
     307
     331
     281
     286
     295
     304
     310
     294
     310
     275
     304
     310
     316
     304
     294
     281
     314
     308
     299
     315
     285
     296
     291
     310
     280
     304
     318
     304
     286
     294
     310
     329
     284
     283
     299
     299
     284
     278
     298
     300
     304
     280
     315
     312
     295
     315
     305
     348
     321
     293
     303
     287
     295
     301
     321
     284
     287
     298
     258
     325
     329
     288
     291
     317
     274
     299
     307
     307
     305
     304
     310
     276
     318
     314
     292
     306
     304
     275
     275
     304
     315
     290
     281
     340
     294
     295
     312
     313
     288
     272
     301
     318
     333
     323
     286
     298
     274
     288
     303
     320
     325
     326
     287
     309
     297
     277
     278
     338
     311
     275
     289
     285
     343
     268
     308
     312
     318
     300
     298
     347
     303
     303
     313
     262
     323
     303
     304
     295
     275
     307
     316
     291
     297
     292
     317
     296
     289
     312
     313
     328
     297
     297
     336
     320
     316
     303
     319
     266
     284
     301
     287
     283
     305
     296
     337
     295
     305
     314
     306
     312
     329
     308
     275
     295
     285
     299
     307
     326
     340
     317
     289
     286
     295
     320
     276
     320
     300
     306
     296
     319
     304
     331
     331
     301
     289
     292
     298
     350
     337
     307
     308
     294
     302
     298
     295
     361
     290
     286
     301
     340
     304
     307
     326
     304
     295
     294
     321
     277
     310
     345
     338
     282
     287
     319
     293
     274
     325
     314
     329
     335
     280
     320
     281
     302
     306
     301
     294
     300
     353
     295
     339
     327
     332
     344
     311
     304
     319
     312
     301
     331
     308
     324
     334
     325
     336
     348
     316
     334
     319
     317
     360
     309
     317
     304
     322
     329
     319
     333
     338
     326
     348
     306
     337
     360
     300
     310
     377
     354
     368
     375
     346
     345
     333
     332
     364
     382
     381
     371
     373
     384
     385
     389
     374
     383
     368
     352
     365
     354
     347
     346
     337
     361
     407
     389
     370
     375
     334
     358
     366
     361
     351
     372
     403
     352
     349
     382
     364
     356
     374
     364
     359
     355
     347
     348
     358
     382
     356
     356
     398
     324
     377
     360
     351
     362
     379
     355
     377
     364
     350
     323
     386
     327
     342
     364
     384
     362
     348
     354
     364
     390
     360
     358
     347
     374
     391
     394
     360
     361
     363
     352
     392
     360
     326
     372
     412
     322
     340
     346
     364
     343
     332
     360
     366
     358
     351
     340
     378
     380
     346
     356
     365
     389
     355
     362
     360
     392
     357
     355
     354
     352
     306
     342
     389
     360
     365
     358
     372
     343
     309
     354
     328
     365
     342
     356
     352
     375
     351
     371
     318
     332
     360
     353
     312
     318
     344
     343
     352
     363
     371
     365
     326
     332
     362
     355
     364
     358
     342
     370
     338
     342
     350
     345
     339
     372
     335
     352
     363
     363
     362
     354
     368
     328
     336
     338
     362
     371
     366
     377
     338
     359
     343
     337
     314
     329
     393
     370
     308
     337
     352
     334
     354
     367
     336
     331
     323
     334
     352
     373
     338
     349
     356
     351
     336
     351
     347
     295
     311
     355
     338
     324
     351
     359
     322
     301
     341
     344
     325
     311
     342
     337
     344
     373
     347
     345
     322
     349
     326
     367
     337
     356
     339
     318
     345
     346
     330
     324
     351
     319
     346
     326
     321
     302
     320
     320
     330
     343
     338
     370
     368
     357
     323
     341
     340
     322
     325
     354
     361
     355
     325
     383
     315
     314
     350
     313
     341
     310
     325
     273
     356
     344
     305
     348
     351
     325
     302
     335
     328
     307
     338
     347
     344
     317
     328
     322
     348
     319
     342
     349
     315
     327
     324
     336
     328
     347
     328
     375
     346
     315
     324
     320
     305
     314
     324
     337
     352
     333
     302
     322
     345
     309
     363
     365
     349
     346
     359
     356
     317
     336
     317
     355
     298
     331
     309
     326
     355
     326
     321
     339
     303
     312
     332
     302
     300
     334
     350
     340
     332
     319
     329
     319
     339
     320
     302
     315
     280
     352
     321
     325
     324
     321
     329
     333
     326
     352
     337
     315
     312
     353
     344
     331
     331
     341
     338
     304
     315
     343
     314
     295
     340
     316
     312
     325
     331
     328
     297
     351
     320
     325
     318
     313
     341
     321
     330
     322
     353
     290
     342
     318
     309
     341
     327
     328
     315
     359
     356
     328
     322
     306
     317
     302
     323
     306
     321
     296
     341
     331
     322
     324
     324
     292
     299
     328
     316
     307
     330
     294
     317
     333
     309
     351
     327
     319
     310
     323
     358
     341
     297
     319
     302
     305
     308
     306
     322
     296
     317
     319
     321
     287
     326
     310
     330
     321
     322
     351
     341
     326
     326
     317
     326
     323
     343
     345
     348
     332
     327
     315
     337
     339
     336
     314
     288
     334
     335
     314
     345
     314
     329
     328
     319
     349
     338
     302
     321
     317
     311
     332
     319
     322
     311
     319
     342
     330
     321
     335
     344
     351
     332
     313
     288
     314
     299
     317
     304
     322
     331
     347
     339
     311
     283
     338
     283
     279
     302
     308
     296
     327
     342
     323
     318
     327
     314
     286
     353
     312
     323
     356
     314
     313
     311
     310
     364
     312
     300
     333
     299
     321
     321
     292
     280
     305
     305
     350
     287
     317
     318
     329
     288
     299
     327
     323
     304
     325
     291
     335
     301
     297
     318
     288
     309
     292
     354
     326
     294
     325
     313
     302
     315
     314
     298
     330
     307
     295
     307
     295
     308
     326
     305
     316
     297
     309
     280
     272
     304
     298
     332
     303
     291
     327
     313
     352
     305
     308
     305
     281
     316
     302
     291
     299
     305
     283
     328
     321
     304
     289
     285
     310
     323
     291
     293
     296
     287
     325
     320
     308
     313
     310
     306
     301
     296
     313
     320
     306
     295
     308
     317
     276
     334
     332
     283
     271
     313
     293
     316
     315
     302
     305
     306
     347
     297
     321
     294
     276
     330
     293
     282
     302
     338
     300
     261
     324
     303
     336
     321
     313
     292
     290
     329
     270
     248
     308
     326
     286
     298
     295
     325
     316
     293
     307
     286
     275
     292
     321
     296
     297
     280
     275
     331
     335
     312
     286
     291
     302
     294
     311
     297
     312
     315
     298
     337
     296
     310
     300
     330
     306
     271
     320
     320
     267
     313
     306
     291
     305
     289
     321
     323
     292
     328
     305
     324
     299
     292
     326
     301
     289
     310
     316
     276
     312
     299
     303
     277
     289
     292
     322
     332
     315
     317
     301
     300
     322
     283
     327
     244
     308
     327
     294
     280
     301
     282
     313
     307
     312
     283
     332
     278
     290
     287
     298
     319
     283
     309
     301
     295
     303
     302
     304
     274
     301
     304
     319
     285
     304
     290
     276
     323
     304
     280
     282
     288
     304
     272
     290
     302
     298
     269
     293
     324
     307
     298
     299
     294
     319
     284
     306
     292
     287
     280
     344
     298
     264
     292
     311
     286
     282
     312
     279
     322
     299
     282
     309
     309
     293
     301
     282
     290
     282
     269
     271
     276
     312
     282
     287
     311
     301
     270
     290
     305
     282
     288
     292
     331
     311
     306
     304
     270
     289
     289
     294
     308
     322
     326
     294
     295
     302
     290
     309
     312
     287
     326
     306
     300
     322
     314
     308
     293
     264
     304
     304
     295
     300
     327
     315
     319
     294
     285
     271
     313
     292
     312
     283
     308
     308
     292
     292
     306
     294
     288
     307
     297
     318
     280
     319
     298
     304
     297
     293
     314
     309
     299
     287
     337
     284
     324
     266
     305
     288
     274
     297
     287
     301
     279
     285
     297
     293
     302
     260
     322
     292
     275
     287
     290
     294
     280
     299
     302
     304
     259
     304
     318
     266
     290
     296
     268
     277
     295
     314
     289
     257
     281
     295
     303
     295
     313
     295
     275
     310
     277
     282
     291
     307
     253
     292
     261
     269
     297
     299
     281
     239
     284
     279
     274
     296
     331
     283
     295
     279
     289
     289
     312
     279
     300
     292
     305
     271
     296
     275
     276
     278
     286
     285
     332
     304
     269
     306
     281
     273
     253
     293
     299
     291
     290
     321
     292
     311
     284
     279
     300
     294
     266
     277
     292
     267
     288
     298
     300
     281
     275
     272
     295
     288
     301
     275
     293
     314
     277
     286
     284
     280
     316
     280
     279
     305
     286
     288
     322
     288
     306
     305
     302
     299
     301
     282
     284
     309
     302
     296
     305
     274
     275
     282
     291
     280
     288
     284
     272
     272
     288
     277
     301
     298
     282
     325
     307
     282
     298
     282
     294
     290
     254
     284
     309
     317
     294
     287
     303
     298
     284
     307
     323
     334
     292
     285
     310
     293
     289
     312
     270
     322
     296
     283
     288
     251
     293
     297
     302
     291
     295
     290
     309
     291
     280
     309
     291
     256
     312
     276
     286
     304
     295
     290
     333
     296
     332
     305
     300
     285
     287
     274
     255
     295
     301
     276
     296
     301
     309
     318
     310
     288
     306
     280
     283
     297
     335
     282
     324
     294
     287
     301
     281
     313
     324
     285
     286
     287
     282
     296
     340
     272
     266
     268
     299
     291
     297
     277
     267
     289
     286
     288
     295
     290
     259
     297
     258
     269
     281
     294
     285
     303
     308
     276
     314
     294
     346
     290
     291
     285
     295
     286
     301
     298
     301
     299
     291
     318
     317
     304
     238
     332
     304
     326
     278
     284
     306
     290
     308
     319
     311
     302
     313
     280
     317
     285
     296
     253
     315
     312
     327
     312
     293
     304
     297
     289
     324
     341
     267
     297
     276
     318
     301
     292
     297
     282
     294
     299
     307
     305
     297
     285
     278
     333
     292
     322
     320
     282
     296
     283
     318
     291
     311
     286
     279
     302
     277
     328
     300
     315
     302
     292
     338
     283
     312
     296
     294
     309
     303
     288
     293
     331
     299
     303
     293
     287
     317
     298
     299
     302
     289
     331
     319
     303
     303
     301
     324
     284
     318
     327
     328
     296
     285
     317
     285
     319
     313
     323
     332
     285
     305
     301
     306
     292
     289
     327
     310
     322
     302
     300
     317
     322
     309
     360
     281
     323
     313
     341
     299
     292
     343
     351
     297
     337
     342
     271
     276
     302
     334
     329
     294
     315
     309
     329
     297
     312
     281
     316
     301
     294
     327
     327
     304
     318
     312
     329
     311
     313
     334
     339
     326
     310
     299
     279
     313
     303
     333
     293
     365
     348
     341
     309
     320
     340
     332
     295
     293
     345
     316
     315
     321
     324
     332
     284
     330
     322
     308
     295
     301
     336
     325
     304
     305
     312
     299
     303
     335
     322
     368
     365
     327
     304
     316
     335
     315
     312
     317
     318
     307
     346
     319
     331
     336
     347
     330
     281
     329
     329
     328
     339
     327
     322
     338
     359
     309
     352
     330
     322
     321
     337
     367
     322
     307
     339
     332
     334
     348
     347
     314
     356
     352
     323
     354
     336
     304
     309
     323
     324
     344
     345
     340
     318
     339
     323
     320
     344
     335
     316
     331
     337
     346
     347
     356
     321
     313
     346
     317
     300
     323
     337
     304
     352
     339
     340
     321
     322
     364
     332
     349
     333
     342
     362
     353
     342
     354
     346
     359
     327
     349
     375
     368
     333
     352
     320
     348
     363
     332
     351
     340
     340
     358
     323
     353
     347
     375
     316
     375
     378
     351
     344
     332
     316
     348
     382
     333
     379
     354
     346
     357
     362
     355
     358
     366
     360
     344
     313
     345
     361
     357
     356
     361
     334
     329
     359
     356
     318
     352
     357
     330
     346
     391
     330
     354
     352
     372
     364
     367
     352
     334
     335
     361
     354
     329
     320
     373
     382
     384
     387
     386
     325
     386
     353
     338
     355
     370
     383
     380
     350
     371
     386
     356
     348
     373
     358
     396
     375
     380
     361
     368
     350
     373
     373
     369
     384
     329
     337
     352
     372
     358
     369
     409
     362
     390
     407
     367
     358
     349
     387
     377
     344
     360
     349
     389
     377
     382
     392
     362
     405
     370
     369
     366
     346
     337
     363
     381
     406
     376
     370
     371
     385
     354
     362
     363
     376
     383
     355
     403
     377
     408
     378
     359
     372
     391
     332
     394
     397
     355
     397
     389
     373
     378
     390
     392
     364
     354
     381
     375
     414
     368
     365
     383
     355
     384
     381
     378
     386
     360
     409
     401
     385
     358
     389
     389
     383
     396
     361
     391
     404
     393
     413
     381
     345
     405
     388
     394
     388
     403
     386
     390
     368
     417
     391
     380
     427
     404
     392
     401
     387
     366
     384
     387
     373
     370
     387
     372
     385
     398
     374
     357
     366
     384
     362
     392
     355
     337
     373
     367
     366
     368
     420
     377
     418
     416
     392
     368
     399
     369
     380
     377
     427
     384
     413
     402
     402
     377
     377
     367
     376
     416
     352
     373
     352
     386
     377
     374
     351
     375
     355
     365
     376
     366
     390
     361
     397
     375
     351
     374
     331
     372
     343
     338
     371
     365
     361
     330
     356
     370
     306
     353
     358
     351
     357
     343
     302
     341
     314
     305
     322
     349
     330
     343
     325
     319
     336
     346
     348
     319
     308
     307
     326
     340
     300
     333
     290
     279
     280
     321
     281
     288
     309
     271
     313
     284
     283
     278
     258
     293
     277
     252
     289
     298
     263
     281
     272
     295
     244
     281
     277
     275
     260
     283
     264
     265
     248
     279
     252
     235
     273
     241
     252
     246
     268
     258
     232
     264
     228
     230
     243
     240
     228
     206
     228
     237
     268
     235
     234
     248
     220
     222
     247
     238
     209
     222
     239
     247
     210
     199
     229
     183
     225
     237
     248
     218
     228
     220
     243
     224
     228
     219
     221
     231
     196
     219
     232
     218
     201
     219
     203
     205
     189
     225
     238
     177
     183
     191
     232
     229
     196
     211
     216
     204
     209
     245
     237
     239
     229
     203
     219
     221
     229
     225
     226
     210
     217
     221
     207
     215
     195
     199
     202
     180
     226
     222
     192
     187
     187
     204
     228
     206
     182
     185
     222
     185
     196
     175
     226
     207
     214
     164
     222
     192
     205
     175
     183
     198
     210
     213
     199
     205
     192
     207
     183
     196
     198
     202
     200
     223
     197
     203
     178
     182
     201
     172
     186
     214
     205
     187
     188
     192
     210
     215
     208
     175
     195
     189
     196
     188
     180
     157
     204
     165
     176
     183
     181
     175
     192
     178
     184
     205
     180
     182
     174
     167
     183
     207
     202
     191
     172
     168
     180
     157
     184
     187
     202
     181
     173
     173
     183
     173
     195
     175
     180
     192
     173
     178
     172
     176
     189
     186
     182
     165
     184
     197
     182
     167
     183
     161
     175
     157
     191
     178
     178
     177
     165
     193
     166
     158
     171
     169
     182
     163
     167
     162
     163
     175
     177
     158
     157
     174
     180
     170
     149
     194
     154
     147
     145
     179
     175
     174
     164
     146
     158
     152
     166
     161
     165
     166
     165
     168
     171
     174
     157
     185
     147
     154
     160
     155
     167
     186
     143
     163
     175
     144
     191
     147
     152
     181
     168
     162
     181
     176
     142
     144
     178
     152
     154
     148
     141
     157
     178
     150
     168
     159
     166
     146
     168
     173
     162
     152
     177
     142
     139
     155
     177
     150
     168
     159
     128
     146
     139
     140
     151
     165
     162
     150
     166
     150
     160
     125
     162
     161
     137
     179
     154
     149
     143
     146
     146
     154
     134
     155
     144
     165
     150
     153
     164
     147
     137
     157
     155
     157
     138
     126
     134
     158
     148
     148
     137
     148
     152
     146
     148
     184
     175
     154
     154
     143
     140
     153
     155
     156
     144
     146
     155
     147
     145
     125
     152
     162
     125
     150
     145
     142
     139
     132
     157
     130
     132
     156
     123
     138
     142
     141
     129
     161
     112
     128
     119
     148
     131
     145
     124
     132
     127
     133
     136
     133
     128
     152
     128
     127
     148
     150
     125
     136
     148
     135
     133
     150
     143
     118
     121
     124
     142
     149
     145
     119
     134
     133
     120
     140
     114
     121
     143
     138
     144
     126
     137
     130
     130
     126
     127
     120
     116
     144
     128
     131
     127
     116
     129
     132
     110
     146
     132
     121
     118
     126
     139
     135
     131
     124
     125
     143
     122
     123
     124
     121
     125
     129
     124
     126
     139
     116
     124
     103
     124
     138
     134
     132
     125
     130
     129
     132
     151
     108
     101
     127
     125
     116
     109
     110
     144
     119
     137
     150
     122
     116
     117
     117
     137
     125
     134
     133
     109
     107
     126
     123
     122
     118
      99
     116
     121
     128
     124
     119
     117
     127
     112
     131
      99
     118
     103
     111
     121
     116
     111
     137
     112
     128
     118
     112
     111
     118
     112
     115
     122
     102
     108
     122
     107
     121
     128
     114
     108
     122
     115
     112
     115
     120
     113
     108
     124
     114
     127
     117
     108
     106
     106
     118
     114
     108
     104
     115
     120
     116
      99
     117
     109
     118
     131
     119
     114
     109
     110
     112
     106
     119
     117
     139
     102
     132
     136
     109
     121
      91
     105
     104
     120
      88
     115
     113
     113
     117
     106
     107
     103
     130
      95
     113
      77
     121
      94
     116
     117
      97
      98
     134
     129
     112
      94
      88
      96
     108
     102
     108
     113
      92
     106
     114
     101
      87
     122
     111
     106
     110
     100
     101
      94
     105
      95
     107
      85
     102
     100
     100
      85
      93
     107
     103
      92
      98
      91
     115
     106
     110
      93
     108
      97
     117
     106
     120
      98
     114
      98
      99
     110
      95
      96
      86
      87
      98
      98
     101
      94
      84
      90
      90
      93
     105
     103
     103
      93
     100
      79
      97
      76
     100
      87
      92
      89
     107
      95
      92
     104
      85
      85
     104
     104
      83
      91
      78
      95
     100
     107
     106
      89
      74
      80
      94
     102
      87
      82
      94
     102
      95
      97
      84
      81
      96
      81
     107
     100
      94
     108
      90
      87
     100
      88
      99
     100
     105
      92
      88
      89
     126
      97
      84
     100
      90
     107
      98
      75
      87
      90
      86
      85
      87
      76
      95
     105
      91
      82
      94
      86
      95
      81
      95
      95
      75
      84
      90
      92
      89
      93
      92
      98
      83
      75
      82
      77
      82
      86
      96
      92
      87
     103
      79
      96
      97
      77
      84
      94
      83
     111
      82
      84
      94
      96
      79
      89
      86
      79
      69
     105
      90
      89
     106
      93
      80
      98
      87
      90
      84
      90
      83
      89
      95
     104
      97
      94
      85
      92
      94
      79
     106
      77
      86
      90
      81
      91
      70
      91
     111
      83
      90
     101
      87
      72
      82
      99
      86
      73
     101
      70
      79
      91
      79
      94
      70
      83
      84
     100
      91
      90
      82
      93
     100
      83
      90
     101
      78
      91
      81
      97
      75
      87
      78
      73
      89
     104
      74
      79
      98
      93
      75
      90
      86
      85
      92
      68
      83
      93
      71
      70
      78
      75
      89
      78
      74
      96
      85
      90
      82
      84
      75
      76
     103
      98
      79
      78
      83
      77
     100
      75
      90
      85
      95
      73
      77
      67
      94
      83
      84
      75
      85
      96
      77
      80
      93
      84
      82
      78
      87
      82
      92
      79
      70
      87
      63
      75
      83
      82
      84
      81
      87
      82
      79
      89
      75
      80
      88
      71
      83
      92
      74
      72
      77
      60
      85
      87
      98
      91
      91
      82
      94
      76
      80
      82
      77
      68
      90
      88
      90
      80
      74
      80
      97
      89
      66
      87
      83
      79
      93
      86
      72
      93
      90
      83
      73
      91
     100
      81
      84
      79
      89
      87
      86
      89
     102
      82
      66
      81
      93
      81
      79
      90
      86
      79
      84
      93
      87
      81
      82
      79
      74
      92
      72
      89
      73
      74
      68
      76
      76
      86
      83
      87
      96
      69
      99
      91
      73
      64
      99
      95
      81
      79
      82
      86
      91
     104
      75
      69
      87
      72
      81
      74
      68
      75
      85
      70
      88
      78
      83
      79
      75
      73
      92
      87
      89
      77
      71
      68
      72
      69
      77
      95
      73
      74
      79
      77
      79
      78
      79
      78
      84
      81
      84
      84
      98
      95
      81
      95
      95
      72
      86
      70
      78
      73
      75
      77
      96
      72
      74
      77
      86
      84
      86
      72
      65
      77
      78
      88
      82
      79
      74
      65
      83
      79
      84
      76
      82
      89
      79
      74
      71
     100
      73
      88
      87
      79
      87
      89
      72
      88
      93
      86
      86
      74
      91
      71
      92
      91
      89
      92
      84
      81
      79
      82
     101
      83
      91
      84
      75
      82
      90
      92
     103
      82
      88
      89
      82
      87
      79
      97
      65
      75
     100
      83
      77
      80
      84
      97
      77
      77
      87
      67
      80
      80
      87
      77
      81
      82
      91
      64
      77
      79
      77
      80
      81
      80
      88
      94
      77
      83
      89
      76
      81
      76
      85
      93
      91
      83
      76
      76
      89
      72
      81
      66
      82
      84
      70
      99
      96
      87
      76
      61
      90
      89
      89
      93
      90
      79
      84
      89
      73
      74
      74
      77
      70
      79
      83
      74
      76
      72
      81
      90
      89
      94
      93
      73
      81
      78
      66
      78
      76
      71
      79
      81
      81
      87
      82
      91
      85
      72
      96
      61
      75
      96
     103
      84
      75
      70
      84
      93
      73
      89
      91
      90
      88
      80
      90
      78
     105
      85
      83
      88
      80
      76
      81
      82
      92
      77
      92
      89
      85
      69
      84
      83
      82
      89
      81
      86
      87
      85
      75
      77
      80
      97
      93
      86
      78
      93
      83
      67
      83
      77
      88
      88
      75
      91
      92
      67
      80
      68
      77
      85
      86
      75
      99
      86
      73
      94
      74
      77
      76
      91
      81
      78
      67
      73
      86
      81
      86
      66
      66
      82
      79
      97
      78
      78
      81
      89
      91
      79
      76
      74
      93
      69
      86
      84
      90
      78
      77
      89
      99
      68
      68
      81
      83
      76
      65
      72
      85
      89
      71
      89
      86
      76
      74
      74
      89
      63
      72
      79
      76
      71
      78
      73
      78
      84
      77
      85
      94
      82
      81
      76
      69
      74
      81
      60
      94
      74
      80
      91
      79
      73
      69
      88
      84
      77
      84
     102
      82
      73
     103
      73
      81
      65
      72
      79
      96
      73
      83
      89
      73
      89
      88
      85
      75
      75
      77
      61
      76
      84
      82
      82
      67
      82
      99
      77
      86
      79
      79
      69
      81
      82
      86
      76
      93
      86
      78
      88
      70
      82
      79
      85
      83
      66
      79
      63
      82
      85
      68
      90
      74
      87
      73
      76
      61
      85
      69
      79
      88
      95
      92
      81
      93
      74
      77
      83
      78
      79
      89
      80
      80
      77
      81
      75
      73
      87
      85
      80
      85
      85
      80
      88
      87
      85
      91
      88
      73
      66
      69
      99
      79
      83
      84
      88
      67
      80
      72
      93
      86
      71
      89
      79
      89
      96
      89
      87
      83
      72
      71
      92
     102
     101
      80
      88
      76
      82
      90
      79
      82
      83
      94
      83
      84
      88
      79
      67
      65
      99
      80
      91
      97
      71
      75
      76
      95
      73
      89
      84
      88
      68
      88
      91
      96
      94
      89
      99
      78
     100
      86
      87
     105
      84
      72
      89
      83
      86
      98
      65
      89
      82
      89
      82
      84
      96
      80
      79
      98
      87
      71
      87
      90
      85
      87
      77
      92
      84
      92
      89
      76
      77
      87
      89
      83
      76
      64
      96
      93
      81
      96
      85
      82
      90
      92
      77
      94
     100
      97
      89
      95
     100
      84
      98
      82
      80
     102
     107
      91
      87
      78
      96
      91
     100
      90
      91
     107
     104
      90
      91
      88
     113
      87
      92
      97
      84
      81
     106
      86
      83
      91
     107
      84
      89
     107
      84
      96
      93
      89
      97
      78
      92
     107
     115
      77
     110
      97
     115
     114
      87
     103
     111
      76
     103
     111
      89
     113
     112
     122
     116
     101
     114
     101
     113
     103
     120
     108
     111
     113
     107
     127
     112
     112
      87
     111
      92
     105
     110
      99
     143
     122
     127
     133
     136
     119
     131
     137
     143
     186
     183
     176
     157
     192
     202
     195
     220
     221
     248
     289
     314
     335
     326
     409
     453
     486
     525
     623
     718
     788
     841
     926
    1086
    1260
    1441
    1618
    1971
    2179
    2554
    2961
    3660
    4050
    4630
    5259
    5961
    6676
    7451
    7872
    8678
    9453
   10037
   10700
   11134
   11661
   12068
   12395
   12688
   12845
   12748
   12838
   12751
   12598
   12453
   12142
   11641
   11158
   10800
   10076
    9488
    8853
    8260
    7463
    6760
    5997
    5274
    4612
    3933
    3305
    2841
    2454
    1985
    1529
    1223
    1011
     825
     739
     622
     574
     459
     391
     363
     326
     267
     269
     222
     198
     178
     186
     180
     157
     159
     153
     132
     123
     133
     114
     124
     104
     124
     106
     102
      93
      93
      80
     119
      84
      89
      86
      87
      87
      62
      80
      58
      72
      83
      85
      58
      81
      71
      62
      48
      69
      68
      56
      76
      65
      69
      80
      70
      77
      72
      65
      64
      68
      66
      69
      60
      64
      53
      77
      57
      54
      58
      71
      66
      69
      60
      51
      58
      66
      58
      53
      55
      48
      64
      71
      49
      79
      60
      65
      67
      68
      54
      57
      45
      55
      52
      70
      67
      50
      52
      61
      56
      50
      79
      57
      56
      44
      61
      54
      59
      64
      44
      59
      71
      60
      58
      59
      45
      47
      59
      54
      59
      39
      57
      59
      41
      55
      60
      49
      59
      44
      52
      51
      51
      43
      54
      56
      46
      63
      53
      66
      39
      48
      56
      51
      59
      45
      52
      50
      57
      30
      43
      54
      50
      41
      47
      48
      48
      61
      47
      55
      64
      57
      48
      66
      43
      54
      42
      49
      40
      71
      44
      38
      57
      42
      47
      47
      41
      55
      57
      61
      46
      34
      53
      44
      48
      52
      52
      63
      41
      44
      35
      50
      50
      61
      45
      48
      46
      48
      44
      41
      41
      51
      43
      38
      55
      52
      52
      50
      42
      43
      52
      44
      56
      55
      39
      43
      45
      36
      41
      48
      51
      55
      45
      51
      45
      49
      46
      38
      47
      56
      36
      39
      52
      48
      62
      51
      34
      42
      49
      40
      40
      39
      38
      66
      61
      47
      46
      48
      47
      70
      44
      57
      42
      46
      41
      33
      42
      43
      41
      51
      41
      45
      38
      49
      50
      59
      49
      52
      43
      50
      50
      41
      54
      32
      48
      51
      38
      42
      31
      36
      52
      52
      45
      47
      39
      50
      40
      42
      46
      38
      47
      42
      47
      45
      43
      37
      53
      38
      37
      40
      44
      48
      38
      37
      41
      44
      54
      50
      41
      34
      51
      49
      41
      53
      40
      49
      52
      36
      41
      49
      53
      56
      31
      35
      42
      36
      39
      45
      45
      40
      52
      41
      56
      54
      42
      30
      55
      36
      39
      44
      44
      47
      49
      41
      42
      32
      51
      40
      39
      24
      38
      35
      33
      36
      43
      50
      51
      47
      30
      52
      48
      48
      55
      50
      41
      43
      35
      61
      50
      42
      48
      31
      42
      43
      46
      47
      39
      34
      51
      44
      47
      35
      42
      42
      42
      49
      50
      46
      44
      42
      46
      28
      40
      38
      56
      41
      45
      46
      42
      42
      48
      36
      44
      43
      40
      43
      45
      43
      38
      39
      47
      40
      36
      38
      36
      33
      43
      39
      36
      35
      45
      55
      38
      53
      50
      32
      33
      42
      40
      51
      39
      40
      31
      49
      50
      49
      28
      38
      42
      33
      38
      42
      49
      48
      37
      43
      42
      40
      35
      42
      46
      56
      49
      51
      41
      47
      38
      45
      45
      48
      30
      43
      47
      38
      36
      42
      42
      41
      45
      39
      35
      35
      45
      30
      43
      48
      40
      40
      41
      48
      32
      41
      44
      45
      42
      42
      41
      39
      37
      40
      38
      42
      47
      45
      43
      43
      52
      33
      43
      38
      40
      47
      40
      45
      53
      42
      40
      39
      43
      29
      37
      50
      31
      47
      56
      34
      45
      52
      55
      44
      43
      38
      49
      41
      43
      36
      48
      32
      39
      41
      37
      55
      44
      40
      40
      46
      40
      47
      50
      48
      29
      44
      35
      45
      51
      48
      36
      39
      38
      45
      33
      33
      38
      42
      49
      42
      40
      35
      39
      36
      46
      38
      38
      41
      37
      44
      40
      45
      37
      53
      45
      47
      52
      32
      51
      45
      32
      41
      43
      31
      45
      54
      45
      42
      35
      42
      44
      35
      37
      31
      41
      25
      39
      47
      44
      37
      35
      45
      39
      41
      47
      41
      52
      43
      43
      44
      32
      42
      34
      39
      42
      34
      38
      43
      32
      42
      35
      39
      33
      40
      39
      28
      49
      40
      36
      41
      29
      35
      37
      40
      35
      35
      39
      45
      39
      46
      46
      40
      47
      39
      36
      40
      35
      33
      48
      41
      42
      35
      26
      32
      27
      47
      52
      41
      43
      40
      40
      37
      43
      45
      43
      40
      37
      44
      33
      43
      46
      49
      36
      38
      41
      41
      39
      41
      39
      40
      34
      46
      46
      38
      39
      37
      50
      46
      47
      46
      48
      40
      44
      39
      39
      35
      38
      40
      36
      39
      29
      39
      40
      37
      51
      58
      44
      39
      41
      43
      41
      40
      35
      44
      40
      46
      38
      33
      39
      43
      41
      36
      37
      39
      37
      34
      35
      30
      41
      50
      49
      56
      47
      42
      42
      39
      36
      37
      43
      37
      28
      46
      32
      40
      29
      52
      48
      27
      34
      51
      47
      30
      43
      39
      39
      34
      39
      37
      34
      32
      44
      38
      48
      50
      49
      39
      53
      53
      34
      32
      34
      37
      28
      33
      24
      45
      46
      36
      52
      33
      39
      35
      36
      43
      36
      41
      39
      44
      49
      40
      43
      40
      54
      26
      51
      52
      30
      40
      37
      43
      37
      42
      49
      35
      41
      37
      40
      36
      35
      41
      41
      31
      32
      47
      32
      44
      44
      36
      33
      35
      47
      42
      35
      28
      42
      31
      49
      40
      37
      45
      37
      51
      29
      44
      37
      40
      44
      39
      40
      37
      43
      35
      40
      39
      50
      39
      36
      31
      41
      38
      30
      32
      42
      35
      24
      46
      51
      33
      26
      40
      25
      37
      39
      27
      46
      36
      34
      43
      31
      47
      31
      30
      49
      43
      35
      39
      38
      25
      33
      40
      37
      37
      50
      40
      43
      49
      46
      41
      45
      45
      29
      48
      39
      46
      44
      40
      34
      32
      38
      36
      35
      45
      34
      38
      34
      42
      38
      41
      46
      36
      40
      33
      50
      39
      25
      40
      48
      46
      46
      37
      38
      39
      32
      38
      33
      45
      36
      39
      40
      25
      40
      41
      36
      45
      38
      45
      32
      42
      29
      34
      29
      39
      40
      38
      41
      38
      32
      44
      40
      44
      48
      41
      38
      33
      45
      24
      47
      40
      44
      55
      44
      39
      52
      54
      64
      51
      66
      47
      51
      34
      51
      38
      48
      32
      41
      35
      45
      46
      46
      39
      43
      38
      37
      49
      45
      43
      37
      31
      32
      39
      42
      36
      47
      54
      28
      30
      53
      51
      38
      37
      30
      44
      39
      42
      42
      47
      39
      41
      44
      40
      34
      35
      37
      38
      40
      39
      31
      46
      40
      47
      38
      40
      34
      44
      44
      39
      33
      35
      25
      29
      44
      35
      39
      49
      37
      34
      45
      30
      52
      37
      37
      34
      38
      44
      44
      34
      46
      40
      48
      38
      34
      47
      35
      45
      30
      39
      30
      35
      39
      43
      35
      30
      43
      37
      34
      34
      31
      31
      49
      32
      44
      34
      47
      45
      34
      47
      44
      39
      44
      44
      45
      47
      28
      38
      35
      38
      38
      36
      39
      35
      42
      44
      39
      33
      42
      27
      40
      50
      43
      32
      27
      37
      35
      45
      25
      39
      48
      40
      35
      41
      34
      40
      50
      45
      47
      33
      46
      41
      38
      43
      42
      29
      45
      41
      31
      32
      46
      35
      34
      44
      36
      36
      46
      31
      37
      36
      56
      47
      35
      37
      45
      21
      36
      43
      27
      33
      47
      45
      47
      35
      36
      41
      45
      44
      35
      46
      45
      35
      32
      40
      46
      39
      24
      42
      35
      38
      30
      50
      44
      42
      34
      32
      35
      40
      33
      39
      36
      34
      41
      33
      45
      42
      36
      43
      41
      41
      42
      34
      39
      37
      27
      35
      27
      39
      35
      40
      43
      35
      39
      27
      48
      35
      41
      41
      34
      33
      42
      35
      36
      46
      31
      41
      35
      39
      38
      43
      20
      35
      42
      45
      34
      33
      40
      42
      46
      35
      35
      43
      47
      36
      39
      49
      41
      43
      46
      46
      39
      49
      29
      36
      33
      28
      31
      47
      45
      45
      37
      27
      44
      38
      47
      35
      35
      40
      33
      45
      43
      32
      43
      27
      38
      47
      36
      41
      35
      48
      36
      42
      28
      28
      39
      40
      34
      30
      46
      47
      39
      33
      32
      37
      45
      33
      44
      35
      38
      45
      38
      60
      43
      34
      35
      35
      41
      45
      38
      35
      43
      41
      38
      37
      40
      42
      41
      36
      38
      43
      43
      31
      47
      37
      33
      45
      43
      35
      33
      39
      36
      26
      41
      44
      37
      37
      46
      47
      50
      31
      27
      40
      42
      48
      35
      40
      34
      31
      44
      44
      39
      40
      39
      44
      42
      29
      46
      42
      34
      40
      36
      46
      43
      41
      45
      36
      36
      29
      35
      50
      34
      40
      37
      46
      43
      37
      45
      54
      40
      40
      35
      39
      41
      34
      42
      25
      35
      45
      42
      29
      31
      43
      32
      29
      36
      43
      44
      40
      45
      54
      38
      34
      43
      37
      21
      34
      36
      29
      35
      27
      38
      32
      37
      42
      32
      47
      37
      51
      41
      28
      38
      53
      33
      34
      27
      35
      38
      40
      43
      56
      36
      27
      47
      26
      33
      43
      43
      46
      31
      40
      44
      40
      56
      30
      41
      43
      31
      38
      46
      45
      40
      41
      29
      34
      49
      37
      48
      39
      33
      37
      36
      49
      42
      47
      32
      34
      43
      30
      42
      50
      32
      37
      43
      35
      44
      44
      43
      54
      29
      44
      43
      37
      39
      31
      44
      37
      50
      40
      59
      37
      45
      46
      39
      42
      31
      35
      49
      39
      37
      47
      48
      42
      49
      35
      44
      51
      40
      47
      34
      38
      53
      39
      30
      28
      50
      33
      38
      43
      29
      49
      37
      39
      28
      29
      35
      30
      23
      46
      38
      21
      38
      53
      28
      40
      56
      59
      37
      47
      34
      37
      32
      49
      48
      27
      45
      46
      39
      33
      39
      25
      47
      35
      49
      33
      41
      36
      49
      27
      35
      38
      34
      32
      36
      39
      45
      53
      43
      38
      35
      38
      38
      34
      39
      51
      37
      35
      30
      42
      46
      34
      35
      29
      35
      46
      39
      34
      34
      38
      34
      44
      41
      40
      38
      39
      37
      49
      34
      32
      43
      42
      40
      30
      42
      44
      39
      52
      47
      50
      29
      44
      40
      47
      32
      44
      47
      38
      36
      34
      43
      36
      57
      37
      33
      39
      30
      37
      31
      41
      29
      50
      40
      30
      38
      43
      40
      41
      43
      39
      40
      46
      38
      34
      43
      48
      29
      38
      45
      48
      35
      33
      38
      40
      36
      41
      38
      36
      43
      32
      45
      38
      42
      35
      42
      43
      40
      45
      44
      34
      36
      38
      45
      40
      43
      42
      35
      34
      34
      37
      31
      33
      43
      48
      49
      35
      39
      37
      44
      33
      48
      47
      45
      38
      34
      41
      31
      34
      49
      31
      35
      43
      42
      41
      34
      41
      51
      41
      43
      44
      38
      53
      31
      43
      52
      39
      45
      40
      31
      48
      42
      37
      39
      46
      39
      26
      44
      26
      40
      39
      41
      42
      31
      40
      41
      50
      46
      39
      41
      42
      40
      41
      33
      29
      40
      34
      41
      38
      38
      40
      32
      43
      33
      47
      46
      46
      34
      48
      39
      55
      41
      44
      31
      44
      31
      42
      37
      27
      48
      40
      42
      38
      28
      38
      34
      34
      45
      30
      40
      42
      40
      38
      35
      40
      39
      37
      34
      39
      34
      36
      38
      41
      40
      38
      34
      38
      46
      46
      37
      43
      29
      43
      46
      36
      50
      38
      52
      38
      35
      35
      40
      41
      37
      30
      45
      38
      43
      37
      51
      36
      41
      29
      37
      44
      43
      36
      38
      37
      33
      31
      46
      41
      36
      35
      36
      53
      35
      50
      45
      42
      39
      33
      36
      37
      43
      46
      46
      40
      34
      44
      37
      36
      37
      42
      29
      38
      42
      39
      37
      36
      37
      37
      43
      31
      41
      35
      36
      48
      37
      40
      36
      36
      48
      39
      41
      43
      57
      49
      39
      40
      29
      32
      52
      29
      44
      43
      37
      31
      38
      43
      34
      42
      35
      32
      37
      31
      36
      39
      36
      39
      42
      36
      34
      28
      28
      35
      41
      35
      46
      49
      42
      37
      45
      33
      37
      39
      42
      42
      36
      42
      51
      45
      20
      40
      44
      34
      41
      43
      43
      41
      49
      35
      31
      42
      34
      36
      44
      43
      49
      41
      42
      34
      40
      51
      39
      29
      44
      54
      39
      43
      58
      44
      35
      39
      38
      36
      50
      33
      46
      43
      38
      34
      39
      50
      40
      43
      37
      53
      27
      43
      38
      36
      43
      37
      36
      43
      34
      39
      42
      35
      36
      33
      40
      40
      46
      45
      38
      30
      32
      39
      27
      36
      46
      51
      41
      42
      35
      31
      36
      42
      39
      33
      44
      38
      48
      32
      33
      44
      38
      47
      31
      52
      34
      33
      39
      29
      35
      33
      32
      40
      46
      35
      45
      33
      33
      42
      35
      35
      42
      45
      42
      33
      37
      39
      43
      42
      31
      39
      40
      44
      31
      49
      28
      43
      28
      39
      38
      36
      40
      59
      32
      46
      40
      52
      41
      31
      35
      43
      38
      44
      41
      36
      46
      28
      39
      37
      37
      32
      33
      34
      44
      44
      38
      33
      35
      41
      34
      34
      37
      30
      35
      39
      46
      35
      52
      49
      38
      41
      34
      36
      36
      53
      31
      32
      44
      45
      39
      42
      43
      38
      37
      32
      54
      41
      36
      39
      35
      37
      36
      37
      40
      41
      59
      30
      45
      44
      25
      51
      34
      45
      33
      39
      36
      46
      41
      29
      40
      27
      46
      50
      40
      35
      41
      34
      32
      43
      34
      37
      52
      38
      44
      48
      45
      42
      33
      44
      35
      37
      39
      35
      31
      37
      41
      44
      31
      33
      42
      44
      35
      37
      45
      46
      28
      34
      39
      42
      45
      55
      48
      35
      41
      53
      43
      44
      36
      41
      41
      43
      44
      42
      43
      32
      31
      36
      39
      39
      37
      41
      34
      36
      45
      38
      33
      40
      37
      42
      46
      28
      40
      40
      36
      40
      39
      35
      48
      43
      45
      42
      32
      40
      46
      46
      40
      37
      32
      33
      44
      37
      35
      45
      29
      37
      37
      42
      37
      35
      36
      37
      37
      42
      42
      43
      36
      32
      43
      46
      51
      27
      35
      41
      34
      35
      33
      37
      37
      36
      37
      37
      43
      41
      40
      39
      47
      46
      25
      42
      28
      30
      36
      39
      41
      41
      39
      31
      46
      41
      40
      45
      36
      36
      31
      35
      35
      52
      39
      40
      43
      44
      39
      32
      44
      43
      26
      31
      37
      29
      30
      35
      41
      36
      34
      30
      36
      33
      42
      38
      43
      38
      33
      39
      40
      35
      40
      34
      34
      35
      47
      48
      42
      38
      47
      39
      44
      38
      46
      41
      38
      43
      46
      27
      47
      38
      40
      40
      28
      38
      32
      37
      40
      41
      32
      52
      35
      45
      40
      31
      43
      46
      40
      28
      49
      37
      42
      44
      36
      31
      32
      41
      26
      47
      41
      37
      38
      39
      44
      38
      39
      33
      45
      36
      38
      35
      35
      40
      40
      30
      32
      43
      37
      31
      41
      39
      25
      33
      48
      33
      34
      38
      51
      41
      39
      31
      46
      41
      35
      30
      41
      42
      37
      45
      29
      37
      46
      23
      41
      39
      48
      53
      35
      43
      38
      36
      41
      40
      37
      44
      38
      44
      41
      39
      35
      35
      36
      42
      39
      40
      44
      39
      28
      35
      48
      37
      29
      45
      39
      32
      33
      50
      29
      37
      46
      47
      34
      37
      50
      26
      35
      36
      45
      39
      51
      30
      33
      50
      54
      38
      34
      30
      23
      37
      31
      38
      43
      45
      36
      33
      40
      28
      24
      50
      44
      58
      40
      32
      43
      33
      45
      36
      36
      33
      41
      31
      38
      37
      25
      41
      36
      35
      40
      49
      54
      39
      32
      37
      35
      43
      51
      48
      39
      41
      43
      24
      34
      38
      31
      45
      34
      33
      53
      44
      39
      43
      44
      30
      42
      37
      44
      36
      48
      41
      53
      43
      61
      40
      43
      43
      54
      47
      46
      50
      45
      41
      54
      47
      40
      59
      37
      52
      60
      47
      41
      43
      34
      44
      45
      39
      40
      36
      51
      50
      48
      46
      42
      53
      42
      31
      38
      49
      40
      47
      35
      42
      45
      32
      38
      57
      48
      55
      37
      48
      47
      50
      34
      40
      46
      45
      54
      33
      41
      35
      34
      49
      49
      50
      39
      32
      43
      51
      40
      30
      42
      49
      38
      35
      29
      37
      40
      35
      45
      42
      40
      52
      47
      46
      41
      34
      38
      51
      35
      47
      32
      48
      41
      31
      33
      31
      35
      41
      44
      52
      49
      44
      52
      41
      42
      40
      34
      51
      57
      47
      27
      51
      37
      47
      31
      38
      37
      39
      35
      46
      36
      41
      42
      47
      39
      45
      37
      36
      57
      39
      49
      41
      33
      37
      28
      36
      40
      44
      56
      41
      42
      31
      31
      41
      39
      44
      24
      45
      44
      38
      34
      55
      40
      33
      33
      56
      40
      43
      38
      43
      42
      35
      35
      55
      47
      34
      42
      45
      50
      36
      47
      38
      49
      48
      43
      41
      41
      50
      35
      42
      42
      38
      47
      33
      35
      39
      33
      46
      42
      37
      42
      33
      44
      41
      57
      46
      26
      41
      28
      41
      37
      40
      33
      57
      38
      45
      37
      36
      29
      42
      37
      34
      41
      35
      37
      45
      45
      52
      40
      38
      52
      37
      31
      41
      36
      54
      29
      42
      38
      45
      38
      41
      38
      37
      39
      44
      40
      37
      29
      41
      43
      50
      37
      39
      36
      46
      38
      38
      49
      43
      59
      48
      55
      32
      41
      38
      56
      41
      32
      38
      37
      35
      38
      45
      38
      32
      42
      32
      33
      46
      40
      37
      47
      46
      35
      30
      50
      36
      38
      41
      40
      38
      49
      39
      39
      45
      42
      50
      43
      36
      33
      35
      41
      46
      47
      49
      44
      28
      54
      40
      40
      40
      42
      32
      46
      43
      52
      46
      41
      40
      46
      46
      37
      48
      44
      48
      32
      50
      33
      47
      43
      44
      47
      53
      40
      35
      31
      32
      44
      35
      35
      32
      44
      42
      61
      38
      41
      45
      48
      42
      51
      38
      43
      49
      37
      37
      39
      44
      42
      34
      41
      48
      43
      38
      39
      45
      31
      41
      55
      42
      39
      48
      50
      38
      50
      42
      40
      51
      40
      47
      43
      37
      38
      42
      47
      28
      46
      38
      47
      34
      44
      37
      46
      44
      52
      58
      49
      46
      34
      41
      34
      33
      39
      38
      35
      47
      39
      38
      37
      43
      39
      31
      34
      35
      50
      42
      29
      45
      35
      34
      44
      37
      36
      39
      35
      42
      47
      50
      43
      39
      45
      44
      39
      47
      41
      42
      28
      38
      40
      43
      46
      29
      35
      46
      34
      36
      36
      40
      51
      34
      43
      39
      43
      37
      39
      42
      40
      31
      38
      39
      25
      47
      42
      38
      41
      44
      35
      39
      44
      43
      35
      34
      39
      37
      55
      31
      44
      37
      44
      41
      36
      33
      45
      42
      36
      35
      46
      45
      43
      40
      42
      36
      41
      44
      47
      45
      40
      36
      37
      44
      36
      42
      43
      47
      35
      51
      54
      43
      36
      44
      35
      40
      40
      43
      46
      41
      47
      55
      34
      37
      55
      39
      44
      31
      46
      42
      46
      35
      43
      51
      46
      43
      43
      51
      41
      53
      39
      41
      53
      30
      59
      54
      61
      47
      36
      43
      48
      43
      45
      45
      43
      42
      47
      42
      53
      39
      40
      26
      49
      39
      25
      39
      44
      60
      57
      34
      52
      45
      32
      35
      45
      34
      40
      43
      42
      46
      55
      52
      42
      43
      45
      37
      49
      39
      51
      48
      33
      67
      40
      51
      38
      49
      48
      37
      36
      41
      38
      54
      35
      36
      48
      37
      41
      42
      40
      35
      36
      39
      49
      38
      51
      43
      57
      46
      48
      38
      40
      35
      34
      35
      46
      44
      45
      37
      49
      45
      51
      52
      37
      46
      50
      53
      42
      30
      41
      51
      39
      45
      40
      48
      40
      48
      35
      40
      31
      41
      45
      42
      33
      44
      53
      53
      36
      50
      34
      49
      46
      51
      37
      50
      44
      54
      44
      54
      40
      37
      49
      34
      49
      36
      52
      51
      35
      40
      47
      39
      33
      37
      39
      47
      39
      53
      49
      43
      48
      51
      29
      30
      64
      31
      45
      39
      48
      48
      52
      48
      43
      46
      27
      39
      52
      44
      40
      37
      53
      46
      37
      49
      44
      47
      43
      47
      43
      56
      43
      41
      51
      41
      51
      39
      48
      39
      43
      32
      39
      33
      45
      49
      37
      51
      60
      45
      53
      50
      52
      47
      35
      40
      46
      43
      39
      40
      48
      49
      50
      47
      39
      41
      43
      49
      54
      47
      33
      52
      36
      30
      32
      37
      47
      39
      44
      47
      54
      31
      51
      48
      35
      40
      46
      32
      46
      37
      51
      33
      36
      42
      35
      27
      45
      43
      40
      33
      49
      45
      35
      45
      42
      60
      28
      46
      46
      39
      54
      48
      26
      47
      39
      37
      42
      45
      31
      39
      44
      43
      44
      41
      27
      46
      39
      51
      50
      48
      30
      37
      43
      45
      35
      41
      37
      33
      45
      39
      43
      42
      45
      48
      49
      45
      35
      48
      44
      41
      47
      43
      39
      32
      45
      43
      36
      42
      51
      47
      44
      48
      51
      46
      38
      47
      46
      57
      42
      44
      36
      47
      40
      39
      46
      46
      46
      45
      45
      37
      46
      43
      43
      41
      41
      51
      46
      54
      39
      58
      46
      39
      52
      50
      38
      34
      39
      42
      37
      55
      38
      41
      49
      35
      44
      47
      38
      40
      48
      45
      48
      43
      54
      51
      40
      48
      39
      38
      45
      32
      36
      30
      36
      35
      42
      44
      49
      45
      41
      52
      47
      47
      45
      43
      36
      33
      45
      56
      41
      49
      43
      53
      40
      42
      40
      70
      41
      56
      41
      47
      47
      40
      39
      48
      52
      47
      42
      35
      47
      44
      39
      58
      43
      42
      39
      48
      41
      45
      41
      42
      52
      35
      41
      32
      38
      45
      47
      51
      50
      42
      51
      52
      34
      38
      35
      47
      39
      53
      46
      44
      67
      44
      48
      45
      32
      37
      48
      50
      53
      49
      51
      46
      42
      42
      46
      47
      41
      37
      42
      34
      44
      41
      46
      40
      43
      28
      43
      44
      34
      52
      50
      54
      36
      39
      35
      37
      50
      46
      45
      41
      33
      50
      41
      37
      38
      32
      38
      41
      40
      41
      45
      48
      34
      28
      43
      40
      50
      48
      45
      36
      51
      46
      40
      36
      48
      34
      41
      45
      42
      45
      41
      35
      52
      37
      50
      44
      48
      41
      39
      37
      31
      39
      39
      52
      44
      48
      46
      46
      35
      45
      28
      46
      38
      42
      49
      46
      39
      42
      48
      57
      45
      49
      46
      51
      47
      56
      46
      43
      57
      52
      39
      51
      47
      36
      35
      46
      46
      52
      49
      37
      38
      59
      44
      48
      47
      57
      43
      48
      44
      42
      44
      50
      43
      45
      57
      53
      36
      46
      34
      40
      45
      43
      41
      41
      41
      50
      43
      50
      42
      39
      54
      54
      41
      46
      50
      46
      49
      50
      45
      51
      37
      45
      41
      51
      52
      52
      46
      52
      59
      44
      49
      51
      40
      51
      47
      51
      47
      49
      48
      39
      45
      48
      45
      51
      47
      67
      41
      51
      46
      39
      35
      40
      46
      47
      32
      46
      37
      52
      41
      41
      51
      45
      54
      56
      60
      45
      44
      44
      56
      50
      43
      51
      46
      44
      54
      50
      37
      57
      51
      47
      48
      47
      52
      48
      42
      50
      38
      38
      48
      50
      46
      39
      37
      42
      52
      47
      52
      40
      45
      47
      44
      55
      48
      50
      55
      47
      43
      51
      39
      41
      50
      45
      32
      37
      49
      51
      38
      41
      52
      58
      47
      41
      38
      55
      41
      45
      45
      47
      33
      42
      33
      43
      47
      50
      48
      56
      46
      48
      45
      51
      57
      46
      48
      43
      43
      36
      53
      52
      42
      46
      40
      50
      47
      50
      43
      47
      39
      47
      43
      45
      44
      46
      54
      55
      57
      52
      52
      48
      49
      51
      49
      42
      48
      28
      54
      51
      52
      48
      56
      53
      45
      39
      43
      46
      44
      46
      34
      58
      49
      40
      45
      39
      35
      47
      46
      46
      42
      44
      42
      59
      54
      42
      54
      47
      46
      40
      43
      33
      54
      48
      49
      43
      41
      44
      48
      58
      52
      53
      52
      39
      47
      44
      28
      44
      61
      49
      53
      51
      44
      37
      33
      66
      40
      47
      42
      41
      50
      46
      55
      46
      39
      35
      57
      57
      42
      41
      61
      59
      33
      42
      47
      48
      46
      50
      63
      44
      43
      43
      40
      49
      43
      60
      46
      54
      47
      45
      46
      38
      47
      36
      52
      46
      45
      58
      52
      40
      36
      46
      47
      53
      51
      46
      57
      37
      43
      49
      48
      46
      50
      45
      50
      54
      36
      39
      57
      50
      49
      51
      50
      50
      55
      46
      40
      38
      54
      47
      61
      45
      59
      46
      52
      65
      48
      46
      43
      37
      55
      56
      35
      45
      44
      51
      48
      48
      44
      58
      44
      50
      45
      47
      41
      43
      43
      52
      44
      51
      56
      43
      43
      46
      51
      44
      36
      39
      33
      45
      55
      48
      57
      38
      66
      72
      38
      43
      51
      43
      56
      52
      46
      58
      44
      47
      40
      56
      45
      48
      46
      57
      43
      46
      50
      52
      44
      43
      60
      48
      44
      45
      41
      55
      48
      63
      74
      41
      59
      55
      46
      49
      44
      51
      49
      47
      53
      58
      41
      56
      54
      47
      41
      40
      48
      50
      41
      39
      53
      59
      45
      53
      50
      48
      43
      43
      40
      48
      41
      58
      39
      62
      53
      57
      47
      35
      47
      59
      48
      58
      50
      61
      51
      53
      46
      44
      50
      50
      51
      50
      58
      47
      61
      48
      52
      44
      45
      48
      47
      52
      45
      41
      44
      42
      62
      55
      47
      51
      52
      55
      52
      51
      51
      60
      55
      50
      56
      36
      52
      56
      50
      50
      45
      65
      44
      52
      44
      49
      57
      41
      42
      52
      38
      56
      57
      43
      49
      49
      40
      53
      56
      64
      36
      51
      44
      45
      53
      45
      51
      37
      45
      63
      40
      52
      53
      47
      59
      44
      59
      49
      54
      58
      51
      47
      56
      45
      56
      53
      55
      58
      45
      41
      45
      50
      47
      57
      50
      43
      55
      54
      35
      45
      41
      47
      59
      42
      55
      42
      38
      47
      36
      40
      52
      60
      50
      48
      37
      55
      41
      45
      59
      43
      39
      53
      40
      52
      56
      49
      51
      62
      61
      55
      55
      51
      59
      56
      54
      47
      52
      47
      45
      53
      41
      47
      65
      55
      56
      63
      57
      52
      43
      45
      61
      55
      45
      49
      49
      48
      45
      46
      45
      48
      69
      47
      51
      50
      45
      49
      54
      53
      57
      38
      47
      51
      53
      39
      52
      49
      59
      46
      59
      52
      45
      42
      63
      54
      44
      53
      59
      60
      45
      53
      52
      61
      46
      49
      54
      49
      47
      51
      60
      58
      60
      52
      46
      55
      54
      56
      56
      47
      48
      63
      41
      52
      51
      54
      61
      59
      57
      49
      53
      51
      45
      43
      42
      47
      61
      57
      52
      50
      49
      54
      41
      60
      40
      58
      47
      44
      55
      56
      60
      49
      46
      59
      59
      46
      59
      51
      65
      47
      59
      45
      56
      53
      48
      46
      55
      55
      53
      64
      61
      46
      40
      51
      49
      46
      50
      44
      52
      51
      55
      38
      45
      62
      37
      39
      41
      56
      47
      46
      54
      49
      54
      63
      53
      53
      51
      62
      52
      38
      69
      57
      45
      53
      44
      51
      57
      50
      54
      54
      46
      51
      43
      58
      56
      51
      49
      54
      45
      42
      51
      43
      55
      44
      52
      62
      41
      73
      59
      44
      53
      48
      54
      54
      60
      54
      53
      54
      44
      61
      64
      48
      33
      52
      46
      56
      49
      48
      56
      68
      60
      44
      47
      53
      46
      60
      61
      60
      52
      47
      65
      57
      61
      41
      62
      41
      58
      49
      61
      49
      54
      64
      55
      63
      51
      54
      63
      45
      59
      50
      53
      54
      57
      64
      57
      46
      50
      55
      49
      50
      48
      67
      48
      46
      60
      56
      52
      61
      56
      56
      70
      59
      77
      63
      47
      54
      47
      53
      55
      60
      56
      49
      42
      67
      53
      56
      60
      48
      57
      50
      56
      55
      50
      58
      53
      64
      40
      75
      54
      50
      43
      52
      69
      76
      66
      50
      55
      49
      60
      40
      51
      51
      57
      54
      64
      53
      45
      53
      52
      53
      51
      50
      57
      52
      68
      63
      56
      48
      58
      54
      54
      59
      72
      58
      42
      61
      46
      62
      60
      59
      52
      68
      56
      54
      65
      53
      53
      50
      53
      58
      62
      44
      47
      58
      59
      60
      62
      51
      68
      59
      52
      59
      67
      46
      71
      49
      51
      55
      55
      63
      71
      56
      58
      62
      43
      53
      57
      50
      56
      68
      61
      51
      58
      67
      52
      53
      60
      68
      73
      62
      64
      60
      58
      58
      66
      63
      54
      55
      62
      57
      58
      54
      60
      71
      53
      70
      61
      54
      60
      53
      66
      69
      57
      55
      58
      56
      64
      65
      61
      47
      68
      44
      62
      64
      44
      53
      59
      57
      55
      53
      59
      46
      65
      54
      53
      56
      61
      50
      55
      44
      60
      65
      55
      60
      59
      53
      72
      53
      59
      73
      52
      64
      54
      66
      47
      68
      69
      58
      53
      54
      63
      49
      52
      55
      54
      70
      63
      51
      56
      56
      53
      57
      65
      57
      59
      51
      67
      65
      50
      55
      58
      54
      61
      55
      58
      61
      51
      53
      75
      70
      64
      48
      48
      65
      47
      43
      53
      55
      61
      64
      54
      57
      57
      56
      75
      53
      69
      58
      50
      62
      65
      64
      51
      51
      52
      49
      68
      81
      57
      55
      63
      55
      55
      59
      59
      64
      67
      57
      46
      59
      73
      59
      48
      58
      47
      57
      60
      58
      67
      55
      64
      48
      54
      60
      52
      55
      55
      64
      63
      67
      70
      62
      61
      50
      57
      67
      68
      49
      65
      52
      59
      63
      59
      47
      48
      67
      55
      56
      70
      58
      49
      67
      68
      55
      56
      59
      55
      76
      66
      57
      55
      67
      48
      55
      59
      63
      67
      74
      65
      60
      68
      56
      60
      69
      51
      72
      55
      63
      56
      58
      67
      66
      63
      82
      52
      47
      66
      56
      76
      69
      60
      64
      75
      57
      66
      69
      62
      70
      58
      58
      65
      53
      67
      61
      69
      58
      62
      70
      61
      73
      64
      55
      66
      75
      58
      75
      58
      51
      75
      62
      59
      55
      59
      58
      61
      49
      64
      63
      66
      53
      71
      57
      68
      69
      56
      59
      57
      53
      63
      73
      69
      64
      55
      56
      66
      72
      63
      61
      80
      58
      59
      65
      66
      75
      50
      72
      64
      73
      64
      63
      53
      74
      63
      63
      71
      61
      69
      77
      66
      68
      66
      75
      73
      52
      62
      64
      59
      70
      65
      62
      51
      62
      80
      70
      61
      70
      58
      59
      63
      57
      72
      65
      56
      70
      74
      69
      73
      75
      63
      57
      57
      76
      64
      69
      66
      76
      69
      62
      65
      64
      64
      78
      59
      62
      52
      73
      79
      55
      82
      60
      74
      77
      66
      67
      70
      73
      80
      90
      77
      72
      52
      62
      58
      57
      61
      66
      63
      65
      79
      68
      70
      68
      56
      66
      78
      56
      60
      64
      74
      66
      68
      62
      59
      58
      71
      71
      79
      68
      68
      68
      78
      58
      64
      62
      65
      58
      76
      55
      66
      57
      76
      73
      58
      60
      59
      75
      55
      62
      72
      72
      74
      65
      60
      64
      71
      71
      72
      79
      52
      67
      76
      78
      65
      71
      62
      76
      67
      56
      63
      71
      74
      78
      81
      73
      66
      59
      63
      77
      89
      70
      69
      71
      65
      76
      75
      79
      71
      70
      50
      50
      62
      70
      70
      70
      64
      80
      69
      80
      66
      61
      79
      64
      73
      73
      66
      64
      82
      76
      73
      55
      86
      64
      70
      78
      75
      70
      83
      79
      58
      68
      63
      84
      72
      76
      76
      72
      86
      75
      75
      77
      71
      92
      76
      76
      91
      73
      80
      84
      79
      70
      73
      67
      70
      83
      86
      79
      76
      78
      69
      71
      76
      90
      88
      81
      65
      79
      73
      86
      74
      76
      82
      70
      59
      60
      75
      67
      80
      58
      94
      76
      74
      77
      83
      64
      63
      91
      77
      88
      78
      75
      84
      74
      87
      90
      78
      78
      89
      81
      90
      88
     104
      85
      81
      87
      67
      88
      84
      85
      98
      72
      82
      85
      79
      72
      85
      85
      62
      92
      84
      77
      86
      67
      80
      88
      81
      72
      72
      69
      88
      75
      81
      67
      87
      83
      93
      88
      74
      73
      79
      64
      85
      86
      64
      91
      78
      68
      75
      65
      95
      70
      46
      71
      73
      86
      67
      65
      72
      90
      77
      59
      95
      81
      83
      62
      70
      81
      73
      88
      71
      72
      76
      74
      73
      75
      80
      72
      88
      73
      79
      95
      78
      70
      82
      76
      66
      73
      92
      78
      66
      78
      76
      90
      89
      86
      73
      81
      84
      79
      96
      73
      63
      61
      80
      75
      86
      77
      68
      84
      73
      65
      74
      56
      73
      63
      69
      62
      83
      80
      81
      87
      79
      83
      80
      93
      76
      77
      90
      67
      78
      72
      82
      88
      76
      80
      86
      79
      84
      80
      66
      75
      90
      88
      76
      80
      81
      71
      88
      73
      79
      85
      76
      75
      99
      75
      70
      84
      75
      74
      79
      85
      78
      94
      84
      84
      86
      91
      74
      76
      70
      74
      80
      90
      94
      66
      77
      75
      92
      76
      87
      70
      87
      90
      84
      95
      87
      81
      82
      89
      77
      88
      81
      81
      85
      79
      68
      81
      95
      76
      87
      89
      80
      78
      82
      88
      87
      68
      93
      84
      79
      91
      81
      88
      91
      85
      82
      85
      71
      92
      87
      80
      70
      78
      82
      83
      74
      88
     100
      80
      93
      75
     110
      83
      80
      87
      77
      85
      79
      84
     103
      86
     101
      89
      89
      97
      74
      83
      97
      89
      83
      87
      92
      83
      63
      82
      88
      83
      90
      97
      76
      95
      78
      70
      79
      90
      88
      90
      93
     101
      80
      85
      97
      80
      75
      89
      73
      79
      81
      90
      72
      76
      88
      71
      85
      84
      73
      75
      72
      80
      82
      87
      80
      94
     102
      76
      77
      75
      82
      91
      91
      87
      86
      96
      90
      97
      89
      75
      87
      92
      84
      77
      94
      88
      73
      79
      81
      90
      82
      76
      92
      93
      97
      92
      83
      85
      81
      84
      61
      89
      67
     104
      80
      59
      74
      96
      85
      82
      74
      93
      96
      93
      79
      88
      79
      74
      90
     101
      80
      81
      87
      70
      91
      76
      90
      70
      77
      79
     103
      76
      98
     100
      87
      66
      79
      63
      98
     106
      78
      90
      78
      87
      86
      79
      88
      87
      96
      88
      85
      83
      77
      69
      81
      82
      76
      81
      86
      78
      94
      74
      63
      65
      69
      83
      72
      81
      71
      61
      61
      72
      93
      74
      64
      62
      67
      91
      69
      57
      66
      82
      69
      65
      85
      77
      70
      75
      87
      60
      65
      55
      68
      77
      68
      66
      63
      65
      82
      74
      58
      59
      67
      67
      72
      65
      78
      54
      63
      65
      73
      62
      49
      44
      72
      53
      67
      58
      56
      55
      60
      56
      50
      64
      57
      78
      57
      64
      55
      55
      55
      59
      64
      60
      58
      64
      73
      60
      47
      55
      58
      71
      42
      46
      55
      56
      56
      55
      45
      54
      76
      53
      51
      62
      59
      53
      53
      61
      65
      57
      69
      64
      54
      39
      57
      54
      44
      63
      56
      42
      50
      56
      60
      50
      61
      44
      53
      44
      50
      45
      46
      63
      48
      49
      44
      57
      53
      52
      44
      60
      46
      43
      70
      61
      49
      42
      46
      56
      36
      47
      46
      49
      54
      55
      54
      52
      45
      53
      63
      53
      47
      44
      42
      47
      34
      56
      37
      51
      52
      54
      54
      42
      59
      43
      47
      47
      51
      44
      54
      42
      59
      35
      41
      46
      51
      51
      43
      45
      46
      52
      46
      41
      45
      43
      49
      60
      56
      51
      37
      44
      45
      55
      45
      53
      66
      43
      50
      54
      42
      45
      43
      44
      55
      47
      52
      49
      44
      41
      49
      54
      55
      43
      38
      42
      45
      56
      49
      45
      48
      35
      38
      41
      48
      47
      44
      49
      37
      46
      40
      54
      41
      48
      47
      36
      48
      43
      43
      52
      51
      42
      39
      55
      55
      51
      37
      45
      41
      57
      36
      43
      38
      35
      49
      38
      41
      45
      44
      44
      33
      44
      50
      48
      50
      44
      49
      52
      51
      48
      50
      36
      46
      51
      53
      57
      55
      40
      50
      35
      42
      45
      44
      40
      39
      44
      42
      31
      51
      32
      53
      46
      51
      54
      42
      57
      58
      39
      57
      47
      47
      29
      48
      51
      40
      50
      49
      41
      53
      42
      49
      50
      53
      38
      42
      46
      53
      55
      38
      42
      39
      40
      40
      29
      42
      35
      47
      51
      50
      53
      38
      43
      47
      37
      36
      38
      45
      39
      37
      45
      35
      46
      45
      38
      41
      42
      40
      48
      48
      38
      39
      42
      41
      31
      31
      45
      57
      46
      36
      38
      45
      35
      47
      40
      46
      39
      47
      43
      43
      32
      35
      30
      42
      33
      42
      40
      45
      29
      41
      34
      42
      31
      35
      34
      29
      38
      32
      38
      40
      49
      36
      23
      46
      46
      38
      31
      48
      47
      47
      38
      26
      42
      44
      35
      53
      45
      43
      43
      42
      41
      34
      41
      42
      39
      41
      44
      32
      39
      40
      40
      41
      41
      46
      39
      57
      40
      34
      42
      49
      30
      44
      37
      43
      41
      38
      28
      33
      48
      38
      33
      29
      45
      43
      40
      36
      45
      48
      49
      38
      38
      37
      41
      48
      37
      47
      30
      36
      40
      30
      36
      45
      35
      35
      35
      41
      44
      40
      39
      39
      36
      45
      41
      41
      51
      37
      40
      37
      46
      38
      40
      35
      37
      40
      33
      30
      38
      40
      42
      41
      40
      27
      43
      33
      43
      35
      31
      41
      41
      35
      38
      35
      44
      54
      27
      32
      46
      41
      48
      41
      42
      45
      24
      36
      29
      34
      33
      29
      33
      40
      39
      42
      34
      48
      28
      33
      30
      32
      37
      33
      38
      41
      39
      30
      43
      32
      37
      34
      39
      47
      37
      38
      40
      36
      34
      39
      57
      53
      39
      41
      29
      47
      39
      45
      31
      32
      29
      32
      38
      42
      40
      36
      33
      32
      34
      27
      28
      39
      31
      30
      42
      49
      42
      40
      41
      35
      32
      30
      41
      34
      27
      36
      35
      31
      33
      33
      31
      34
      39
      32
      35
      31
      40
      49
      31
      28
      41
      35
      26
      43
      48
      42
      31
      35
      32
      33
      36
      41
      38
      41
      41
      41
      34
      31
      31
      37
      32
      39
      39
      46
      29
      32
      30
      27
      41
      28
      39
      30
      35
      29
      47
      26
      39
      30
      40
      27
      36
      40
      24
      24
      55
      33
      34
      33
      35
      23
      32
      32
      38
      35
      37
      41
      43
      22
      45
      30
      27
      38
      34
      34
      31
      27
      33
      31
      38
      34
      31
      22
      32
      36
      32
      25
      24
      35
      29
      44
      33
      35
      34
      24
      31
      38
      41
      25
      28
      26
      31
      29
      20
      31
      38
      27
      19
      39
      36
      27
      26
      29
      31
      36
      24
      30
      23
      32
      33
      36
      29
      37
      38
      33
      18
      29
      27
      21
      35
      33
      31
      34
      20
      33
      25
      22
      21
      30
      38
      34
      29
      32
      28
      28
      30
      27
      20
      30
      31
      24
      24
      38
      22
      30
      25
      31
      24
      28
      31
      28
      33
      26
      30
      31
      34
      24
      33
      26
      23
      30
      26
      35
      32
      32
      30
      25
      28
      30
      20
      25
      25
      23
      25
      21
      24
      25
      28
      33
      25
      41
      21
      36
      31
      32
      32
      32
      32
      30
      34
      24
      30
      19
      23
      29
      25
      31
      31
      35
      31
      23
      35
      21
      22
      29
      24
      27
      30
      22
      27
      22
      29
      26
      21
      21
      27
      26
      19
      33
      26
      28
      23
      24
      33
      25
      23
      30
      29
      20
      32
      23
      24
      22
      20
      29
      24
      25
      33
      22
      29
      27
      29
      24
      20
      24
      32
      24
      25
      22
      22
      24
      23
      20
      22
      23
      26
      18
      23
      31
      30
      23
      28
      26
      27
      28
      22
      17
      27
      36
      19
      30
      30
      24
      25
      25
      28
      24
      16
      22
      23
      29
      19
      15
      21
      21
      15
      21
      31
      29
      22
      26
      22
      21
      24
      22
      25
      26
      21
      23
      30
      20
      28
      30
      14
      23
      24
      24
      24
      20
      26
      19
      24
      19
      29
      22
      26
      16
      26
      25
      22
      24
      22
      29
      22
      20
      22
      27
      33
      20
      27
      25
      21
      21
      15
      18
      18
      28
      29
      18
      31
      22
      25
      19
      23
      29
      22
      28
      15
      21
      21
      18
      19
      44
      17
      23
      19
      19
      21
      18
      18
      21
      18
      25
      20
      26
      17
      19
      32
      24
      14
      23
      12
      17
      20
      24
      17
      19
      19
      24
      23
      20
      23
      23
      20
      17
      22
      17
      14
      24
      24
      24
      23
      20
      24
      23
      23
      21
      21
      15
      21
      16
      19
      17
      17
      14
      23
      22
      25
      19
      20
      23
      15
      24
      19
      12
      16
      15
      13
      19
      11
      17
      16
      16
      19
      18
      26
      23
      26
      19
      15
      21
      22
      22
      12
      22
      23
      14
      18
      14
      15
      16
      16
      18
      18
      11
      30
      25
      21
      17
      14
       9
      15
      18
      19
      23
      13
      17
      15
      21
      15
      19
      19
      20
      18
      18
      15
      11
      22
      24
      13
      27
      30
      14
      13
      20
      15
      17
       7
      19
      11
      18
      16
      19
      12
      18
      16
      16
      14
      15
      18
      20
      23
      23
      12
      10
      26
      22
      18
       6
      13
      16
      14
      18
      14
      15
      23
      15
      19
      20
      17
      22
       9
      15
      16
      27
       9
      18
      21
      11
      20
      20
      18
       9
      19
      17
      16
      19
      17
      17
      18
      14
      14
      13
      16
      23
       9
      12
      23
      11
      18
      15
      16
      12
      14
      16
      12
      23
      12
      10
      17
      14
      17
      10
      13
      18
      14
      13
      12
       9
      18
      13
      17
      18
      13
      14
      26
      20
      11
      17
      18
      17
      22
      13
      16
      14
      20
      13
      17
      17
      21
      12
      16
      11
      12
      14
      19
      12
      19
       9
      21
      16
      20
      19
      14
      14
      16
      12
      11
       8
      17
      15
      13
      16
      14
      16
      16
      17
      16
      15
      13
      16
      12
      18
      15
      10
      19
      15
      15
       9
      14
      13
      16
      15
      18
      12
      17
      10
      17
      12
      14
      16
      18
      11
      15
      11
      19
      14
      13
      16
      10
      10
      17
      14
      14
      17
      19
       8
      14
       6
      14
      11
       9
      15
      15
      12
       9
      10
      12
      10
      14
      14
      15
       9
      20
      12
      17
      14
      13
      14
      11
      12
      13
      17
      12
       3
      13
      14
      20
      20
      18
      19
       8
      13
      13
      16
      15
      10
      16
      12
      12
      20
      14
      16
       4
      11
      12
      19
      18
      15
      13
      13
       5
      17
      19
       8
      14
      12
      11
      10
       8
      10
      16
      15
      17
       6
      14
      13
      12
      15
      15
      17
      14
       7
      16
      13
      13
      14
      14
      13
      21
      17
       8
      11
      11
      12
      15
      17
      14
      10
      13
      15
      14
      13
      14
      12
      17
      14
      12
      19
      11
      16
      23
       6
      14
      15
      10
      16
      15
      17
      17
      21
      16
      15
      11
       4
       8
      19
      16
      20
      11
      13
      12
      12
      11
      14
       8
      20
       9
      14
      18
      21
      22
      14
      18
      17
      13
      15
      11
      13
      12
      12
       7
      14
      16
      11
      11
      14
      19
      11
      14
      18
      15
      11
      12
      12
      12
      18
      14
      13
      11
      12
      11
      15
      17
      14
      12
      18
      11
      17
      15
      11
      16
      11
      11
      13
      15
       9
      14
      16
      12
      14
      15
      11
      14
      13
       9
      17
       7
       7
      13
       8
      14
      14
      21
      12
      13
      10
      14
      12
       3
      13
      13
       8
      12
      22
       9
      14
      12
      16
      16
      11
      11
      19
      16
      12
      14
      21
      12
      11
       9
       8
      15
      14
       5
      12
      10
      12
      11
      10
      13
      15
      12
      12
      14
       7
      10
       9
       9
      13
      12
      15
      10
       8
      20
      12
      13
      11
      17
      10
       9
      12
      13
      14
       7
       9
      16
      17
       9
      12
      14
      12
      12
      11
      24
      12
      11
      13
       9
      10
      14
      16
      14
      17
      10
      14
       9
      14
       5
       9
      19
      16
       9
       5
      12
      10
      10
      16
      11
      16
      13
       9
      13
      13
      16
      10
      18
      15
      10
       8
       8
       9
      17
      13
      20
       9
      14
       8
      11
       8
      12
      11
      18
      11
      14
      13
      16
      10
       8
      12
      11
      16
      12
      19
       9
      19
      11
      19
       7
       9
      12
      14
      16
       9
      11
      10
      10
      15
      13
       8
      14
       8
      15
      16
      11
      12
      17
       8
      13
      17
      16
      13
       6
      13
      11
      14
      12
       9
      18
      14
      13
      13
      12
      12
      16
      18
      10
      11
      14
      16
       9
      13
      10
      11
      10
      11
       9
      18
      15
      15
      11
       8
      12
      17
      14
      12
      11
      13
      11
      14
      15
      12
      15
      12
      16
      20
       9
      16
      14
       8
      16
       7
      12
      11
      17
      14
      17
      13
      12
      13
      15
      17
      15
      10
      10
      13
      14
      17
      15
      18
      11
      16
      18
       9
      14
      16
      12
      17
      12
      10
      12
      11
      14
       7
      20
       8
      12
      12
       9
      10
      13
      12
      10
       6
      11
      16
      11
      14
      10
      13
      15
      11
      10
      17
       9
       5
      12
      15
      15
      10
      14
      11
       6
       9
       9
      12
      14
      15
      19
      10
      10
      10
      10
      13
      12
       9
      18
      16
      17
      11
      11
       7
      20
      13
      15
       9
      14
      17
      10
      14
       8
      12
      16
      24
       6
       9
      12
      11
      15
      13
      19
      16
      13
       7
      14
      19
       7
       6
      13
      16
       6
      12
      13
      11
      14
      13
      13
      14
      14
      14
      12
      15
      12
      17
       8
      18
      12
      11
      13
       7
       9
      16
      15
      12
       8
      11
      14
      17
      13
      18
      13
      10
      14
      16
      14
      16
      13
      16
       9
      11
      16
      13
      11
      14
      14
       6
       7
      10
      15
      17
      12
      14
      16
       5
      11
       7
      11
       7
      19
       7
       9
      12
      15
      14
       8
      14
      15
      13
       7
      12
       9
      15
      13
      20
      15
      15
      10
       9
       6
      14
       7
      13
      11
      11
      12
       9
      12
      11
      22
      13
      12
       9
      16
      15
      14
       7
      10
      11
      11
      19
       9
      11
      11
      11
      12
      17
      12
       5
      14
       3
      13
      18
      11
      13
       9
      10
      14
      16
      18
       7
      12
      11
      12
      13
      13
       9
      15
      19
       6
      12
      14
      16
       9
      14
      13
      13
      13
      13
      14
      16
      14
      11
       9
      16
      13
      12
      12
      12
      14
      10
      10
      10
      12
      12
       6
      15
       6
      12
       9
      10
      26
      14
      17
      13
      10
      16
      16
      18
      13
      17
      10
      10
      16
      16
       9
      11
       8
       9
      16
      14
       6
      10
      21
      15
      13
      10
      14
      13
      14
       6
       9
       6
      15
      12
      10
       6
      15
      18
      18
      11
      10
       8
      16
      17
      12
      10
      15
      14
      17
       7
      14
      20
      12
      11
      13
      15
      12
      11
      13
      13
      12
      13
      12
      13
       9
       9
      17
      10
      13
      10
      16
      15
       8
       9
      14
      14
      18
      18
      17
       8
      19
      16
      10
      16
      13
      10
      17
       9
      12
      15
      11
      18
      15
      22
       5
      13
      20
      12
      13
      13
      13
       8
      14
      14
      16
      14
      17
      15
      15
      17
      11
      14
      14
      16
      13
       9
      17
       7
      11
      17
      15
      17
      19
      20
      21
      12
      20
      18
      19
      14
      14
      21
      13
      10
      16
      17
      17
      24
      15
      13
      18
      18
      14
      16
      21
      14
      14
      19
      19
      18
      18
      13
      17
      20
      18
      10
      15
      10
      15
      20
      12
      17
      12
      20
      19
      19
      11
      18
      16
      14
       8
      13
      14
      19
      19
      19
      11
      12
      18
      20
      16
      19
      20
      18
      27
      25
      18
      11
      19
      16
      21
      22
      23
      31
      29
      25
      26
      20
      28
      33
      30
      31
      38
      47
      43
      46
      67
      59
      69
      87
      92
     103
     139
     154
     163
     183
     244
     323
     313
     391
     466
     582
     721
     772
     953
    1143
    1375
    1604
    1870
    2162
    2511
    2833
    3059
    3328
    3627
    3856
    4022
    4081
    4245
    4249
    4116
    3903
    3805
    3361
    3083
    2766
    2311
    2080
    1757
    1433
    1189
     950
     705
     543
     457
     335
     222
     168
     165
      96
      66
      57
      40
      48
      29
      30
      22
      24
      21
      23
      17
      20
      21
      18
      24
      29
      22
      18
      15
      16
      14
      15
      25
      15
      11
      18
      20
      17
      11
      12
      16
      13
      15
      19
      11
      12
       7
       4
      18
      13
      13
      19
      15
      19
      21
      13
      18
      12
       8
       6
      17
      16
      19
      11
      13
       9
      12
      14
      10
       8
      13
       9
      14
      11
      16
      19
       6
      14
      10
      17
      12
      11
      19
      12
      12
      11
      12
      13
      11
       8
      10
      11
       9
       9
      15
      14
      11
       3
       8
       7
       3
       8
      10
      11
      15
      11
      12
       9
      13
       8
       7
      11
       7
       4
      12
      14
      16
      10
      11
      12
      10
       9
       9
       8
       5
       7
      14
       7
      13
      17
       6
      11
      14
       6
      13
      12
      16
       9
      10
       9
      13
       7
       7
       5
       8
       6
       4
       7
       8
       6
      12
       6
       9
       7
       8
      10
      10
      12
      10
       9
      14
      10
       9
      11
      11
      14
      12
      12
       6
      10
       7
       8
       7
      11
       8
       9
       7
       7
       9
      11
       8
      11
      11
       8
      11
       8
       9
      13
       9
       9
       7
       6
       7
      12
       6
      12
      10
       7
      11
       8
      14
       3
       9
      14
      12
       6
      10
       9
       7
      12
      11
       5
       8
       8
       6
      10
       8
      14
      10
       5
       6
      15
      10
       7
       9
       6
       8
       7
       6
      11
       8
      13
      10
       4
       7
       7
       6
      11
       6
       5
       4
       9
       4
       9
       4
       9
       5
      12
       9
      12
      12
       7
       6
      12
       7
       4
       7
       5
       4
       7
       7
       5
       8
       7
       5
       8
       5
       2
      10
      12
       6
      11
       5
       7
      13
       7
       4
       4
       7
       9
       5
       7
       7
       4
       9
      12
       8
       8
       3
       8
       6
       8
       8
       9
      13
       9
       5
       8
       4
       3
      12
       6
       6
       7
       6
      10
       6
       7
       9
       8
       3
       4
       2
      12
       7
       8
       6
       8
       6
       4
       4
       3
       3
       9
      10
      11
      11
       9
      10
       9
       4
      10
       3
       7
       6
       8
       4
       6
       6
       5
      12
       5
       7
       9
       5
       6
      10
       6
       5
       5
      11
       6
       5
       0
       4
       8
       8
       6
       7
       2
       7
       8
       5
       5
       8
       5
       6
       8
       5
       5
       8
       5
       5
       8
       9
       8
       5
       7
       6
       8
       2
       5
      11
       3
       8
      13
       6
       3
       9
       6
       3
       5
       9
      11
      10
       5
       4
       4
       8
       7
       7
       3
       7
       6
       7
       5
       8
       4
       8
       7
      14
       8
      10
      10
       6
       7
      10
       6
       8
       5
       5
       3
       6
       5
       8
       4
       8
       8
       6
       7
      10
       7
       4
       6
       5
       9
      12
       6
      11
       6
       5
       7
       7
      12
      10
       7
       5
       7
       4
       5
      10
       6
       4
       7
       8
       7
       5
       5
       7
       9
       4
       5
       5
       5
       9
       9
       7
      11
       4
       5
       8
       5
       9
       8
       9
       5
       8
       7
       2
       4
      12
       5
       5
       7
       7
       2
       7
       4
       7
       3
       8
       3
       7
      14
       2
       4
       6
       7
       7
       5
       8
       6
       4
       4
       1
       3
       4
      13
       6
       6
       5
       7
      10
       6
       6
       4
       6
       7
       3
       9
       7
       2
       9
       7
       3
       2
      13
       9
       6
       9
       2
       5
       5
       4
       6
       6
       6
      10
       8
       7
       8
       6
       6
       7
       5
       6
       5
      11
       6
      10
       5
       9
      15
       3
       6
       8
       7
       1
      11
       5
       9
       6
       8
       4
       8
       5
       4
      10
       1
      10
       6
       3
       3
       8
       6
       8
       8
      10
       4
       3
      11
       4
       9
      14
      10
       4
       6
       8
       4
       5
      11
       6
       6
       7
       8
       5
       4
       5
       8
       8
       6
       6
      10
       4
       5
       3
       6
       0
      10
       2
      12
       8
       6
       4
      10
       9
       3
       9
       4
       8
       5
       4
       7
       3
       5
       7
       3
       8
       9
       4
       7
       6
       8
       8
       6
       9
       5
       7
       2
       3
       5
       9
      11
       6
       2
       7
       6
       4
       8
       4
       4
       8
       3
       5
       3
       5
       5
       8
       2
       5
       5
       3
       8
       5
       3
      10
       2
      12
       6
       7
       7
      12
       6
       4
       5
       4
       7
       7
       5
      11
       5
       6
       4
       5
       4
      10
       5
       6
       6
       9
       8
       8
       4
       4
       5
      13
       4
       8
       3
       6
      10
       5
       7
       0
       5
       3
       3
       5
       9
       4
       6
       4
       5
       2
       9
       3
       8
       8
       8
       7
       7
       5
       4
       7
       6
       8
       7
       2
       6
       1
       3
       6
      12
       7
       7
       5
       7
       4
       4
       5
       7
       3
       5
       8
       5
       5
       6
      10
       9
       5
       6
       4
       6
       6
       4
       6
       3
       5
       1
       5
       5
       5
       6
       6
      11
       6
       6
       7
       8
       5
       9
       5
       6
       3
       8
       5
       6
       1
       8
       3
       6
       4
       4
       8
       5
       5
       3
      10
       2
       2
       7
       2
       3
       4
       2
      10
       6
       2
       9
       4
       6
       7
       0
       4
       7
       5
       5
      11
       6
       6
       8
       6
       8
       2
       2
       4
       7
       2
       4
       4
       4
       4
       5
       3
      11
       7
       6
       8
       7
       8
       6
       3
       7
       8
       7
       9
       3
       2
       5
       7
       3
       4
       5
       9
       9
       7
      14
      10
       9
       3
       7
       8
       8
       8
       7
      10
       8
       3
       7
       4
       7
       6
       3
       8
       6
       5
       5
       5
       6
       5
       4
       6
       6
       4
      10
       7
       7
       8
       5
       6
       5
       7
       6
       1
       6
      10
       5
      12
       9
       8
       7
       8
       7
       5
       2
       6
       3
       5
       6
       4
       7
       4
       5
       7
       3
       6
       5
       4
       6
       2
       5
       5
       3
       9
       5
       5
       5
       6
       5
       2
       4
       7
       5
       3
       6
       5
      10
       6
       3
       4
       7
      14
       7
       3
       3
       7
       9
       8
       7
       4
       4
       8
       9
       4
       3
       6
       8
       3
       5
       3
       5
       9
       4
       5
       5
      10
       1
       4
       8
      11
       7
       4
       8
       6
       5
       4
      11
       2
       4
       8
       6
       5
       6
       2
       5
       3
       5
       8
       2
       5
       6
       7
       3
       4
       5
       3
       4
       9
       3
      10
       8
       5
       3
       7
       5
      13
       5
       7
       2
       5
       5
       2
       4
       9
       1
       6
       9
       5
       1
       4
       6
       7
       5
       3
       2
       7
      10
       5
       6
       3
       9
       2
       6
       7
       6
       2
       8
       8
       7
       8
       3
       4
       3
       5
       3
       4
       8
       6
       4
       3
       4
       6
       5
       6
      10
       9
       8
      10
       5
       3
       1
       4
       4
       5
       8
       4
       5
       8
       2
       6
       5
       6
       2
       7
       7
       9
       5
       3
       2
       6
      13
       3
       1
       7
       5
       8
       7
       1
       7
       3
       9
       5
       7
       4
       4
       6
       4
       9
       4
      10
       6
       8
       6
       5
       6
       0
       7
       9
       2
       5
       5
       6
       4
       8
       2
       4
      10
       7
       3
       2
       7
       6
       7
       6
       5
       5
       6
      11
       5
       5
       5
       4
       1
       8
       9
       8
       2
       6
       3
       3
       6
       3
       6
       5
       4
       7
       5
       4
       7
       4
       4
       5
       9
       7
       6
       1
       7
       7
       6
       4
       5
       8
       3
       6
       2
       3
       3
       3
       5
       5
       9
       8
       5
       7
       5
       6
       2
       9
       1
       5
       3
       3
       5
       3
       9
       4
       6
       1
       8
       6
       8
       6
       9
       4
       4
       3
       5
       7
       8
       5
       6
       5
       4
       3
       5
       4
       8
       4
       5
       8
       8
       3
       3
       6
       6
       5
       4
       4
       6
       5
       5
       4
       3
       5
       5
       5
       5
       7
       5
       2
       5
       4
       6
       2
       1
      10
       5
       4
       2
       7
       9
       6
      10
       6
       5
      10
       6
       3
       3
       3
       7
      10
       3
       6
       2
       6
       2
       7
       4
       2
       8
       6
       4
       8
       4
       6
       6
       6
       8
       4
       4
       2
      10
       5
       5
       2
       5
       9
       5
       8
       3
       6
       4
       8
       5
       4
       5
       4
       6
       9
       1
       5
       2
       5
       6
       1
       7
       6
       7
       5
       2
       6
       3
       6
       6
       5
       5
      13
       5
       8
       2
       4
       2
       8
       3
       3
       5
       7
       8
       8
       7
       3
       5
       7
       1
       7
       6
       4
       7
       3
       5
       7
       7
       8
       3
       6
       9
       9
       5
       3
       2
       7
       5
       5
       7
       3
       5
       4
       4
       3
       5
       4
       2
       3
       2
       9
       2
       5
       2
       4
       6
       8
       8
       4
       5
      11
       5
       7
       3
       5
       5
       7
       5
       3
       6
       9
       5
       3
       3
       5
       3
       3
       5
       2
       1
       8
       5
       8
       5
       1
       6
       7
       1
       5
       6
       5
       6
       9
       7
       6
       3
       3
       6
       2
       4
       2
       6
       3
       5
       2
       3
       5
       5
       5
       4
       3
       7
       4
       6
       7
       5
       4
       1
       5
       3
       4
       1
       5
       6
      10
       1
       2
       7
       1
       3
       4
       5
       4
       2
       5
       5
       3
       3
       6
       3
       4
       5
       1
       6
       6
       6
       7
       3
       1
       5
       7
       9
       5
       1
       7
       3
       5
       7
       6
       5
       4
       5
       3
       6
       9
       6
       7
       5
       4
       2
       4
       2
       5
       7
       6
       3
       4
       8
       4
       3
       2
       3
       2
       3
       2
       7
       4
       5
       7
       3
       3
       4
       4
       3
       3
       3
       5
       3
       3
       2
       6
       2
       4
       3
       6
       4
       7
       7
       3
       3
       8
       4
       4
       3
       6
       7
       5
       4
       5
       4
       4
       4
       4
       7
       6
       5
       3
       4
      11
       1
       6
       1
       8
       6
       7
       6
       3
       7
       2
       5
       2
       4
       4
       1
       7
       5
       7
       1
       3
       5
       5
       4
       8
       6
       5
       3
       5
       7
       4
       5
       5
       4
       8
       5
       7
       5
       2
       9
       7
       3
       4
       4
       6
       8
       5
       6
       8
       5
       3
       7
       4
       6
       4
       5
       3
       5
       2
       4
      14
       4
       5
       0
       2
       7
       5
       5
       9
       3
       7
       1
       2
       7
       0
       3
       5
       1
       4
       9
       7
       7
       4
       3
       4
       6
       4
       5
       5
       4
       6
       5
       2
       8
       5
       9
       0
       3
       7
       7
       5
       7
       4
       3
       7
       3
       1
       5
       1
       6
       1
       4
       7
       4
       1
       8
       5
       4
       4
       4
      11
       7
       5
       4
       5
       1
       1
       3
       2
       5
       6
       2
       5
       9
       2
       7
       3
       1
       5
       6
       3
       4
       6
       4
      11
       4
       5
       7
       5
       7
       1
       3
       7
       7
       4
       4
       5
       4
       5
       4
       9
       1
       7
       4
       3
       6
       4
       5
       3
       9
       7
       3
       4
       4
       5
       6
       3
      10
       5
       7
       3
       6
       7
       8
       8
       7
       4
       5
       3
       5
       9
       2
       7
       5
       8
       4
       2
       1
       6
       4
       7
       6
       5
      10
       9
       3
       5
       1
       3
      10
       3
       4
       8
       3
       4
       7
      10
       4
      13
      10
       7
       7
       7
       6
       4
       3
       6
       7
       4
       9
       4
       3
       9
       5
       3
       4
       5
       1
       4
       6
       6
       6
       7
       3
       3
       7
       7
       7
       6
       5
       7
       1
       8
       7
       5
       4
       4
       4
       2
       5
       7
       6
       5
       8
       4
       7
       6
       4
       5
       4
       3
       6
       3
       2
       6
      12
       9
       7
       6
       2
       4
       3
       3
       9
       5
       4
       5
       6
       4
       2
       6
       2
       1
       3
      12
       9
       4
       5
       4
       7
       5
       3
       4
       6
       6
       8
       2
       4
       2
       7
       9
       6
      13
       5
      12
       6
      10
      11
       4
      10
      19
      11
       9
      17
      15
      10
      15
      12
      18
      19
      19
      15
      10
      19
      17
      11
       9
      12
       9
      11
      10
       8
      10
       6
       7
       7
       1
       4
       6
       6
       8
       6
       9
       3
       4
       6
       4
       6
       2
       5
       5
       9
       2
       4
       4
       2
       4
       3
       3
       5
      10
       3
       6
       6
       8
      11
       4
       5
       6
       7
       0
       3
       2
       7
       2
       5
       6
       6
       5
       5
       2
       5
       4
       4
       8
       2
       3
       6
       5
       3
       5
       6
       4
       6
       4
       9
       4
       6
       4
       7
       3
       5
       3
       8
       4
       5
       2
       3
       5
       5
       6
       3
       7
       8
       3
       6
       2
       2
       3
       5
       4
       4
       3
       9
       2
       8
       4
       6
       2
       3
       3
       6
       6
       4
       8
       6
       4
       2
       3
       2
       6
       7
       5
       3
       3
       9
       3
       3
       3
       6
       5
       9
       3
       3
       6
       4
       5
       2
       6
       2
       5
       5
       6
       6
       5
       5
       4
       4
       6
       8
       5
       8
       4
       3
       4
      10
       5
       7
       4
       9
       4
       3
       8
       6
       3
       4
       5
       1
       6
       6
       5
       3
       6
       3
       0
       5
       3
       5
       8
       5
       4
       2
       9
       2
       9
       3
       8
       6
       7
       3
       8
       5
       9
       5
       9
       4
       1
       4
       7
       3
       2
       2
       5
       1
       3
       3
       3
      10
       1
       4
       4
       3
       4
       6
       7
       5
       8
       7
       5
       4
       2
       6
       4
       5
       6
       4
       7
       2
       6
       6
      11
       6
       2
       5
       9
       4
       4
       2
       5
       3
       9
       4
       7
       2
       5
       5
       4
       1
       2
       2
       3
       4
       3
       4
       5
       3
       2
       9
       4
       8
       5
       6
       4
       6
       2
       4
       3
       7
       3
       9
       1
       6
       7
       4
       7
       3
       3
       8
       4
       4
       1
       7
       4
       3
       5
       2
       4
       6
       4
       3
       3
       3
       3
       5
       1
       8
       5
       6
       4
       8
       4
       5
       6
       4
       6
       3
      10
       6
       7
       2
       4
       6
       8
       4
       6
       3
       3
       1
       9
       6
       4
       5
       1
       4
       6
       3
       4
       2
       2
       4
       4
       5
       6
       6
       2
       1
       4
       4
       6
       8
       4
       4
       2
       3
       4
       2
       7
       9
       4
       3
       6
       3
       4
       1
       5
       2
       7
       3
       6
       4
       4
       8
       4
       7
       3
       4
       5
       2
       2
       3
       5
       2
       4
       5
       5
       3
       4
       3
       3
       5
       5
       5
       2
       5
       5
       3
       6
       2
       4
       4
       6
       5
       2
       4
       9
       4
       4
       5
       0
       7
       3
       6
       5
       3
       9
       5
       2
       5
       8
       6
       4
       4
       4
       4
       4
       4
       4
       4
       3
       7
       6
       5
       4
       4
       2
       2
       3
       7
       2
       5
       1
       4
       0
       7
       4
       3
       4
       7
       4
       6
       3
       3
       5
       6
      10
       3
       4
       3
       8
       2
       2
       2
       3
       5
       4
       9
       2
       3
       6
       3
       5
       4
       4
       8
       6
       4
       1
       5
       2
       4
       4
       2
       4
       9
       8
       3
       4
       2
       3
       4
       4
       0
       4
      10
       5
       3
       4
       6
      10
       7
       6
       6
       2
       3
       3
       2
       3
       6
       3
       7
       1
       3
       5
       4
       3
       4
       7
      14
       3
       9
       8
       4
       5
      11
       1
       4
       5
       3
       4
       4
       2
       5
       1
       6
       3
       5
       3
       3
       3
       5
       6
       4
       3
       4
       5
       1
       7
       3
       4
       2
       7
       2
       4
       4
       9
       5
       4
       4
       5
      11
       4
       7
      11
       5
       3
       9
       0
       4
       2
       7
       4
       5
       5
       8
       6
       7
       1
       5
       4
       7
       4
       5
       3
       6
       4
       3
       9
       7
       6
       4
       3
       4
       4
       6
       4
       4
       9
       2
       1
       2
       3
       7
       2
       5
       4
       6
       4
       5
       3
       3
       3
       4
       3
       3
       9
       1
       8
       6
       3
       5
       7
       8
       2
       6
       6
       5
       5
       3
       3
       4
       4
       5
       2
       7
       2
       3
       4
       9
       3
       1
       6
       9
       9
       5
       2
       3
       7
       5
       1
       5
       2
       4
       2
       4
       6
       3
       5
       6
       8
       4
       6
       3
       4
       2
       8
       2
       5
       7
       5
       3
       1
       2
       8
       2
       4
       5
       7
       3
       5
       3
       8
       4
       4
       7
       2
       3
       3
       8
       5
       5
       1
       4
       5
       8
       4
       6
       6
       3
       5
       2
       7
       5
       6
       5
       7
       1
       3
       6
       6
       4
       6
      11
       3
       9
       5
       3
       3
       5
       1
       4
       9
       7
       3
       5
       4
       3
       1
       4
       6
       3
      10
       2
       4
       6
       5
       4
       2
       8
       3
       7
       4
       7
       4
       8
       2
       4
       8
       7
       2
       1
       7
       5
       4
       4
       4
       5
       8
       4
       7
       2
       6
       6
       3
       7
       6
       4
       3
       5
       7
      11
       4
       3
       3
       8
       6
      10
       5
       2
       1
       4
       6
       4
       4
       5
       6
       1
       5
       4
       5
       5
       4
       5
       6
       3
       4
       4
       8
       5
       5
       4
       6
       1
       2
       4
       2
       9
       6
       6
       4
       2
       6
       4
       7
       4
       3
       3
       4
       6
       7
       4
       6
       3
       3
       5
       2
       4
       4
       9
       4
       5
       4
       6
       5
       4
      10
       8
       5
       5
       6
       4
       5
       4
       5
       7
       4
       7
       3
       5
       6
       1
       7
       3
       0
       5
       8
      10
       3
       4
       8
      11
       4
       3
       7
       8
       3
       9
       7
       7
       2
       4
       2
       3
       2
       3
       2
       3
       4
       4
       6
       5
       3
       5
       5
       6
       7
       6
       5
       5
       2
       3
       3
       2
       2
       1
       6
       2
       2
       3
       8
       7
       5
       7
       4
       3
       5
       2
       6
       2
       8
       4
       8
       5
       2
      10
       3
       4
       3
       2
       7
       3
       3
       4
       2
       3
       2
       8
       7
       3
       5
       6
       3
       4
       6
       4
       4
       2
       4
       5
       7
       6
       8
       5
       2
       5
       4
       3
       1
       3
       2
       3
       4
       3
       3
       7
       1
       3
       3
       4
       6
       4
       6
       5
       5
       0
       6
       2
       7
       4
       4
       7
       3
       6
       5
       2
       2
       4
       9
       4
       9
       4
       5
       4
       8
       2
       4
       4
       5
       4
       1
       2
       7
       4
       4
       3
       2
       4
       4
       5
       2
       6
       5
       6
       2
       2
       5
       6
       5
       3
       6
       1
       9
       6
       6
       6
       3
       3
       3
       4
       5
       5
       5
       5
       1
       4
       7
       2
       7
       3
       3
       9
       4
       1
       4
       2
       4
       6
       7
       6
       3
       5
       5
       5
       5
       4
       5
       5
       2
       3
       3
       3
       4
       4
       7
       7
       5
       4
       4
       4
       3
       4
       3
       3
       7
       7
       5
       4
       4
       7
       5
       7
       9
       3
      10
      10
       7
       3
       1
       4
       3
       6
       3
       6
       7
       2
       5
       8
       5
       6
       8
       6
       3
       2
       6
       6
       7
       8
       4
       6
       4
       6
       3
       6
       6
       1
       5
       3
       3
       8
       4
       4
       7
       2
       6
       3
       5
       3
       4
       8
       5
       3
       4
       4
       4
       9
       4
       5
       4
       7
       6
       4
       6
       3
       7
       9
       1
       3
       6
       6
       5
       7
       6
       4
       8
       9
       6
       8
       6
       5
       2
       5
       3
       1
       8
       3
       4
       6
       2
       3
       6
       4
       7
       2
       5
       2
       5
       1
       6
       4
       5
       3
       3
       6
       4
       4
       5
       1
       4
       6
       1
       5
       1
       9
       2
       3
       3
       5
       4
       5
       5
       8
       0
       3
       6
       4
       9
       6
       9
       2
       6
       7
       6
       3
       7
       3
       6
       2
       7
       5
       4
       3
       3
       0
       1
       5
       7
       5
       4
       6
       1
       1
       9
       5
       4
       2
       1
       7
       5
       5
       6
       2
       3
       4
       2
       3
      11
       3
       2
       9
       4
       4
       8
       5
       3
       1
       0
       7
       2
       1
       4
       4
       4
       4
       4
       4
       4
       2
       0
       4
       3
       5
       2
       6
       1
       9
       3
       2
       5
       4
       4
       6
       3
       2
       3
       3
       4
       7
       4
       3
       2
       1
       5
       3
       5
       2
       4
       4
       2
       6
       3
       4
       4
       6
       2
       5
       9
       3
       3
       2
       6
       1
       2
       1
       3
       3
       6
       2
       6
       9
       3
       3
       4
       8
       0
       6
       7
       5
       2
       4
       6
       5
       9
       5
       3
       1
       4
       5
       4
       6
       6
       8
       6
       7
       2
       4
       5
       6
       7
       1
       5
       2
       4
       2
       9
       2
       2
       6
       5
       3
       3
       4
       2
       6
       7
       1
       2
       5
       2
       8
       4
       6
       4
       3
       6
       6
       4
       3
       2
       3
       5
       4
       9
       3
       6
       4
       1
       7
       2
       2
       0
       4
       3
       5
       1
       1
       6
       5
       3
       0
       1
       8
       4
       3
       6
       7
       2
       1
       5
       2
       3
       4
       3
       4
       4
       6
       5
       3
       6
       5
       3
       2
       3
       4
       4
       2
       4
       5
       4
       0
       5
       5
       5
       9
       3
       2
       6
       4
       2
       5
       5
       4
       1
       2
       3
       3
       3
       4
       8
       4
       6
       2
       5
       5
       2
       3
       3
       3
       5
       2
       3
       3
       3
       4
       4
       5
       5
       1
       8
       8
       3
       3
       6
       6
       2
       8
       3
       3
       3
       3
       5
       1
       4
       3
       4
       2
       4
       4
       4
       3
       3
       1
       5
       4
       5
       5
       6
       2
       2
       7
       2
       6
       3
       2
       2
       4
       5
       4
       3
       3
       3
       2
       4
       2
       2
       3
       2
       5
       2
       5
       6
       4
       3
       3
       5
       4
       6
       4
       4
       6
       5
       2
       5
       3
       2
       1
       5
       3
       6
       4
       6
       6
       7
       6
       5
       0
       0
       0
       0
       0
       0
       0
       0
       0
       0
       0
       0
       0
       0
       0
       0
       0
       0
       0
       0
       0
       0
       0
       0
       0
       0
       0
       0
       0
       0
       0
       0
       0
       0
       0
       0
       0
       0
       0
       0
       0
       0
       0
       0
       0
       0
       0
       0
       0
       0
       0
       0
       0
       0
       0
       0
       0
       0
       0
       0
       0
       0
       0
       0
       0
       0
       0
       0
       0
       0
       0
       0
       0
       0
       0
       0
       0
       0
       0
       0
       0
       0
       0
       0
       0
       0
       0
       0
       0
       0
       0
       0
       0
       0
       0
       0
       0
       0
       0
       0
       0
       0
       0
       0
       0
       0
       0
       0
       0
       0
       0
       0
       0
       0
       0
       0
       0
       0
       0
       0
       0
       0
       0
       0
       0
       0
       0
       0
       0
       0
       0
       0
       0
       0
       0
       0
       0
       0
       0
       0
       0
       0
       0
       0
       0
       0
       0
       0
       0
       0
       0
       0
       0
       0
       0
       0
       0
       0
       0
       0
       0
       0
       0
       0
       0
       0
       0
       0
       0
       0
       0
       0
       0
       0
       0
       0
       0
       0
       0
       0
       0
       0
       0
       0
       0
       0
       0
       0
       0
       0
       0
       0
       0
       0
       0
       0
       0
       0
       0
       0
       0
       0
       0
       0
       0
       0
       0
       0
       0
       0
       0
       0
       0
       0
       0
       0
       0
       0
       0
       0
       0
       0
       0
       0
       0
       0
       0
       0
       0
       0
       0
       0
       0
       0
       0
       0
       0
       0
       0
       0
       0
       0
       0
       0
       0
       0
       0
       0
       0
       0
       0
       0
       0
       0
       0
       0
$ROI:
2
4852 5354
12587 12888
$PRESETS:
Live Time
10800
0
$ENER_FIT:
0.358687 0.099971
$MCA_CAL:
3
3.586871E-001 9.997089E-002 0.000000E+000 keV
$SHAPE_CAL:
3
3.638087E+001 -1.552510E-003 0.000000E+000
