$SPEC_ID:
JKL Model 927 SN 17053844 Input 1 HEC-Cr-HEC-Cr-T30-D100-HPGe1-2
$SPEC_REM:
DET# 2
DETDESC# BULK Model 927 SN 17053844 Input 1
AP# Maestro Version 6.08
$DATE_MEA:
05/11/2026 16:11:58
$MEAS_TIM:
252 357
$DATA:
0 16383
       0
       0
       0
       0
       0
       0
       0
       0
       0
       0
       0
       0
       0
       0
       0
       0
       0
       0
       0
       0
       0
       0
       0
       0
       0
       0
       0
       0
       0
       0
       0
       0
       0
       0
       0
       0
       0
       0
       0
       0
       0
       0
       0
       0
       0
       0
       0
       0
       0
       0
       0
       0
       0
       0
       0
       0
       0
       0
       0
       0
       0
       0
       0
       0
       0
       0
       0
       0
       0
       0
       0
       0
       0
       0
       0
       0
       0
       0
       0
       0
       0
       0
       0
       0
       0
       0
       0
       0
       0
       0
       0
       0
       0
       0
       0
       0
       0
       0
       0
       0
       0
       0
       0
       0
       0
       0
       0
       0
       0
       0
       0
       0
       0
       0
       0
       0
      22
     180
     543
     514
     557
     460
     484
     546
     503
     486
     462
     459
     448
     426
     483
     474
     457
     463
     493
     462
     416
     457
     443
     463
     500
     483
     439
     472
     474
     473
     465
     467
     448
     454
     427
     444
     449
     454
     448
     477
     461
     461
     439
     462
     469
     466
     457
     456
     421
     453
     453
     411
     437
     451
     435
     455
     409
     415
     477
     432
     451
     397
     403
     434
     402
     456
     445
     418
     451
     400
     415
     409
     401
     420
     423
     409
     410
     447
     422
     414
     386
     453
     420
     404
     424
     405
     413
     377
     410
     427
     372
     431
     418
     400
     456
     373
     413
     431
     393
     356
     379
     375
     375
     418
     401
     388
     380
     412
     390
     411
     420
     438
     408
     430
     413
     404
     389
     423
     421
     416
     400
     376
     412
     391
     405
     374
     374
     399
     393
     402
     383
     412
     382
     387
     387
     418
     368
     384
     420
     407
     415
     367
     368
     393
     386
     393
     393
     364
     365
     369
     346
     355
     381
     359
     379
     397
     368
     384
     357
     341
     352
     399
     386
     366
     380
     373
     418
     359
     392
     354
     351
     367
     369
     346
     375
     337
     349
     365
     339
     402
     392
     389
     356
     356
     361
     377
     399
     338
     356
     371
     402
     360
     370
     371
     426
     374
     367
     353
     364
     378
     389
     359
     365
     352
     369
     362
     372
     364
     322
     382
     363
     394
     348
     377
     365
     356
     379
     349
     348
     350
     331
     342
     334
     362
     339
     387
     357
     340
     371
     330
     328
     328
     340
     356
     352
     371
     350
     332
     346
     353
     334
     347
     358
     385
     339
     360
     318
     327
     367
     325
     357
     359
     342
     361
     342
     346
     332
     302
     335
     340
     351
     329
     354
     350
     347
     376
     342
     335
     355
     331
     367
     351
     327
     336
     335
     368
     344
     313
     338
     366
     361
     368
     359
     356
     356
     326
     354
     353
     350
     357
     337
     357
     338
     336
     333
     327
     364
     319
     342
     329
     325
     369
     354
     310
     367
     348
     315
     337
     330
     333
     344
     352
     344
     330
     356
     328
     346
     315
     321
     348
     337
     330
     338
     358
     366
     310
     337
     302
     320
     345
     326
     297
     321
     327
     324
     339
     360
     319
     330
     321
     321
     358
     335
     299
     335
     333
     293
     337
     310
     350
     341
     313
     295
     337
     331
     324
     319
     340
     336
     327
     322
     334
     323
     375
     323
     334
     326
     338
     349
     310
     355
     339
     313
     340
     341
     378
     316
     336
     315
     332
     299
     314
     329
     295
     338
     323
     330
     299
     321
     364
     348
     320
     322
     342
     358
     293
     329
     350
     332
     279
     304
     325
     336
     377
     293
     347
     350
     353
     303
     291
     332
     326
     311
     329
     315
     330
     323
     323
     285
     323
     292
     305
     327
     309
     334
     347
     310
     350
     331
     322
     299
     324
     320
     316
     297
     305
     310
     331
     344
     353
     348
     346
     325
     331
     339
     326
     304
     324
     322
     365
     341
     343
     342
     317
     332
     329
     330
     322
     310
     292
     292
     326
     340
     326
     338
     329
     323
     327
     319
     314
     301
     301
     324
     358
     328
     304
     343
     324
     328
     325
     347
     295
     311
     338
     320
     328
     325
     336
     335
     349
     336
     312
     290
     325
     332
     316
     344
     350
     324
     321
     304
     367
     321
     295
     282
     332
     355
     318
     346
     289
     307
     302
     330
     308
     325
     296
     292
     316
     325
     301
     325
     318
     299
     332
     324
     297
     302
     299
     341
     362
     280
     319
     363
     315
     326
     340
     362
     278
     300
     323
     299
     333
     315
     282
     312
     321
     282
     334
     327
     334
     348
     332
     321
     336
     305
     304
     354
     302
     313
     365
     323
     328
     333
     339
     322
     313
     348
     325
     341
     321
     304
     321
     306
     331
     328
     298
     341
     343
     350
     316
     324
     286
     327
     335
     337
     309
     317
     347
     302
     320
     322
     369
     334
     347
     336
     353
     341
     355
     371
     333
     368
     299
     342
     379
     367
     369
     384
     315
     353
     315
     331
     344
     325
     333
     314
     333
     337
     339
     324
     331
     313
     372
     396
     392
     364
     401
     434
     400
     394
     346
     369
     364
     338
     304
     326
     322
     319
     297
     282
     329
     284
     306
     309
     320
     335
     314
     307
     316
     315
     346
     312
     305
     302
     313
     311
     362
     305
     338
     284
     323
     301
     309
     317
     301
     329
     317
     318
     333
     315
     329
     287
     337
     337
     297
     288
     321
     296
     311
     289
     327
     353
     327
     314
     326
     335
     311
     321
     278
     331
     322
     326
     332
     332
     287
     307
     333
     316
     289
     318
     353
     313
     287
     295
     311
     322
     307
     295
     323
     310
     307
     316
     323
     323
     325
     325
     310
     340
     312
     340
     306
     334
     368
     381
     383
     370
     323
     327
     333
     354
     300
     350
     363
     338
     349
     321
     363
     337
     308
     317
     320
     309
     312
     344
     326
     303
     315
     358
     329
     336
     326
     315
     353
     272
     305
     335
     299
     334
     328
     304
     305
     315
     329
     323
     323
     283
     316
     302
     324
     304
     280
     340
     315
     325
     355
     319
     330
     321
     331
     320
     320
     308
     283
     285
     295
     355
     313
     314
     330
     335
     298
     299
     285
     301
     305
     296
     346
     295
     313
     330
     325
     302
     321
     328
     308
     306
     339
     288
     276
     322
     305
     291
     338
     318
     318
     297
     300
     315
     283
     318
     330
     317
     321
     315
     303
     306
     325
     288
     298
     276
     320
     308
     316
     317
     328
     312
     283
     335
     309
     305
     299
     328
     302
     339
     302
     312
     298
     324
     305
     316
     331
     339
     332
     320
     313
     297
     318
     302
     317
     288
     335
     307
     316
     313
     311
     311
     324
     288
     302
     335
     334
     303
     303
     297
     319
     376
     296
     303
     290
     296
     307
     302
     320
     299
     310
     285
     301
     311
     373
     314
     325
     368
     299
     322
     305
     318
     300
     325
     334
     295
     337
     342
     321
     307
     324
     314
     318
     314
     308
     313
     311
     318
     296
     326
     297
     332
     303
     316
     302
     312
     274
     307
     303
     307
     325
     340
     314
     317
     342
     342
     310
     294
     312
     276
     322
     322
     310
     303
     333
     307
     321
     296
     355
     304
     319
     291
     299
     309
     323
     301
     292
     288
     314
     325
     306
     302
     327
     312
     299
     327
     324
     293
     286
     303
     300
     307
     308
     301
     327
     324
     332
     333
     291
     287
     332
     295
     299
     304
     321
     333
     324
     300
     324
     307
     308
     300
     338
     314
     323
     304
     346
     320
     300
     302
     319
     308
     339
     317
     304
     324
     303
     308
     317
     302
     334
     307
     329
     304
     287
     310
     290
     321
     321
     282
     306
     306
     307
     338
     303
     329
     345
     314
     329
     345
     334
     298
     286
     340
     322
     316
     294
     290
     301
     321
     310
     295
     306
     305
     317
     343
     311
     328
     325
     320
     296
     314
     309
     312
     321
     315
     280
     297
     295
     289
     290
     292
     295
     290
     333
     304
     322
     332
     290
     321
     320
     308
     308
     309
     318
     289
     353
     294
     300
     301
     305
     325
     299
     319
     297
     333
     314
     319
     339
     314
     321
     310
     323
     298
     323
     299
     317
     295
     306
     303
     321
     330
     315
     295
     304
     330
     335
     335
     306
     293
     309
     325
     311
     319
     289
     301
     314
     271
     330
     333
     278
     317
     317
     306
     277
     318
     300
     266
     328
     317
     302
     331
     319
     305
     308
     310
     302
     351
     319
     320
     341
     295
     302
     322
     315
     276
     318
     306
     303
     325
     311
     309
     319
     320
     333
     324
     329
     296
     323
     311
     298
     330
     352
     292
     325
     320
     302
     318
     318
     359
     302
     296
     306
     280
     309
     313
     284
     305
     300
     322
     312
     300
     279
     325
     310
     311
     318
     317
     284
     308
     333
     305
     307
     301
     293
     299
     316
     324
     291
     294
     337
     296
     301
     297
     280
     352
     295
     290
     325
     292
     325
     262
     314
     321
     336
     266
     308
     302
     312
     271
     288
     299
     293
     315
     309
     326
     313
     307
     302
     308
     360
     291
     301
     352
     311
     312
     306
     317
     294
     302
     301
     295
     306
     310
     323
     312
     295
     316
     314
     304
     314
     294
     337
     309
     333
     301
     305
     333
     311
     289
     304
     304
     291
     280
     311
     305
     344
     311
     298
     294
     288
     338
     306
     288
     277
     327
     307
     308
     306
     345
     293
     309
     290
     309
     322
     311
     318
     275
     328
     311
     308
     329
     308
     324
     295
     324
     299
     289
     274
     335
     312
     283
     339
     298
     314
     273
     299
     317
     355
     312
     324
     306
     287
     308
     308
     332
     319
     303
     288
     289
     310
     325
     294
     267
     302
     305
     286
     317
     278
     318
     309
     299
     320
     280
     297
     309
     290
     338
     294
     313
     308
     302
     281
     287
     276
     308
     285
     311
     308
     329
     309
     290
     306
     319
     314
     320
     307
     320
     306
     331
     273
     309
     314
     302
     295
     291
     310
     315
     273
     288
     274
     315
     302
     312
     337
     310
     271
     301
     272
     284
     273
     275
     296
     334
     305
     287
     289
     292
     288
     312
     299
     292
     314
     299
     281
     297
     308
     277
     281
     290
     317
     330
     319
     293
     342
     303
     322
     350
     285
     334
     300
     301
     304
     296
     322
     323
     285
     292
     309
     337
     301
     295
     280
     288
     330
     333
     268
     274
     313
     287
     329
     289
     297
     292
     290
     300
     292
     313
     308
     308
     321
     316
     296
     329
     310
     315
     295
     328
     291
     299
     293
     301
     310
     311
     286
     347
     282
     329
     298
     315
     281
     297
     288
     302
     320
     334
     313
     314
     262
     298
     330
     333
     303
     308
     322
     294
     298
     305
     264
     290
     266
     304
     327
     321
     287
     270
     301
     279
     321
     315
     304
     303
     303
     310
     342
     308
     288
     295
     297
     306
     281
     316
     283
     317
     294
     296
     291
     285
     314
     294
     324
     292
     289
     316
     355
     324
     321
     263
     326
     335
     315
     287
     301
     317
     322
     327
     313
     314
     290
     332
     292
     326
     322
     309
     306
     280
     319
     301
     324
     287
     287
     341
     328
     325
     287
     300
     312
     277
     298
     337
     312
     311
     318
     286
     315
     330
     326
     285
     276
     317
     335
     305
     301
     325
     319
     347
     371
     327
     320
     338
     332
     299
     304
     336
     342
     362
     332
     342
     342
     314
     342
     312
     327
     371
     315
     357
     312
     326
     297
     362
     350
     391
     307
     321
     355
     361
     357
     342
     366
     335
     337
     355
     355
     374
     390
     376
     385
     352
     372
     339
     371
     341
     352
     344
     373
     397
     383
     348
     339
     358
     369
     352
     362
     368
     345
     356
     437
     359
     361
     373
     342
     393
     364
     367
     379
     346
     335
     348
     358
     417
     320
     381
     363
     371
     358
     361
     375
     369
     384
     378
     352
     379
     368
     372
     353
     368
     365
     350
     389
     341
     326
     361
     382
     366
     359
     385
     365
     377
     369
     339
     368
     369
     353
     332
     368
     396
     359
     348
     340
     347
     355
     375
     362
     356
     370
     345
     334
     355
     400
     341
     351
     366
     360
     383
     355
     336
     365
     325
     368
     316
     348
     345
     349
     356
     365
     367
     362
     369
     325
     320
     392
     339
     356
     367
     364
     395
     329
     349
     340
     356
     353
     353
     378
     341
     389
     391
     402
     378
     368
     361
     346
     325
     380
     339
     326
     347
     355
     337
     341
     329
     314
     367
     329
     310
     342
     364
     370
     369
     329
     380
     361
     310
     289
     361
     334
     327
     350
     373
     339
     359
     377
     344
     328
     346
     336
     324
     343
     339
     366
     359
     374
     339
     340
     351
     357
     372
     345
     334
     360
     347
     366
     351
     341
     359
     352
     338
     329
     314
     325
     327
     321
     368
     351
     342
     339
     314
     327
     362
     347
     352
     357
     322
     314
     343
     341
     336
     322
     331
     290
     314
     338
     331
     362
     351
     344
     330
     318
     325
     337
     352
     356
     346
     357
     331
     340
     354
     319
     342
     318
     350
     332
     322
     361
     332
     329
     352
     317
     297
     320
     353
     320
     329
     331
     334
     317
     339
     350
     316
     359
     318
     332
     332
     342
     322
     332
     319
     315
     354
     342
     337
     333
     323
     322
     323
     319
     339
     321
     341
     359
     327
     301
     335
     327
     312
     324
     326
     327
     322
     285
     318
     338
     353
     342
     339
     314
     329
     332
     330
     338
     339
     335
     313
     334
     312
     334
     328
     361
     301
     322
     353
     309
     295
     307
     318
     316
     318
     347
     330
     332
     339
     308
     314
     326
     300
     353
     366
     346
     334
     318
     330
     303
     340
     319
     334
     318
     326
     327
     355
     317
     344
     338
     312
     346
     338
     304
     330
     336
     337
     320
     296
     330
     311
     282
     311
     340
     293
     287
     296
     328
     341
     296
     300
     344
     302
     342
     299
     319
     320
     323
     332
     309
     338
     310
     334
     321
     316
     292
     349
     333
     332
     314
     299
     325
     286
     330
     331
     305
     370
     311
     321
     308
     316
     316
     332
     317
     368
     299
     327
     325
     373
     320
     378
     306
     333
     329
     278
     324
     296
     339
     328
     310
     322
     314
     327
     336
     333
     324
     311
     328
     313
     338
     331
     326
     340
     296
     319
     297
     316
     283
     334
     292
     339
     328
     347
     303
     318
     305
     314
     307
     306
     294
     329
     342
     311
     328
     355
     358
     315
     323
     312
     305
     312
     303
     321
     316
     323
     313
     354
     373
     325
     315
     322
     332
     314
     325
     366
     307
     314
     342
     301
     317
     324
     350
     361
     331
     302
     328
     313
     321
     314
     318
     302
     348
     291
     304
     333
     325
     299
     330
     306
     305
     318
     343
     306
     293
     307
     372
     335
     324
     318
     326
     334
     321
     309
     294
     335
     342
     298
     338
     308
     320
     311
     325
     343
     320
     333
     306
     344
     315
     289
     301
     307
     318
     340
     302
     320
     333
     315
     322
     344
     344
     315
     311
     305
     294
     326
     323
     318
     298
     293
     297
     303
     314
     296
     312
     279
     302
     286
     315
     336
     286
     309
     308
     331
     293
     304
     325
     306
     299
     298
     297
     328
     307
     315
     269
     359
     305
     320
     341
     344
     290
     337
     346
     282
     292
     317
     330
     348
     309
     320
     288
     320
     301
     335
     291
     308
     319
     292
     300
     286
     330
     312
     296
     298
     293
     277
     317
     317
     326
     330
     328
     287
     326
     288
     284
     331
     305
     312
     306
     333
     325
     315
     310
     294
     314
     286
     315
     293
     299
     299
     276
     323
     283
     267
     303
     301
     295
     305
     281
     297
     309
     299
     334
     360
     276
     299
     326
     290
     306
     326
     281
     287
     288
     289
     313
     335
     316
     285
     283
     314
     257
     303
     309
     282
     312
     277
     295
     324
     308
     299
     326
     294
     297
     329
     284
     294
     283
     311
     324
     312
     340
     322
     324
     296
     273
     311
     306
     327
     320
     332
     335
     305
     293
     347
     294
     307
     316
     291
     292
     312
     273
     270
     308
     284
     283
     294
     281
     288
     266
     316
     292
     297
     301
     329
     326
     291
     247
     244
     317
     279
     306
     299
     305
     304
     302
     324
     326
     295
     296
     318
     319
     291
     271
     313
     302
     315
     328
     282
     304
     307
     289
     304
     283
     264
     297
     288
     274
     313
     284
     301
     306
     298
     262
     288
     263
     338
     286
     282
     292
     275
     294
     330
     297
     303
     323
     284
     291
     320
     287
     271
     303
     297
     310
     301
     297
     274
     303
     264
     307
     309
     290
     276
     318
     259
     306
     296
     320
     309
     295
     267
     275
     313
     318
     290
     293
     290
     294
     260
     305
     274
     303
     300
     284
     275
     279
     287
     311
     287
     286
     323
     301
     281
     288
     295
     282
     312
     250
     281
     275
     261
     270
     297
     282
     296
     327
     298
     298
     303
     303
     313
     313
     307
     301
     284
     319
     306
     307
     327
     301
     291
     297
     324
     312
     292
     259
     302
     300
     293
     284
     303
     302
     320
     264
     316
     277
     321
     304
     292
     320
     296
     320
     297
     284
     304
     278
     297
     310
     292
     270
     302
     295
     309
     289
     315
     282
     299
     301
     282
     296
     281
     303
     289
     276
     275
     288
     281
     312
     300
     307
     299
     305
     286
     297
     301
     301
     287
     307
     308
     277
     265
     286
     312
     307
     295
     281
     298
     315
     272
     302
     302
     290
     307
     268
     306
     311
     268
     292
     288
     281
     306
     279
     270
     294
     278
     288
     280
     268
     306
     304
     305
     290
     293
     283
     282
     307
     292
     256
     300
     298
     293
     277
     271
     300
     288
     308
     324
     264
     298
     281
     262
     291
     279
     295
     279
     278
     294
     284
     293
     305
     297
     320
     303
     286
     287
     324
     284
     262
     285
     285
     299
     291
     297
     283
     271
     293
     279
     269
     291
     299
     264
     303
     285
     297
     284
     266
     307
     290
     271
     287
     275
     292
     313
     256
     290
     276
     309
     304
     313
     304
     304
     316
     307
     289
     294
     298
     293
     324
     283
     266
     290
     278
     311
     303
     306
     269
     270
     269
     275
     302
     270
     293
     282
     316
     314
     277
     280
     303
     294
     284
     299
     269
     293
     306
     280
     288
     277
     306
     256
     297
     281
     285
     299
     302
     301
     299
     324
     282
     306
     288
     307
     284
     290
     314
     317
     308
     314
     290
     289
     277
     316
     291
     288
     296
     308
     293
     304
     307
     297
     300
     286
     320
     276
     296
     292
     295
     283
     287
     290
     305
     309
     282
     285
     287
     294
     290
     296
     284
     297
     296
     284
     291
     319
     313
     324
     312
     313
     272
     278
     282
     316
     302
     284
     288
     292
     303
     306
     294
     296
     301
     294
     310
     300
     268
     262
     303
     276
     270
     286
     313
     309
     302
     271
     291
     310
     304
     305
     293
     281
     300
     285
     301
     319
     284
     307
     311
     309
     286
     297
     272
     307
     323
     309
     278
     310
     307
     312
     314
     304
     327
     295
     316
     302
     291
     303
     303
     306
     312
     292
     292
     297
     301
     300
     286
     314
     297
     319
     276
     321
     299
     275
     282
     291
     297
     310
     336
     320
     326
     285
     300
     308
     276
     305
     318
     285
     287
     313
     307
     306
     300
     294
     320
     302
     311
     274
     288
     297
     276
     341
     301
     300
     309
     291
     287
     291
     326
     323
     281
     293
     311
     296
     324
     306
     287
     315
     302
     283
     306
     296
     316
     288
     325
     324
     280
     315
     287
     335
     298
     320
     312
     321
     295
     337
     287
     301
     305
     288
     320
     304
     299
     305
     310
     303
     305
     311
     282
     283
     319
     283
     291
     314
     317
     311
     302
     310
     335
     299
     326
     342
     304
     318
     294
     308
     290
     303
     310
     321
     312
     291
     286
     313
     330
     321
     328
     302
     326
     264
     333
     282
     305
     307
     344
     315
     323
     330
     313
     309
     343
     295
     324
     308
     309
     308
     331
     320
     299
     290
     322
     325
     292
     294
     337
     289
     329
     274
     308
     345
     305
     316
     352
     326
     308
     309
     333
     317
     319
     315
     342
     306
     337
     331
     297
     323
     296
     317
     335
     321
     333
     308
     320
     365
     347
     310
     354
     339
     357
     307
     322
     336
     321
     302
     318
     311
     281
     308
     361
     317
     337
     306
     309
     337
     288
     334
     318
     300
     319
     320
     313
     318
     326
     292
     326
     325
     334
     323
     295
     329
     322
     336
     349
     355
     328
     334
     323
     338
     311
     357
     328
     304
     333
     327
     345
     317
     329
     339
     292
     341
     338
     324
     312
     332
     335
     314
     364
     322
     332
     345
     352
     350
     331
     350
     326
     398
     341
     344
     318
     366
     316
     358
     341
     317
     313
     365
     340
     335
     341
     357
     372
     328
     338
     329
     314
     362
     314
     318
     346
     325
     348
     345
     328
     328
     322
     326
     361
     337
     342
     352
     350
     341
     347
     363
     345
     351
     387
     309
     352
     340
     333
     347
     368
     348
     371
     348
     369
     344
     351
     340
     353
     379
     358
     357
     355
     357
     352
     370
     344
     343
     340
     329
     358
     379
     369
     382
     350
     364
     362
     342
     373
     333
     321
     386
     342
     364
     364
     351
     343
     346
     378
     362
     357
     357
     347
     330
     356
     345
     357
     387
     343
     357
     368
     375
     374
     348
     359
     370
     388
     384
     388
     375
     348
     353
     344
     363
     343
     358
     351
     307
     370
     377
     350
     389
     360
     375
     350
     361
     387
     354
     350
     369
     402
     375
     366
     360
     377
     391
     353
     392
     363
     397
     361
     332
     363
     382
     413
     377
     389
     376
     366
     389
     363
     384
     368
     390
     365
     398
     371
     347
     366
     371
     380
     377
     419
     370
     377
     355
     393
     403
     404
     385
     378
     363
     363
     426
     389
     369
     393
     380
     373
     376
     382
     368
     418
     396
     411
     393
     376
     391
     361
     352
     359
     387
     370
     372
     368
     367
     399
     398
     369
     380
     362
     397
     390
     400
     374
     412
     379
     389
     392
     370
     383
     395
     354
     391
     369
     358
     361
     344
     391
     420
     340
     372
     372
     415
     341
     396
     373
     431
     399
     372
     392
     390
     386
     394
     388
     429
     364
     407
     407
     377
     412
     394
     364
     453
     365
     413
     395
     386
     376
     384
     377
     390
     401
     359
     401
     371
     371
     375
     368
     394
     392
     371
     396
     374
     380
     357
     354
     348
     406
     374
     349
     399
     348
     374
     398
     388
     355
     369
     370
     372
     370
     355
     331
     365
     363
     388
     360
     358
     390
     369
     376
     332
     321
     370
     354
     376
     362
     345
     351
     315
     372
     343
     338
     311
     336
     331
     315
     326
     291
     332
     333
     278
     349
     328
     301
     367
     310
     323
     307
     306
     304
     313
     303
     273
     313
     276
     296
     278
     302
     295
     271
     283
     292
     301
     252
     283
     257
     277
     291
     260
     246
     267
     266
     269
     270
     273
     287
     266
     257
     271
     280
     259
     284
     264
     256
     261
     247
     234
     239
     228
     263
     250
     255
     234
     250
     262
     225
     255
     257
     231
     216
     267
     224
     225
     251
     216
     217
     249
     252
     216
     252
     219
     236
     247
     218
     238
     219
     231
     234
     231
     231
     217
     216
     249
     218
     215
     245
     215
     263
     220
     241
     223
     225
     206
     198
     215
     198
     182
     242
     200
     199
     224
     195
     220
     216
     226
     225
     224
     198
     231
     204
     185
     223
     242
     234
     211
     244
     240
     239
     218
     222
     241
     216
     185
     235
     188
     200
     201
     211
     208
     217
     226
     202
     186
     193
     193
     200
     224
     210
     235
     218
     227
     222
     203
     184
     198
     191
     195
     195
     218
     200
     217
     207
     181
     223
     193
     181
     163
     193
     218
     199
     189
     201
     193
     189
     190
     196
     195
     201
     216
     185
     177
     204
     182
     199
     182
     218
     182
     197
     186
     195
     165
     192
     164
     204
     161
     198
     186
     193
     200
     195
     185
     190
     185
     193
     172
     173
     188
     214
     191
     171
     192
     192
     169
     191
     184
     200
     198
     194
     165
     177
     171
     209
     204
     170
     153
     192
     179
     189
     178
     176
     171
     169
     175
     182
     194
     192
     184
     215
     141
     174
     179
     188
     153
     173
     184
     161
     176
     162
     173
     174
     181
     196
     170
     174
     188
     177
     166
     165
     160
     184
     200
     165
     172
     169
     170
     173
     175
     177
     187
     181
     175
     185
     176
     167
     176
     152
     162
     151
     170
     168
     163
     184
     178
     161
     158
     167
     178
     166
     149
     145
     185
     165
     170
     166
     148
     162
     159
     172
     172
     157
     157
     178
     150
     170
     157
     164
     152
     156
     159
     170
     172
     156
     145
     168
     143
     172
     148
     159
     146
     147
     155
     179
     157
     182
     147
     152
     163
     158
     158
     165
     157
     162
     154
     168
     174
     131
     141
     147
     148
     182
     141
     156
     140
     156
     169
     165
     149
     150
     168
     157
     156
     139
     132
     171
     143
     137
     151
     154
     137
     153
     134
     153
     139
     151
     158
     159
     139
     152
     143
     157
     176
     134
     149
     119
     147
     145
     145
     137
     143
     151
     134
     150
     142
     118
     149
     138
     142
     156
     159
     134
     154
     146
     133
     133
     155
     128
     142
     125
     133
     128
     128
     126
     132
     122
     143
     142
     136
     142
     131
     150
     157
     121
     152
     141
     130
     137
     131
     143
     133
     147
     120
     138
     127
     131
     130
     167
     121
     130
     139
     158
     152
     134
     120
     154
     157
     135
     127
     144
     135
     124
     136
     138
     128
     138
     125
     149
     132
     123
     152
     141
     136
     127
     125
     126
     132
     143
     108
     137
     137
     134
     146
     131
     114
     137
     120
     124
     115
     123
     131
     141
     134
     124
     111
     128
     116
     123
     114
     130
     133
     117
     113
     149
     123
     134
     136
     129
     132
     124
     146
     124
     123
     124
     125
     129
     118
     132
     141
     125
     112
     133
     140
     113
     108
     102
     117
     123
     104
     108
     146
     118
     120
     136
      97
     118
     112
     124
     129
     109
     126
     120
     112
     121
     121
     118
     119
     104
     124
     140
     126
     116
     128
     113
     120
     114
     113
     117
     112
     108
     115
      94
     104
     124
     134
      99
     150
     131
     132
     115
     109
     142
     135
     114
     100
     117
     114
     108
     121
     120
     122
     125
     110
      97
      75
     105
     104
     107
     105
     119
     114
     109
     114
     102
     117
     103
     118
     105
     122
      98
     124
     114
     120
     100
     100
     119
     112
     104
     117
     102
     130
      97
     120
     101
     125
     118
     108
     103
     113
     118
     113
     110
     116
     138
      95
     112
      86
      93
     123
     100
     108
     115
     109
     125
      91
     109
      98
     120
      98
      97
     117
     117
     129
      97
     107
     113
     110
     131
     104
     116
     115
     105
      98
     104
      94
     118
      87
     107
     110
     104
     122
     114
     111
      97
      92
     104
     111
     107
      96
     117
     124
     100
     100
      87
      87
     115
     105
     100
      85
     123
      92
      98
     115
     118
     105
     104
      97
     110
     121
      97
     100
     101
     114
     106
     109
      91
      79
     100
     114
     112
      79
      84
     107
     110
      99
     101
     103
      85
      85
      98
      90
      87
     105
      87
     109
      89
      89
      98
     101
     102
      98
      98
      99
     110
      82
     103
      96
      98
     102
      88
      95
     102
      97
     109
     106
      98
     101
      75
      96
      90
      87
      89
      87
      88
      97
      96
     100
     108
      84
     111
      94
      99
     111
      77
      96
      82
     109
     107
      88
      95
      75
      94
      89
      96
     103
      95
     111
      79
      85
     124
     101
      92
     109
      93
      88
      99
      88
     102
      82
      94
     107
      86
      86
      76
      77
     105
      95
     103
      78
      94
      95
      85
      91
      97
      94
      81
      63
      66
      99
     119
     106
     101
      81
      93
      99
      79
      79
      80
      84
      97
     110
      93
      82
      91
      99
      83
      75
      86
      85
      79
      96
      75
      82
      83
      92
      94
     110
      98
      74
      87
      85
      93
      86
      76
      80
      95
      74
      88
      95
      87
      90
      99
      80
      90
      93
      79
      93
     104
      98
      80
      65
      94
      84
      94
      92
      92
      94
      89
      79
      97
      92
      86
      93
      74
      77
      91
      82
      83
      87
      74
      89
      84
      84
      94
      75
      77
      95
      90
      79
     102
      91
      82
      94
      81
     100
      84
      78
      79
      91
     107
      76
      92
      94
      80
      86
      78
      90
      76
      96
      83
      91
      78
      91
      88
      91
      90
      98
      96
      98
      75
      77
      83
      86
      84
      78
      87
      76
     101
      86
      77
      88
      84
      91
      86
      69
      77
      68
      85
      73
      76
      92
      81
      79
      79
      75
      89
      81
      75
      74
      82
      80
      76
     103
      78
      74
      95
     101
      69
      75
     102
      75
      95
      69
      91
      80
      86
      72
      90
      84
      96
      77
      93
      75
      89
      86
      90
      91
      90
      79
      97
      77
      75
      83
      80
      94
     103
      78
      69
      78
      89
      77
      94
      81
      86
      87
     103
      88
      79
      87
      78
     100
      85
      76
      69
      93
      72
      73
      88
      77
      83
      83
      88
      91
      83
      95
      76
     109
      93
      89
      70
      86
      95
      87
     100
      72
      76
      85
      82
      64
      81
      84
      82
      90
      82
      68
      74
      89
      75
      89
      75
      77
      86
      96
      93
      81
      83
      84
      86
      85
      71
      87
      86
      86
      81
      88
      89
      84
      67
      99
      70
      92
      72
      90
      83
      85
     116
      87
     103
      86
      75
      94
      72
      78
      68
      92
      78
      85
      75
      80
      76
      78
      77
      82
      89
      88
      76
      79
      79
      88
     106
      88
      85
      88
      89
      72
      83
      91
      85
      76
      74
      86
      79
      63
      93
      92
      92
      85
      64
      87
      78
      83
      83
      78
      76
      71
     100
      99
      73
      86
      94
      80
      94
      85
      79
      67
      89
      74
      71
      68
      78
      74
      75
      71
      78
      84
      80
      75
      88
      85
      82
      87
      86
      88
      86
      80
      89
      76
      78
      77
      94
      82
      97
      84
      89
      72
      91
      70
      83
      76
      74
      83
      80
      84
      75
      68
      77
      81
      75
      78
      82
      61
      73
      93
      89
      93
      72
      66
      82
      76
      71
      74
      88
      74
      85
      85
      90
      77
     102
      74
     106
      80
      71
      70
      65
      90
      82
      83
      78
      70
      73
      85
      79
      92
      76
      77
      75
      98
      82
      69
      90
      76
      86
      73
      87
      73
      64
      83
      76
      76
      88
      80
      69
      85
      82
      83
      81
      78
      81
      81
      72
      87
      77
      59
      91
      59
      83
      79
      96
      98
      77
      82
      75
      79
      89
      60
      67
      71
      85
      87
      79
      68
      88
      79
      75
      91
      84
      75
      75
      81
      68
      95
      88
      64
      83
      77
      84
      79
      80
      91
      70
      82
      81
      98
      75
      87
      69
      60
      84
      82
      88
      76
      79
      79
      82
      72
      68
      84
      66
      77
      82
      77
      68
      85
     104
      76
      82
      67
      87
     105
      82
      82
      85
      88
      86
      77
      82
      79
      80
      90
      93
      84
      76
      90
      76
     100
      90
      77
      86
      74
      75
      65
      75
      95
      81
      74
      83
      80
      92
      71
      86
      85
      75
      85
      74
      75
      94
      85
      78
      80
      87
      68
      80
      67
      68
      88
      85
      75
      91
      97
      83
      80
      92
      83
      83
      82
      87
      83
      93
      77
      74
      57
      83
      79
      86
      72
      71
      99
      99
      79
      76
      83
      80
      80
      81
      73
      71
      82
      85
      77
     102
      60
      91
      71
      80
      90
      84
      84
      95
      76
      79
      68
      71
      87
      87
      72
      77
      81
      79
      75
      82
      82
      84
      87
      97
      72
      98
      79
      88
      80
      64
      74
      80
      74
      89
      90
      65
      75
      85
      79
      86
      80
      75
      80
      95
      89
      82
      80
      93
      78
      95
      78
      83
      86
      84
      92
      63
      84
      87
     100
      83
      72
      69
      84
      76
      84
      81
      90
      84
      67
      89
      81
      79
      83
      79
      86
     100
      87
      83
      95
      73
      64
      88
      90
      74
      79
      65
      75
      73
      89
      88
      86
      72
      87
      84
      87
      93
      82
      77
     107
      98
      82
      76
      84
      81
      74
      92
      68
      85
      81
      68
      80
      80
      71
      70
      87
     102
      90
      88
      61
      75
      81
      76
      93
     103
      80
      96
      88
      76
      71
      82
      86
      85
      82
      84
      71
      85
     103
      68
      69
      88
      81
      72
      80
      88
      76
      85
      68
      90
      80
      84
      91
      87
      80
      71
      89
      89
      87
      83
     100
      87
      85
      77
      75
      83
      91
      89
      88
      82
      89
      78
      86
      92
      76
      72
      89
      91
      92
      81
      78
      87
      81
      91
      95
      69
      85
      66
      78
      77
      87
      94
      86
      98
      93
      95
      82
      86
      72
      80
      68
      89
      88
      86
      75
      74
      77
     106
      89
      74
      87
      82
      91
      79
      85
      86
      93
      67
      83
      79
      99
      75
      96
      80
      81
      98
      90
     100
     103
     108
      98
      89
      93
      87
     104
      86
      93
      78
      82
      88
     102
      93
      98
      87
      82
      88
     104
      86
      99
      87
      99
      98
      95
     115
      91
     108
      84
      76
     113
      95
      86
     100
      94
      98
     104
     103
      99
      98
     100
     105
     104
     105
      94
     119
     106
     110
      97
      91
     115
      84
      95
      88
     107
     101
      95
     109
      87
      87
      92
      97
      85
      87
     105
     105
     105
      91
     117
     112
     105
     106
      97
     109
     116
     101
     121
     103
     122
     116
     129
     136
     119
     132
     128
     151
     140
     156
     143
     118
     133
     143
     153
     193
     186
     159
     228
     179
     222
     235
     236
     226
     256
     301
     303
     357
     396
     412
     461
     540
     602
     648
     766
     858
     957
    1056
    1182
    1505
    1680
    2015
    2326
    2689
    3067
    3550
    4107
    4692
    5226
    5874
    6604
    7501
    8109
    8768
    9467
   10240
   10767
   11068
   11608
   12173
   12438
   12717
   12749
   12817
   12766
   12670
   12601
   12380
   12151
   11628
   11134
   10580
   10038
    9665
    8785
    8081
    7476
    6682
    5960
    5315
    4625
    4020
    3242
    2729
    2291
    2026
    1550
    1290
    1094
     910
     767
     649
     554
     451
     371
     378
     309
     316
     219
     221
     237
     203
     190
     163
     149
     150
     147
     156
     104
     123
     112
     118
      92
     104
      92
      80
      80
     101
      84
      93
      77
      89
      79
      80
      77
      74
      74
      92
      66
      63
      76
      64
      62
      65
      71
      76
      60
      53
      54
      60
      65
      56
      68
      52
      70
      75
      57
      79
      69
      76
      61
      52
      61
      65
      75
      65
      67
      70
      69
      76
      58
      53
      36
      55
      59
      74
      47
      56
      54
      61
      67
      52
      50
      58
      57
      52
      63
      65
      44
      54
      64
      63
      47
      64
      64
      68
      61
      61
      47
      63
      48
      48
      54
      54
      66
      65
      54
      62
      56
      50
      52
      52
      78
      59
      47
      48
      50
      57
      46
      56
      54
      53
      70
      47
      64
      54
      58
      44
      55
      57
      49
      67
      45
      54
      52
      58
      43
      48
      53
      53
      50
      48
      56
      49
      49
      49
      54
      49
      54
      57
      48
      71
      40
      47
      51
      39
      46
      54
      45
      53
      43
      49
      45
      51
      50
      48
      62
      51
      48
      44
      47
      47
      56
      43
      53
      51
      51
      51
      53
      57
      64
      52
      47
      35
      37
      57
      35
      46
      49
      55
      54
      51
      51
      52
      48
      50
      42
      45
      54
      50
      49
      42
      59
      44
      43
      58
      54
      36
      39
      52
      49
      45
      43
      42
      60
      53
      47
      49
      40
      45
      46
      42
      40
      55
      43
      47
      41
      47
      49
      46
      42
      42
      40
      58
      60
      43
      45
      39
      41
      40
      36
      56
      41
      35
      36
      46
      40
      54
      48
      43
      47
      52
      40
      50
      53
      40
      42
      45
      38
      52
      50
      48
      40
      41
      36
      52
      43
      41
      41
      40
      34
      42
      39
      53
      52
      36
      49
      53
      51
      38
      41
      48
      56
      42
      44
      34
      49
      44
      44
      39
      50
      43
      54
      39
      34
      54
      40
      41
      43
      49
      40
      45
      30
      49
      49
      42
      44
      32
      32
      48
      40
      52
      42
      42
      40
      48
      47
      51
      39
      40
      45
      31
      44
      56
      38
      41
      38
      40
      36
      40
      44
      46
      41
      42
      37
      52
      37
      40
      47
      48
      31
      43
      32
      39
      44
      50
      42
      42
      55
      50
      55
      44
      39
      38
      44
      43
      54
      48
      44
      39
      35
      46
      42
      51
      40
      44
      47
      34
      35
      56
      48
      45
      45
      38
      31
      43
      47
      55
      31
      43
      40
      37
      41
      56
      33
      38
      40
      25
      32
      37
      44
      50
      53
      47
      48
      52
      37
      39
      42
      45
      56
      51
      38
      36
      44
      46
      48
      45
      51
      54
      27
      41
      58
      37
      43
      43
      49
      42
      46
      42
      35
      38
      44
      41
      40
      40
      32
      37
      39
      38
      45
      41
      41
      43
      37
      33
      60
      47
      45
      33
      45
      50
      33
      47
      37
      44
      43
      36
      38
      41
      39
      52
      37
      34
      35
      45
      54
      37
      51
      54
      40
      45
      36
      47
      42
      42
      44
      40
      41
      31
      41
      44
      46
      43
      38
      46
      30
      40
      30
      50
      47
      33
      40
      53
      42
      50
      39
      40
      39
      44
      39
      50
      47
      33
      48
      34
      48
      41
      43
      38
      35
      50
      58
      59
      49
      44
      31
      32
      46
      41
      54
      35
      34
      48
      28
      46
      35
      38
      38
      41
      28
      36
      50
      35
      41
      41
      46
      43
      36
      37
      42
      43
      32
      44
      52
      42
      42
      49
      45
      36
      46
      44
      36
      47
      46
      53
      48
      34
      43
      40
      52
      43
      41
      46
      31
      39
      43
      47
      44
      29
      41
      42
      37
      36
      39
      41
      38
      45
      40
      38
      41
      46
      38
      40
      43
      43
      31
      52
      47
      53
      39
      36
      42
      37
      39
      32
      42
      43
      41
      56
      36
      35
      37
      42
      42
      34
      31
      37
      37
      38
      37
      56
      33
      44
      32
      41
      35
      46
      45
      51
      45
      43
      47
      41
      48
      50
      30
      25
      38
      46
      48
      50
      39
      47
      36
      39
      38
      39
      43
      43
      46
      39
      41
      29
      29
      33
      28
      42
      36
      37
      39
      39
      31
      39
      38
      32
      41
      37
      38
      54
      41
      44
      41
      45
      37
      34
      36
      40
      31
      36
      39
      45
      30
      32
      40
      35
      38
      45
      38
      42
      41
      37
      42
      40
      37
      33
      44
      55
      37
      26
      44
      35
      51
      38
      43
      39
      43
      37
      46
      35
      48
      46
      43
      42
      57
      39
      46
      48
      40
      31
      58
      50
      46
      29
      39
      45
      42
      45
      45
      41
      41
      52
      39
      44
      39
      34
      39
      44
      44
      49
      34
      44
      41
      35
      43
      34
      37
      44
      48
      42
      44
      32
      46
      25
      47
      37
      30
      38
      53
      35
      42
      35
      43
      39
      42
      34
      31
      48
      50
      38
      36
      37
      30
      38
      38
      34
      45
      42
      45
      31
      50
      48
      41
      36
      29
      38
      27
      35
      42
      35
      40
      43
      37
      32
      39
      38
      44
      40
      39
      37
      35
      48
      33
      29
      44
      39
      42
      51
      36
      30
      42
      42
      48
      41
      46
      29
      44
      44
      39
      28
      32
      37
      30
      41
      47
      44
      34
      32
      44
      34
      27
      30
      33
      47
      35
      28
      35
      31
      46
      51
      39
      36
      47
      43
      33
      48
      28
      48
      34
      33
      46
      34
      35
      33
      40
      33
      45
      42
      41
      31
      42
      37
      38
      33
      33
      34
      38
      47
      40
      36
      39
      34
      39
      39
      41
      40
      40
      46
      34
      37
      42
      45
      35
      42
      46
      42
      36
      37
      32
      49
      36
      34
      30
      35
      43
      41
      32
      50
      57
      32
      39
      38
      33
      35
      47
      33
      44
      33
      35
      37
      29
      45
      47
      36
      32
      44
      40
      35
      47
      37
      31
      36
      36
      38
      38
      38
      42
      35
      50
      36
      31
      35
      35
      44
      39
      32
      40
      40
      31
      38
      33
      26
      44
      28
      32
      50
      43
      49
      41
      35
      30
      35
      37
      42
      39
      46
      40
      43
      57
      37
      37
      42
      28
      36
      37
      42
      47
      45
      42
      43
      48
      49
      38
      35
      44
      59
      49
      48
      48
      40
      43
      42
      50
      50
      42
      47
      41
      32
      45
      45
      42
      38
      39
      36
      35
      42
      37
      35
      36
      31
      41
      38
      35
      35
      39
      48
      36
      44
      41
      31
      35
      32
      48
      45
      38
      37
      39
      47
      31
      38
      37
      31
      42
      37
      39
      27
      38
      39
      42
      36
      36
      33
      33
      44
      38
      32
      44
      39
      46
      53
      34
      38
      50
      40
      34
      44
      41
      49
      42
      51
      39
      29
      35
      44
      40
      36
      49
      47
      39
      41
      45
      39
      48
      43
      33
      39
      37
      41
      33
      47
      46
      36
      38
      41
      33
      41
      46
      40
      51
      46
      45
      33
      38
      45
      36
      34
      47
      28
      45
      41
      44
      34
      35
      42
      43
      49
      29
      32
      40
      45
      33
      37
      41
      37
      30
      42
      33
      38
      33
      33
      43
      33
      29
      36
      42
      38
      27
      36
      44
      33
      31
      19
      29
      38
      38
      28
      43
      33
      32
      42
      44
      35
      42
      45
      36
      48
      35
      40
      43
      51
      35
      34
      28
      42
      44
      39
      36
      32
      45
      30
      41
      28
      36
      23
      30
      34
      36
      33
      59
      33
      39
      45
      33
      32
      41
      41
      42
      53
      40
      32
      37
      39
      40
      35
      44
      39
      36
      32
      45
      38
      41
      39
      23
      35
      43
      24
      31
      39
      43
      46
      35
      32
      39
      44
      27
      39
      36
      41
      48
      40
      44
      42
      41
      39
      43
      30
      51
      49
      29
      48
      33
      39
      37
      39
      27
      31
      28
      42
      48
      55
      32
      35
      44
      38
      44
      35
      42
      35
      25
      29
      36
      36
      38
      44
      42
      46
      31
      38
      37
      37
      35
      49
      32
      52
      38
      44
      36
      40
      42
      37
      44
      36
      35
      36
      35
      31
      40
      30
      42
      39
      51
      38
      41
      45
      39
      38
      49
      34
      42
      33
      33
      42
      35
      37
      43
      43
      43
      31
      60
      46
      52
      36
      49
      45
      42
      38
      37
      38
      41
      28
      44
      36
      40
      46
      41
      49
      37
      37
      34
      33
      41
      39
      27
      39
      47
      35
      50
      46
      36
      31
      34
      28
      35
      39
      29
      34
      43
      40
      41
      39
      49
      36
      42
      29
      43
      34
      49
      35
      28
      44
      37
      39
      49
      39
      28
      42
      39
      41
      28
      42
      40
      40
      42
      43
      39
      31
      44
      42
      43
      30
      27
      46
      38
      38
      43
      36
      29
      48
      33
      36
      41
      37
      35
      51
      36
      41
      33
      33
      36
      39
      49
      40
      40
      40
      43
      29
      44
      46
      47
      40
      32
      34
      32
      38
      37
      45
      43
      38
      39
      38
      37
      42
      36
      42
      48
      37
      50
      34
      38
      42
      35
      37
      35
      38
      35
      49
      38
      38
      32
      37
      51
      34
      38
      40
      41
      43
      41
      37
      39
      34
      33
      33
      33
      38
      33
      31
      34
      46
      51
      45
      51
      39
      36
      45
      34
      34
      23
      47
      38
      46
      42
      42
      41
      37
      40
      35
      34
      44
      41
      27
      44
      32
      37
      43
      40
      38
      32
      31
      34
      36
      39
      39
      38
      36
      36
      34
      32
      34
      40
      31
      40
      41
      31
      41
      31
      28
      33
      33
      31
      47
      38
      39
      37
      37
      47
      40
      28
      33
      38
      36
      37
      46
      54
      48
      45
      34
      42
      43
      45
      48
      38
      46
      41
      38
      34
      38
      38
      45
      38
      31
      53
      47
      42
      44
      32
      44
      51
      42
      37
      29
      34
      41
      36
      35
      35
      37
      35
      48
      40
      36
      38
      32
      49
      32
      33
      40
      39
      29
      42
      50
      43
      37
      28
      32
      48
      38
      37
      50
      36
      30
      43
      36
      36
      39
      39
      39
      42
      37
      29
      43
      32
      37
      35
      35
      32
      33
      42
      36
      41
      29
      32
      41
      47
      41
      45
      38
      40
      32
      32
      41
      49
      27
      29
      33
      46
      45
      24
      44
      28
      37
      39
      30
      37
      49
      37
      32
      40
      28
      33
      44
      38
      39
      37
      39
      41
      43
      39
      35
      46
      40
      38
      40
      54
      33
      30
      32
      30
      43
      43
      40
      40
      48
      43
      34
      31
      36
      44
      39
      32
      26
      32
      43
      38
      38
      40
      37
      40
      41
      37
      53
      48
      46
      37
      46
      55
      34
      33
      36
      40
      41
      41
      37
      45
      36
      36
      30
      36
      40
      40
      28
      51
      35
      42
      39
      43
      32
      32
      45
      36
      36
      36
      48
      35
      42
      47
      47
      26
      35
      33
      34
      38
      38
      36
      37
      34
      40
      31
      51
      37
      24
      34
      49
      36
      55
      35
      32
      38
      42
      48
      25
      46
      47
      48
      49
      36
      38
      32
      42
      30
      42
      36
      49
      35
      40
      41
      36
      47
      45
      50
      35
      50
      37
      43
      43
      41
      50
      30
      35
      41
      42
      27
      38
      32
      46
      44
      49
      43
      36
      47
      24
      47
      43
      36
      42
      56
      34
      46
      44
      42
      46
      32
      48
      28
      38
      44
      37
      46
      28
      51
      43
      51
      44
      42
      47
      30
      42
      36
      33
      40
      40
      46
      41
      36
      38
      40
      46
      40
      41
      42
      41
      37
      32
      50
      39
      40
      36
      42
      46
      41
      35
      34
      46
      48
      44
      31
      35
      26
      45
      46
      44
      37
      36
      45
      39
      38
      48
      34
      44
      35
      41
      44
      37
      39
      46
      42
      35
      34
      43
      31
      37
      42
      53
      38
      32
      30
      45
      48
      39
      39
      33
      38
      41
      41
      48
      44
      33
      48
      36
      44
      40
      30
      31
      29
      41
      33
      38
      41
      34
      27
      37
      37
      37
      37
      37
      49
      30
      39
      33
      41
      39
      42
      49
      32
      50
      39
      43
      41
      39
      26
      60
      40
      44
      45
      35
      39
      45
      35
      36
      29
      38
      23
      29
      31
      37
      37
      36
      34
      35
      33
      37
      44
      33
      32
      38
      41
      36
      45
      42
      43
      34
      41
      36
      40
      51
      36
      41
      35
      28
      35
      37
      50
      35
      35
      32
      29
      41
      31
      40
      38
      35
      52
      44
      38
      29
      39
      47
      39
      45
      37
      36
      41
      50
      46
      33
      35
      50
      51
      37
      35
      45
      47
      32
      41
      27
      38
      39
      30
      32
      48
      44
      35
      44
      30
      42
      43
      45
      39
      51
      35
      29
      41
      32
      36
      49
      40
      34
      33
      36
      43
      31
      40
      32
      37
      38
      33
      37
      41
      42
      38
      33
      35
      26
      49
      37
      36
      40
      43
      35
      29
      51
      39
      39
      50
      32
      33
      30
      39
      41
      50
      37
      33
      31
      37
      33
      34
      50
      27
      38
      21
      39
      40
      33
      39
      44
      41
      46
      36
      34
      43
      44
      31
      39
      44
      34
      32
      46
      40
      35
      35
      37
      43
      43
      41
      42
      47
      44
      31
      44
      29
      33
      36
      35
      55
      39
      39
      35
      35
      28
      45
      34
      32
      42
      33
      38
      34
      34
      42
      41
      41
      37
      40
      43
      31
      31
      45
      36
      47
      56
      34
      39
      38
      37
      36
      40
      43
      51
      34
      40
      41
      27
      31
      32
      39
      34
      27
      48
      35
      56
      45
      46
      41
      33
      35
      39
      49
      29
      39
      37
      37
      30
      40
      34
      29
      52
      30
      46
      46
      45
      42
      39
      46
      41
      38
      43
      35
      35
      34
      38
      43
      35
      41
      40
      39
      26
      47
      41
      44
      35
      36
      44
      34
      50
      35
      49
      31
      47
      45
      44
      31
      51
      31
      40
      36
      41
      42
      45
      41
      30
      38
      41
      38
      47
      45
      43
      35
      45
      43
      48
      54
      51
      39
      42
      42
      41
      42
      48
      44
      31
      33
      39
      42
      36
      43
      35
      47
      38
      45
      37
      35
      40
      32
      44
      49
      40
      51
      31
      35
      32
      34
      39
      47
      52
      37
      45
      39
      34
      41
      41
      37
      53
      40
      40
      41
      38
      39
      42
      46
      25
      42
      33
      33
      51
      47
      28
      46
      35
      36
      40
      46
      38
      46
      48
      36
      37
      44
      31
      38
      33
      36
      32
      34
      39
      29
      47
      29
      40
      36
      31
      31
      48
      44
      46
      32
      44
      50
      27
      34
      36
      38
      43
      42
      49
      39
      31
      37
      41
      44
      51
      39
      49
      39
      39
      43
      42
      33
      41
      41
      27
      37
      33
      50
      39
      37
      33
      33
      37
      31
      44
      47
      43
      41
      38
      42
      52
      41
      37
      35
      33
      39
      44
      24
      45
      37
      39
      44
      46
      43
      50
      47
      49
      47
      32
      41
      40
      40
      45
      43
      39
      40
      53
      42
      37
      46
      33
      42
      41
      42
      37
      32
      45
      45
      41
      43
      42
      31
      47
      47
      42
      39
      49
      39
      36
      35
      31
      70
      42
      42
      45
      24
      42
      35
      45
      39
      46
      49
      37
      40
      32
      40
      30
      39
      41
      44
      47
      35
      38
      42
      39
      48
      43
      48
      41
      48
      39
      41
      44
      33
      40
      47
      34
      44
      47
      33
      24
      40
      30
      38
      40
      36
      35
      47
      37
      43
      34
      45
      45
      37
      53
      41
      36
      42
      38
      29
      33
      53
      35
      34
      45
      29
      40
      42
      43
      39
      44
      34
      31
      34
      32
      35
      44
      43
      42
      45
      42
      36
      33
      37
      40
      35
      40
      38
      36
      34
      41
      47
      38
      38
      45
      38
      48
      46
      40
      39
      47
      45
      39
      34
      30
      44
      46
      40
      35
      42
      42
      46
      42
      32
      45
      41
      43
      38
      32
      36
      33
      46
      33
      39
      41
      45
      50
      38
      33
      38
      43
      45
      43
      50
      48
      42
      32
      37
      45
      39
      37
      37
      39
      42
      40
      42
      37
      37
      46
      45
      30
      43
      31
      34
      42
      47
      36
      27
      39
      27
      34
      31
      45
      39
      39
      52
      41
      41
      46
      44
      46
      44
      43
      38
      58
      47
      39
      41
      48
      49
      57
      48
      56
      46
      45
      53
      47
      52
      47
      37
      44
      43
      43
      38
      51
      54
      52
      35
      43
      37
      44
      36
      43
      48
      41
      46
      40
      45
      47
      52
      43
      40
      34
      39
      47
      42
      41
      32
      37
      42
      46
      38
      36
      44
      44
      34
      39
      34
      36
      44
      40
      40
      34
      40
      53
      31
      45
      49
      34
      46
      37
      41
      36
      44
      40
      44
      45
      38
      44
      43
      41
      34
      46
      38
      39
      42
      31
      43
      42
      50
      49
      40
      37
      36
      42
      32
      35
      40
      46
      25
      39
      49
      46
      50
      46
      46
      41
      49
      48
      32
      48
      28
      32
      36
      43
      33
      40
      36
      43
      36
      42
      37
      34
      52
      29
      39
      39
      35
      45
      33
      32
      48
      36
      38
      35
      37
      33
      34
      32
      31
      31
      44
      45
      39
      32
      29
      39
      41
      43
      32
      49
      40
      56
      39
      37
      51
      52
      40
      36
      36
      38
      33
      42
      46
      44
      42
      36
      38
      29
      41
      49
      35
      39
      40
      55
      43
      36
      30
      38
      33
      38
      38
      40
      44
      43
      42
      45
      39
      40
      25
      36
      34
      57
      40
      39
      39
      44
      43
      40
      34
      41
      38
      30
      49
      42
      37
      45
      30
      39
      42
      38
      45
      45
      47
      45
      48
      32
      44
      46
      47
      35
      52
      29
      38
      51
      30
      40
      40
      40
      41
      49
      38
      41
      31
      39
      47
      40
      48
      46
      32
      35
      45
      49
      43
      40
      34
      35
      44
      44
      41
      39
      38
      34
      48
      31
      43
      37
      47
      39
      39
      42
      42
      47
      41
      51
      40
      32
      47
      39
      46
      36
      43
      39
      42
      34
      51
      42
      52
      43
      45
      39
      38
      37
      30
      47
      51
      34
      40
      42
      35
      46
      36
      40
      44
      41
      35
      45
      52
      46
      38
      31
      34
      45
      37
      37
      45
      46
      53
      39
      26
      40
      30
      35
      40
      35
      47
      33
      41
      39
      32
      41
      42
      45
      43
      34
      30
      40
      35
      50
      49
      46
      39
      46
      36
      44
      34
      45
      33
      34
      31
      34
      53
      48
      47
      38
      45
      38
      47
      30
      45
      35
      35
      38
      20
      37
      40
      41
      38
      29
      42
      31
      34
      53
      34
      42
      51
      60
      37
      38
      39
      35
      36
      30
      46
      47
      43
      38
      42
      42
      43
      38
      35
      36
      41
      42
      44
      40
      33
      37
      50
      45
      48
      41
      36
      36
      52
      34
      54
      37
      38
      42
      36
      42
      48
      36
      29
      32
      34
      44
      50
      49
      48
      41
      33
      43
      30
      55
      36
      35
      47
      50
      41
      38
      41
      46
      50
      53
      40
      43
      33
      43
      41
      46
      38
      52
      37
      43
      31
      34
      48
      53
      50
      40
      49
      47
      43
      40
      50
      40
      38
      38
      43
      44
      30
      36
      50
      49
      34
      36
      46
      44
      33
      39
      40
      47
      56
      51
      42
      38
      52
      52
      40
      36
      38
      44
      49
      60
      34
      33
      36
      30
      40
      48
      45
      44
      47
      33
      49
      40
      42
      34
      48
      51
      33
      35
      45
      51
      36
      39
      39
      43
      50
      37
      49
      44
      47
      48
      28
      40
      35
      39
      45
      47
      34
      41
      34
      59
      37
      33
      39
      42
      47
      25
      46
      34
      44
      43
      47
      41
      45
      43
      45
      48
      46
      35
      36
      49
      29
      45
      44
      47
      56
      51
      37
      40
      50
      41
      38
      51
      34
      45
      34
      34
      64
      54
      43
      41
      38
      30
      46
      32
      42
      55
      40
      49
      51
      44
      38
      33
      53
      44
      42
      39
      56
      50
      46
      33
      51
      30
      44
      48
      40
      35
      39
      31
      37
      43
      44
      51
      42
      37
      46
      34
      57
      37
      41
      48
      42
      39
      39
      36
      43
      43
      42
      42
      43
      36
      41
      49
      31
      40
      46
      62
      44
      33
      44
      42
      44
      44
      45
      49
      39
      57
      57
      40
      42
      38
      43
      44
      46
      40
      37
      35
      53
      36
      47
      36
      41
      40
      52
      30
      36
      48
      38
      43
      47
      40
      49
      48
      50
      45
      46
      51
      45
      43
      30
      46
      39
      41
      32
      50
      40
      39
      38
      40
      44
      48
      44
      34
      39
      34
      48
      46
      38
      43
      39
      44
      52
      45
      44
      47
      42
      42
      41
      47
      44
      56
      46
      39
      32
      46
      52
      54
      37
      41
      38
      39
      31
      43
      51
      44
      58
      40
      30
      44
      48
      38
      49
      39
      49
      36
      33
      42
      31
      43
      37
      40
      40
      37
      43
      30
      40
      35
      40
      37
      42
      46
      54
      38
      45
      29
      41
      50
      50
      46
      47
      39
      53
      47
      40
      40
      34
      32
      48
      52
      50
      37
      46
      51
      39
      48
      31
      34
      46
      44
      45
      44
      47
      42
      55
      41
      35
      36
      29
      39
      44
      55
      49
      42
      30
      41
      34
      30
      43
      45
      48
      51
      49
      43
      46
      33
      37
      44
      44
      31
      49
      49
      49
      42
      40
      58
      51
      47
      35
      47
      45
      47
      47
      36
      41
      42
      43
      33
      45
      42
      44
      43
      48
      53
      39
      48
      41
      43
      36
      33
      34
      37
      50
      56
      46
      44
      48
      36
      46
      43
      47
      55
      35
      47
      42
      43
      41
      38
      48
      42
      46
      44
      47
      45
      33
      43
      52
      53
      35
      34
      36
      52
      50
      46
      50
      42
      34
      49
      48
      43
      32
      46
      53
      42
      43
      49
      39
      39
      39
      35
      38
      49
      41
      46
      45
      52
      37
      39
      38
      46
      29
      36
      48
      33
      51
      50
      41
      56
      53
      45
      56
      44
      48
      46
      40
      45
      45
      48
      40
      49
      44
      50
      40
      43
      48
      47
      38
      43
      43
      42
      50
      50
      54
      42
      36
      38
      49
      50
      33
      42
      37
      41
      41
      49
      49
      37
      41
      62
      48
      56
      45
      52
      44
      42
      34
      58
      44
      46
      44
      47
      54
      40
      42
      39
      37
      42
      47
      59
      38
      37
      41
      46
      48
      54
      48
      54
      49
      45
      29
      43
      46
      60
      54
      41
      33
      47
      39
      46
      34
      48
      45
      45
      39
      50
      39
      46
      36
      48
      36
      39
      46
      37
      45
      45
      45
      47
      46
      37
      46
      35
      46
      47
      46
      39
      48
      43
      26
      44
      45
      44
      35
      32
      35
      44
      49
      47
      46
      52
      37
      43
      42
      52
      55
      54
      48
      42
      45
      47
      51
      48
      30
      46
      45
      44
      49
      54
      48
      42
      57
      44
      43
      46
      41
      49
      43
      48
      42
      36
      51
      41
      42
      51
      46
      37
      49
      42
      49
      41
      42
      40
      42
      38
      39
      58
      47
      37
      56
      48
      49
      41
      44
      40
      44
      59
      52
      38
      46
      41
      43
      44
      51
      41
      44
      39
      50
      49
      45
      31
      39
      40
      40
      48
      41
      40
      45
      51
      52
      46
      39
      51
      44
      58
      38
      46
      46
      50
      32
      51
      45
      55
      41
      33
      50
      54
      40
      52
      47
      40
      35
      44
      43
      43
      46
      54
      41
      30
      39
      46
      49
      49
      42
      47
      50
      49
      38
      44
      40
      47
      36
      33
      39
      40
      42
      49
      38
      42
      48
      51
      56
      36
      57
      35
      40
      47
      46
      42
      52
      43
      37
      38
      36
      56
      47
      47
      40
      40
      45
      47
      42
      49
      36
      42
      46
      51
      53
      40
      48
      39
      48
      51
      32
      41
      44
      48
      45
      40
      47
      49
      55
      46
      37
      51
      48
      45
      53
      46
      52
      48
      35
      58
      58
      47
      46
      43
      48
      50
      58
      52
      52
      61
      41
      40
      49
      37
      47
      52
      36
      40
      46
      44
      53
      52
      46
      41
      33
      44
      41
      46
      32
      35
      29
      37
      53
      56
      39
      41
      59
      35
      50
      58
      50
      42
      51
      48
      41
      37
      39
      48
      42
      36
      41
      35
      34
      53
      46
      39
      42
      44
      52
      54
      47
      51
      47
      48
      56
      49
      48
      53
      64
      60
      43
      44
      37
      43
      55
      51
      36
      48
      47
      47
      44
      50
      50
      48
      45
      57
      40
      56
      55
      44
      37
      33
      40
      50
      56
      52
      51
      43
      57
      45
      35
      61
      43
      42
      34
      50
      48
      54
      56
      45
      40
      54
      48
      36
      43
      67
      36
      54
      55
      42
      37
      49
      50
      57
      46
      42
      57
      35
      52
      46
      39
      45
      56
      44
      57
      49
      35
      54
      42
      48
      54
      50
      39
      44
      47
      63
      41
      46
      49
      53
      42
      56
      56
      44
      61
      52
      42
      40
      45
      33
      45
      33
      52
      49
      38
      39
      51
      39
      36
      49
      44
      56
      47
      46
      47
      43
      47
      34
      49
      46
      56
      38
      56
      47
      53
      52
      44
      48
      46
      41
      49
      55
      46
      41
      58
      52
      50
      45
      39
      36
      46
      42
      44
      47
      45
      48
      52
      44
      48
      48
      52
      49
      54
      58
      47
      45
      35
      49
      46
      44
      33
      46
      52
      56
      56
      38
      41
      47
      52
      59
      45
      53
      60
      46
      49
      41
      55
      37
      49
      45
      51
      67
      37
      53
      47
      45
      53
      55
      51
      39
      44
      50
      48
      44
      44
      44
      40
      51
      55
      56
      50
      42
      44
      41
      46
      53
      48
      57
      61
      44
      64
      38
      44
      47
      40
      43
      52
      47
      50
      46
      55
      55
      48
      44
      42
      46
      44
      39
      41
      66
      43
      50
      40
      35
      48
      40
      41
      46
      43
      39
      58
      50
      57
      45
      53
      42
      53
      42
      66
      49
      53
      55
      49
      46
      50
      46
      47
      44
      63
      36
      55
      44
      51
      42
      61
      34
      64
      50
      35
      41
      54
      52
      57
      48
      58
      43
      53
      45
      52
      52
      52
      66
      46
      47
      48
      49
      54
      39
      45
      51
      57
      44
      36
      49
      50
      46
      52
      57
      57
      42
      36
      33
      54
      42
      42
      42
      49
      43
      46
      52
      59
      63
      42
      63
      39
      51
      49
      46
      50
      65
      50
      41
      55
      28
      64
      52
      48
      57
      42
      47
      56
      48
      44
      43
      52
      42
      41
      67
      64
      48
      44
      53
      46
      57
      43
      50
      51
      51
      34
      37
      49
      44
      49
      55
      50
      48
      58
      50
      52
      45
      55
      54
      49
      58
      59
      71
      42
      61
      45
      45
      45
      59
      38
      54
      58
      43
      57
      52
      45
      47
      55
      64
      49
      47
      49
      50
      49
      54
      56
      50
      36
      53
      59
      47
      45
      63
      40
      51
      67
      47
      52
      65
      51
      58
      51
      51
      55
      52
      58
      60
      56
      59
      44
      53
      50
      46
      37
      44
      48
      64
      52
      50
      54
      47
      47
      53
      58
      56
      43
      39
      48
      51
      50
      41
      59
      60
      68
      45
      50
      57
      46
      48
      59
      45
      49
      44
      47
      47
      50
      59
      47
      48
      58
      59
      51
      53
      52
      52
      56
      49
      56
      47
      52
      41
      63
      57
      50
      59
      51
      50
      40
      45
      45
      56
      52
      48
      48
      57
      54
      61
      51
      57
      41
      60
      61
      48
      45
      59
      57
      49
      56
      56
      36
      55
      57
      48
      56
      45
      46
      66
      45
      47
      52
      50
      56
      73
      49
      46
      49
      58
      41
      50
      61
      53
      67
      45
      56
      51
      51
      55
      70
      62
      41
      53
      64
      47
      45
      54
      66
      55
      50
      49
      58
      47
      45
      42
      46
      56
      51
      63
      49
      57
      55
      42
      59
      46
      55
      47
      47
      51
      50
      51
      55
      46
      68
      68
      57
      52
      45
      33
      63
      55
      38
      39
      52
      51
      50
      48
      44
      42
      53
      64
      49
      48
      51
      66
      46
      45
      55
      54
      57
      52
      47
      52
      57
      49
      51
      44
      55
      54
      46
      51
      48
      50
      55
      52
      66
      64
      54
      56
      57
      60
      55
      42
      55
      49
      51
      67
      45
      69
      56
      50
      52
      71
      57
      62
      59
      47
      47
      53
      47
      46
      57
      45
      60
      53
      48
      60
      65
      42
      65
      48
      55
      52
      56
      66
      44
      54
      55
      43
      57
      49
      45
      51
      62
      55
      48
      64
      48
      57
      53
      63
      46
      70
      54
      54
      60
      60
      58
      35
      43
      51
      76
      43
      48
      52
      66
      53
      55
      47
      54
      66
      48
      57
      64
      55
      40
      44
      51
      50
      44
      44
      46
      46
      49
      65
      60
      60
      58
      50
      49
      51
      51
      59
      58
      52
      54
      45
      48
      54
      43
      47
      51
      48
      53
      54
      57
      66
      49
      44
      49
      36
      56
      61
      55
      44
      65
      44
      59
      45
      53
      53
      60
      65
      68
      46
      50
      49
      52
      55
      67
      60
      55
      69
      55
      51
      59
      67
      65
      61
      60
      57
      67
      49
      58
      62
      56
      63
      46
      53
      50
      56
      67
      46
      55
      57
      58
      66
      55
      73
      47
      60
      55
      62
      60
      59
      57
      47
      57
      45
      54
      60
      61
      51
      57
      48
      54
      60
      62
      56
      50
      51
      70
      69
      50
      60
      68
      51
      52
      58
      68
      54
      50
      56
      61
      59
      67
      58
      54
      66
      52
      56
      59
      52
      51
      67
      68
      56
      53
      51
      59
      54
      57
      66
      49
      58
      63
      64
      68
      60
      41
      60
      62
      59
      64
      52
      48
      63
      70
      59
      66
      65
      61
      68
      38
      62
      50
      68
      57
      67
      56
      69
      78
      52
      57
      60
      73
      62
      74
      59
      50
      48
      55
      66
      59
      61
      67
      70
      59
      48
      58
      56
      48
      60
      48
      51
      54
      56
      60
      62
      67
      61
      68
      51
      48
      47
      56
      58
      65
      57
      65
      62
      70
      62
      55
      56
      55
      56
      67
      68
      62
      58
      53
      65
      65
      58
      60
      66
      60
      62
      58
      63
      52
      60
      53
      44
      69
      50
      53
      52
      65
      59
      60
      50
      72
      67
      75
      56
      44
      54
      56
      44
      54
      64
      64
      83
      65
      67
      59
      61
      58
      71
      63
      53
      64
      56
      44
      65
      55
      62
      55
      71
      56
      67
      63
      65
      46
      56
      57
      63
      55
      51
      56
      47
      67
      60
      49
      59
      53
      53
      65
      61
      54
      57
      62
      66
      66
      50
      63
      67
      57
      62
      61
      65
      44
      53
      59
      69
      60
      57
      69
      64
      49
      51
      66
      60
      43
      53
      55
      60
      55
      69
      58
      63
      69
      61
      66
      71
      58
      66
      63
      56
      64
      78
      68
      66
      69
      53
      70
      63
      49
      53
      62
      51
      57
      69
      64
      61
      64
      54
      72
      64
      71
      69
      65
      73
      79
      49
      57
      41
      71
      65
      64
      60
      81
      67
      65
      46
      67
      70
      65
      86
      60
      68
      57
      51
      56
      57
      53
      73
      60
      53
      53
      67
      66
      60
      63
      58
      71
      55
      59
      63
      76
      74
      60
      54
      54
      71
      66
      70
      58
      72
      55
      66
      66
      70
      77
      59
      50
      71
      54
      64
      53
      41
      60
      70
      68
      62
      73
      58
      79
      52
      54
      65
      72
      75
      73
      70
      58
      81
      66
      80
      57
      72
      57
      62
      65
      62
      69
      66
      65
      75
      70
      59
      58
      56
      63
      52
      71
      65
      73
      65
      66
      69
      51
      75
      60
      69
      57
      51
      64
      66
      59
      58
      73
      67
      81
      64
      83
      64
      67
      56
      64
      76
      65
      62
      75
      65
      59
      66
      63
      75
      52
      64
      62
      53
      67
      69
      62
      63
      70
      51
      63
      48
      65
      70
      65
      65
      68
      76
      63
      77
      67
      70
      67
      57
      64
      64
      71
      57
      64
      71
      70
      77
      72
      48
      74
      66
      68
      73
      69
      63
      77
      60
      71
      62
      54
      61
      57
      70
      65
      67
      70
      67
      66
      81
      66
      72
      66
      62
      62
      53
      67
      60
      70
      71
      73
      76
      67
      61
      87
      74
      62
      61
      73
      74
      70
      56
      62
      77
      73
      68
      65
      64
      75
      73
      65
      57
      73
      72
      60
      80
      75
      58
      72
      79
      50
      66
      90
      59
      73
      61
      74
      72
      59
      62
      80
      51
      59
      72
      81
      64
      66
      75
      72
      76
      75
      67
      79
      62
      69
      86
      62
      76
      59
      72
      64
      86
      66
      82
      58
      66
      92
      78
      77
      62
      76
      84
      66
      66
      75
      71
      79
      89
      77
      76
      57
      62
      87
      79
      80
      74
      76
      77
      80
      76
      72
      78
      74
      74
      85
      64
      77
      74
      71
      90
      80
      85
      76
      67
      94
      62
      75
      85
      65
      71
      68
      86
      85
      99
      79
      67
      93
      94
      74
      61
      89
      79
      97
      92
      81
      85
      78
      71
      90
      83
      80
      73
      89
      93
      80
      95
      74
      71
      70
      84
      86
      72
      88
      87
      76
      89
      76
      89
      80
      82
      90
      70
      70
      77
      75
      72
      88
      84
      76
      88
      86
      70
      65
      70
      75
      69
      92
      70
      90
      83
      75
      87
      83
      69
      70
      83
      83
      59
      76
      80
      88
      65
      74
      76
      86
      72
      69
      88
      71
      76
      83
      95
      77
      66
      69
      78
      93
      88
      63
      77
      84
      90
      88
      71
      61
      83
      70
      90
      85
      78
      80
      73
      81
      77
      87
      70
      76
      80
      82
      68
      84
      93
      78
      79
      75
      73
      79
      92
      75
      81
      72
      65
      81
      84
      75
      80
      68
      66
      81
      70
      81
      83
      91
      70
      84
      64
      72
      61
      90
      91
      75
      75
      72
      89
      71
      74
      83
      70
      71
      74
     102
      97
      85
      73
     107
      63
      68
      76
      89
      81
      87
      67
      81
      76
      72
      73
      85
      93
      80
      80
      66
      70
      68
      89
      87
      92
      85
      81
      85
      80
      86
      85
      74
      80
      65
      78
      74
      75
      79
     102
      81
      81
      73
      68
      74
      83
      94
     100
      94
      82
      70
      90
      79
     101
      99
      89
      71
      80
      74
      87
      91
      72
      74
      91
      81
      79
      83
      72
      90
      83
      82
      83
      85
      79
      72
      87
      83
      82
      93
      84
      84
      84
      79
      62
      92
     102
      76
      82
      87
      77
      84
      92
      83
      79
      88
      85
      77
      88
      81
      85
      81
      85
      96
      81
      98
      84
      92
      88
      92
      97
      68
      77
      76
      89
      86
      89
      72
      80
      97
      78
      96
      99
      70
      91
      91
      88
      84
      91
      76
      94
      80
      84
      82
      90
      84
      64
      74
     102
      73
      92
      89
      91
      99
      84
      93
      78
      76
      86
      88
      86
      85
      73
      88
      87
      86
      67
      93
     101
      84
      79
      86
      89
      78
      91
      87
      81
      85
      90
      91
      81
      75
      87
      72
      79
      85
      94
      82
      84
      74
      87
      80
      87
      80
      89
      92
      90
      84
      81
      69
      92
      90
      75
      93
      69
      82
      83
      81
      90
      93
     102
      96
      96
      91
      71
      89
      89
      86
      88
      77
      65
     102
      93
      78
      88
      97
      74
      85
      94
      84
      92
      80
      82
      71
      90
      67
      87
      86
      85
      85
      81
      78
      80
      88
      89
      76
      88
      76
      92
      80
      93
      81
      98
      92
      85
     100
      79
      82
      71
      88
      82
      71
      87
      73
      83
      84
      74
      77
      78
      80
      73
      69
      71
      75
      81
      70
      77
      90
      73
      76
      71
      61
      68
      57
      78
      82
      59
      72
      86
      71
      68
      70
      66
      74
      60
      70
      65
      57
      62
      75
      70
      59
      57
      68
      63
      49
      61
      58
      77
      67
      70
      50
      56
      78
      50
      75
      55
      58
      75
      57
      61
      51
      65
      64
      58
      46
      60
      59
      63
      48
      51
      61
      46
      70
      69
      62
      75
      54
      47
      54
      50
      55
      63
      52
      48
      55
      56
      58
      71
      51
      72
      53
      52
      47
      57
      52
      72
      45
      52
      52
      54
      51
      55
      51
      63
      39
      53
      57
      57
      47
      62
      55
      53
      50
      39
      43
      63
      56
      55
      45
      50
      55
      42
      55
      49
      48
      40
      54
      60
      45
      59
      55
      51
      47
      54
      61
      45
      41
      57
      58
      61
      52
      42
      48
      53
      44
      47
      55
      45
      53
      55
      54
      65
      45
      53
      57
      45
      52
      54
      45
      64
      41
      54
      44
      60
      41
      53
      48
      42
      39
      43
      55
      53
      46
      53
      43
      50
      42
      54
      51
      37
      53
      42
      59
      44
      45
      55
      64
      50
      59
      43
      51
      45
      49
      50
      48
      53
      53
      47
      47
      47
      46
      47
      45
      52
      49
      56
      42
      49
      59
      46
      44
      49
      52
      45
      51
      41
      31
      45
      55
      41
      57
      55
      51
      47
      32
      47
      42
      49
      45
      44
      50
      52
      50
      52
      41
      59
      45
      46
      37
      50
      48
      39
      56
      52
      44
      39
      46
      42
      39
      52
      43
      57
      48
      45
      39
      55
      51
      53
      43
      46
      43
      38
      34
      45
      43
      61
      45
      48
      48
      47
      38
      35
      56
      42
      49
      32
      59
      56
      41
      43
      46
      38
      44
      40
      46
      42
      36
      41
      37
      42
      48
      52
      47
      39
      44
      44
      47
      44
      30
      43
      47
      37
      41
      41
      47
      38
      51
      49
      43
      44
      43
      42
      53
      41
      45
      43
      49
      49
      37
      51
      49
      45
      47
      39
      43
      45
      56
      50
      47
      43
      39
      42
      43
      33
      46
      29
      52
      52
      40
      39
      61
      41
      41
      56
      44
      51
      47
      50
      41
      36
      45
      47
      38
      38
      49
      40
      29
      45
      38
      42
      36
      43
      38
      44
      56
      34
      37
      44
      53
      31
      45
      35
      33
      54
      50
      40
      44
      45
      50
      36
      57
      50
      34
      45
      31
      40
      35
      40
      46
      43
      39
      44
      35
      28
      40
      35
      37
      36
      45
      34
      43
      43
      37
      39
      45
      37
      33
      36
      43
      36
      48
      37
      30
      40
      35
      33
      42
      36
      32
      41
      46
      37
      37
      36
      47
      41
      37
      31
      38
      49
      33
      37
      35
      52
      46
      37
      37
      33
      42
      33
      36
      43
      32
      40
      36
      34
      42
      45
      40
      45
      41
      42
      33
      40
      29
      42
      39
      52
      36
      28
      46
      46
      33
      38
      41
      37
      31
      33
      34
      33
      37
      35
      47
      45
      42
      38
      38
      49
      40
      37
      47
      38
      43
      37
      36
      46
      36
      33
      43
      38
      38
      46
      41
      30
      32
      36
      45
      43
      37
      32
      36
      35
      36
      33
      32
      46
      42
      36
      36
      43
      46
      39
      35
      42
      35
      34
      41
      34
      42
      44
      37
      40
      31
      35
      34
      33
      34
      34
      31
      27
      38
      39
      47
      41
      24
      39
      36
      34
      37
      30
      54
      27
      42
      32
      39
      32
      26
      35
      42
      38
      45
      31
      30
      38
      35
      43
      35
      37
      31
      34
      33
      40
      33
      28
      31
      31
      36
      43
      35
      30
      45
      37
      27
      39
      42
      33
      26
      34
      39
      35
      43
      35
      35
      36
      33
      37
      32
      34
      41
      37
      34
      27
      44
      36
      35
      28
      29
      34
      29
      39
      41
      31
      33
      33
      32
      29
      29
      38
      29
      36
      41
      34
      37
      35
      42
      37
      40
      36
      36
      30
      40
      54
      37
      43
      33
      40
      36
      37
      18
      28
      33
      29
      38
      37
      30
      40
      38
      39
      40
      33
      30
      40
      38
      33
      33
      34
      27
      39
      42
      27
      29
      37
      39
      34
      36
      33
      39
      34
      22
      30
      31
      40
      38
      31
      28
      31
      31
      30
      35
      30
      35
      29
      23
      30
      35
      33
      23
      35
      19
      26
      34
      47
      29
      25
      33
      40
      37
      35
      27
      30
      26
      26
      25
      32
      27
      44
      35
      26
      37
      50
      35
      27
      25
      35
      32
      33
      31
      36
      33
      23
      32
      39
      26
      44
      44
      35
      27
      23
      33
      35
      30
      29
      29
      32
      27
      39
      28
      32
      28
      28
      34
      35
      39
      30
      26
      35
      28
      37
      21
      34
      25
      33
      24
      27
      29
      43
      24
      32
      27
      34
      26
      34
      29
      28
      31
      42
      32
      25
      30
      20
      39
      20
      28
      23
      32
      27
      27
      16
      25
      28
      32
      28
      30
      34
      24
      31
      32
      29
      30
      28
      26
      32
      25
      17
      18
      30
      32
      39
      27
      34
      33
      28
      26
      29
      27
      21
      29
      22
      25
      23
      35
      25
      33
      19
      24
      24
      23
      31
      19
      22
      18
      35
      19
      34
      30
      25
      32
      23
      22
      27
      25
      28
      25
      26
      28
      17
      24
      22
      24
      29
      31
      27
      29
      22
      25
      31
      28
      25
      32
      21
      31
      23
      16
      25
      21
      25
      28
      24
      44
      26
      34
      25
      25
      29
      25
      24
      18
      19
      31
      29
      20
      20
      19
      21
      23
      34
      26
      12
      32
      18
      22
      27
      28
      16
      23
      26
      24
      17
      18
      20
      20
      29
      20
      28
      21
      24
      23
      24
      21
      29
      28
      23
      16
      25
      34
      12
      29
      18
      27
      28
      18
      25
      27
      22
      20
      21
      26
      20
      25
      22
      25
      17
      13
      26
      29
      27
      19
      28
      32
      17
      17
      23
      24
      20
      19
      17
      19
      23
      17
      16
      20
      28
      25
      15
      21
      26
      22
      21
      18
      20
      23
      19
      22
      19
      17
      17
      17
      17
      24
      18
      25
      20
      22
      30
      23
      16
      24
      27
      37
      22
      25
      25
      27
      15
      20
      21
      17
      26
      12
      20
      15
      34
      20
      18
      18
      22
      19
      18
      21
      22
      12
      25
      24
      21
      22
      24
       9
      26
      22
      21
      17
      22
      22
      23
      28
      25
      12
      29
      16
      20
      24
      13
      15
      19
      27
      23
      17
      17
      16
      14
      15
      19
      20
      19
      25
      22
      16
      24
      16
      21
      20
      18
      21
      14
      24
      17
      27
      22
      11
      23
      21
      17
      19
      16
      21
      18
      22
      16
       9
      15
      16
      23
      23
      21
      19
      19
      19
      18
      30
      20
      16
      13
      13
      19
      12
      12
      16
      22
      17
      30
      26
      26
      14
      15
      13
      15
      20
      22
      24
      11
      23
      20
      21
      12
      16
      15
      17
      23
      18
      28
      20
      14
      20
      20
      15
      15
      21
       9
      15
      19
      23
      18
      22
      13
      23
      14
      15
      18
      15
      22
      19
      20
      15
      18
      21
      11
      14
      13
      16
      14
      21
      12
      18
      16
      14
      17
      20
      26
      16
      17
       7
      18
      11
      17
      19
      15
      15
      17
      19
       9
      14
      16
      20
      18
       8
      19
       9
      14
      21
      21
      13
      12
      17
       8
      19
      13
      12
      13
      17
      18
      12
      24
      14
       8
      14
      12
      18
      21
      11
      11
      13
      18
      19
      22
      13
      13
      12
      11
      17
      17
      17
      20
      11
      19
      14
      18
      20
      23
      17
      15
      20
      20
      17
      20
       9
      17
      15
      12
      14
      20
      14
      24
      18
      14
      15
      11
      13
      17
      17
      13
      10
      17
      17
      12
      16
       8
      20
       8
      18
      19
      12
      22
      18
      11
      16
      16
      14
      14
      19
      14
      16
      17
      14
      17
      12
      15
      13
      13
      10
      13
      16
      18
      15
      11
      14
      15
      16
       9
      17
      10
      12
      15
      14
      17
      14
      14
      17
      24
      15
      13
      20
      14
      18
      10
      19
      12
      15
      14
      15
      17
      14
      12
      22
      14
      20
      11
      15
      20
      17
      21
      14
      20
      10
      12
      26
      14
      13
      17
      10
      10
      12
      17
      18
      17
      19
       9
      17
      11
      10
      11
      16
      12
      13
      19
      14
      16
      13
      13
      11
      12
      12
      14
       9
       8
       9
       7
      15
       7
      21
      15
      11
      10
      17
      16
      12
      15
      18
      11
      22
      15
      19
      13
      16
      18
      14
      16
      15
      13
      15
      15
      11
       9
      12
      14
      13
      13
      13
      10
      16
      10
      11
      13
      17
       9
      11
       7
      16
      14
      11
      10
       8
      12
      14
      13
      13
      22
      11
      19
      11
       8
      10
       9
      10
      11
      10
      16
      13
      10
      11
      11
      10
       8
      19
       8
      12
      20
      21
      15
      19
       9
      18
      16
      11
      15
      14
      15
      14
      11
      12
      11
      11
      13
      16
       6
      20
      14
      21
      13
      10
      12
      13
      11
      11
      12
      16
      11
      18
      14
       9
      14
      13
      10
      18
       9
      12
      20
      16
      11
      16
      15
      12
       7
       8
      18
      15
      10
       8
      14
       5
      12
      14
       9
      18
      14
      11
      15
      17
      14
      16
       9
      13
      19
      17
       9
      19
      13
      16
      13
      15
      11
      11
       8
      14
      14
      12
      13
      14
      14
      10
      10
      17
      11
      14
       8
       8
      14
      12
      17
      14
      10
       7
      16
      12
      14
      15
      20
       9
      23
      13
      11
      10
      28
      13
      14
      13
      14
       9
      13
      15
      13
      11
      10
       9
      10
      14
      16
      15
      15
      10
      14
      10
      11
      11
      10
       6
      14
      12
       8
       9
      10
      14
      17
      13
       9
      18
       8
      17
      13
       5
      14
      15
      18
      16
       8
      14
       9
      13
       8
      11
      13
      16
      15
      17
      16
      13
      13
      11
      12
      15
      16
      16
      11
       9
      14
      16
      12
      19
      10
       8
      13
      15
       5
      11
      10
       9
      10
      15
      11
      11
      18
      12
      13
      14
       9
      16
      14
      27
      12
       5
      16
      12
      12
      12
       8
      13
      12
      14
       9
      10
      13
       8
      11
      13
      14
      12
      10
      17
      11
       9
      12
      15
      20
      12
       8
      15
      13
      11
      11
      16
      16
      14
      14
      12
      12
      16
      12
      14
      14
      17
      10
      12
      11
      10
      13
       9
      15
       9
      13
      15
       9
      12
      11
      17
       8
       7
      14
      10
      10
      12
      10
      12
      10
      16
       8
      13
       9
      11
      18
      10
      11
      13
      17
      25
      14
      14
      13
      20
      11
      18
      10
      11
      13
      12
       6
      10
      14
      15
      16
      15
       9
      12
      19
      12
       6
      13
      10
      12
      10
      13
      18
      16
      14
      15
      18
      17
      13
      20
       9
      14
      16
      15
      13
      12
       7
      10
      15
      16
      18
      11
      11
      18
      15
      10
       9
       8
       9
      13
      17
      14
       9
      12
      13
       9
      11
       9
      12
      10
       9
      14
      15
       7
      13
      12
      15
       9
      14
      14
      13
      16
      11
       6
       9
      12
       8
      16
      14
       8
      12
      12
      11
      16
      13
      12
      14
      14
      11
      16
      11
      14
      11
       9
      16
      15
      18
      11
      10
      14
      10
      11
      10
       9
      14
       8
      11
      10
      11
      15
       9
      20
      16
       9
      10
       9
       8
      12
      11
      11
       7
      13
      15
      11
      13
      16
      12
      14
       7
      22
      11
       8
      10
      12
      10
      14
       8
      11
       8
      10
      10
      17
      14
      15
      10
      17
      14
      16
       8
      16
      18
      10
       9
       6
      16
      21
       8
       9
      19
      10
      18
      13
      13
      11
      12
      16
      11
      12
      11
      17
      11
      16
       9
      14
      19
      11
      11
      18
      12
      11
      12
      14
      14
      10
      12
      11
       9
      14
       7
      19
      15
      13
      14
      12
      13
      15
      15
      12
      12
      14
      12
      11
      13
       8
      13
      14
      15
      15
       5
      13
      12
      22
      13
      10
       7
      16
      14
      17
      15
       9
      10
      17
      13
      15
       9
      12
      14
      13
      13
      11
       9
      15
       7
      20
      17
      14
       7
      11
      15
      17
      15
      13
      10
      19
       8
       6
      11
      16
      12
       8
      15
       7
       9
      15
      17
      14
      20
      10
      12
      16
      12
      11
      12
      18
       9
      12
      13
      25
       8
      11
      18
      15
      11
       9
       8
      17
      10
      17
      14
      15
      13
      12
      15
       7
      10
      14
      11
      16
      15
       8
      10
      10
      10
      14
      13
      20
      15
      11
      13
      10
      15
      10
      16
      17
      15
      20
      11
      13
      12
      19
      16
       7
      17
      20
      12
      10
      17
       6
       6
      10
      14
      11
      16
      14
      13
      18
      17
       5
      11
      14
      15
      19
      12
      18
       9
      15
       4
      16
       9
      10
      12
       9
      15
       9
      10
      13
      15
      13
      16
      14
      11
      18
      14
      17
       8
      14
       9
       9
      15
      12
      17
      15
       9
      17
      13
      11
      14
      14
       8
      20
      11
      19
      17
      13
      14
      16
      14
      10
      12
      14
      13
      13
      12
      21
      12
      12
      15
      14
      17
      16
      13
      15
      17
      11
      15
      15
      11
       8
      21
      16
       8
      11
      11
      17
      12
      19
      10
      19
      13
      24
      17
       9
      19
      10
      13
      18
      16
      15
      19
      23
      14
      22
      10
      18
      27
      20
      14
      24
      15
      14
      16
      21
      11
      15
      15
      19
      10
      13
      21
      18
       9
       9
      19
      20
      17
      16
      16
      23
      18
      15
      20
      15
      19
      16
      13
      11
      22
      25
      22
      17
      28
      16
      22
      21
      19
      23
      30
      33
      27
      30
      28
      39
      41
      39
      28
      42
      44
      59
      67
      68
      90
     104
      85
     123
     141
     177
     226
     224
     314
     276
     382
     494
     630
     670
     820
     990
    1177
    1312
    1639
    1934
    2207
    2492
    2877
    3076
    3415
    3604
    3954
    4122
    4219
    4261
    4149
    4009
    3768
    3601
    3514
    3086
    2700
    2345
    2040
    1713
    1399
    1142
     933
     650
     582
     381
     341
     223
     164
     142
      94
      76
      50
      33
      33
      33
      29
      24
      13
      14
      19
      18
      18
      23
      13
      19
      21
      15
      24
      21
       9
      21
      16
      12
      19
      14
      18
      14
      17
      16
      22
       7
      15
      16
      15
      15
      14
      11
      13
      15
      17
      19
      11
      12
      18
      16
       9
      13
      15
      11
       7
      14
      11
      13
       5
      17
      16
      13
      19
      16
      14
       9
      13
      16
      10
      13
      13
      11
      10
      13
      13
       6
      19
       9
      13
       8
      11
      11
      12
       7
      12
       6
       9
      17
      13
      18
      14
       6
       6
      12
       3
       6
      16
      14
      14
      12
      10
      10
      11
       8
       9
       8
       7
       7
       5
       8
      19
      16
      14
       8
      13
       8
       5
      13
      13
       9
       3
      14
       9
       9
      15
      11
      10
       6
      10
      10
       8
      13
      10
       3
       7
       5
       8
       5
      11
       8
       8
       8
      12
       3
       7
      10
       7
       8
      10
       8
      16
      10
       4
      12
       5
       7
       9
       5
       6
       9
      10
       8
       7
      11
      11
       9
       7
      13
      11
       8
       7
      11
       9
      15
      11
      16
       8
       4
       9
       8
       5
       8
       9
      18
      10
      10
       8
      10
      10
      10
       6
       9
       6
      15
       9
       7
       7
       9
       3
       6
       8
      11
      11
       9
       6
      11
       7
      11
      10
      11
      13
      11
      14
      14
       9
       9
      11
      10
       4
       7
      11
       6
       7
       7
       3
       9
       5
      14
       5
       5
       6
       9
       5
       8
       9
       8
       9
       8
       9
      11
       7
       6
       6
       6
      10
       9
       8
       8
      10
       9
       7
      10
       9
       7
       9
       5
       4
       6
       8
       3
      12
      11
       7
       6
       8
       6
       8
       3
       6
       8
       7
      10
       8
       7
       4
       5
       6
      11
      15
       5
       9
      10
       8
       6
      11
       6
       3
       6
      11
       6
      10
       2
       3
       8
      10
       6
       6
      10
       6
       8
       6
      11
      16
       5
       4
       8
       5
       8
       8
       3
       2
       7
       9
       5
       8
       6
       7
       6
       4
       3
       5
       6
       5
       4
      12
      10
       6
       5
       8
       8
       5
       6
       8
      11
       4
       5
       6
       9
       7
       6
       7
       7
       7
      11
       6
      12
       8
       8
      10
      10
      13
      10
      10
       8
       9
       6
       5
       8
       6
      10
       5
       6
       3
       8
       9
       7
       4
       4
       7
       7
       5
       5
       9
       9
       1
       9
      10
       6
       5
       5
       8
      13
      17
       4
       9
       4
       9
       3
       7
       5
       7
       4
       6
       6
       3
       7
      12
       8
       3
       3
       7
       6
       5
       7
      11
       6
       5
       9
       6
       9
       2
      12
       9
      11
       6
       6
       6
       4
       6
       6
       8
       5
       8
      10
       5
       9
       4
       4
       7
       8
       8
       2
       1
       8
       7
       7
       8
       4
       5
       6
      11
       6
       6
       7
       4
       6
       8
       7
       7
       6
       5
       6
       9
       7
       5
       6
       5
       7
       3
       3
       4
       7
       3
       8
       3
       4
       5
      12
       5
      11
      11
       6
      12
       6
       8
       7
       7
      13
       9
      11
       6
       5
      10
       7
      11
       3
       4
       5
       6
       7
       3
       6
       7
       7
       5
       7
       9
       3
       4
       6
      11
      11
       6
       7
       6
       8
       9
       9
       4
       7
       8
       5
       2
       6
       7
       6
      11
       3
       4
      11
       7
       9
       7
       8
       4
      10
       3
      10
      10
       6
       6
       8
       9
       4
      11
       7
       6
       6
       7
       8
      11
       2
       5
       8
      10
       9
      10
       3
       7
       8
       8
       4
       6
       9
       8
       8
       6
       9
       6
       5
       3
       9
       5
       9
       2
       7
      11
       5
       7
       7
       9
       5
       5
       8
       9
       5
       5
       4
       9
       9
       7
       4
       5
       9
       9
      10
       7
       4
       8
       3
      14
       3
       9
       5
       7
       5
       2
       7
       6
       7
       4
       9
       7
       7
       6
       6
       6
       4
       5
       5
       4
       8
       5
       5
       5
      14
       8
       5
       7
       6
       6
       4
       9
       6
       2
       3
       4
      12
       8
       5
       5
       4
       8
       7
       7
       5
       6
       9
       5
       7
       6
       6
       4
       8
       6
      13
       3
       9
       8
       3
       7
       3
       4
       7
       5
       7
       4
       4
       4
       8
       6
       7
       5
       3
       4
       6
       5
       4
       8
       6
       8
       6
       3
       9
       6
      10
       5
       9
       3
       6
       6
       7
       6
       9
       5
       3
       9
       5
       7
      10
       4
      10
       8
       5
       5
       5
       3
       3
       7
       3
       6
       7
       5
       4
       2
       7
       4
       6
       4
       8
       6
       8
       3
       5
       4
       4
       7
       4
       9
       6
       7
       8
       3
       3
       4
      10
       5
       6
       7
       6
       7
       4
       7
      14
       5
       9
       7
       3
       7
       2
       2
       2
       8
       7
      11
       6
       8
       7
       1
      10
       4
       5
       9
       8
       7
       3
       6
       6
       6
       2
       5
       7
       6
       7
       1
       5
       8
       7
       5
       5
       7
       3
       3
       5
       7
       4
       7
       6
       7
       2
       5
       0
       2
       6
       5
       9
       5
       3
       4
       7
       3
       7
       1
       9
       3
       4
       9
       9
       5
       6
       4
       7
       7
       5
       3
       3
       7
       6
       4
       9
       1
       5
       4
      14
       6
       8
       2
       4
       5
       5
       7
       8
       3
      10
       6
       9
       5
      11
       4
       9
       3
       6
       5
       3
       7
       5
      12
       4
       7
       5
       5
       9
       3
       4
       3
       4
       9
       2
       6
       3
       8
       8
       4
       8
       2
       4
       3
       5
       5
       8
       3
       6
       5
      10
       8
       5
       8
      13
      11
       6
       5
       7
       7
       4
       7
       8
       7
       6
       4
       4
       4
       6
       3
       8
       4
       2
       6
       4
       5
       7
       1
       7
       8
       5
       4
       8
       4
       3
       7
       3
       8
       7
       2
       4
       8
       2
       5
       1
       3
       6
       5
       5
       5
       4
       6
       4
       9
       4
       2
      10
       3
       5
       5
       2
       3
       5
       1
       7
       7
       2
       6
      10
       5
       6
       6
       3
       5
       7
       6
       4
       6
       4
       7
       8
       5
       3
       4
       7
       4
       4
       8
       6
       5
       6
       4
       4
       6
       9
       3
       2
       5
       7
       8
       6
       4
       9
       6
      10
       3
       4
       7
       3
       5
       4
       4
       7
       6
       4
       4
       3
       5
       1
       4
       3
       5
       2
      10
       7
       5
       3
       5
       8
       2
      10
       2
       5
       2
       5
       3
       9
       3
       6
       7
       5
       6
      10
       8
       4
       7
       7
       5
       3
       8
       2
       8
       4
       3
       8
       9
      10
       5
       4
      10
       5
      10
       1
       2
       6
       5
       5
       9
       6
       7
       4
       2
       3
       5
       3
       4
       7
       4
       5
       4
       6
       5
       7
       7
      11
      10
       3
       7
       6
       5
       4
       9
       5
       4
       8
       7
       6
       5
       4
       9
       4
       4
       4
       5
       3
       7
       5
       5
       5
       7
       9
       3
       4
      10
       6
       8
       8
       7
       5
       1
       3
       4
       4
       7
       9
       3
       0
       2
       6
       7
       7
       6
       9
       3
       5
       4
       5
       4
       7
       8
       3
       4
       4
       3
       4
       3
       8
       5
       8
       4
       7
       3
       9
       1
       4
       4
       5
       3
       3
      10
       3
       5
       4
       2
       5
       8
       5
       7
       6
       4
       8
       7
       4
      11
       8
       4
       9
       8
       3
       2
       7
       4
       8
       3
       6
       6
       8
       7
       5
       6
       6
       3
       8
       7
       6
       4
       5
       2
       4
       5
       4
       3
       2
       6
       5
       5
       4
       4
       6
       4
       4
       6
       4
       5
       2
       4
       3
       3
       1
       4
       3
       8
       6
       6
       4
       8
       6
       7
       7
       4
       6
       3
      11
       6
       6
       8
       4
       2
       7
       5
       3
       5
       7
       7
       7
       7
       7
       7
       5
      13
       6
       4
       7
       4
       2
       8
       4
       3
       5
       5
       3
       1
       2
       9
       5
       4
       5
       4
       9
       6
       6
       5
       5
       8
       2
       4
       3
       5
       7
       3
       4
       3
       5
       5
       2
       7
       4
       5
       2
       8
       7
       1
       5
       4
       5
       7
       2
       3
       1
       9
       5
       4
       7
       2
       8
       5
       5
       2
       5
       6
       4
       7
       4
       7
       4
       6
       6
      12
       5
       5
       5
       6
       5
       7
       2
       8
       2
       3
       8
       5
       7
       2
       4
       2
       5
       5
       4
       2
       6
      13
       6
       7
       5
       5
       5
       5
       8
       6
       5
       5
       2
       2
       6
       6
       4
       4
       7
       4
      11
       2
       9
       1
       4
       4
       2
       5
       5
       3
       8
       4
       4
       8
       2
      10
       4
       5
       2
       2
       5
       5
       7
       7
       5
       4
       4
       4
       2
       9
       4
       7
       5
       6
       2
       3
       3
       8
       5
       4
       1
       5
       3
       8
       4
       5
       0
       5
      13
       5
       3
       3
       3
       5
       4
       6
       3
       9
       2
       8
       7
       5
       3
       7
       5
       5
       2
       5
       4
       5
       3
       6
       4
       2
       5
       5
       6
       5
       3
       2
       3
       4
       5
       3
       6
       6
       4
       6
       6
      10
       5
       5
       2
       5
       4
       5
       6
       4
       4
       8
       5
       7
       5
       2
       3
      10
       3
       5
       5
       6
       3
       5
       4
       4
       5
       3
       4
       3
       5
       4
       4
       4
       7
       7
       7
       2
       5
       5
       4
       2
       3
       1
       8
       5
       2
       9
       3
       8
       5
       1
       3
       5
       6
       5
       2
       8
       7
       7
       4
       4
       1
       5
       4
       5
       2
       6
       5
       5
       5
       4
       5
       8
       5
       6
      10
       3
       5
       9
       2
       6
       4
       5
       5
       6
       8
       6
       5
       7
       3
       5
       6
       5
       2
       3
       3
       3
       4
       4
       3
       5
       3
       1
       7
       8
       5
       7
       2
       3
       3
       3
       6
       5
       6
       3
       7
       3
       4
       3
       3
       3
       6
       7
       5
       2
       1
       6
       3
       7
       2
       4
       7
       7
       3
       7
       6
       4
       4
       5
       4
       2
       5
       4
       2
       4
       4
       1
       6
      11
       7
       3
       2
       3
       6
       5
       6
       5
       4
       2
       5
       4
       2
       2
       3
       5
       4
       2
       5
       3
       1
       9
       7
       4
       4
       6
       6
       4
       1
       7
       5
       6
       4
       4
      11
       6
       4
       3
       5
       4
       7
       6
       6
       4
       4
       5
       1
       9
       4
       2
       7
       5
       5
       3
       9
       6
       4
       1
       4
       7
       8
       2
       2
       7
       4
       3
       7
       4
       4
       5
       9
       3
       5
       3
       4
       3
       2
       3
       8
       8
       6
       5
       9
       7
       3
       6
       6
       4
       5
       4
       4
       4
       7
      10
       6
       8
       3
       4
       6
       5
       5
      10
       3
       5
       3
       3
       3
       7
       3
       5
       6
       3
       7
       4
       0
       6
       4
       5
       3
       1
       2
       2
       2
       7
       5
       5
       3
       4
       5
      10
      11
       6
       9
       5
       3
       3
       3
       5
       2
       7
       6
       1
       6
       3
       4
       3
       7
       3
       8
       6
       9
       8
       5
       5
       6
       4
       0
       4
       4
       7
       7
       6
       4
       2
       5
       3
       6
       6
       6
       4
       4
       6
       6
       8
       4
       4
       4
       1
       3
       4
       5
       9
       3
       3
       6
      11
       8
       5
       7
       3
       6
       6
       5
       2
      11
      11
       3
       5
       3
       1
       8
       8
       4
       8
       4
       7
       5
       8
       4
       5
       2
       7
       5
       2
       4
       4
       2
       3
       9
       6
       8
       7
       7
       5
       4
       3
       2
       4
       2
       6
       4
       6
       3
       7
       2
       5
       4
       9
       5
       3
       5
       6
       7
       5
       7
       8
       6
       2
       6
       4
       5
       6
       4
       5
       3
       2
       7
       1
       4
       2
       6
       3
       5
       4
       6
       8
      10
       6
       8
       5
       7
       9
       6
      12
       6
      12
      14
      13
      20
      13
       9
      17
      12
      15
      19
      11
      18
      13
      19
      15
      19
      14
      14
      12
      11
       8
      16
       9
       7
       8
       7
       3
       8
       7
       5
      11
      10
      10
       8
       5
       5
       4
       3
       4
       9
       7
       5
       3
       4
       3
       4
       7
      10
       6
       3
      11
       3
       5
       2
       4
       5
       9
       5
       3
       2
       2
       3
       2
       4
       5
       3
       7
       8
       5
       5
       2
       5
       3
       2
       3
       5
       7
       2
       6
       2
       4
       9
       3
       5
       7
       5
       2
       3
       5
       8
       5
       5
       4
       7
       2
       4
       4
       2
       2
       4
       7
       2
       3
       7
       7
       7
       6
       8
       6
       5
       2
       1
       6
       3
       6
       6
       5
       2
       6
       6
       6
       1
       6
       5
       1
       6
       3
       3
       6
       3
       4
       8
       5
       4
       3
       3
       2
       2
       5
       9
       3
       7
       4
       6
       6
       3
       5
       3
       4
       3
       4
       6
       5
       3
       3
       5
       2
       7
       5
       0
       5
       9
       4
       1
       8
       6
       5
       3
       2
       5
       4
       6
       3
       6
       3
       8
       3
       5
       6
       5
       4
       7
       3
       3
       6
       3
       1
       3
       4
       2
       5
       9
       4
       2
       6
       7
       9
       5
       3
       3
       5
       1
      10
       7
       4
       7
       6
       4
       3
       6
       2
       3
       6
       6
       8
       0
       2
       5
       8
       6
       4
       4
       5
       7
       5
       4
       8
       4
       2
       4
       6
       5
       5
       6
       3
       2
       0
       7
      10
       6
       7
       9
       2
       4
       5
       4
       1
       3
       7
       3
       2
       5
       5
       5
       3
       4
       5
       8
       2
       5
       9
       2
       7
       3
       3
       4
       3
       8
       5
      11
       1
       7
       6
       6
       8
       6
       1
       5
       4
       6
       1
       5
       7
       2
       4
       4
       2
       3
       7
       1
      11
       8
       3
       3
       6
       4
       7
       2
       8
       3
       4
       5
       4
       2
       6
       5
       3
       5
       4
       4
       4
       5
       2
       5
       6
       6
       3
       5
       4
       2
       2
       5
       6
       4
       5
       5
       6
       3
       5
       5
       9
       8
      12
       5
       2
       9
       8
       4
       6
       3
       7
       4
       8
       7
      10
       6
       5
       7
       7
       4
      13
       5
       4
       3
       4
       5
       7
       4
       6
       3
       4
       2
       2
       1
       5
       4
       1
       3
       2
       7
       4
       4
       4
       5
       9
       6
       9
       3
       2
       3
       3
       4
       6
       4
       9
       4
       3
       5
       4
       3
       7
       6
       5
       0
       4
       4
       6
       5
       5
       2
       5
       4
       6
       3
       4
       4
       7
       2
       3
       1
       4
       6
       3
       5
       3
       4
       2
       4
       5
       7
       4
       3
       7
       5
       2
       4
       6
       2
       3
       5
       4
       4
       6
       8
       3
       5
       2
       4
       6
       8
       1
       4
       7
       3
       2
       6
       4
       3
       3
       9
       7
       4
       3
       5
       3
       5
       6
       2
       1
       9
       8
       3
       7
       8
       1
       3
       5
       4
       3
       4
       7
       5
       5
       5
       3
       3
       5
       4
       7
       2
       6
       5
       4
       7
       5
       2
       8
       9
       7
       0
       4
       6
       5
       3
       3
       6
       2
       7
       6
       3
       8
       7
       3
       6
       8
       4
       7
       7
       4
       6
       4
       4
       3
       4
       6
       4
       7
       4
       6
       6
       3
       7
       4
       5
       7
       2
       2
       3
       4
       5
       3
       4
       5
       6
      10
       3
       5
       7
       3
       5
       7
       4
       4
       5
       4
       2
       7
       2
       3
       6
       3
       6
       3
       8
       5
       6
       2
       1
       2
       2
       5
       5
       4
       3
       3
       5
       7
       6
       7
       4
       2
       4
       4
       4
       3
       6
       6
       6
       1
       7
       5
       8
       1
       7
       6
       4
       1
       3
       4
       5
       3
       3
       3
       4
       2
       4
       8
       8
       5
      11
       7
       6
       4
       3
       2
       6
       5
       5
       9
       7
       6
       7
       2
       2
       1
       7
       8
       5
       5
       7
       4
       4
       6
       2
       2
       9
       7
       3
       3
       5
       6
       4
       5
       0
      12
       3
       4
       6
       4
       7
       3
       6
       3
       2
       4
       6
       5
       7
       5
       4
       6
       4
       3
       5
       7
       4
       8
       1
       5
       6
       6
       5
       9
       5
       8
       8
       5
       7
       8
       6
       5
       4
       9
       6
       2
       4
       4
       6
       6
       2
       7
       2
       6
       2
       1
       5
       4
       7
       8
       2
       4
       5
       5
      11
       9
       3
       6
       7
       1
       3
       1
       5
       6
       2
       3
       6
       8
       4
       5
       3
       3
       8
       3
       5
       2
       5
       4
       4
       6
       5
       9
       4
       5
       6
       6
       5
       4
       1
       4
       4
       4
       5
       4
       4
       2
       7
       2
       5
       4
       6
       6
       4
       4
       1
       6
       6
       6
       3
       3
       4
       4
       8
       4
       4
       2
       7
       5
       1
       5
       6
       4
       2
       5
       4
       4
       2
       4
       7
       4
       3
       4
       7
       5
       7
       6
       5
       6
       4
       7
       3
       9
       1
       4
       4
       6
       5
       7
       4
       2
       2
       7
       3
       2
       4
       4
       4
       6
      10
       4
       4
       2
       4
      11
       3
       5
       4
       2
       4
       2
       3
       6
       8
       2
       6
       4
       4
       5
       5
       6
       3
       1
       5
       4
       7
       6
       5
       4
       4
       5
       3
       6
       2
       5
      11
       1
       2
       2
       6
       6
      12
       1
       5
       4
       8
       4
       6
       6
       5
       2
       8
       3
       4
       7
       6
       6
       3
       9
       7
       8
       3
       3
       8
       6
       0
       4
       1
       6
       4
       5
       4
       7
       5
       4
       3
      10
       9
       3
       5
       3
      11
       5
       7
       5
       4
       5
       7
       5
       8
       4
       3
       4
       4
       4
       1
       1
       1
      12
       4
       4
       3
       6
       2
       5
       3
       3
       4
       4
      10
       5
       6
       3
       8
       5
       3
       8
       4
       5
       6
       7
       4
       2
       5
       3
       7
       3
       6
       9
       1
       6
       7
       5
       5
       3
       6
       9
       5
       4
       2
       2
       4
       5
       5
       2
       8
       6
       4
       4
       7
       5
       1
       7
       5
       3
       2
       2
       3
       4
       4
       4
       4
       5
       5
       4
       3
       3
       1
       4
       5
       4
       7
      10
       2
       3
       5
       2
       0
       7
       4
       5
       3
       6
       6
       4
       7
       2
       5
       6
       4
       8
       4
       4
       6
       7
       4
       7
       6
       8
       7
       2
       3
       4
       3
       4
       5
       4
       6
       2
       7
       6
       2
       2
       6
       9
       7
       5
       6
       4
       7
       4
       6
       1
       9
       4
       6
       6
       4
       4
       6
       4
       4
       2
       5
       5
       5
       1
       3
      10
       6
       3
       8
       1
       6
       7
       5
       8
      11
       7
       4
       4
       5
       3
       6
       9
       4
       7
       4
       5
       6
       5
       4
       2
       5
       5
       2
       5
       7
       8
       5
       7
       1
       2
       4
       5
       3
       4
       9
       4
       5
       4
       6
       3
       5
       5
       6
       5
       6
       5
       2
       6
       3
       7
       7
       5
       6
       5
       5
       6
       8
       6
       2
       5
       8
       8
       8
       3
       5
       3
       4
       6
       7
       5
       7
       5
       9
       6
       4
       4
       6
       4
       7
       0
       3
       4
       3
       9
       2
       8
       6
       6
       7
       3
       4
       5
       3
       4
       3
       2
       3
       4
       2
       3
       5
       2
       4
       3
       7
       4
       2
       1
       8
       2
       4
       7
       4
       2
       4
       2
       6
       4
       6
       4
       3
       5
       5
       4
       4
       7
       5
       1
       1
       5
       4
       3
       3
       2
       3
       3
       5
       5
       6
       5
       4
       4
       3
       3
       4
       3
       3
       7
       4
       3
       5
       5
       4
       3
       2
       4
       3
       3
       2
       4
       6
       4
       3
       5
       5
       5
       3
       1
       4
       2
       3
       6
       2
       8
       4
       6
      10
       2
       2
       5
       4
       5
       7
       1
       6
       4
       4
       3
       3
       5
       0
       1
       6
      10
       3
       4
       7
       3
       7
       1
       3
       4
       3
       7
       3
       0
       7
       3
       5
       7
       6
       5
       3
       2
       6
       3
       5
       5
       4
       3
      10
       1
       3
       3
       7
       8
       6
       4
       5
       2
       7
       4
       5
       7
       4
       3
       5
       3
       6
       5
       1
       4
       2
       5
       3
       7
       4
       5
       3
       2
       5
       7
       6
       2
       2
       4
       3
       6
       6
       6
       6
       3
       4
       5
       4
       6
       2
       3
       5
       4
       1
       3
       3
       5
       7
       5
       3
       6
      11
       7
       2
       3
       6
       1
       0
       7
       5
       2
       3
       5
       4
       3
       3
       6
       4
       3
       2
       1
       2
       6
       2
       4
       5
       5
       6
       3
       6
       3
       4
       5
       7
       4
       8
       4
       4
       3
       6
       4
       2
       5
       2
       1
       6
       5
       1
       8
       3
       1
       3
       2
       3
       4
       3
       3
       3
       6
       4
       5
       6
       4
       4
       5
       6
       2
       6
       4
       3
       4
       2
       3
       2
       3
       5
       3
       3
       3
       1
       5
       4
       2
       5
       7
       6
       3
       5
       2
       3
       6
       3
       1
       2
       3
       5
       1
       5
       5
       1
       2
       5
       3
       6
       5
       5
       1
       5
       2
       0
       4
       3
       7
      11
       4
       4
       5
       6
       3
       6
       2
       3
       4
       1
       4
       6
       5
       3
       9
       3
       3
       5
       2
       2
       3
       5
       8
       0
       6
       8
       3
       3
       2
       9
       6
       8
       3
       1
       3
       3
       7
       6
       2
       0
       2
       2
       6
       4
       3
       3
       1
       8
       8
       2
       4
       3
       3
       3
       3
       2
       7
       4
       4
       1
       6
       2
       2
       0
       4
       6
      10
       6
       8
       4
       2
       5
       5
       5
       3
       1
       8
       3
       8
       1
       8
       5
       4
       4
       7
       4
       9
       5
       4
       4
       9
       1
       5
       6
       3
       5
       3
       6
       3
       4
       1
       6
       7
       5
       1
       0
       0
       0
       0
       0
       0
       0
       0
       0
       0
       0
       0
       0
       0
       0
       0
       0
       0
       0
       0
       0
       0
       0
       0
       0
       0
       0
       0
       0
       0
       0
       0
       0
       0
       0
       0
       0
       0
       0
       0
       0
       0
       0
       0
       0
       0
       0
       0
       0
       0
       0
       0
       0
       0
       0
       0
       0
       0
       0
       0
       0
       0
       0
       0
       0
       0
       0
       0
       0
       0
       0
       0
       0
       0
       0
       0
       0
       0
       0
       0
       0
       0
       0
       0
       0
       0
       0
       0
       0
       0
       0
       0
       0
       0
       0
       0
       0
       0
       0
       0
       0
       0
       0
       0
       0
       0
       0
       0
       0
       0
       0
       0
       0
       0
       0
       0
       0
       0
       0
       0
       0
       0
       0
       0
       0
       0
       0
       0
       0
       0
       0
       0
       0
       0
       0
       0
       0
       0
       0
       0
       0
       0
       0
       0
       0
       0
       0
       0
       0
       0
       0
       0
       0
       0
       0
       0
       0
       0
       0
       0
       0
       0
       0
       0
       0
       0
       0
       0
       0
       0
       0
       0
       0
       0
       0
       0
       0
       0
       0
       0
       0
       0
       0
       0
       0
       0
       0
       0
       0
       0
       0
       0
       0
       0
       0
       0
       0
       0
       0
       0
       0
       0
       0
       0
       0
       0
       0
       0
       0
       0
       0
       0
       0
       0
       0
       0
       0
       0
       0
       0
       0
       0
       0
       0
       0
       0
       0
       0
       0
       0
       0
       0
       0
       0
       0
       0
       0
       0
       0
       0
       0
       0
       0
       0
       0
       0
       0
       0
       0
       0
       0
       0
       0
       0
       0
       0
$ROI:
2
4852 5354
12587 12888
$PRESETS:
Live Time
10800
0
$ENER_FIT:
0.358687 0.099971
$MCA_CAL:
3
3.586871E-001 9.997089E-002 0.000000E+000 keV
$SHAPE_CAL:
3
3.638087E+001 -1.552510E-003 0.000000E+000
