$SPEC_ID:
JKL Model 927 SN 17053844 Input 1 HEC-Cr-HEC-Cr-T30-D100-HPGe1-2
$SPEC_REM:
DET# 2
DETDESC# BULK Model 927 SN 17053844 Input 1
AP# Maestro Version 6.08
$DATE_MEA:
05/11/2026 11:44:36
$MEAS_TIM:
251 356
$DATA:
0 16383
       0
       0
       0
       0
       0
       0
       0
       0
       0
       0
       0
       0
       0
       0
       0
       0
       0
       0
       0
       0
       0
       0
       0
       0
       0
       0
       0
       0
       0
       0
       0
       0
       0
       0
       0
       0
       0
       0
       0
       0
       0
       0
       0
       0
       0
       0
       0
       0
       0
       0
       0
       0
       0
       0
       0
       0
       0
       0
       0
       0
       0
       0
       0
       0
       0
       0
       0
       0
       0
       0
       0
       0
       0
       0
       0
       0
       0
       0
       0
       0
       0
       0
       0
       0
       0
       0
       0
       0
       0
       0
       0
       0
       0
       0
       0
       0
       0
       0
       0
       0
       0
       0
       0
       0
       0
       0
       0
       0
       0
       0
       0
       0
       0
       0
       0
       0
      11
     212
     513
     572
     537
     494
     516
     484
     458
     477
     465
     482
     467
     429
     461
     491
     449
     411
     466
     439
     461
     453
     444
     476
     453
     516
     470
     438
     468
     485
     456
     462
     456
     476
     456
     454
     510
     442
     469
     446
     431
     412
     435
     456
     413
     443
     420
     423
     464
     425
     453
     457
     450
     442
     431
     458
     433
     419
     423
     423
     426
     454
     418
     431
     408
     426
     453
     428
     409
     443
     430
     422
     419
     430
     443
     443
     395
     425
     399
     422
     434
     394
     407
     456
     400
     377
     440
     382
     449
     424
     415
     424
     426
     449
     428
     369
     433
     453
     379
     441
     420
     425
     406
     382
     413
     368
     407
     403
     400
     388
     416
     422
     411
     371
     406
     376
     390
     404
     397
     410
     373
     390
     375
     398
     431
     373
     386
     364
     401
     420
     389
     385
     364
     358
     387
     369
     398
     366
     376
     406
     374
     363
     350
     378
     382
     366
     387
     379
     371
     378
     382
     392
     388
     399
     381
     343
     382
     389
     402
     357
     381
     343
     377
     408
     349
     359
     399
     326
     373
     380
     369
     372
     380
     354
     379
     347
     352
     383
     349
     354
     390
     365
     373
     377
     362
     395
     360
     368
     379
     345
     370
     330
     366
     353
     351
     374
     323
     378
     326
     386
     359
     368
     349
     363
     366
     368
     375
     328
     349
     352
     390
     341
     338
     346
     344
     359
     358
     376
     358
     347
     347
     381
     353
     357
     350
     382
     385
     334
     345
     334
     379
     347
     329
     337
     385
     381
     370
     368
     341
     368
     371
     349
     326
     340
     360
     358
     363
     373
     324
     353
     349
     340
     355
     343
     345
     356
     372
     341
     337
     322
     361
     350
     350
     321
     377
     334
     326
     331
     347
     389
     345
     357
     328
     333
     367
     321
     336
     356
     327
     356
     323
     342
     358
     328
     320
     349
     336
     348
     327
     363
     317
     336
     306
     353
     348
     323
     348
     325
     343
     363
     343
     345
     336
     359
     330
     378
     332
     339
     344
     353
     356
     336
     347
     340
     329
     341
     346
     349
     321
     368
     327
     320
     326
     327
     318
     361
     334
     325
     335
     328
     363
     313
     350
     337
     307
     362
     310
     329
     347
     320
     345
     300
     347
     342
     317
     342
     312
     339
     357
     367
     344
     329
     319
     350
     326
     328
     351
     352
     292
     327
     376
     363
     330
     321
     333
     310
     322
     310
     358
     349
     297
     365
     323
     281
     324
     360
     280
     314
     321
     344
     366
     324
     343
     307
     310
     362
     311
     331
     357
     303
     315
     332
     326
     306
     290
     342
     344
     334
     335
     289
     353
     322
     341
     321
     342
     318
     376
     339
     328
     331
     318
     332
     327
     321
     318
     323
     320
     370
     333
     343
     351
     298
     308
     318
     309
     330
     314
     313
     285
     330
     311
     315
     316
     312
     294
     348
     318
     319
     324
     351
     336
     337
     312
     331
     304
     299
     313
     331
     339
     331
     288
     342
     318
     297
     307
     318
     320
     298
     328
     337
     329
     336
     295
     281
     325
     302
     345
     325
     302
     336
     312
     325
     304
     328
     338
     346
     307
     304
     311
     295
     334
     314
     337
     312
     319
     279
     359
     323
     305
     324
     301
     311
     332
     341
     326
     359
     347
     302
     301
     312
     311
     334
     320
     301
     319
     317
     312
     315
     307
     309
     307
     334
     317
     309
     315
     328
     284
     317
     300
     316
     312
     304
     358
     330
     305
     333
     345
     286
     303
     292
     294
     339
     335
     318
     301
     343
     329
     332
     297
     319
     320
     270
     343
     335
     322
     334
     337
     336
     353
     308
     327
     325
     326
     321
     312
     319
     329
     336
     318
     305
     296
     347
     309
     327
     327
     316
     337
     295
     311
     349
     316
     368
     336
     341
     304
     311
     341
     294
     288
     318
     353
     329
     351
     323
     348
     292
     321
     346
     311
     348
     327
     331
     307
     351
     355
     329
     336
     305
     333
     351
     322
     336
     343
     367
     358
     365
     361
     380
     360
     340
     366
     310
     358
     333
     332
     325
     358
     316
     367
     313
     332
     375
     390
     359
     383
     388
     418
     382
     380
     340
     358
     340
     351
     324
     323
     340
     314
     365
     310
     309
     328
     301
     312
     313
     360
     336
     337
     334
     303
     296
     354
     327
     313
     293
     325
     313
     317
     345
     345
     316
     298
     327
     314
     296
     309
     318
     298
     323
     350
     299
     323
     333
     292
     303
     326
     320
     313
     286
     320
     347
     317
     311
     305
     322
     309
     312
     335
     306
     317
     345
     322
     331
     342
     308
     292
     329
     323
     275
     284
     299
     274
     333
     320
     337
     270
     318
     314
     306
     337
     308
     303
     320
     322
     330
     322
     337
     320
     355
     348
     329
     349
     305
     326
     368
     359
     352
     354
     326
     356
     343
     332
     322
     328
     327
     299
     284
     349
     282
     295
     297
     316
     299
     305
     303
     335
     351
     314
     326
     301
     327
     343
     322
     345
     324
     307
     308
     297
     285
     335
     302
     346
     321
     314
     318
     296
     301
     305
     291
     291
     310
     333
     329
     292
     334
     318
     320
     315
     297
     312
     310
     297
     354
     284
     316
     340
     295
     327
     313
     331
     323
     307
     302
     317
     302
     308
     299
     308
     322
     303
     293
     328
     342
     293
     297
     309
     335
     310
     301
     338
     307
     328
     317
     267
     367
     318
     341
     313
     302
     338
     280
     325
     345
     322
     293
     326
     289
     295
     326
     314
     319
     314
     347
     324
     325
     271
     273
     339
     285
     308
     329
     316
     295
     311
     332
     297
     304
     303
     343
     304
     310
     300
     321
     332
     355
     316
     325
     301
     299
     357
     332
     318
     301
     309
     318
     304
     310
     306
     318
     297
     325
     331
     297
     304
     321
     314
     295
     352
     327
     313
     301
     300
     276
     328
     287
     280
     286
     314
     309
     285
     310
     319
     325
     333
     324
     337
     326
     317
     332
     291
     311
     318
     330
     291
     288
     310
     313
     311
     299
     324
     302
     326
     322
     299
     325
     296
     325
     301
     289
     332
     298
     296
     275
     302
     334
     303
     323
     289
     318
     352
     322
     308
     308
     324
     274
     305
     339
     282
     318
     332
     316
     284
     312
     264
     330
     316
     325
     291
     341
     324
     349
     321
     326
     343
     333
     313
     282
     324
     319
     292
     315
     307
     295
     282
     338
     317
     307
     339
     291
     296
     303
     295
     325
     315
     326
     311
     286
     281
     310
     286
     340
     322
     311
     290
     338
     323
     303
     304
     278
     302
     305
     303
     299
     309
     323
     310
     305
     314
     298
     323
     289
     299
     309
     353
     306
     319
     339
     327
     311
     302
     327
     294
     305
     310
     323
     335
     315
     342
     296
     303
     299
     296
     268
     314
     298
     322
     300
     282
     299
     347
     305
     316
     323
     287
     324
     304
     323
     299
     303
     349
     323
     303
     314
     316
     305
     329
     320
     307
     340
     301
     293
     311
     284
     305
     312
     313
     301
     316
     287
     271
     279
     306
     343
     309
     323
     343
     300
     297
     297
     323
     305
     318
     314
     324
     308
     312
     293
     297
     347
     324
     314
     311
     307
     302
     278
     307
     313
     331
     340
     291
     334
     318
     318
     355
     305
     328
     311
     317
     281
     299
     309
     310
     270
     326
     342
     307
     291
     349
     332
     322
     287
     314
     311
     287
     299
     296
     320
     292
     317
     307
     305
     314
     296
     318
     308
     281
     303
     295
     309
     310
     306
     337
     300
     291
     282
     323
     277
     335
     312
     275
     308
     311
     321
     300
     311
     332
     287
     307
     298
     278
     312
     318
     322
     299
     311
     310
     329
     320
     299
     281
     274
     321
     327
     325
     331
     307
     309
     291
     300
     289
     297
     310
     284
     295
     327
     317
     309
     292
     315
     305
     331
     299
     324
     307
     304
     299
     291
     331
     325
     303
     328
     299
     285
     332
     317
     293
     300
     319
     281
     318
     314
     339
     327
     330
     309
     296
     269
     322
     323
     303
     319
     317
     320
     339
     304
     324
     328
     284
     358
     316
     289
     270
     275
     308
     310
     287
     280
     317
     352
     309
     293
     288
     298
     283
     321
     287
     317
     298
     284
     304
     311
     309
     294
     307
     304
     302
     290
     287
     312
     306
     297
     297
     296
     282
     307
     304
     316
     294
     342
     340
     329
     289
     292
     282
     295
     325
     305
     288
     293
     324
     291
     315
     292
     310
     297
     286
     337
     317
     297
     311
     312
     286
     300
     314
     310
     283
     326
     290
     273
     284
     304
     322
     292
     347
     350
     344
     327
     318
     279
     288
     329
     296
     294
     295
     301
     318
     285
     331
     311
     305
     320
     316
     304
     310
     311
     305
     301
     292
     312
     299
     274
     300
     325
     297
     276
     314
     299
     304
     295
     308
     283
     310
     257
     306
     319
     289
     298
     339
     313
     300
     292
     304
     289
     317
     293
     312
     282
     285
     294
     320
     288
     295
     295
     320
     308
     308
     291
     345
     289
     313
     292
     300
     312
     315
     267
     278
     305
     294
     298
     322
     293
     292
     317
     308
     289
     271
     290
     299
     296
     291
     284
     288
     316
     336
     335
     300
     301
     306
     303
     298
     292
     315
     320
     295
     314
     306
     295
     304
     298
     342
     319
     317
     307
     316
     272
     303
     333
     312
     306
     310
     287
     299
     300
     292
     297
     329
     300
     286
     331
     334
     275
     308
     292
     314
     294
     323
     270
     296
     308
     305
     302
     318
     313
     303
     279
     295
     315
     344
     340
     293
     273
     318
     298
     316
     292
     298
     305
     336
     308
     299
     291
     315
     292
     266
     294
     304
     318
     318
     262
     302
     289
     284
     311
     269
     329
     305
     288
     299
     329
     290
     309
     296
     301
     309
     298
     339
     311
     324
     291
     308
     313
     272
     320
     319
     292
     321
     314
     292
     321
     309
     296
     282
     294
     316
     332
     298
     279
     314
     320
     311
     304
     328
     316
     330
     295
     285
     308
     299
     325
     315
     313
     331
     300
     328
     324
     293
     304
     278
     288
     332
     275
     338
     286
     290
     315
     302
     313
     323
     287
     308
     293
     308
     292
     307
     307
     320
     340
     315
     276
     310
     318
     301
     300
     318
     319
     287
     314
     346
     293
     315
     318
     312
     332
     311
     344
     305
     277
     292
     345
     318
     314
     326
     312
     339
     333
     339
     319
     338
     339
     316
     335
     341
     334
     357
     324
     322
     351
     371
     382
     321
     332
     345
     355
     340
     331
     332
     357
     363
     378
     377
     333
     340
     369
     361
     376
     374
     364
     362
     323
     382
     346
     368
     367
     379
     384
     367
     347
     336
     341
     345
     354
     392
     388
     351
     400
     387
     368
     335
     347
     353
     356
     349
     381
     366
     341
     371
     376
     379
     344
     345
     348
     400
     382
     356
     397
     356
     346
     329
     319
     348
     370
     359
     334
     393
     331
     362
     361
     381
     380
     341
     344
     323
     360
     377
     361
     338
     344
     367
     325
     318
     345
     330
     360
     369
     333
     330
     343
     329
     333
     343
     335
     377
     358
     358
     371
     346
     388
     338
     336
     353
     333
     325
     359
     379
     352
     394
     337
     383
     345
     359
     365
     370
     355
     362
     320
     371
     343
     356
     332
     358
     385
     337
     361
     345
     366
     338
     354
     343
     373
     352
     339
     369
     353
     361
     353
     336
     395
     393
     333
     331
     349
     315
     334
     350
     356
     343
     381
     368
     358
     321
     363
     354
     339
     342
     347
     353
     377
     325
     354
     336
     343
     357
     330
     334
     357
     319
     348
     352
     333
     313
     342
     342
     326
     367
     371
     317
     337
     342
     345
     306
     338
     348
     354
     363
     339
     334
     392
     339
     342
     343
     328
     356
     334
     313
     324
     343
     343
     303
     382
     381
     358
     287
     331
     370
     381
     325
     325
     370
     353
     347
     362
     327
     373
     339
     355
     343
     313
     334
     348
     322
     338
     352
     338
     314
     349
     332
     323
     351
     334
     333
     316
     311
     344
     303
     370
     327
     333
     322
     340
     323
     342
     344
     300
     321
     352
     364
     298
     335
     331
     348
     339
     324
     323
     354
     308
     313
     336
     295
     330
     326
     341
     328
     338
     319
     328
     315
     335
     362
     320
     345
     321
     331
     354
     322
     325
     338
     318
     331
     337
     340
     323
     323
     304
     350
     347
     319
     351
     317
     310
     331
     333
     329
     354
     319
     330
     304
     321
     339
     285
     304
     324
     332
     320
     336
     328
     343
     326
     325
     323
     333
     334
     307
     319
     318
     350
     332
     327
     320
     326
     318
     287
     320
     319
     342
     285
     316
     348
     318
     326
     325
     341
     317
     303
     329
     302
     332
     343
     325
     345
     323
     319
     312
     320
     324
     352
     329
     309
     324
     335
     337
     322
     313
     330
     310
     337
     324
     319
     321
     296
     318
     343
     305
     319
     309
     316
     316
     321
     333
     362
     328
     292
     306
     298
     307
     326
     318
     325
     316
     312
     324
     322
     321
     314
     316
     296
     320
     319
     326
     319
     315
     359
     316
     349
     324
     324
     307
     339
     328
     301
     291
     316
     290
     293
     321
     340
     328
     301
     315
     321
     324
     317
     303
     288
     296
     311
     322
     299
     316
     326
     364
     355
     335
     349
     310
     293
     321
     312
     307
     323
     334
     329
     339
     352
     320
     319
     322
     310
     349
     304
     282
     344
     344
     323
     336
     352
     346
     335
     306
     275
     317
     343
     320
     347
     323
     326
     337
     324
     335
     300
     318
     321
     354
     317
     323
     337
     308
     295
     321
     341
     315
     324
     332
     303
     324
     330
     313
     312
     317
     284
     364
     296
     303
     294
     344
     293
     328
     318
     336
     310
     346
     317
     305
     300
     326
     302
     337
     335
     315
     290
     333
     299
     318
     304
     307
     312
     316
     320
     308
     309
     300
     329
     315
     330
     321
     324
     312
     331
     317
     299
     319
     328
     346
     323
     310
     350
     315
     308
     307
     299
     284
     292
     290
     345
     309
     322
     297
     325
     332
     312
     306
     356
     300
     309
     268
     278
     318
     329
     331
     334
     347
     303
     290
     282
     317
     313
     319
     305
     310
     319
     317
     323
     302
     331
     293
     312
     310
     326
     325
     292
     302
     328
     321
     310
     303
     316
     316
     313
     325
     290
     323
     294
     299
     306
     319
     294
     324
     295
     287
     325
     327
     300
     298
     317
     320
     295
     337
     344
     317
     312
     306
     302
     311
     307
     272
     313
     303
     319
     318
     307
     304
     301
     295
     313
     305
     291
     314
     273
     277
     299
     305
     299
     283
     326
     281
     317
     291
     321
     296
     295
     306
     281
     321
     289
     284
     310
     333
     302
     321
     288
     274
     346
     292
     308
     328
     287
     303
     309
     303
     315
     313
     291
     305
     285
     321
     292
     293
     291
     329
     279
     323
     311
     290
     349
     323
     305
     310
     292
     309
     298
     288
     331
     306
     299
     321
     302
     307
     288
     305
     285
     278
     298
     300
     327
     343
     299
     275
     311
     270
     305
     275
     287
     275
     325
     307
     275
     311
     309
     321
     295
     286
     285
     305
     296
     295
     295
     313
     292
     293
     307
     295
     285
     279
     311
     356
     282
     321
     288
     301
     319
     282
     303
     304
     297
     299
     276
     286
     279
     274
     316
     316
     309
     299
     289
     275
     303
     284
     280
     292
     290
     312
     273
     300
     293
     322
     283
     300
     278
     312
     337
     284
     280
     302
     302
     323
     295
     285
     296
     270
     285
     335
     304
     309
     289
     329
     296
     271
     259
     293
     296
     304
     266
     313
     294
     305
     294
     286
     293
     302
     303
     283
     280
     299
     309
     283
     287
     276
     325
     281
     302
     267
     282
     316
     282
     293
     302
     270
     296
     302
     290
     286
     301
     304
     268
     299
     279
     290
     297
     314
     303
     305
     295
     329
     274
     268
     282
     317
     300
     286
     313
     312
     295
     305
     322
     301
     320
     346
     313
     319
     296
     338
     301
     307
     281
     305
     304
     310
     283
     286
     279
     308
     292
     301
     288
     290
     281
     289
     289
     305
     301
     294
     284
     279
     283
     311
     280
     313
     278
     318
     293
     309
     280
     284
     323
     272
     273
     296
     312
     299
     279
     288
     297
     310
     285
     295
     284
     278
     303
     315
     280
     270
     262
     318
     280
     259
     299
     278
     291
     311
     294
     319
     313
     297
     283
     265
     266
     320
     273
     269
     300
     301
     273
     267
     294
     297
     289
     297
     306
     291
     265
     279
     295
     293
     257
     272
     309
     268
     305
     248
     258
     325
     307
     284
     280
     295
     295
     299
     272
     286
     326
     268
     271
     242
     309
     315
     302
     321
     257
     279
     303
     297
     285
     287
     296
     270
     269
     289
     289
     304
     280
     301
     281
     282
     308
     287
     285
     297
     312
     279
     262
     287
     294
     278
     303
     261
     255
     274
     294
     299
     293
     277
     288
     288
     287
     306
     299
     257
     332
     282
     301
     275
     278
     285
     329
     309
     279
     279
     271
     310
     273
     289
     264
     291
     261
     274
     294
     299
     269
     278
     286
     308
     286
     283
     281
     293
     295
     283
     286
     279
     282
     256
     280
     255
     284
     309
     289
     303
     298
     265
     291
     299
     279
     312
     263
     270
     302
     256
     287
     281
     305
     303
     277
     296
     318
     293
     300
     290
     298
     284
     305
     307
     279
     274
     285
     285
     312
     302
     293
     297
     325
     276
     295
     269
     295
     279
     310
     288
     275
     270
     309
     308
     305
     299
     294
     298
     301
     298
     289
     322
     291
     294
     296
     307
     298
     310
     335
     275
     278
     297
     276
     249
     316
     268
     310
     304
     272
     305
     294
     289
     276
     303
     297
     283
     280
     261
     332
     280
     294
     317
     316
     276
     288
     294
     308
     339
     299
     303
     314
     273
     280
     289
     284
     307
     268
     312
     298
     326
     314
     269
     285
     295
     296
     294
     296
     275
     271
     298
     327
     268
     280
     312
     303
     288
     285
     273
     284
     295
     296
     293
     305
     278
     285
     313
     304
     333
     280
     281
     295
     321
     319
     297
     292
     300
     294
     273
     299
     297
     296
     277
     295
     285
     292
     313
     316
     318
     299
     284
     328
     274
     293
     317
     324
     308
     322
     258
     304
     296
     325
     306
     326
     289
     296
     306
     292
     294
     321
     326
     303
     289
     302
     311
     348
     315
     309
     279
     295
     348
     332
     295
     305
     328
     306
     313
     305
     337
     312
     298
     309
     293
     287
     292
     331
     313
     291
     286
     350
     312
     319
     313
     309
     289
     291
     289
     294
     319
     304
     327
     287
     317
     318
     308
     302
     326
     320
     338
     317
     327
     305
     311
     327
     295
     302
     313
     303
     323
     297
     308
     297
     284
     300
     301
     320
     292
     328
     295
     282
     334
     300
     339
     327
     279
     354
     337
     315
     303
     305
     305
     314
     315
     344
     336
     311
     316
     311
     312
     325
     353
     345
     316
     320
     322
     315
     326
     317
     287
     355
     314
     275
     334
     312
     307
     352
     314
     300
     316
     299
     300
     310
     317
     334
     313
     320
     315
     351
     337
     308
     300
     327
     323
     334
     313
     291
     313
     304
     306
     329
     318
     322
     320
     332
     311
     305
     313
     345
     305
     327
     329
     331
     286
     314
     313
     281
     330
     308
     324
     316
     319
     360
     320
     304
     333
     311
     369
     332
     327
     314
     326
     330
     349
     317
     313
     292
     286
     331
     344
     303
     346
     341
     328
     349
     358
     354
     317
     319
     333
     343
     326
     309
     328
     295
     343
     305
     325
     344
     294
     321
     333
     333
     319
     346
     332
     339
     327
     319
     324
     325
     326
     367
     356
     348
     310
     304
     357
     318
     339
     323
     348
     341
     334
     370
     342
     328
     367
     324
     347
     368
     328
     359
     332
     340
     359
     364
     342
     324
     344
     343
     353
     366
     310
     342
     351
     351
     334
     348
     337
     333
     321
     317
     361
     293
     315
     377
     339
     327
     366
     324
     366
     356
     372
     350
     328
     351
     337
     355
     304
     322
     344
     370
     383
     351
     336
     353
     352
     413
     354
     342
     340
     354
     340
     343
     363
     329
     310
     303
     342
     343
     346
     365
     375
     362
     361
     366
     350
     320
     347
     366
     333
     357
     352
     366
     339
     391
     363
     361
     356
     356
     352
     372
     346
     350
     395
     374
     382
     395
     363
     360
     336
     336
     378
     350
     353
     355
     358
     348
     370
     398
     343
     386
     365
     371
     388
     373
     407
     369
     345
     360
     354
     358
     367
     354
     329
     354
     347
     358
     384
     353
     408
     370
     377
     359
     407
     372
     387
     348
     368
     435
     367
     385
     362
     390
     380
     390
     386
     359
     365
     358
     400
     389
     396
     347
     378
     380
     361
     335
     377
     370
     364
     406
     378
     360
     383
     369
     414
     370
     380
     406
     354
     394
     387
     358
     372
     414
     344
     369
     365
     363
     380
     347
     369
     346
     355
     385
     376
     412
     383
     395
     370
     377
     364
     374
     372
     402
     369
     374
     347
     395
     385
     359
     400
     340
     404
     372
     397
     381
     364
     419
     382
     380
     406
     429
     387
     350
     392
     364
     376
     378
     394
     369
     413
     354
     387
     385
     390
     366
     376
     367
     412
     395
     399
     356
     392
     398
     369
     369
     389
     399
     404
     388
     363
     401
     358
     355
     405
     398
     367
     385
     394
     376
     337
     361
     387
     399
     390
     349
     347
     349
     376
     373
     358
     395
     355
     376
     367
     398
     402
     373
     396
     391
     387
     341
     371
     364
     349
     370
     352
     338
     375
     343
     368
     353
     380
     363
     383
     364
     335
     335
     348
     351
     344
     349
     313
     316
     337
     330
     334
     315
     339
     310
     325
     307
     341
     304
     288
     270
     326
     306
     316
     332
     320
     320
     295
     263
     341
     302
     297
     303
     304
     282
     290
     279
     296
     303
     276
     279
     298
     294
     281
     273
     306
     277
     284
     273
     272
     280
     254
     271
     295
     256
     290
     257
     235
     267
     275
     252
     262
     211
     245
     251
     229
     258
     253
     269
     217
     230
     250
     215
     251
     232
     235
     232
     239
     208
     223
     225
     230
     240
     238
     225
     241
     244
     206
     210
     232
     221
     248
     230
     195
     218
     226
     250
     251
     218
     214
     234
     217
     231
     208
     228
     190
     238
     192
     209
     232
     229
     216
     229
     205
     208
     212
     198
     218
     219
     212
     205
     200
     247
     179
     199
     210
     217
     200
     226
     189
     219
     231
     237
     234
     238
     189
     239
     229
     217
     197
     225
     194
     218
     194
     205
     214
     193
     205
     210
     219
     176
     193
     217
     201
     234
     208
     185
     198
     201
     209
     170
     174
     228
     207
     178
     191
     190
     206
     205
     194
     207
     185
     183
     185
     194
     182
     207
     191
     213
     193
     184
     193
     199
     212
     176
     192
     169
     214
     214
     183
     172
     188
     175
     179
     178
     193
     194
     202
     172
     188
     198
     212
     182
     190
     176
     197
     179
     159
     158
     190
     186
     195
     197
     167
     175
     191
     188
     173
     181
     204
     203
     182
     201
     167
     172
     188
     195
     168
     184
     175
     193
     179
     175
     187
     163
     171
     173
     163
     168
     171
     198
     175
     186
     191
     185
     190
     173
     171
     178
     194
     180
     168
     188
     144
     178
     179
     180
     150
     151
     179
     197
     175
     183
     186
     201
     198
     176
     176
     142
     157
     182
     183
     189
     168
     170
     155
     185
     180
     174
     186
     192
     169
     144
     158
     161
     174
     159
     190
     161
     176
     177
     158
     159
     177
     168
     165
     160
     156
     150
     189
     166
     176
     182
     174
     167
     176
     151
     182
     154
     187
     161
     165
     154
     162
     139
     156
     143
     173
     172
     160
     170
     141
     159
     154
     156
     174
     139
     151
     155
     151
     133
     165
     160
     186
     149
     142
     164
     152
     176
     160
     133
     168
     166
     168
     158
     134
     147
     149
     131
     162
     140
     163
     152
     148
     128
     147
     134
     143
     130
     149
     171
     164
     126
     156
     170
     156
     177
     139
     144
     167
     146
     155
     136
     188
     152
     160
     148
     152
     166
     146
     147
     155
     158
     143
     157
     130
     119
     163
     159
     144
     125
     142
     137
     133
     146
     145
     126
     135
     133
     127
     154
     141
     174
     140
     136
     142
     123
     135
     184
     132
     143
     154
     137
     161
     152
     140
     155
     134
     152
     137
     143
     130
     133
     130
     151
     133
     129
     143
     143
     129
     128
     121
     129
     120
     131
     133
     167
     133
     136
     142
     121
     128
     129
     128
     129
     148
     122
     123
     130
     136
     133
     128
     117
     125
     127
     143
     119
     112
     141
     130
     132
     143
     145
     122
     123
     127
     135
     141
     136
     121
     131
     127
     124
     128
     124
     126
     127
     133
     121
     125
     137
     128
     127
     134
     130
     121
     106
     139
     123
     139
     134
     121
     141
     143
     122
     142
     117
     112
     141
     127
     148
     144
     132
     126
     122
     124
     118
     114
     128
     111
     124
     118
     115
     124
     121
     121
     121
     124
     124
     117
     116
     116
     128
     124
     127
     136
     127
     136
     125
     118
     146
     107
     115
     111
     108
     109
     118
     125
     105
     130
     111
     106
     105
     126
     139
      93
     128
     136
     107
     113
     114
     134
     135
     122
     116
     102
     121
      93
     125
     106
     120
     113
     124
     129
     128
     100
     125
      90
     121
     122
     103
     105
      98
     123
     129
     124
     111
      95
     122
     106
     126
     103
     116
     113
     104
     114
      96
     125
     112
     128
     132
     120
     117
     112
     115
     124
      86
     111
      92
     122
     104
     117
     121
     101
     122
     117
      95
     107
     136
     110
     111
     115
     108
     125
     104
     104
     102
      95
     116
     107
     109
     112
     104
     116
     112
     121
      97
     110
      97
      98
     130
     105
     127
     121
     102
     114
     104
      96
     117
      95
      98
     107
     107
     101
     113
     108
      97
     110
     123
     105
     106
     108
      93
     110
      86
      90
      90
     110
     106
      96
     106
      95
     114
     112
     102
      96
      86
     102
      83
      98
      90
     102
      99
     108
      84
      98
     113
      93
      98
      98
      98
      98
      96
      97
      94
     108
     102
     108
      98
     100
     106
      83
     111
      96
      93
      80
     100
      82
      98
      85
      98
      91
      81
      98
     105
     106
     107
     106
      88
      97
      87
      97
     103
     105
      93
      94
     101
      87
     122
      97
      89
      99
      96
      89
     100
     110
      95
     103
      84
     102
      91
      98
      90
      89
     105
      84
      87
      95
     109
      75
      96
      85
      94
     104
      95
     106
      86
      87
      96
      71
      89
      90
      89
     107
     104
      99
      94
      98
      80
      84
     102
      88
      87
      74
      84
     107
      73
      88
      80
      88
      90
      81
      83
     111
      70
     104
      77
      96
      85
      80
      93
      83
      80
      83
     105
      88
      87
      74
      99
      90
     107
      92
      95
     101
      99
      97
      99
      94
      96
      88
      91
      86
      75
      88
      77
      86
      96
      88
      90
      99
      95
     102
      82
      91
      94
      84
      96
      92
      92
      79
      94
      85
      67
      72
      87
      86
      80
      85
      89
      83
      91
      84
      80
      89
      95
      83
      89
      73
      77
      90
      99
      82
      96
      63
      73
     118
      93
      72
      73
      98
      74
      84
      97
      99
      98
     101
     111
      71
      92
     103
      92
      95
      86
      94
      75
      95
      77
      77
      81
      87
      99
      83
      87
     104
      88
      89
      83
      66
      82
      82
      78
      89
      54
      93
      94
      95
     115
      84
      74
      82
      72
      78
      99
      74
      70
      86
      83
      80
      68
      85
      82
      91
      87
      89
      71
      85
      79
      80
      83
      74
      93
      76
      72
      90
      78
      75
      69
      80
      77
      85
      83
      81
      86
      76
      75
      91
      83
      79
      84
      79
      78
      96
      84
      84
      93
      83
      71
      91
      88
      80
      85
      81
      72
      82
      96
      70
      84
      90
      99
      93
      85
      98
      89
      97
      83
      89
      91
      76
      82
      97
      82
      81
      89
      87
      78
      79
      83
      92
      80
      87
      81
      90
      85
      85
      93
      71
      83
      91
      84
      68
      93
      81
      69
      86
      80
      83
      87
      80
      98
      85
      89
      77
     115
      92
      78
      75
      84
      79
      79
      77
      79
      79
      74
      87
      86
      90
      82
      83
      91
      92
      76
      80
      83
      88
      68
      67
      77
      95
      93
      87
     100
      61
      77
      94
      81
      87
      93
      85
      96
      75
      81
      70
      84
      74
      94
      78
      66
      91
      94
      86
      86
      85
      79
      92
      90
      69
      88
      98
     103
      79
      87
      70
      88
      77
      87
      75
      71
      88
      89
      76
      79
      78
      86
      65
      87
      86
      78
      78
      63
      77
      91
      84
      82
      86
      86
      85
      76
      87
      78
      98
     102
      86
      84
      81
      77
      69
      78
      93
      72
      83
      70
     109
      77
      81
      95
      66
      75
      82
      88
      74
      79
      84
      85
      96
      85
     100
      96
      73
      63
      77
      70
      81
      77
      78
      77
      91
      86
      70
      75
      73
      86
      85
      87
      97
      69
      70
      80
      71
      73
      87
      77
      84
      80
      84
      96
      80
      79
      72
      88
      87
      76
      73
      76
      86
      84
      97
      86
      83
      73
      92
      82
      75
      85
      83
      79
      75
      80
      74
      74
      91
      75
      95
      81
      88
      89
      80
      79
      72
      90
      87
      94
      76
      95
      97
      72
      79
      79
      89
      62
      75
      86
      72
      87
      67
      76
      76
     100
      88
      87
      85
      94
      86
      84
      65
      73
      89
      89
      93
      84
      80
      78
      73
      75
      76
      93
      90
      82
      72
      66
      89
      89
      69
      92
      84
      90
      92
      75
      88
      81
      88
      86
      90
      80
      84
      91
      92
      92
      79
      79
      78
      83
      91
      77
      91
      74
      88
      70
      76
      82
      74
      81
      93
      93
      96
      74
      73
      80
      82
      92
      82
     104
      84
      72
      85
      92
      72
     100
      82
      82
      88
      81
      79
      84
      66
      74
      86
      79
      86
      72
      85
      88
      77
      73
      74
      90
      90
      69
      83
      75
     100
      65
      76
      74
      75
      68
      87
      78
      73
      70
      78
      78
      69
      82
      80
      77
      81
      84
      87
      79
      77
      75
      92
      71
      79
      67
      73
      69
      96
      85
      95
      87
      63
      93
      80
      79
      84
      80
      55
      78
      93
      91
      78
      64
      77
      79
      86
      85
      85
      83
      89
      80
      80
      84
      97
      90
      88
      85
      74
      77
      80
      68
      85
      84
      81
      82
      82
      81
      90
      94
      77
     101
      87
      75
      81
      82
      78
      77
      84
      76
      76
      70
      75
      78
      94
      92
      78
      90
      86
      76
      76
      83
      84
      97
      85
      73
      85
      88
      84
      70
      99
      68
      86
      84
      83
      84
      86
      92
      80
      83
      77
      60
      78
      98
      78
      75
      71
      80
      86
      82
      78
      88
      77
      68
      93
      88
      87
      88
     108
      78
      86
      80
      86
      78
      99
      73
      94
      89
      69
      72
      73
      81
      86
      75
      81
      75
      67
      91
      89
      81
      86
      85
      88
      94
      76
      74
      87
      87
      87
      73
      87
      70
      78
      86
      81
      52
      82
      68
      71
      85
      85
      75
      81
      93
      85
      92
      78
      72
      93
      87
      68
     100
      85
      82
      86
      77
      68
      88
      91
      78
      87
      79
      89
     101
     100
      98
      79
      70
      77
      74
      80
      87
      81
      93
      80
      94
      63
      79
      88
      80
      90
      78
      79
      70
      97
      87
      80
      85
      94
      95
      79
      93
      86
      78
      86
      67
      73
     103
      81
      87
      73
      94
      80
      81
      95
      88
      88
     100
      74
      83
      98
      98
      97
      90
      84
      87
      80
      79
      85
      65
      78
      83
      95
      86
     114
      71
      91
      91
      85
      83
     101
      79
      75
      99
     100
      90
      92
      92
      85
      81
      82
      68
      82
      84
      99
      92
      78
      66
      92
      90
      95
      97
      85
      82
      87
      85
      78
      97
      94
      77
      81
      81
      96
      91
      84
      82
      73
      84
      95
      83
      87
      91
      90
      91
      91
      87
      93
      95
     101
      81
      89
      82
      75
      90
      88
     100
      74
      94
      95
      84
     103
      75
      84
      85
      99
      91
      87
     117
      81
      79
      90
      96
      85
      92
      90
      99
     102
      81
      80
      81
     100
      99
     102
      86
      97
     115
      98
      97
      81
     102
     101
      84
     112
     116
     106
      98
      81
     105
     103
      98
     106
     107
     101
     112
     117
     118
     114
     109
     102
      97
     112
     111
     122
     107
      94
      99
     103
     122
     106
     107
      97
     108
     110
     118
     108
     129
     134
     113
     115
     106
     132
     127
     138
     167
     129
     142
     151
     139
     157
     156
     216
     184
     192
     204
     232
     243
     244
     250
     285
     327
     316
     401
     445
     473
     565
     593
     659
     756
     813
     886
    1021
    1201
    1416
    1623
    1889
    2106
    2573
    2883
    3348
    3888
    4423
    5115
    5740
    6356
    7019
    7697
    8648
    9344
   10014
   10390
   11047
   11571
   12100
   12400
   12463
   12550
   13091
   12834
   12662
   12342
   12405
   12117
   11900
   11337
   10833
   10271
    9717
    9138
    8248
    7673
    6906
    6189
    5591
    4821
    4121
    3435
    3015
    2450
    2012
    1667
    1385
    1136
     904
     791
     647
     532
     483
     428
     372
     325
     291
     262
     247
     213
     181
     163
     172
     187
     143
     136
     137
     126
     123
     127
      98
      92
     108
      86
     105
     100
     109
     101
      87
      89
      77
      79
      76
      69
      80
      81
      75
      71
      75
      78
      81
      69
      71
      77
      68
      72
      68
      76
      69
      72
      63
      59
      67
      66
      73
      64
      65
      71
      59
      56
      62
      58
      85
      62
      55
      65
      54
      64
      73
      54
      54
      51
      68
      54
      59
      60
      63
      60
      55
      52
      60
      49
      56
      71
      56
      45
      73
      66
      55
      45
      55
      57
      55
      55
      53
      57
      59
      54
      55
      51
      50
      61
      69
      48
      56
      56
      51
      60
      57
      56
      43
      42
      52
      48
      42
      49
      70
      52
      52
      57
      53
      59
      58
      70
      52
      50
      59
      54
      47
      53
      46
      46
      54
      44
      52
      67
      61
      62
      52
      57
      59
      47
      39
      58
      43
      44
      46
      51
      60
      43
      58
      53
      55
      61
      58
      70
      48
      52
      46
      48
      44
      54
      56
      35
      25
      59
      55
      62
      52
      49
      53
      45
      51
      34
      48
      56
      44
      65
      50
      47
      49
      46
      44
      52
      55
      54
      49
      42
      48
      38
      42
      50
      50
      57
      57
      40
      47
      52
      42
      49
      55
      49
      46
      51
      47
      52
      50
      49
      45
      64
      59
      43
      46
      42
      45
      42
      47
      46
      44
      51
      46
      45
      50
      39
      58
      39
      56
      44
      43
      36
      48
      50
      46
      50
      53
      56
      37
      50
      48
      40
      46
      50
      48
      40
      45
      39
      44
      45
      51
      48
      38
      37
      52
      48
      38
      44
      48
      48
      45
      62
      42
      47
      32
      34
      43
      45
      50
      41
      67
      46
      52
      34
      42
      29
      32
      45
      49
      40
      45
      35
      53
      57
      57
      42
      39
      49
      33
      47
      42
      41
      46
      39
      55
      49
      36
      45
      42
      49
      48
      45
      40
      52
      45
      44
      54
      45
      43
      52
      51
      48
      45
      50
      48
      47
      40
      44
      45
      50
      32
      50
      51
      50
      52
      38
      45
      44
      38
      36
      35
      39
      43
      51
      42
      41
      36
      47
      38
      46
      41
      38
      55
      35
      39
      42
      52
      54
      42
      44
      46
      46
      46
      56
      47
      46
      56
      52
      45
      48
      34
      50
      51
      39
      42
      50
      43
      46
      40
      39
      44
      52
      52
      41
      47
      46
      46
      42
      42
      39
      31
      42
      35
      50
      40
      44
      44
      43
      39
      37
      37
      43
      43
      30
      35
      51
      36
      42
      45
      32
      45
      46
      35
      42
      40
      45
      51
      45
      39
      42
      51
      46
      41
      53
      41
      31
      44
      43
      43
      55
      48
      42
      39
      44
      48
      44
      44
      38
      37
      39
      42
      40
      44
      28
      44
      42
      42
      41
      30
      37
      32
      42
      30
      37
      43
      41
      37
      35
      45
      35
      45
      43
      53
      51
      34
      50
      38
      45
      43
      35
      55
      35
      44
      28
      42
      34
      49
      48
      44
      40
      53
      46
      46
      47
      45
      33
      50
      40
      46
      42
      46
      39
      48
      45
      38
      27
      44
      52
      39
      42
      44
      46
      37
      47
      33
      57
      34
      37
      31
      55
      40
      34
      40
      41
      34
      38
      42
      37
      42
      52
      36
      41
      37
      43
      42
      43
      39
      42
      50
      42
      34
      38
      33
      48
      28
      41
      54
      32
      30
      43
      35
      37
      38
      46
      48
      54
      55
      43
      38
      38
      51
      43
      35
      32
      49
      33
      34
      35
      35
      40
      41
      40
      42
      46
      34
      26
      37
      51
      38
      28
      41
      42
      48
      46
      38
      47
      31
      38
      38
      34
      38
      40
      39
      49
      42
      42
      36
      41
      43
      45
      41
      33
      41
      43
      32
      48
      36
      42
      46
      41
      36
      48
      39
      37
      37
      40
      46
      55
      48
      32
      33
      38
      42
      27
      38
      38
      42
      37
      56
      38
      40
      42
      42
      51
      39
      45
      41
      45
      39
      33
      34
      39
      50
      41
      38
      36
      36
      38
      37
      45
      35
      54
      31
      39
      34
      43
      37
      47
      46
      41
      51
      41
      47
      34
      41
      44
      53
      46
      49
      48
      43
      34
      53
      35
      31
      43
      38
      46
      53
      34
      35
      37
      35
      40
      43
      46
      28
      46
      32
      42
      44
      37
      28
      36
      54
      33
      33
      43
      38
      38
      46
      41
      40
      34
      47
      44
      40
      34
      47
      40
      48
      43
      37
      39
      48
      42
      43
      39
      38
      50
      43
      46
      43
      40
      43
      40
      39
      44
      32
      53
      53
      44
      34
      52
      34
      48
      32
      33
      43
      35
      30
      36
      48
      36
      39
      34
      32
      44
      49
      24
      46
      44
      40
      37
      46
      41
      45
      44
      35
      48
      33
      38
      34
      42
      48
      41
      43
      41
      51
      31
      41
      45
      45
      39
      38
      48
      27
      46
      42
      42
      36
      52
      30
      36
      42
      34
      41
      54
      34
      41
      46
      28
      33
      39
      36
      43
      40
      31
      48
      30
      29
      53
      35
      45
      43
      34
      36
      40
      39
      50
      34
      47
      29
      49
      42
      43
      42
      40
      36
      41
      36
      39
      41
      48
      35
      34
      43
      44
      40
      48
      28
      47
      49
      34
      39
      48
      32
      48
      39
      42
      32
      44
      43
      42
      34
      30
      33
      47
      37
      35
      48
      29
      39
      31
      47
      32
      43
      48
      44
      28
      35
      36
      40
      43
      42
      46
      47
      28
      47
      40
      31
      45
      28
      43
      43
      36
      40
      35
      38
      30
      39
      31
      38
      39
      44
      38
      43
      47
      33
      40
      41
      44
      34
      42
      31
      39
      38
      34
      45
      50
      31
      40
      31
      42
      42
      29
      33
      48
      35
      25
      37
      32
      37
      31
      25
      41
      23
      40
      36
      41
      43
      42
      31
      39
      45
      39
      47
      42
      37
      46
      40
      27
      37
      41
      37
      45
      35
      36
      49
      35
      53
      31
      34
      30
      38
      44
      50
      37
      33
      51
      44
      55
      37
      37
      33
      33
      44
      42
      31
      48
      32
      48
      37
      48
      44
      43
      45
      49
      38
      36
      38
      39
      46
      45
      54
      54
      50
      52
      53
      54
      51
      53
      45
      42
      58
      34
      39
      43
      44
      44
      32
      41
      33
      33
      39
      44
      38
      42
      38
      32
      39
      52
      34
      38
      41
      35
      44
      32
      44
      45
      36
      41
      31
      44
      37
      31
      32
      47
      38
      43
      49
      29
      37
      42
      38
      34
      49
      43
      37
      39
      31
      42
      36
      41
      40
      42
      37
      33
      36
      27
      45
      35
      49
      50
      36
      46
      34
      34
      35
      41
      46
      39
      33
      34
      32
      41
      41
      40
      42
      38
      43
      37
      40
      34
      31
      38
      27
      33
      45
      31
      35
      44
      49
      34
      39
      35
      52
      36
      38
      40
      31
      37
      49
      38
      44
      42
      42
      41
      21
      35
      36
      41
      34
      45
      33
      30
      33
      31
      33
      40
      49
      29
      34
      39
      46
      33
      39
      46
      41
      29
      44
      39
      29
      33
      35
      38
      47
      32
      44
      38
      44
      45
      37
      43
      18
      43
      40
      32
      42
      37
      31
      37
      36
      41
      38
      38
      44
      42
      37
      38
      40
      40
      37
      31
      44
      45
      40
      42
      46
      37
      32
      41
      38
      28
      45
      33
      44
      28
      37
      36
      35
      32
      31
      56
      43
      37
      36
      36
      33
      40
      44
      37
      33
      38
      41
      37
      43
      39
      36
      42
      42
      29
      38
      41
      27
      61
      35
      46
      43
      38
      31
      37
      28
      48
      41
      31
      40
      40
      40
      38
      30
      48
      43
      32
      39
      25
      33
      40
      44
      45
      42
      33
      43
      48
      34
      38
      46
      38
      24
      37
      36
      36
      41
      45
      32
      46
      35
      43
      33
      39
      46
      27
      29
      37
      39
      26
      41
      32
      32
      44
      32
      42
      31
      41
      37
      37
      39
      36
      47
      38
      33
      43
      41
      34
      36
      47
      45
      33
      43
      38
      34
      35
      30
      54
      45
      33
      39
      28
      47
      59
      43
      37
      40
      44
      38
      39
      39
      40
      44
      29
      46
      39
      31
      38
      43
      47
      37
      49
      35
      35
      34
      42
      37
      28
      40
      37
      35
      33
      48
      37
      43
      35
      48
      42
      32
      46
      43
      46
      47
      32
      38
      35
      40
      37
      45
      44
      37
      43
      37
      38
      39
      38
      36
      38
      42
      36
      36
      30
      41
      50
      46
      40
      40
      45
      41
      39
      37
      33
      42
      36
      40
      25
      51
      43
      32
      26
      42
      32
      38
      33
      34
      28
      42
      32
      48
      41
      45
      34
      29
      40
      43
      38
      37
      28
      40
      29
      42
      48
      35
      35
      44
      29
      43
      27
      36
      37
      44
      42
      37
      36
      44
      37
      31
      38
      32
      32
      37
      38
      37
      29
      41
      39
      42
      42
      30
      37
      36
      45
      28
      35
      39
      37
      31
      40
      42
      49
      35
      37
      39
      38
      27
      42
      45
      40
      36
      38
      40
      48
      31
      44
      41
      28
      43
      32
      43
      37
      43
      36
      41
      33
      49
      28
      32
      34
      34
      33
      32
      47
      40
      30
      28
      52
      34
      35
      34
      42
      38
      31
      31
      37
      41
      50
      43
      42
      36
      41
      41
      37
      37
      48
      52
      50
      47
      49
      34
      40
      35
      32
      38
      26
      36
      38
      44
      51
      37
      33
      26
      48
      40
      41
      36
      31
      45
      35
      44
      32
      37
      30
      39
      41
      29
      48
      45
      32
      36
      36
      44
      55
      35
      31
      39
      50
      41
      40
      48
      49
      34
      40
      51
      32
      32
      43
      35
      32
      39
      36
      38
      27
      30
      40
      32
      37
      35
      51
      41
      31
      25
      48
      47
      36
      33
      44
      46
      38
      42
      39
      39
      47
      43
      41
      32
      41
      38
      39
      38
      33
      38
      32
      34
      42
      35
      43
      42
      47
      38
      41
      30
      41
      46
      43
      33
      32
      43
      29
      40
      42
      33
      29
      48
      40
      40
      43
      42
      37
      40
      35
      36
      43
      45
      37
      44
      33
      33
      34
      38
      43
      39
      48
      47
      50
      43
      47
      43
      36
      38
      46
      40
      40
      44
      44
      44
      47
      33
      35
      40
      35
      50
      41
      33
      42
      36
      28
      37
      35
      34
      48
      28
      32
      41
      40
      36
      39
      32
      41
      38
      55
      41
      41
      26
      34
      46
      48
      35
      29
      39
      43
      36
      32
      44
      39
      39
      49
      35
      50
      36
      40
      36
      39
      39
      40
      35
      32
      44
      35
      34
      45
      36
      47
      48
      37
      39
      29
      31
      50
      42
      35
      29
      36
      45
      40
      45
      35
      37
      35
      43
      43
      27
      40
      32
      50
      44
      33
      47
      35
      41
      31
      47
      36
      35
      49
      38
      38
      37
      39
      56
      40
      38
      48
      35
      25
      51
      32
      37
      43
      36
      39
      47
      28
      37
      51
      52
      42
      44
      28
      39
      42
      41
      49
      46
      37
      45
      39
      51
      42
      29
      39
      37
      40
      30
      46
      32
      31
      31
      38
      37
      38
      40
      36
      27
      41
      57
      40
      42
      37
      37
      42
      33
      31
      44
      48
      36
      36
      38
      39
      44
      38
      29
      35
      44
      47
      30
      40
      38
      34
      40
      38
      41
      35
      37
      44
      44
      43
      44
      34
      35
      39
      29
      32
      45
      43
      39
      25
      35
      34
      42
      38
      37
      34
      39
      52
      28
      42
      36
      39
      27
      51
      42
      43
      35
      34
      31
      56
      26
      32
      39
      41
      35
      44
      33
      42
      26
      37
      41
      28
      33
      35
      38
      44
      42
      39
      42
      43
      31
      49
      44
      41
      49
      35
      29
      42
      35
      30
      41
      31
      47
      25
      46
      33
      43
      42
      35
      29
      28
      42
      42
      28
      31
      40
      42
      33
      28
      43
      43
      49
      35
      42
      41
      49
      24
      35
      47
      40
      31
      46
      37
      38
      36
      43
      35
      40
      34
      35
      45
      42
      51
      43
      29
      34
      42
      45
      38
      33
      28
      34
      39
      35
      35
      48
      52
      31
      43
      32
      42
      32
      36
      38
      39
      37
      39
      48
      37
      44
      35
      46
      42
      35
      32
      34
      45
      39
      38
      32
      32
      31
      46
      42
      39
      35
      36
      41
      40
      46
      45
      38
      50
      33
      48
      32
      48
      39
      36
      42
      31
      29
      33
      40
      28
      30
      33
      52
      37
      47
      40
      28
      46
      43
      30
      47
      37
      40
      39
      52
      44
      34
      34
      49
      45
      40
      29
      55
      33
      36
      37
      45
      45
      41
      46
      41
      36
      41
      38
      30
      38
      31
      35
      36
      41
      31
      44
      40
      35
      45
      43
      32
      46
      28
      44
      39
      38
      34
      32
      41
      40
      38
      38
      39
      39
      39
      50
      39
      47
      35
      49
      37
      36
      44
      46
      29
      35
      41
      33
      40
      32
      36
      41
      36
      46
      34
      35
      31
      31
      43
      38
      42
      45
      40
      36
      32
      37
      39
      40
      40
      39
      27
      39
      38
      39
      38
      34
      37
      32
      36
      39
      38
      40
      33
      35
      38
      32
      39
      40
      46
      38
      37
      35
      45
      44
      34
      31
      42
      32
      29
      41
      39
      42
      44
      39
      38
      43
      43
      54
      34
      40
      32
      36
      40
      42
      25
      42
      39
      47
      38
      34
      50
      35
      36
      38
      36
      28
      43
      39
      41
      34
      40
      43
      40
      32
      31
      43
      36
      43
      37
      48
      37
      49
      36
      27
      39
      44
      38
      46
      49
      40
      36
      54
      37
      48
      48
      43
      38
      44
      36
      42
      31
      41
      41
      33
      43
      39
      57
      41
      46
      34
      49
      31
      35
      55
      39
      48
      37
      35
      53
      32
      38
      35
      39
      28
      44
      27
      46
      35
      35
      28
      47
      34
      31
      49
      33
      41
      29
      37
      23
      58
      49
      39
      31
      35
      34
      32
      43
      50
      38
      44
      48
      45
      55
      48
      31
      43
      30
      41
      35
      42
      37
      33
      43
      29
      42
      36
      23
      36
      47
      42
      35
      46
      34
      46
      44
      33
      43
      40
      40
      34
      30
      32
      38
      40
      39
      46
      35
      34
      43
      47
      43
      41
      48
      38
      39
      47
      43
      52
      27
      37
      42
      52
      32
      53
      40
      56
      39
      36
      47
      32
      44
      37
      36
      30
      53
      40
      48
      45
      35
      39
      31
      43
      38
      33
      42
      43
      47
      41
      26
      47
      25
      30
      39
      44
      46
      48
      32
      37
      39
      45
      36
      43
      32
      33
      40
      37
      36
      31
      38
      42
      50
      38
      44
      39
      47
      36
      29
      46
      41
      38
      37
      43
      37
      24
      38
      48
      27
      60
      37
      46
      37
      34
      33
      42
      42
      44
      42
      30
      20
      46
      44
      28
      42
      38
      36
      38
      50
      44
      38
      39
      28
      42
      36
      40
      39
      52
      39
      38
      42
      36
      35
      33
      42
      45
      51
      61
      35
      43
      45
      42
      46
      39
      41
      43
      31
      43
      32
      40
      44
      40
      34
      40
      48
      55
      53
      49
      42
      42
      44
      46
      40
      27
      41
      44
      43
      41
      33
      43
      39
      28
      33
      31
      35
      35
      37
      29
      33
      41
      36
      44
      32
      36
      37
      32
      32
      32
      42
      53
      30
      43
      46
      30
      33
      34
      38
      53
      41
      48
      46
      31
      36
      51
      54
      43
      51
      45
      32
      52
      40
      34
      35
      37
      38
      47
      39
      39
      34
      48
      53
      38
      28
      35
      42
      35
      36
      33
      33
      49
      41
      43
      31
      44
      51
      53
      45
      37
      43
      43
      37
      45
      49
      46
      43
      43
      39
      37
      35
      42
      43
      32
      51
      34
      44
      35
      39
      30
      39
      41
      39
      34
      36
      35
      28
      37
      33
      41
      39
      39
      34
      41
      41
      37
      26
      53
      33
      29
      33
      46
      35
      34
      44
      51
      38
      44
      36
      35
      45
      41
      43
      35
      41
      34
      42
      41
      42
      33
      45
      41
      44
      39
      36
      42
      33
      34
      46
      28
      37
      36
      35
      34
      44
      49
      47
      46
      41
      37
      59
      42
      53
      41
      41
      59
      49
      51
      36
      43
      39
      38
      45
      36
      34
      40
      44
      45
      41
      39
      38
      35
      48
      48
      32
      47
      45
      49
      35
      40
      51
      42
      31
      35
      39
      43
      39
      36
      59
      33
      44
      42
      44
      38
      51
      48
      49
      39
      48
      47
      50
      32
      43
      39
      43
      33
      43
      34
      42
      30
      45
      31
      51
      33
      34
      44
      40
      42
      37
      37
      29
      40
      36
      34
      32
      40
      42
      33
      38
      40
      31
      40
      27
      46
      42
      42
      55
      51
      42
      34
      44
      34
      42
      45
      39
      37
      40
      46
      44
      41
      36
      42
      51
      57
      54
      35
      43
      40
      35
      38
      41
      36
      47
      44
      38
      39
      34
      31
      44
      33
      37
      55
      41
      47
      36
      46
      41
      39
      45
      41
      23
      55
      44
      46
      36
      34
      43
      53
      43
      33
      24
      43
      39
      34
      27
      43
      40
      48
      48
      55
      39
      33
      40
      35
      43
      39
      59
      46
      36
      37
      39
      48
      41
      51
      53
      47
      42
      49
      49
      46
      35
      36
      39
      40
      38
      50
      37
      43
      45
      41
      38
      32
      37
      40
      42
      40
      34
      40
      31
      47
      46
      37
      34
      45
      45
      36
      37
      31
      47
      35
      37
      37
      49
      42
      47
      34
      46
      33
      40
      38
      37
      44
      43
      39
      46
      42
      51
      45
      41
      43
      37
      43
      52
      32
      39
      44
      30
      62
      41
      54
      34
      42
      37
      54
      36
      44
      48
      43
      34
      41
      37
      47
      38
      48
      28
      40
      40
      36
      44
      43
      33
      55
      35
      36
      32
      59
      48
      37
      34
      53
      51
      33
      40
      44
      43
      41
      39
      50
      37
      38
      43
      49
      38
      28
      45
      39
      54
      46
      54
      30
      51
      38
      52
      36
      51
      33
      44
      42
      45
      34
      36
      54
      44
      43
      51
      37
      40
      34
      45
      45
      37
      50
      34
      37
      27
      39
      51
      44
      44
      37
      40
      39
      28
      41
      37
      34
      47
      41
      48
      50
      43
      41
      45
      39
      36
      48
      36
      43
      36
      42
      52
      40
      32
      29
      33
      47
      33
      39
      43
      40
      37
      38
      42
      34
      23
      42
      37
      36
      56
      35
      37
      46
      49
      45
      50
      45
      38
      35
      39
      43
      46
      49
      34
      47
      46
      45
      34
      43
      48
      37
      38
      43
      52
      42
      50
      36
      34
      43
      40
      39
      41
      41
      47
      35
      42
      37
      41
      41
      37
      40
      45
      31
      44
      38
      38
      46
      38
      47
      34
      50
      42
      32
      51
      55
      35
      47
      38
      41
      39
      49
      31
      37
      34
      44
      49
      33
      46
      40
      46
      37
      35
      49
      41
      34
      44
      41
      38
      47
      50
      40
      46
      44
      32
      43
      46
      48
      49
      42
      38
      52
      52
      40
      38
      47
      29
      40
      43
      41
      49
      47
      39
      45
      43
      38
      52
      44
      41
      46
      46
      44
      45
      46
      36
      42
      47
      50
      39
      37
      37
      44
      42
      45
      43
      42
      33
      48
      51
      44
      46
      44
      55
      56
      53
      50
      41
      50
      39
      39
      41
      43
      42
      47
      48
      32
      39
      42
      43
      33
      38
      38
      32
      57
      42
      43
      58
      42
      34
      28
      36
      40
      33
      47
      55
      32
      33
      37
      40
      59
      39
      33
      56
      43
      47
      42
      48
      33
      40
      40
      45
      44
      45
      43
      45
      51
      52
      43
      52
      36
      41
      39
      37
      35
      37
      59
      55
      54
      39
      41
      35
      47
      50
      43
      38
      35
      42
      42
      35
      50
      33
      44
      33
      31
      41
      37
      40
      35
      39
      38
      42
      40
      48
      34
      38
      24
      39
      47
      36
      56
      44
      51
      45
      45
      41
      38
      31
      36
      41
      38
      33
      42
      35
      41
      36
      35
      38
      26
      49
      40
      47
      37
      43
      44
      39
      51
      34
      48
      46
      44
      46
      44
      46
      38
      45
      41
      44
      42
      50
      38
      48
      37
      40
      51
      36
      44
      51
      32
      47
      35
      48
      40
      42
      45
      31
      54
      42
      48
      43
      45
      38
      45
      41
      31
      46
      48
      46
      53
      39
      36
      52
      37
      42
      41
      31
      36
      30
      43
      36
      42
      37
      49
      42
      38
      48
      38
      44
      34
      40
      33
      40
      53
      35
      48
      49
      35
      54
      36
      53
      44
      38
      36
      37
      50
      40
      47
      42
      47
      47
      34
      50
      44
      47
      48
      49
      39
      37
      43
      41
      46
      53
      39
      46
      46
      42
      45
      46
      39
      49
      43
      48
      43
      33
      37
      44
      45
      47
      54
      43
      42
      42
      49
      45
      52
      37
      35
      39
      47
      49
      51
      54
      51
      36
      43
      43
      39
      52
      46
      31
      38
      37
      49
      35
      44
      48
      42
      46
      34
      32
      37
      31
      41
      45
      41
      48
      41
      47
      55
      50
      54
      50
      45
      40
      49
      44
      38
      42
      44
      43
      44
      44
      63
      47
      50
      30
      44
      34
      52
      47
      38
      44
      43
      49
      29
      40
      43
      41
      50
      39
      36
      36
      28
      41
      42
      45
      42
      52
      40
      36
      32
      43
      37
      39
      41
      53
      43
      38
      36
      44
      45
      56
      43
      44
      47
      51
      31
      49
      41
      37
      40
      42
      48
      53
      50
      39
      42
      48
      37
      29
      45
      32
      44
      50
      58
      47
      36
      37
      49
      40
      60
      50
      39
      54
      37
      66
      34
      43
      46
      50
      34
      45
      45
      47
      43
      53
      36
      35
      38
      46
      49
      34
      45
      35
      42
      41
      53
      32
      57
      31
      47
      42
      30
      39
      47
      36
      50
      46
      52
      42
      49
      43
      47
      47
      45
      42
      46
      58
      54
      45
      45
      40
      56
      45
      48
      44
      40
      49
      44
      37
      49
      38
      46
      47
      34
      46
      45
      31
      38
      41
      54
      35
      47
      41
      49
      48
      44
      37
      41
      49
      45
      34
      47
      34
      45
      41
      41
      39
      46
      52
      54
      45
      42
      35
      55
      48
      46
      39
      42
      48
      45
      43
      47
      41
      43
      58
      57
      50
      59
      52
      49
      33
      49
      42
      46
      43
      45
      44
      45
      50
      39
      24
      44
      46
      46
      46
      30
      55
      43
      46
      44
      43
      42
      51
      40
      44
      53
      58
      45
      47
      39
      51
      40
      43
      43
      41
      48
      45
      45
      46
      39
      48
      42
      54
      46
      44
      41
      37
      50
      53
      50
      48
      41
      46
      45
      36
      29
      48
      48
      51
      40
      64
      45
      39
      36
      44
      44
      46
      44
      53
      34
      35
      41
      44
      37
      48
      45
      47
      24
      39
      38
      44
      42
      46
      34
      33
      45
      45
      38
      38
      36
      63
      44
      45
      48
      43
      38
      37
      45
      39
      53
      53
      43
      40
      52
      44
      48
      29
      41
      33
      47
      54
      47
      48
      41
      54
      50
      43
      42
      44
      37
      34
      38
      40
      45
      56
      36
      47
      50
      37
      40
      47
      48
      45
      49
      30
      44
      47
      43
      41
      54
      48
      40
      43
      42
      51
      45
      53
      31
      40
      45
      42
      50
      41
      45
      40
      46
      51
      52
      41
      42
      47
      58
      53
      45
      47
      38
      37
      44
      39
      31
      49
      35
      48
      45
      44
      41
      40
      44
      41
      30
      48
      41
      54
      47
      45
      42
      43
      50
      54
      41
      39
      53
      48
      32
      42
      52
      61
      53
      68
      45
      45
      52
      43
      54
      36
      40
      41
      57
      37
      36
      43
      48
      49
      47
      52
      47
      50
      38
      44
      48
      47
      50
      59
      42
      47
      51
      41
      42
      48
      58
      36
      39
      49
      49
      40
      43
      54
      46
      44
      47
      48
      41
      45
      42
      41
      53
      45
      47
      44
      38
      45
      46
      45
      44
      47
      49
      44
      47
      50
      44
      45
      38
      40
      52
      51
      48
      45
      44
      46
      44
      43
      50
      35
      45
      51
      48
      45
      65
      51
      46
      58
      53
      56
      35
      38
      47
      44
      43
      56
      57
      39
      53
      53
      43
      50
      40
      45
      32
      43
      48
      47
      68
      41
      49
      51
      48
      46
      43
      46
      37
      37
      44
      39
      54
      50
      43
      37
      57
      36
      43
      39
      46
      34
      41
      31
      54
      48
      43
      54
      59
      49
      38
      42
      35
      47
      51
      44
      42
      46
      42
      40
      47
      42
      49
      48
      47
      49
      41
      55
      55
      48
      57
      38
      44
      41
      48
      55
      38
      36
      39
      62
      37
      39
      54
      44
      47
      46
      41
      48
      36
      48
      60
      52
      44
      50
      41
      40
      47
      51
      41
      50
      42
      55
      47
      46
      50
      53
      47
      53
      46
      34
      54
      39
      50
      49
      52
      41
      44
      52
      56
      40
      46
      44
      47
      52
      44
      45
      41
      61
      39
      54
      43
      41
      38
      47
      48
      51
      56
      38
      43
      42
      50
      42
      47
      60
      43
      51
      40
      57
      41
      36
      58
      46
      39
      49
      46
      58
      47
      38
      52
      49
      42
      37
      39
      38
      63
      63
      31
      47
      44
      49
      54
      45
      61
      51
      53
      57
      58
      43
      45
      36
      47
      43
      46
      54
      41
      58
      47
      41
      49
      46
      52
      54
      52
      37
      48
      41
      52
      47
      47
      46
      49
      45
      54
      56
      54
      41
      40
      50
      41
      57
      50
      44
      39
      41
      51
      44
      39
      52
      45
      42
      60
      34
      58
      60
      45
      54
      58
      59
      55
      40
      59
      40
      41
      42
      43
      51
      59
      40
      53
      62
      44
      53
      44
      40
      42
      54
      34
      45
      62
      53
      40
      50
      43
      51
      42
      57
      46
      44
      58
      47
      47
      49
      39
      33
      43
      56
      41
      49
      39
      43
      48
      49
      47
      38
      49
      49
      49
      41
      36
      50
      56
      59
      59
      57
      43
      60
      49
      61
      54
      54
      52
      43
      56
      53
      56
      42
      49
      44
      48
      53
      43
      41
      49
      56
      35
      48
      49
      67
      65
      44
      47
      43
      57
      49
      43
      50
      53
      39
      42
      52
      51
      49
      53
      37
      53
      52
      51
      57
      34
      36
      57
      55
      49
      54
      42
      64
      50
      62
      51
      42
      47
      44
      52
      48
      48
      46
      54
      52
      45
      47
      52
      50
      41
      65
      61
      45
      47
      42
      61
      48
      40
      53
      50
      53
      58
      47
      56
      57
      53
      39
      52
      52
      53
      39
      57
      68
      49
      58
      44
      48
      59
      46
      49
      41
      60
      48
      42
      49
      49
      55
      43
      53
      62
      46
      47
      48
      63
      52
      47
      48
      52
      59
      52
      52
      51
      50
      51
      37
      49
      53
      62
      49
      51
      48
      68
      47
      52
      50
      45
      45
      39
      50
      53
      41
      42
      55
      50
      45
      48
      53
      58
      66
      53
      46
      43
      51
      51
      45
      36
      57
      53
      38
      61
      53
      39
      50
      53
      45
      43
      51
      43
      44
      45
      51
      47
      51
      55
      53
      47
      51
      49
      53
      65
      48
      43
      50
      45
      51
      48
      55
      49
      60
      66
      45
      46
      46
      58
      52
      55
      53
      42
      61
      65
      52
      51
      56
      52
      55
      49
      64
      55
      54
      51
      43
      41
      53
      54
      51
      59
      43
      50
      37
      49
      61
      43
      54
      54
      50
      55
      58
      60
      59
      64
      55
      52
      48
      50
      67
      36
      54
      56
      49
      58
      53
      48
      54
      44
      45
      56
      59
      46
      46
      50
      52
      64
      52
      52
      51
      62
      43
      51
      55
      53
      49
      57
      46
      57
      50
      54
      56
      48
      45
      71
      71
      42
      47
      52
      51
      55
      62
      53
      50
      54
      46
      42
      64
      63
      56
      68
      56
      46
      52
      53
      47
      59
      60
      52
      45
      53
      56
      55
      52
      51
      60
      46
      50
      59
      53
      64
      48
      58
      42
      58
      44
      57
      56
      56
      39
      55
      55
      44
      51
      45
      59
      50
      53
      57
      43
      60
      53
      53
      69
      47
      46
      63
      57
      50
      56
      56
      45
      51
      48
      49
      52
      48
      46
      47
      42
      49
      51
      59
      54
      60
      48
      56
      57
      59
      58
      52
      53
      65
      56
      55
      50
      59
      58
      62
      33
      49
      50
      41
      48
      62
      47
      57
      49
      54
      57
      55
      57
      50
      64
      67
      39
      54
      49
      54
      47
      51
      42
      55
      48
      63
      53
      47
      64
      50
      43
      46
      50
      63
      48
      46
      61
      59
      52
      59
      49
      48
      61
      65
      50
      54
      51
      48
      41
      52
      54
      44
      60
      55
      47
      51
      50
      54
      69
      40
      51
      61
      60
      52
      54
      52
      52
      56
      56
      52
      49
      55
      66
      59
      46
      53
      75
      37
      62
      61
      64
      57
      64
      41
      68
      62
      62
      50
      43
      57
      56
      64
      57
      58
      47
      55
      58
      39
      54
      58
      62
      58
      54
      52
      59
      52
      55
      61
      61
      39
      56
      68
      55
      59
      63
      65
      42
      63
      40
      65
      49
      44
      50
      60
      58
      58
      50
      57
      40
      55
      45
      39
      56
      68
      42
      67
      61
      51
      59
      60
      53
      65
      57
      52
      49
      66
      64
      48
      64
      51
      41
      63
      54
      51
      58
      59
      58
      47
      56
      63
      68
      64
      60
      60
      58
      76
      74
      54
      52
      37
      48
      61
      55
      62
      52
      68
      61
      62
      64
      58
      51
      59
      64
      59
      58
      59
      48
      50
      65
      45
      59
      55
      54
      67
      53
      58
      64
      50
      57
      62
      55
      51
      66
      54
      65
      51
      58
      58
      71
      58
      73
      70
      60
      50
      57
      62
      55
      62
      54
      65
      73
      50
      56
      55
      54
      51
      57
      63
      58
      55
      51
      60
      55
      56
      49
      57
      53
      64
      57
      59
      62
      59
      44
      66
      71
      61
      60
      61
      54
      56
      54
      55
      68
      59
      45
      50
      51
      59
      70
      61
      70
      62
      59
      59
      65
      76
      65
      58
      54
      65
      64
      62
      45
      59
      56
      51
      49
      52
      60
      56
      62
      56
      68
      58
      56
      53
      72
      64
      58
      46
      60
      52
      57
      68
      56
      61
      56
      59
      51
      57
      57
      60
      51
      54
      58
      57
      67
      64
      66
      64
      66
      65
      64
      60
      61
      58
      73
      50
      70
      47
      58
      55
      65
      66
      58
      57
      53
      59
      69
      54
      67
      57
      55
      67
      66
      51
      46
      60
      59
      64
      56
      75
      59
      68
      70
      63
      61
      62
      44
      60
      77
      71
      63
      69
      61
      65
      65
      67
      54
      55
      53
      56
      68
      54
      69
      76
      48
      75
      55
      65
      82
      47
      75
      56
      64
      63
      64
      75
      61
      65
      51
      70
      54
      58
      63
      62
      74
      66
      58
      66
      49
      72
      68
      70
      55
      63
      52
      69
      57
      56
      63
      53
      70
      59
      64
      68
      58
      45
      60
      78
      66
      78
      65
      70
      74
      59
      62
      57
      58
      69
      67
      69
      57
      70
      66
      72
      55
      66
      61
      65
      59
      74
      54
      51
      58
      64
      69
      64
      50
      61
      64
      69
      61
      57
      67
      73
      62
      67
      51
      66
      57
      64
      77
      74
      84
      73
      57
      68
      59
      60
      69
      73
      81
      70
      62
      64
      70
      63
      49
      66
      68
      55
      73
      72
      74
      70
      65
      61
      65
      63
      51
      80
      66
      57
      53
      57
      68
      55
      59
      77
      72
      53
      74
      75
      65
      65
      69
      51
      75
      57
      69
      60
      60
      60
      79
      61
      81
      51
      60
      72
      64
      60
      70
      85
      57
      69
      77
      73
      80
      67
      66
      69
      63
      67
      69
      69
      68
      71
      60
      60
      71
      79
      75
      73
      62
      60
      63
      61
      67
      63
      65
      62
      66
      62
      71
      57
      74
      58
      68
      64
      63
      56
      66
      64
      44
      59
      67
      62
      68
      72
      62
      69
      65
      80
      57
      85
      68
      63
      71
      67
      73
      78
      62
      74
      75
      77
      54
      57
      83
      65
      70
      77
      50
      81
      67
      75
      79
      70
      64
      75
      66
      63
      71
      74
      73
      76
      73
      68
      75
      60
      72
      64
      72
      77
      56
      65
      67
      59
      67
      79
      75
      63
      77
      77
      78
      61
      83
      58
      69
      73
      75
      70
      81
      63
      79
      81
      80
      67
      60
      85
      74
      73
      84
      83
      63
      63
      79
      82
      71
      76
      63
      62
      82
      70
      82
      71
      55
      76
      59
      77
      69
      82
      88
      73
      57
      61
      74
      74
      71
      75
      61
      65
      74
      69
      61
      64
      69
      69
      54
      71
      81
      63
      75
      82
      79
      62
      81
      63
      64
      71
      60
      87
      78
      60
      82
      85
      87
      79
      68
      79
      71
      64
      62
      69
      73
      73
      69
      78
      85
      82
      91
      80
      73
      93
      85
      84
      72
      79
      84
      67
      78
      93
      82
      72
      75
      81
      83
      73
      86
      85
      80
      87
      96
      90
      90
      83
      78
      86
     102
     104
      84
      74
      77
      70
      83
      83
      78
      77
      72
      87
      73
      67
      72
      91
      72
      83
      78
      64
      71
      64
      71
      80
      68
      84
      85
      80
      75
      64
      79
      72
      72
      82
      72
      83
      71
      87
      78
      84
      71
      81
      79
      74
      82
      77
      76
      70
      75
      76
      71
      79
      83
      69
      65
      81
      88
      61
      82
      81
      61
      81
      67
      71
      64
      71
      79
      79
      80
      80
      81
      82
      64
      84
      76
      73
      73
      86
      80
      67
      95
      80
      66
      81
      83
      86
      68
      86
      78
      86
      82
      75
      69
      88
      79
      81
      69
      75
      73
      82
      72
      90
      69
      75
      68
      75
      81
      92
      80
      71
      96
      71
      72
      74
      84
      78
      78
      83
      75
      83
      75
      79
      73
      74
      73
      77
      75
      84
      79
      64
      89
      84
      82
      83
      86
      93
      74
      70
      96
      77
      81
      69
      92
      73
      73
      84
      80
      81
      76
      83
      67
      70
      93
      90
      69
      52
      71
      91
      83
      73
      83
      71
      86
      94
      96
      75
      77
      73
      79
      85
      72
      82
      74
      91
      91
      88
      80
      83
      81
      92
      92
      80
      85
      95
     102
      91
      98
      75
      86
      98
      81
      85
      76
      73
      88
      94
      81
      76
      79
     101
      77
     101
      68
      91
      99
      87
      86
      83
      85
      78
      94
      77
      85
      82
      88
      81
      86
      96
      93
      81
      80
      84
      92
      86
      87
      85
      91
      88
      76
      88
      90
      90
      92
      93
      93
      83
      74
      97
      88
      87
      72
      80
      64
      81
      70
      72
      99
      97
      76
      82
      98
      82
      87
      71
     100
     104
      71
      89
      94
      72
      90
      86
      76
     102
      81
      80
      98
      95
      88
      91
      95
      86
      73
      72
      92
      91
      88
      75
      91
      83
      96
      83
      81
     110
      87
      85
      81
      91
      82
      87
      85
      94
      76
      64
      82
      81
      79
      87
      81
      86
      81
     101
     111
      91
      92
      75
      83
      79
      93
      86
      70
      81
      77
      81
      96
      82
      74
      80
      89
      85
      74
      87
      91
      79
      77
      81
      90
      80
      84
      93
      82
      74
      80
      87
      85
     100
      83
      91
      97
      78
      74
      83
      87
      85
      81
      87
      80
      72
      74
      79
      73
      87
      86
      70
      87
      76
      72
      84
      84
      94
     105
      81
      86
      89
      75
      90
      83
      82
      87
      70
      81
      72
      89
      84
      77
      90
      80
      69
      65
      61
      70
      71
      71
      66
      83
      77
      72
      85
      76
      77
      71
      76
      61
      63
      68
      57
      64
      78
      73
      72
      70
      59
      63
      60
      60
      64
      78
      58
      73
      57
      74
      60
      55
      50
      54
      70
      58
      66
      56
      49
      59
      60
      65
      57
      61
      70
      75
      65
      56
      59
      64
      49
      55
      59
      56
      65
      63
      57
      69
      56
      57
      48
      58
      70
      57
      52
      58
      64
      54
      54
      55
      61
      66
      64
      59
      54
      49
      69
      66
      45
      53
      61
      49
      54
      49
      57
      70
      50
      60
      48
      59
      43
      45
      39
      57
      61
      59
      60
      51
      62
      49
      43
      48
      69
      57
      56
      46
      51
      54
      53
      40
      52
      39
      54
      37
      53
      46
      47
      47
      52
      39
      59
      55
      55
      43
      58
      50
      61
      49
      54
      54
      46
      51
      39
      58
      59
      53
      55
      48
      55
      46
      65
      42
      47
      49
      43
      55
      39
      52
      53
      47
      53
      51
      52
      56
      40
      43
      56
      53
      59
      51
      39
      47
      50
      53
      46
      40
      50
      46
      46
      42
      46
      47
      48
      37
      51
      50
      52
      43
      44
      53
      47
      40
      46
      58
      52
      42
      43
      50
      48
      46
      51
      38
      51
      49
      53
      51
      44
      53
      40
      41
      53
      46
      46
      57
      54
      46
      53
      50
      46
      42
      50
      38
      53
      48
      33
      42
      51
      49
      52
      35
      56
      43
      51
      54
      59
      66
      51
      47
      44
      46
      40
      40
      44
      53
      53
      52
      61
      49
      35
      37
      57
      41
      40
      47
      39
      51
      46
      44
      50
      34
      41
      49
      54
      47
      46
      45
      50
      46
      24
      45
      45
      40
      49
      48
      44
      50
      45
      50
      31
      42
      51
      41
      52
      50
      52
      39
      47
      33
      40
      37
      57
      35
      43
      47
      40
      46
      57
      40
      54
      36
      45
      42
      46
      42
      45
      44
      38
      48
      45
      45
      54
      46
      48
      36
      52
      38
      46
      53
      44
      36
      41
      44
      32
      44
      47
      37
      58
      39
      53
      38
      45
      40
      36
      44
      32
      45
      46
      42
      40
      35
      55
      60
      43
      47
      52
      38
      41
      42
      51
      34
      53
      41
      41
      39
      35
      48
      46
      49
      36
      35
      49
      59
      38
      44
      38
      41
      44
      28
      46
      51
      44
      30
      37
      44
      54
      41
      36
      32
      54
      55
      37
      43
      49
      49
      46
      32
      38
      48
      46
      52
      35
      44
      32
      42
      44
      39
      44
      38
      30
      41
      29
      51
      35
      30
      27
      51
      47
      38
      37
      39
      41
      42
      39
      38
      42
      34
      34
      34
      32
      26
      51
      52
      37
      39
      37
      49
      43
      49
      42
      39
      40
      46
      45
      47
      39
      42
      38
      35
      41
      33
      45
      35
      30
      35
      36
      42
      51
      35
      41
      29
      35
      35
      38
      38
      35
      33
      33
      53
      41
      49
      36
      45
      41
      32
      32
      35
      26
      29
      41
      30
      31
      35
      31
      38
      50
      48
      40
      47
      51
      41
      41
      37
      38
      35
      33
      34
      42
      48
      35
      42
      42
      39
      30
      42
      35
      27
      28
      34
      43
      29
      42
      38
      39
      38
      31
      36
      32
      34
      43
      43
      37
      37
      35
      32
      38
      41
      37
      28
      35
      42
      45
      45
      32
      29
      34
      31
      34
      42
      28
      32
      39
      34
      29
      32
      34
      41
      39
      28
      33
      44
      42
      42
      28
      31
      42
      40
      41
      43
      31
      38
      35
      42
      36
      37
      34
      46
      27
      43
      40
      22
      32
      46
      41
      27
      36
      26
      38
      48
      35
      35
      35
      39
      42
      41
      37
      37
      40
      38
      36
      29
      31
      26
      36
      23
      35
      43
      38
      44
      32
      35
      40
      40
      36
      38
      35
      31
      27
      35
      38
      38
      46
      37
      47
      33
      27
      35
      31
      40
      29
      33
      24
      31
      49
      36
      41
      37
      32
      35
      32
      38
      25
      29
      40
      31
      45
      31
      30
      31
      36
      36
      41
      23
      34
      24
      31
      32
      23
      27
      30
      35
      27
      35
      34
      35
      26
      34
      39
      35
      37
      34
      37
      28
      36
      24
      25
      32
      32
      35
      30
      45
      34
      30
      27
      40
      33
      29
      26
      29
      39
      21
      34
      25
      44
      43
      31
      29
      36
      36
      34
      40
      28
      34
      37
      27
      29
      38
      31
      34
      34
      33
      31
      33
      33
      39
      35
      39
      37
      28
      26
      27
      27
      32
      29
      24
      22
      23
      35
      20
      30
      33
      29
      34
      32
      33
      26
      33
      30
      28
      24
      33
      20
      37
      33
      20
      23
      36
      36
      27
      26
      24
      45
      28
      25
      32
      33
      26
      26
      28
      26
      32
      31
      26
      24
      20
      27
      22
      33
      31
      30
      31
      22
      34
      24
      34
      33
      26
      24
      43
      44
      36
      21
      32
      38
      22
      21
      31
      21
      35
      26
      27
      36
      22
      14
      26
      23
      23
      28
      23
      18
      39
      25
      31
      35
      26
      25
      23
      28
      19
      25
      28
      31
      31
      25
      29
      32
      29
      27
      23
      29
      21
      32
      27
      24
      24
      33
      29
      28
      27
      21
      23
      22
      25
      24
      20
      29
      24
      28
      29
      17
      21
      27
      30
      31
      18
      25
      22
      28
      21
      25
      29
      22
      24
      17
      27
      15
      25
      23
      20
      24
      27
      22
      35
      32
      17
      27
      22
      24
      32
      22
      17
      25
      23
      28
      21
      21
      24
      21
      17
      22
      20
      20
      20
      24
      29
      20
      27
      23
      21
      31
      27
      24
      27
      29
      28
      25
      22
      24
      24
      18
      22
      25
      17
      18
      23
      31
      18
      26
      23
      28
      20
      30
      16
      19
      36
      23
      19
      22
      19
      23
      19
      25
      29
      28
      22
      31
      21
      23
      22
      20
      15
      28
      11
      27
      19
      21
      22
      20
      19
      21
      28
      17
      26
      19
      16
      25
      23
      26
      18
      19
      28
      19
      22
      17
      27
      26
      35
      15
      16
      16
      23
      16
      21
      22
      20
      21
      13
      21
      22
      27
      20
      23
      23
      21
      23
      16
      25
      16
      20
      28
      19
      25
      14
      16
      16
      26
      27
      12
      23
      22
      15
      26
      19
      24
      27
      20
      30
      28
      22
      24
      21
      20
      17
      18
      14
      20
      30
      22
      22
      23
      18
      24
      24
      19
      17
      14
      25
      16
      25
      22
      22
      26
      15
       9
      20
      18
      18
      14
      30
      20
      21
      21
      16
      19
      26
      20
      18
      16
      20
      22
      16
      18
      18
      14
      15
      15
      20
      12
      17
      13
      15
      13
      14
      16
      13
      13
      22
      16
      23
      13
      19
      24
      14
      16
      21
      15
      22
      17
      23
      20
      17
      11
      26
      28
      11
      21
      16
      12
      25
      17
      20
      18
      16
      16
      11
      28
      13
      24
      19
      16
      14
      20
      16
      14
      20
      15
      18
      20
      17
      21
      21
      16
      19
      14
      19
      18
      27
      28
      15
      18
      18
      21
      15
      18
       7
      11
      11
      23
      18
      24
      20
      16
      10
      15
      20
       9
      22
      14
      13
      19
      18
      14
      14
      23
      16
      25
      16
      14
      14
      15
      14
      16
      21
      24
      18
      15
      18
      12
      18
      18
      14
      12
      15
       9
      11
      13
      16
      28
       8
      12
      13
      13
      14
      12
      14
      14
      12
      11
      16
      16
      25
      19
      17
      14
      21
      11
      15
      14
      15
      19
      13
      23
      19
      22
      21
      13
      11
       9
      15
      13
      19
      16
      15
      14
      18
      20
      12
      10
      23
      12
      10
      20
      16
      19
      20
      11
      10
      14
      15
      18
      19
      20
      16
      13
      19
      17
      14
      13
      12
      14
      18
      11
       4
      21
      18
      16
      15
      14
      13
      12
       8
      16
      11
      10
      15
      22
      14
      14
      11
       7
      20
      15
      12
      15
      14
       7
      23
      18
      16
      16
      16
       9
       9
      13
      17
      20
      15
      13
       9
       6
      14
      10
       9
      14
       9
      17
      16
      15
      15
      16
      16
       6
      11
      16
      18
      14
      13
      15
      11
      14
      14
      11
      17
      12
      10
      16
      22
      14
      11
      17
      19
      16
      14
       9
      20
      15
      18
      14
      12
      12
      14
       9
      13
      16
      18
      17
      12
      17
      12
      10
      14
      11
      10
      15
      13
       8
      15
      12
      11
      13
       9
      15
      16
      17
      15
      13
      11
      18
       9
      13
      12
       8
      10
      14
       8
      16
      17
      12
      14
      10
      17
      13
      15
      13
      18
      12
      16
      12
      16
      18
      10
      14
       9
      11
      13
      14
      11
       9
       8
      10
      13
       9
      12
      15
      12
       9
      10
      16
      16
      10
      18
      15
      18
      11
      10
      14
      15
      13
      11
      14
      19
      11
      11
      10
       8
      13
       6
      21
      17
      13
      10
      10
      10
       9
       6
       8
       3
      14
      13
      11
      20
      15
      11
      13
      12
       8
      13
      16
      22
      15
      15
      16
       9
      11
      16
      16
       5
       8
      16
       9
      15
      14
      13
      14
      14
      12
      14
      12
      14
      10
      15
       8
      10
      10
      19
      19
      12
       5
       9
      13
      10
      13
      17
       8
      10
      13
       8
       9
       8
      15
      12
      12
      14
      13
      13
      14
      17
      10
      13
      19
       9
      17
      15
      10
      16
      14
       9
       9
      10
      16
      15
       9
      14
      14
      14
      11
       7
      10
      15
      17
      12
      12
      13
      16
      11
       5
      14
      12
       7
      10
      14
      10
       8
      14
      22
      13
       7
      14
      13
      12
       8
      14
      23
      14
      12
      13
      14
      19
      11
      13
      15
       8
      12
      15
      13
      10
      10
      15
      13
      17
       8
      11
      11
      14
       8
       9
      12
      12
       9
      22
       9
      17
      10
      13
      10
      12
      16
      11
      17
       7
      14
       9
      10
      15
      14
      16
      15
      17
      14
      16
      13
       5
      13
      21
       9
       7
      11
      11
      11
       8
      11
      14
      13
       6
      21
      12
      14
      13
       7
      24
       9
       9
      14
       9
       7
      15
      12
      12
      17
      11
       9
       9
       9
      10
      14
      11
      16
      13
      14
      16
      15
      15
      13
      12
      11
      10
      12
      10
      15
      15
       6
      10
      10
       9
      14
      15
       9
      21
      15
      18
      12
      10
      12
      10
       6
      10
      20
      10
      15
      17
       7
      12
      21
      12
      13
      10
      12
      12
      11
      14
      11
      18
       9
       9
      14
      10
      11
       9
      20
      14
       9
       9
      12
      12
      18
       9
      13
      19
      17
      17
      11
      10
      10
      10
      10
      13
      10
      15
      12
      14
      11
      12
      10
      15
      18
       8
       8
      14
      14
       9
      14
      11
       8
      13
      17
      13
      15
      14
      11
      10
      11
       9
      13
       9
      10
      14
       8
      16
      20
      18
      13
       9
      12
      14
      11
      10
      13
      13
      12
       8
      11
      17
      10
      10
      18
      16
      11
      20
       9
      16
      15
      11
       8
      11
       7
       7
      15
      14
      10
      14
      13
      16
      13
      11
      11
       9
      17
      17
      14
      12
      15
      16
       7
      19
       7
      12
      12
      13
       5
      12
      11
      12
       9
      10
      14
      15
      21
      11
      11
       7
      15
       6
      18
      10
      11
       9
      16
       5
      17
      10
      10
      18
       9
      13
      11
      18
       9
      13
      11
      10
      13
       6
      16
      22
       7
      13
       9
      16
      15
      16
      16
      22
      11
      14
       8
       9
      18
       6
      13
       6
      12
       6
      14
      13
      10
      17
       7
      16
      16
      18
      15
       9
      19
      12
      11
       8
      12
      13
      12
      11
       8
      15
      11
      13
      10
      16
      10
      10
      15
       6
      10
      15
      12
      15
      12
       7
      10
       8
       7
      15
       9
      16
      16
      13
      16
      11
      10
      15
      11
       9
      25
      11
      11
      11
      14
      15
      15
      17
      12
      13
      14
       9
      16
      10
       7
       8
      15
      12
      19
       9
       9
      11
      12
      11
       7
      18
      13
      10
      22
      14
      18
      11
      18
       9
       5
      11
      16
       6
      15
      13
      10
      16
      11
      13
      12
      14
      13
      13
      17
      15
      13
      12
      18
       8
       7
       6
      11
      13
       6
       6
      10
       9
      21
      17
      20
      15
      13
      10
      20
      15
      11
       9
      10
      22
      11
      20
      12
       5
      12
      14
      14
      11
      16
      18
      10
       9
      15
      14
      16
      11
       8
      12
      10
      11
      16
       9
       8
      18
      14
      14
      11
      17
      10
      13
      10
      13
       9
       9
      13
      13
      12
       8
      16
      12
      11
      11
      11
      19
      12
      11
      12
      12
      12
      15
       8
      10
      18
      23
      10
      12
       9
      14
      13
      12
      13
      11
       7
      15
      15
      13
      12
       8
      12
      17
       9
      13
       6
      15
      11
       9
      10
      14
      18
      16
      10
      15
       7
      15
      15
      15
      14
      10
      10
      19
      13
      14
      11
      11
      11
      13
      22
      13
      11
       8
      15
      18
      13
      13
      10
      18
       9
      17
      13
      11
       7
      15
      17
      21
      13
      13
      16
      13
      14
      12
       6
      12
      18
      16
      17
      11
      17
      23
      12
      12
      13
      12
      18
       9
      15
      20
      15
       7
      15
      14
      15
      16
      17
      18
      10
      15
       8
      16
      15
      17
      17
      20
      11
      15
      13
      18
      19
      14
      14
      16
      16
      16
      13
      10
      20
      14
      13
      16
      20
      14
      12
      17
      17
      16
      16
      21
      17
      16
      10
      13
      15
      21
      17
      19
      18
      17
      12
      16
      27
      16
      21
      17
      12
      21
      16
      13
      17
      23
      23
      15
      14
      22
      14
      21
      16
      11
      19
      19
      18
      24
      32
      13
      23
      27
      25
      33
      28
      35
      51
      41
      52
      51
      67
      73
      68
      88
     124
     145
     157
     190
     197
     230
     281
     317
     376
     456
     518
     662
     842
     975
    1126
    1357
    1593
    1852
    2165
    2474
    2681
    3198
    3503
    3589
    3940
    3989
    4235
    4091
    4159
    4122
    3974
    3698
    3369
    3149
    2830
    2385
    2205
    1778
    1524
    1206
     946
     777
     566
     427
     365
     262
     167
     129
     121
      84
      73
      41
      48
      32
      21
      29
      15
      26
      17
      24
      20
      18
      11
      22
      16
      18
      16
      13
      16
      15
      16
      18
      16
      22
      15
      19
      11
      17
      15
      19
      16
      21
      17
       9
      15
      15
      19
      19
      11
      14
      13
       7
      20
      19
      10
      16
      10
       7
      14
      11
      15
      19
      11
      17
      15
      10
       9
       8
       8
      11
      13
      12
      10
      18
       8
      14
      12
      13
      15
      11
       5
      13
       8
      23
      10
       9
      12
       5
      10
       8
       8
       9
      14
       4
      11
      10
      10
       3
       7
      10
       4
      13
      10
      14
       5
      18
       8
      12
       7
       8
      19
       8
      12
       5
      10
      13
      10
       8
       6
       7
      15
      14
       9
      11
       8
      13
      12
      11
       7
       7
       9
      13
      11
       5
       9
      14
       6
       7
      23
      10
      17
       6
       6
      12
       6
      10
      11
      12
       7
       9
       7
      12
       8
      12
       6
      11
       7
      13
      12
       4
       9
       8
       8
      10
      11
       8
       8
      11
      10
       9
       5
      10
      11
      11
      14
      10
      10
       8
      15
      11
      10
       9
       1
      11
       7
       9
      10
       4
       7
       6
       7
      10
      11
       6
       8
      10
       9
      11
      10
       8
      13
       9
       5
       8
      10
       7
       7
       7
       9
      11
       4
       6
       9
      11
       8
      10
       5
       9
      12
      12
       3
      12
      12
       5
       9
      13
       5
       6
      10
       6
      10
       5
       8
      13
       9
       7
       9
       9
       8
      13
       8
      11
      10
       6
       6
       6
       5
       7
       7
       5
      12
       8
       9
       8
       9
      11
       9
      11
      15
       5
       7
      11
      12
       5
       9
      11
      12
       7
      10
       5
       8
       6
      16
      12
       6
       9
       8
       7
       6
      10
       5
      10
      10
       6
       7
       4
       9
       8
       6
      13
      11
       9
       8
      11
       6
       7
       6
       9
      12
      11
       6
       2
      11
       8
       3
       3
       9
       8
       6
       6
       9
       9
       5
       4
      14
       7
       2
       2
       7
       5
      10
       4
       9
       5
      12
       5
       8
       5
       4
       7
       9
       9
       7
       9
       7
       3
       5
       5
       8
      10
       5
      12
       6
      11
       3
       6
       6
      15
       4
      10
       5
       2
       4
       6
       9
       6
      11
       3
       5
       8
       3
      12
       7
      10
      10
       4
       9
       8
       7
       6
       8
       5
       4
       4
       6
       6
       5
      10
       6
       2
       5
       9
       6
       8
       7
       5
       7
       7
      10
       7
       6
      10
       4
       7
      15
       4
       5
       6
       8
       9
       7
       6
       9
       6
       7
       7
       8
       2
       5
       8
       7
       7
       9
       9
       6
       4
      10
       8
      12
       6
       6
       3
       6
       4
       5
      10
       4
       1
       8
      10
       4
       5
      10
       8
       2
       7
      16
       9
       8
       8
       2
       9
       7
       4
       5
       6
       6
       3
       6
       6
       3
       7
       4
       8
      13
       5
       7
       4
       5
       4
       4
       6
       4
       6
       8
       9
       7
       6
      11
       9
       6
       3
       6
       5
       8
       1
      10
      12
      10
       8
       5
       5
       8
       7
       7
       9
       9
       9
       9
       6
       4
       3
       5
       6
       5
       5
       9
       8
       3
       7
       6
       7
       1
       9
       7
       7
       5
       5
       8
       5
      10
      10
       8
       4
       7
      11
       1
       5
       8
       8
       6
       7
       8
       9
       4
       9
      10
       9
       8
       9
       9
       7
       5
       6
      12
       6
       6
       7
       9
       6
       4
       9
       9
       6
       8
       5
       5
       7
       4
      13
       7
       8
       3
       7
       5
       6
       7
       7
       3
       3
      12
       4
       9
       3
       6
       8
       5
       8
      11
       4
       5
       3
       8
       6
       1
       9
       7
       7
       9
       9
       8
       5
      11
       5
       9
       5
       7
       9
       2
       8
       5
       9
       4
       9
       3
       9
       3
       4
       5
      10
       7
       4
      11
       4
       3
       6
       2
       7
      11
       6
       3
       5
       4
       8
       8
      10
       3
       4
      11
       5
      11
       7
       6
      15
       4
       6
       7
       5
       8
       7
       8
       2
      10
       8
       5
       3
       3
       6
       6
       2
       7
       6
       6
      10
       5
       7
       5
       4
       7
       6
      14
       9
       3
       6
       5
       9
       3
       5
       3
       8
       9
       5
       3
      12
       6
       8
       6
       4
       7
       7
       1
       4
       8
       8
       5
       7
       6
       7
       3
       9
      15
       2
       6
       3
       2
       8
      10
       5
      10
       3
       5
       3
       6
       6
       4
       4
       5
      10
       2
       7
       5
       5
       7
       9
       3
       4
       4
       9
       4
       5
       5
       5
       9
       9
       2
       7
       8
       2
       3
      12
       5
       7
       6
       6
       6
       3
       4
       4
       7
       6
       3
       5
       4
       5
      10
       7
       8
       7
      12
       4
       7
       6
       3
       2
       4
       5
       4
      11
       4
       4
       3
       6
       2
       6
       5
       6
       6
       7
       8
       7
      11
       8
       3
       5
       5
       9
       6
       8
       4
       5
       5
       4
       7
      11
       4
       7
       5
       5
       3
       3
       5
       8
       6
       4
       2
       4
       4
       5
       6
      12
       5
       5
       5
       8
       6
       3
       8
       7
       6
       5
       6
       4
       8
       8
       3
       8
       5
       4
       7
       6
      10
       9
       4
       9
       6
       7
       4
       3
       5
       6
       6
       3
       7
       4
       8
       8
       7
       5
       5
       5
      11
       6
       5
       3
      12
      10
       4
       6
       6
       9
       2
       5
      10
       4
       6
       4
       4
       1
       7
       3
       7
       8
       9
       7
       6
       4
       4
       4
       3
       8
      10
       5
       4
       4
       7
       4
       6
       9
       9
       4
      11
      11
       4
       5
      13
       7
       8
       7
       8
       5
       2
       2
       8
       1
       6
       6
       6
       4
       6
       4
      11
       8
      12
       7
       6
       5
       4
       3
       4
       7
       4
       6
       3
       3
       7
       4
       6
      10
       3
       3
       8
       2
       7
      10
       7
       2
       8
       6
       7
       3
       8
       7
       6
       5
       5
       5
       5
       7
       7
       6
       6
       6
       4
       5
       6
       6
       3
       6
       2
       3
       8
       7
       8
       6
       2
       8
       6
       6
       5
       2
       5
       5
       9
       6
       5
       6
       6
       7
       4
       6
       1
       3
       5
       6
      11
       4
       5
       2
       8
       3
       7
       0
       4
       5
       7
       9
       6
       3
       5
       5
       1
       4
       4
       5
       6
       3
       8
       7
       4
       9
       5
       3
       3
       4
      10
       6
       6
       4
       5
       4
       4
      16
       8
       8
       8
       9
       1
       8
       6
       4
       9
       4
       3
       5
       5
       5
       5
       8
      11
      10
       5
       8
       4
      11
       6
       5
       6
       3
       3
       7
       3
       4
       5
       4
       7
       6
       5
       2
       4
       5
       3
       6
       7
       8
       4
       4
       3
       6
       3
       8
       7
       5
       5
       6
       4
       2
       2
       3
       3
       1
       5
       5
       7
       6
       9
       4
       6
       5
       5
       3
       2
       4
       8
       5
       7
       3
       1
       5
       6
       7
       3
       7
       5
       6
       2
       9
       2
       5
       5
       4
       4
       7
       6
       3
       8
      10
       6
       4
       4
       7
       4
       4
       8
       6
       9
       6
       6
       7
       5
       6
       5
       3
       3
       7
       3
       2
       9
       9
      10
       5
       3
       6
       4
       6
       8
       3
       8
       3
       4
       7
       3
       4
       7
       2
       2
       5
       7
       9
       4
       5
       7
       5
       3
       5
       5
       6
       6
       6
       9
       6
      11
       7
       7
      11
       8
       6
       5
       8
       3
       4
       5
       5
       4
       6
       4
       6
       4
       2
       4
       3
       7
      10
       5
       6
       5
       4
       5
       3
       5
       5
       6
       7
       3
       5
       6
       5
       6
       4
       8
       1
       5
       3
       5
       6
       2
       8
      10
       8
       6
       6
       2
       4
       4
      11
       7
       3
       3
       6
       1
       6
       2
       9
       6
       4
       6
       4
       3
       2
       7
       7
       4
       7
       7
       1
       2
       1
       3
       5
       6
       2
       6
       6
       1
       3
       3
       6
       2
       5
       8
       4
       9
       3
       6
       6
       7
       5
       8
       5
       2
       4
       5
       6
       6
       4
       7
       5
       7
       6
       8
       9
       5
       9
       5
       4
       7
       2
       5
       4
       6
       4
       8
       4
       7
       4
       5
       5
       4
       7
       7
       9
       1
       5
       5
       8
       4
       4
       5
       2
       4
       3
       2
       4
       7
       1
       3
       2
       0
       3
       6
       4
       5
       3
       4
       4
       2
       2
       5
       7
       3
       5
       1
       4
       7
       5
       5
       2
       6
       9
       5
       4
       7
       3
       3
       5
       2
       5
       4
       4
       5
       5
       3
       2
       5
       5
       2
       4
       7
       4
       6
       3
       7
       8
       4
       5
      10
       6
       2
       4
       7
       4
       2
       5
       8
       8
       3
       6
       8
       4
       1
       3
       3
       1
       4
       7
       0
       3
       2
       5
       3
       7
       2
       8
       8
       4
       5
      10
       7
       4
       2
       5
       7
       6
       9
       5
       7
       6
       4
       3
       4
       4
       4
       1
       4
       0
       5
       5
       2
       2
      10
       3
       3
       5
       8
       8
       4
       4
       4
       2
       5
       5
       5
       7
       5
       6
       4
       3
       5
       8
       6
       1
       4
       3
       6
       7
       5
       6
       3
       3
       6
       6
       8
       0
       5
       3
       5
       3
       5
       4
       5
       8
       9
       3
       4
       5
       4
       2
       2
       2
       4
       4
       7
       6
       4
       6
       4
       6
      10
       5
       3
       6
       4
       5
       1
       2
       6
       4
       6
       2
       8
       9
       5
       5
       3
       5
       5
       5
       6
       8
       5
       5
       9
       4
       7
       6
       9
       4
       6
       5
       5
       2
       5
       6
       5
       4
       1
       6
       7
       7
       3
       5
       9
       7
       6
       6
       6
       8
       4
       4
       3
       4
       6
       5
       3
       5
       6
       4
       3
       4
       6
       6
       4
       8
       3
       6
       3
       1
       7
       6
       4
       5
       7
       3
       6
       3
       3
      10
       2
       7
       8
       5
       6
       4
       3
       6
       7
       4
       5
       7
       3
       4
       4
       2
       3
       8
      10
       3
       4
       4
       8
       3
       3
       1
       1
       5
       7
       3
       3
       4
       5
       5
       3
       6
       6
       3
       3
       7
       7
       3
       5
       7
       2
       2
       3
       5
       7
       2
       6
      10
       0
       5
       1
       7
       7
       5
       6
       6
       5
       5
       5
       4
       4
       5
       3
       3
       9
       5
       7
       4
       4
       3
       5
       5
       4
       3
       6
       4
       5
       2
       4
       1
       8
       2
       4
       5
       4
       4
       3
       4
       5
       2
       3
       8
       2
       4
       2
       3
       2
       9
       5
       4
       3
       5
       6
       3
       6
       1
       4
       5
       5
       5
       5
       6
       1
       3
       5
       7
       3
       4
       2
       3
       5
       4
       9
       5
       7
       4
       4
       4
       4
       4
       5
       9
       4
       3
       3
       3
       6
       5
       5
       4
       7
       7
       3
       5
       4
       1
       5
       4
       6
       6
       3
       5
       5
      10
       8
       6
       7
       4
       3
       1
       4
       6
       7
       2
       1
       4
       4
       8
       6
       2
       9
       4
       9
       5
       7
       5
       5
       1
       5
       4
       6
       6
       5
       3
       3
       5
       3
       6
       7
       4
       4
       3
       6
       6
       3
       7
       9
       2
       6
       6
       7
       4
       7
       6
       5
       7
       3
       6
       5
       1
       5
       8
       7
       6
       5
       8
       6
       7
       3
      11
       3
       6
       6
       5
       5
       8
       5
       5
       5
       2
       8
       7
       6
       4
       0
       3
       6
       7
       6
       7
       2
       3
       3
       5
       5
       5
       4
       4
       5
       3
       3
       2
       3
       3
       9
       6
       4
       7
       5
       8
       5
       5
       7
       7
       1
       5
       3
       4
       3
       7
       3
       7
       6
       4
       3
       8
       9
       7
       3
       3
       4
       4
       7
       6
       3
       5
       7
       6
       4
       7
      10
       7
       7
       8
       5
       6
       5
      10
       7
       8
      11
      10
       7
      11
      11
      15
      17
      16
      12
      17
      17
      13
      17
      14
      12
       9
      17
       7
      13
      10
      13
      11
       4
       8
       4
       3
       9
       4
       9
       4
       1
       4
       7
       4
      10
       5
       3
       2
       3
       3
       5
       2
       9
       7
       5
       2
       7
       8
       5
       3
       2
       9
       1
       5
       1
       3
       7
       5
       6
       4
       5
       1
       3
       3
       7
       3
       7
       6
       6
       4
       2
       5
       3
       6
       4
       7
       5
       2
       3
       7
       3
       2
       1
       5
       2
       7
       4
       6
       6
       2
      10
       4
       5
       2
       7
       1
       4
       3
       4
       6
       3
       4
       4
       4
       4
       3
       4
       3
       4
       6
       8
       4
       2
      12
       4
       5
       8
       3
       5
       2
       7
       8
       4
       5
       4
       8
       5
       6
       5
       7
       2
       4
       3
       5
       4
       7
       3
       6
       3
       2
       4
       9
       3
       5
       2
       5
       7
       9
       3
       5
      13
       6
       4
       4
       3
       4
       8
       5
       3
       2
       4
       4
       5
       4
       2
       7
      12
       7
       7
       5
       2
       4
       4
       6
       3
       6
       3
       3
       3
       7
      11
       8
       5
       4
      11
       8
       5
       1
       3
       4
       6
       1
       7
       1
       6
       5
       3
       3
      10
       6
       3
       4
       4
       2
       6
       7
       4
       4
       4
       4
       9
       4
       5
       4
       2
       3
       2
       6
      11
       5
       2
       5
       3
       3
       6
       5
       5
       3
       4
       4
       8
       2
       7
       4
       7
       5
       5
       7
      10
       1
       4
      10
       8
       2
       5
       9
       4
       3
       6
       3
       9
       6
       3
       5
       6
       6
       1
       4
       7
       2
       3
       7
       4
       6
       3
       1
       4
       9
       8
       1
       3
       3
       4
       6
       9
       5
       7
       6
       6
       4
       2
       7
       4
       3
       6
       3
       3
       1
       4
       1
       4
       3
       3
       6
       2
       6
       6
       6
       4
       2
       3
       4
       5
       7
       7
       9
      10
       5
       5
       4
       6
       6
       2
       4
       3
       2
      10
       6
       2
       5
       8
       4
       7
       6
       5
       5
       6
       3
       5
       7
       6
       9
       6
       9
       5
       5
       3
       3
       4
       2
       4
       6
       9
       6
       3
       6
       7
       4
       2
      11
       9
       4
       5
       3
       4
       1
       2
       2
       3
       8
       6
       6
       4
       2
       3
       6
       5
       4
       7
       8
       2
       6
       2
       4
       6
       6
       6
       4
       6
       7
       5
       2
       2
       8
       2
       5
       2
       5
       6
       3
       4
       4
       5
       6
       6
       5
       4
       4
       3
       4
       2
       5
       6
       6
       4
       3
       7
      11
       8
       9
       0
       4
       2
       7
       2
       4
      11
       4
       7
       2
       3
       4
       4
       3
       5
       6
       3
       2
       4
       2
       6
       2
       5
       8
       7
       3
       4
       3
       1
       1
       6
       5
       3
       7
       3
       4
       3
       3
       3
       6
       5
       1
       5
       3
       5
       4
       2
       5
       3
       3
       6
       3
       4
       4
       4
       8
       5
       5
       5
       3
       4
       3
       8
       4
       5
       6
      10
       6
       4
       2
       3
       6
       8
       8
       2
       1
       7
       9
       5
       4
       3
       5
       8
       4
       3
       4
       5
       4
       5
       0
       4
       1
       6
       4
       5
       5
       7
       4
       3
       4
       1
       7
       3
       4
       6
       4
       2
       2
       7
       8
       3
       4
       6
       3
       3
       4
       4
       3
       2
       4
       5
       3
       2
       4
       3
       4
       9
       6
       1
       2
       2
       5
       6
       6
       2
       6
       2
       5
       5
       4
       4
       2
       3
       5
       1
       5
       8
       5
       6
       5
       5
       8
       3
       6
       4
       5
       4
       4
       3
       6
       3
       0
       5
       4
       4
       7
       5
       4
       5
       7
       9
       6
       3
       5
       6
       4
       4
       4
       3
       3
       6
      10
       7
       4
       5
       5
       5
       4
       2
       3
       6
       7
       6
       0
       4
       5
       6
       3
       0
       7
       5
       3
       5
       5
       5
       7
       1
       8
      10
       1
       6
       5
       6
       1
       8
       5
       3
       4
       3
       5
       5
       7
      10
       4
       2
       7
       3
       7
       7
       3
       3
       5
      10
       7
       5
       3
       3
       5
       1
       2
       1
       6
       4
       6
       5
       4
       3
       8
       5
       9
       5
       7
       5
       7
       3
       2
       4
       5
       9
       8
       8
       0
       4
       3
       2
       2
       2
       2
       5
       2
       7
       7
       6
       5
       4
       4
       3
       7
       6
       5
       0
       2
       9
       5
       4
       3
       6
       4
       2
       7
       4
       3
       3
       4
       7
       3
       5
       7
       3
       4
       8
       1
       3
       4
       7
       3
       3
       7
       7
       6
       0
       7
       3
       4
       3
       5
       0
       7
       2
       9
       1
       5
       4
       4
       9
       2
       8
       3
       4
       8
       8
       6
       9
       3
       3
       8
       3
       5
       1
       5
       5
       6
       7
       4
       5
       5
      10
       3
       6
       8
       4
       4
       4
       1
       6
       4
       7
       3
       5
       3
       4
       7
       5
       4
       0
       7
       7
       9
       4
       2
       4
       5
       3
       4
       5
       4
       1
       5
       5
       1
       3
       4
       5
       7
       3
       9
       4
       6
       5
       1
       4
       7
       4
       6
       7
       4
       6
       7
       1
       5
       5
       0
       1
       3
       8
       4
       2
       7
       3
       3
       8
       4
       4
       9
       4
       6
       3
      10
       3
       3
       3
       7
       2
       5
       2
       7
       7
       4
       9
       2
       1
       4
       4
       6
       9
       3
       3
       4
       2
       6
       2
       6
       5
       5
       4
       4
       5
      12
       2
       2
       5
       8
       6
       5
       2
       7
       0
       6
       5
       5
       6
       7
       8
       6
       6
       5
       7
       6
       4
       5
      10
       7
       1
       3
       1
       2
       5
       5
       2
       2
       8
       2
       4
       6
       5
       5
       3
       4
       4
       0
       8
       7
       5
       8
       7
       8
       6
       5
       4
       2
       4
       4
      11
       6
      10
       5
       6
       3
       7
       3
       8
       4
       0
       4
       2
       1
       3
       4
       3
       5
       1
       7
       4
       6
      12
      10
       9
       5
       6
       4
       3
       4
       3
      11
       4
       5
       4
       3
       5
       7
       3
       8
       4
       6
       5
       5
       4
       6
       3
       9
       6
       2
       4
       7
       4
       5
       6
       2
       7
       2
       4
       4
       4
       2
       3
       3
       8
       4
       4
       9
       5
       6
       7
       6
       3
       5
       5
       4
       3
       9
       4
       5
       7
       4
       4
       6
       8
      13
       4
       4
       3
       4
       5
       3
       2
       4
       4
       9
       4
       5
       5
       7
       4
       6
       7
       0
       6
       9
       2
       7
       7
       7
       3
       2
       4
       5
       3
       3
       6
       5
       6
       6
       6
       2
       1
       5
       3
       4
       4
       6
       4
       6
       6
       5
       6
       5
      10
       1
       6
       3
       7
       8
       3
       4
       3
       9
       4
       3
       8
       8
       3
       6
       6
       5
       2
       5
       4
       8
       5
       6
       8
       5
       5
      10
       3
       4
       6
       6
       5
       6
       5
       6
       6
       4
       9
       6
       5
       6
       5
       2
       4
       4
       3
       9
       9
       6
       6
       4
       2
       5
       4
       5
       7
       2
       3
       7
       6
       2
       5
       4
       3
       3
       7
       7
       5
       8
       2
       6
       2
       8
       6
       6
       8
       7
       7
       6
       7
       7
      10
       9
       5
       8
       6
       8
       5
       8
       0
       4
       6
       9
       3
       6
       3
       7
       5
       1
       2
       1
       8
       5
       5
       4
       2
       7
       5
       4
       8
       9
       5
       7
       5
       8
       3
       6
       5
       3
       5
       3
       1
       2
       4
       1
       6
       4
       4
       4
       4
       5
       1
       5
       6
       6
       2
       1
       3
       4
       3
       6
       3
       7
       3
       3
       3
       2
       5
       5
       8
       5
       5
       5
       1
       6
       4
       3
       5
       4
       3
       3
       4
       7
       6
       5
       3
       4
       2
       7
       2
       5
       4
       2
       5
       4
       7
       4
       3
       5
       8
       5
       4
       7
       2
       3
       6
       4
       3
       2
       9
       4
       2
       4
       6
       1
       3
       6
       8
       5
       4
       8
       4
       3
       5
       4
       6
       3
       4
       1
       6
       3
       2
       5
       5
       6
       5
       6
       3
       2
       3
       5
       3
       2
       4
       3
       4
       8
       5
       3
       3
       3
       4
       3
       4
       5
       3
       8
       8
       4
       0
       4
       2
       4
       3
       5
       3
       3
       3
       2
       4
       7
       4
       6
       6
       4
       1
       4
       3
       3
       3
       3
       2
       6
      10
       4
       5
       2
       3
       3
       7
       3
       8
       3
       4
       4
       6
       3
       4
       2
       4
       3
       2
       4
       1
       7
       4
       4
       5
       1
       2
       3
       6
       6
       5
       7
       7
       4
       6
       5
       1
       1
       4
       4
       2
       2
       8
       7
       7
       4
       7
       6
       7
       6
       5
       2
       8
       2
       5
       2
       7
       3
       4
       8
       1
       4
       4
       5
       4
       4
       5
       2
       3
       6
       5
       5
       5
       8
       9
       4
       5
       4
       3
       0
       7
       3
       5
       6
       4
       2
       4
       1
       3
       2
       4
       5
       5
       2
       6
       2
       6
       7
       7
       5
       2
       3
       2
       3
       7
       6
       3
       4
       6
       5
       0
       5
       6
       3
       1
       5
       6
       7
       6
       7
       1
       7
       9
       9
       1
       7
       3
       7
       4
       3
       4
       1
       4
       3
       6
       5
       4
       1
       6
       3
       3
       3
       4
       2
       3
       5
       3
       8
       3
       5
       4
       5
       6
       4
       7
       4
       5
       3
       4
       1
       2
       1
       2
       7
       3
       3
       3
       5
       5
       4
       6
       6
       4
       6
       2
       4
       4
       4
       5
       5
       4
       4
       2
       5
       2
       1
       4
       4
       5
       5
       1
       8
       6
       5
       4
       3
       3
       6
       1
       3
       4
       3
       5
       3
       3
       5
       2
       4
       4
       4
       5
       3
       4
       4
       4
       6
       2
       4
       2
       5
       5
       6
       4
       2
       8
       5
       1
       0
       0
       0
       0
       0
       0
       0
       0
       0
       0
       0
       0
       0
       0
       0
       0
       0
       0
       0
       0
       0
       0
       0
       0
       0
       0
       0
       0
       0
       0
       0
       0
       0
       0
       0
       0
       0
       0
       0
       0
       0
       0
       0
       0
       0
       0
       0
       0
       0
       0
       0
       0
       0
       0
       0
       0
       0
       0
       0
       0
       0
       0
       0
       0
       0
       0
       0
       0
       0
       0
       0
       0
       0
       0
       0
       0
       0
       0
       0
       0
       0
       0
       0
       0
       0
       0
       0
       0
       0
       0
       0
       0
       0
       0
       0
       0
       0
       0
       0
       0
       0
       0
       0
       0
       0
       0
       0
       0
       0
       0
       0
       0
       0
       0
       0
       0
       0
       0
       0
       0
       0
       0
       0
       0
       0
       0
       0
       0
       0
       0
       0
       0
       0
       0
       0
       0
       0
       0
       0
       0
       0
       0
       0
       0
       0
       0
       0
       0
       0
       0
       0
       0
       0
       0
       0
       0
       0
       0
       0
       0
       0
       0
       0
       0
       0
       0
       0
       0
       0
       0
       0
       0
       0
       0
       0
       0
       0
       0
       0
       0
       0
       0
       0
       0
       0
       0
       0
       0
       0
       0
       0
       0
       0
       0
       0
       0
       0
       0
       0
       0
       0
       0
       0
       0
       0
       0
       0
       0
       0
       0
       0
       0
       0
       0
       0
       0
       0
       0
       0
       0
       0
       0
       0
       0
       0
       0
       0
       0
       0
       0
       0
       0
       0
       0
       0
       0
       0
       0
       0
       0
       0
       0
       0
       0
       0
       0
       0
       0
       0
       0
       0
       0
       0
       0
       0
       0
$ROI:
2
4852 5354
12587 12888
$PRESETS:
Live Time
10800
0
$ENER_FIT:
0.358687 0.099971
$MCA_CAL:
3
3.586871E-001 9.997089E-002 0.000000E+000 keV
$SHAPE_CAL:
3
3.638087E+001 -1.552510E-003 0.000000E+000
