$SPEC_ID:
JKL Model 927 SN 17053844 Input 1 HEC-Cr-HEC-Cr-T30-D100-HPGe1-2
$SPEC_REM:
DET# 2
DETDESC# BULK Model 927 SN 17053844 Input 1
AP# Maestro Version 6.08
$DATE_MEA:
05/11/2026 15:06:37
$MEAS_TIM:
251 356
$DATA:
0 16383
       0
       0
       0
       0
       0
       0
       0
       0
       0
       0
       0
       0
       0
       0
       0
       0
       0
       0
       0
       0
       0
       0
       0
       0
       0
       0
       0
       0
       0
       0
       0
       0
       0
       0
       0
       0
       0
       0
       0
       0
       0
       0
       0
       0
       0
       0
       0
       0
       0
       0
       0
       0
       0
       0
       0
       0
       0
       0
       0
       0
       0
       0
       0
       0
       0
       0
       0
       0
       0
       0
       0
       0
       0
       0
       0
       0
       0
       0
       0
       0
       0
       0
       0
       0
       0
       0
       0
       0
       0
       0
       0
       0
       0
       0
       0
       0
       0
       0
       0
       0
       0
       0
       0
       0
       0
       0
       0
       0
       0
       0
       0
       0
       0
       0
       0
       1
      16
     217
     507
     540
     523
     532
     507
     503
     487
     447
     472
     442
     452
     472
     458
     496
     446
     448
     504
     466
     456
     475
     437
     489
     465
     454
     503
     445
     463
     510
     479
     504
     469
     439
     435
     458
     456
     452
     448
     445
     423
     434
     432
     437
     437
     445
     450
     451
     462
     407
     457
     398
     470
     428
     435
     444
     458
     442
     464
     419
     440
     425
     442
     465
     440
     400
     401
     434
     420
     426
     403
     459
     420
     400
     427
     428
     454
     409
     456
     414
     409
     417
     430
     433
     420
     441
     409
     398
     426
     390
     421
     416
     397
     444
     425
     358
     416
     407
     402
     372
     408
     394
     388
     388
     409
     392
     390
     394
     415
     437
     395
     425
     369
     378
     402
     371
     435
     424
     350
     413
     396
     419
     365
     379
     379
     371
     384
     376
     361
     354
     356
     389
     376
     377
     383
     387
     411
     366
     363
     419
     382
     384
     390
     362
     392
     370
     330
     363
     368
     390
     396
     349
     381
     373
     366
     352
     337
     365
     400
     357
     385
     372
     417
     370
     332
     362
     365
     350
     369
     364
     386
     381
     346
     376
     337
     364
     360
     383
     397
     330
     355
     365
     379
     354
     350
     359
     354
     404
     348
     375
     378
     360
     358
     362
     364
     362
     384
     367
     322
     345
     387
     387
     338
     368
     389
     396
     351
     333
     360
     349
     354
     346
     361
     362
     352
     377
     347
     349
     361
     375
     375
     350
     354
     376
     333
     365
     329
     386
     351
     342
     386
     346
     348
     332
     357
     337
     369
     341
     376
     349
     363
     348
     348
     377
     333
     357
     339
     331
     345
     336
     361
     366
     394
     405
     353
     344
     332
     382
     350
     351
     362
     359
     362
     354
     348
     360
     351
     391
     356
     329
     355
     324
     287
     349
     346
     385
     333
     329
     383
     346
     337
     341
     334
     361
     323
     354
     327
     379
     363
     359
     312
     367
     367
     338
     316
     354
     328
     308
     345
     327
     330
     326
     342
     364
     362
     335
     368
     337
     367
     361
     333
     327
     336
     324
     351
     383
     325
     385
     339
     309
     331
     349
     345
     327
     327
     321
     360
     330
     336
     320
     346
     382
     291
     346
     328
     342
     361
     348
     338
     317
     320
     335
     320
     366
     345
     320
     320
     331
     363
     310
     302
     316
     324
     330
     316
     353
     348
     318
     342
     334
     325
     382
     334
     298
     324
     334
     347
     347
     347
     324
     343
     332
     323
     338
     317
     328
     326
     317
     368
     337
     324
     372
     336
     313
     335
     338
     325
     309
     310
     309
     330
     348
     333
     309
     291
     319
     317
     299
     315
     337
     355
     323
     335
     312
     370
     337
     317
     331
     351
     317
     336
     329
     329
     309
     310
     316
     306
     276
     304
     330
     327
     317
     341
     310
     312
     321
     322
     336
     315
     293
     371
     339
     319
     322
     339
     320
     332
     322
     325
     329
     337
     329
     324
     347
     333
     337
     287
     328
     320
     329
     339
     349
     328
     314
     306
     339
     328
     335
     348
     309
     305
     333
     316
     351
     345
     321
     342
     326
     338
     347
     312
     319
     329
     341
     363
     329
     332
     338
     298
     354
     328
     311
     337
     312
     319
     318
     333
     350
     358
     337
     310
     342
     335
     312
     321
     318
     323
     343
     328
     336
     314
     346
     324
     319
     312
     311
     316
     311
     322
     313
     344
     326
     326
     318
     303
     328
     301
     351
     329
     367
     356
     317
     298
     323
     345
     293
     289
     346
     322
     320
     288
     338
     366
     327
     327
     358
     311
     316
     321
     343
     343
     306
     318
     325
     337
     323
     328
     321
     296
     320
     320
     324
     326
     307
     346
     292
     327
     320
     338
     340
     303
     335
     318
     310
     322
     307
     311
     339
     328
     325
     323
     316
     318
     324
     322
     322
     312
     342
     318
     352
     333
     324
     321
     329
     310
     307
     317
     322
     309
     316
     295
     337
     346
     328
     318
     345
     313
     352
     342
     304
     352
     315
     317
     339
     354
     369
     371
     331
     357
     360
     312
     342
     349
     326
     312
     318
     346
     336
     323
     341
     335
     345
     396
     387
     386
     363
     404
     391
     381
     402
     373
     367
     341
     343
     341
     352
     356
     316
     350
     349
     295
     309
     290
     256
     346
     311
     318
     305
     306
     330
     305
     335
     320
     328
     321
     338
     295
     323
     312
     340
     325
     322
     315
     314
     339
     320
     342
     327
     315
     312
     355
     308
     344
     306
     299
     313
     344
     313
     335
     288
     327
     302
     319
     315
     314
     305
     315
     289
     327
     298
     342
     335
     314
     319
     343
     335
     330
     335
     328
     327
     304
     329
     305
     289
     307
     298
     351
     296
     349
     310
     315
     332
     290
     332
     313
     331
     316
     324
     334
     348
     347
     343
     317
     328
     352
     358
     348
     340
     330
     338
     335
     347
     324
     315
     314
     326
     341
     297
     320
     337
     315
     310
     304
     337
     311
     323
     349
     316
     324
     312
     364
     293
     329
     339
     342
     313
     350
     346
     329
     302
     318
     342
     319
     301
     313
     333
     319
     310
     313
     300
     333
     336
     335
     335
     291
     276
     304
     321
     304
     331
     295
     334
     309
     314
     310
     294
     299
     322
     315
     313
     326
     339
     306
     307
     308
     299
     318
     313
     308
     319
     332
     294
     356
     291
     278
     309
     304
     325
     282
     287
     318
     301
     307
     311
     332
     308
     305
     317
     328
     315
     310
     312
     272
     303
     296
     294
     291
     324
     278
     301
     346
     310
     317
     294
     309
     310
     320
     301
     345
     319
     317
     293
     302
     336
     311
     291
     334
     317
     309
     294
     368
     362
     320
     320
     300
     329
     321
     317
     285
     305
     302
     345
     313
     295
     296
     332
     329
     284
     317
     327
     304
     324
     306
     324
     298
     285
     318
     316
     311
     339
     294
     290
     334
     318
     311
     275
     317
     300
     299
     326
     313
     310
     337
     352
     290
     309
     296
     330
     307
     291
     318
     311
     314
     331
     307
     300
     297
     330
     294
     356
     321
     343
     313
     298
     352
     327
     332
     324
     332
     314
     302
     294
     328
     330
     313
     342
     297
     327
     325
     320
     329
     305
     324
     305
     302
     269
     312
     317
     294
     321
     320
     318
     301
     333
     312
     298
     311
     319
     345
     344
     299
     347
     319
     350
     326
     308
     301
     298
     293
     307
     304
     351
     305
     318
     309
     315
     295
     291
     319
     298
     295
     312
     302
     288
     304
     315
     326
     319
     335
     320
     313
     305
     310
     307
     308
     317
     261
     273
     296
     270
     293
     307
     315
     292
     305
     309
     331
     293
     295
     286
     310
     331
     317
     300
     286
     320
     326
     311
     275
     308
     306
     326
     327
     310
     304
     332
     286
     305
     322
     289
     312
     309
     298
     329
     272
     310
     299
     330
     304
     302
     276
     332
     301
     303
     347
     289
     362
     331
     281
     284
     323
     285
     333
     332
     312
     308
     311
     313
     300
     330
     340
     313
     342
     286
     328
     283
     316
     291
     338
     319
     326
     288
     322
     323
     306
     304
     300
     332
     321
     308
     270
     316
     294
     292
     295
     302
     299
     322
     300
     316
     319
     333
     307
     302
     313
     298
     279
     308
     308
     295
     314
     302
     310
     338
     321
     312
     323
     306
     314
     311
     301
     313
     295
     308
     323
     285
     321
     311
     343
     305
     326
     290
     289
     348
     311
     294
     312
     320
     316
     308
     329
     298
     300
     337
     343
     292
     329
     325
     304
     298
     298
     349
     283
     308
     305
     297
     324
     295
     328
     295
     316
     319
     316
     294
     315
     305
     320
     322
     296
     292
     317
     295
     293
     318
     301
     307
     347
     316
     345
     327
     312
     308
     319
     306
     289
     305
     322
     318
     283
     283
     301
     299
     283
     323
     292
     295
     298
     316
     320
     317
     293
     310
     299
     318
     277
     324
     297
     301
     356
     312
     262
     310
     338
     290
     328
     301
     316
     315
     285
     288
     304
     299
     321
     286
     278
     323
     317
     310
     289
     311
     331
     321
     328
     313
     315
     332
     282
     312
     296
     296
     268
     292
     305
     312
     299
     314
     310
     300
     329
     312
     300
     291
     293
     321
     301
     289
     296
     294
     319
     304
     295
     286
     322
     297
     293
     309
     285
     303
     298
     307
     319
     305
     288
     315
     317
     315
     304
     299
     294
     265
     311
     312
     312
     293
     312
     323
     329
     315
     313
     323
     299
     330
     314
     321
     291
     293
     286
     308
     301
     305
     302
     308
     343
     321
     301
     307
     305
     292
     322
     322
     331
     286
     308
     373
     293
     313
     298
     329
     312
     290
     336
     264
     318
     304
     295
     316
     338
     319
     335
     311
     316
     328
     331
     328
     305
     309
     328
     303
     272
     296
     327
     284
     269
     305
     289
     319
     271
     341
     320
     318
     282
     312
     290
     296
     302
     354
     293
     326
     333
     275
     290
     283
     295
     305
     302
     299
     291
     330
     281
     292
     279
     310
     324
     326
     305
     341
     301
     294
     312
     308
     311
     330
     312
     296
     314
     337
     318
     294
     295
     300
     284
     310
     318
     289
     314
     295
     320
     280
     318
     308
     319
     343
     308
     309
     294
     304
     316
     333
     276
     296
     287
     300
     307
     303
     280
     305
     293
     294
     268
     297
     307
     294
     305
     296
     285
     317
     314
     341
     328
     274
     319
     279
     321
     283
     327
     285
     288
     286
     305
     362
     285
     324
     314
     291
     293
     299
     319
     297
     328
     314
     329
     274
     264
     331
     309
     314
     301
     267
     286
     292
     302
     325
     307
     315
     277
     265
     278
     297
     326
     305
     305
     334
     315
     292
     280
     286
     287
     289
     299
     333
     308
     310
     267
     285
     302
     311
     306
     306
     341
     330
     300
     295
     294
     365
     317
     303
     303
     348
     285
     308
     335
     302
     295
     291
     304
     313
     321
     345
     309
     325
     300
     341
     294
     297
     284
     294
     296
     308
     304
     272
     312
     298
     288
     280
     331
     294
     311
     291
     299
     287
     304
     306
     301
     321
     309
     313
     332
     331
     295
     294
     315
     298
     260
     324
     296
     333
     274
     331
     255
     323
     310
     300
     312
     334
     305
     299
     308
     325
     338
     302
     310
     300
     330
     264
     303
     316
     325
     320
     274
     323
     306
     327
     305
     296
     354
     307
     352
     311
     302
     306
     307
     326
     318
     335
     322
     285
     331
     334
     348
     327
     334
     332
     348
     323
     332
     298
     342
     300
     365
     329
     347
     346
     351
     340
     359
     363
     351
     393
     330
     350
     346
     381
     362
     367
     362
     357
     381
     350
     387
     363
     327
     382
     367
     345
     342
     389
     358
     379
     380
     350
     361
     376
     371
     354
     365
     361
     387
     358
     346
     356
     355
     401
     370
     347
     404
     357
     375
     371
     390
     362
     377
     346
     349
     380
     366
     343
     379
     354
     392
     390
     397
     338
     355
     355
     375
     364
     342
     379
     367
     369
     356
     341
     338
     382
     348
     371
     363
     369
     349
     361
     349
     359
     343
     357
     331
     352
     330
     359
     348
     318
     355
     365
     355
     368
     373
     371
     335
     357
     344
     327
     347
     351
     367
     334
     364
     354
     322
     375
     377
     324
     355
     359
     369
     349
     351
     337
     363
     331
     328
     352
     357
     323
     334
     373
     366
     359
     360
     349
     356
     340
     348
     355
     359
     334
     339
     364
     401
     351
     333
     340
     354
     326
     343
     327
     369
     357
     331
     325
     365
     359
     377
     342
     366
     355
     340
     347
     352
     345
     357
     358
     361
     346
     334
     347
     335
     344
     345
     396
     368
     327
     351
     333
     348
     350
     367
     328
     336
     371
     339
     374
     353
     328
     341
     362
     326
     363
     370
     321
     359
     328
     382
     333
     290
     302
     342
     329
     385
     334
     358
     317
     337
     330
     336
     373
     336
     358
     329
     303
     345
     317
     335
     319
     307
     320
     316
     365
     334
     346
     361
     349
     320
     355
     354
     358
     313
     311
     343
     343
     360
     328
     285
     347
     377
     329
     328
     332
     328
     345
     318
     346
     350
     352
     321
     320
     335
     328
     307
     309
     356
     317
     322
     350
     324
     357
     352
     354
     327
     340
     331
     332
     333
     355
     329
     383
     303
     343
     310
     328
     347
     344
     309
     343
     316
     334
     327
     323
     331
     343
     330
     345
     332
     309
     313
     342
     313
     308
     323
     303
     354
     338
     302
     312
     329
     347
     303
     350
     347
     334
     317
     317
     324
     301
     315
     312
     322
     335
     310
     337
     297
     302
     317
     315
     319
     294
     324
     318
     327
     327
     327
     318
     327
     307
     339
     324
     321
     340
     356
     354
     326
     330
     299
     353
     317
     329
     326
     345
     289
     319
     371
     304
     343
     342
     330
     310
     296
     324
     317
     329
     339
     320
     319
     314
     288
     369
     327
     328
     361
     337
     327
     320
     322
     340
     346
     333
     315
     318
     286
     344
     296
     300
     289
     312
     294
     361
     326
     315
     327
     326
     332
     315
     303
     295
     313
     324
     303
     282
     312
     348
     292
     318
     318
     308
     337
     321
     331
     309
     278
     314
     303
     308
     328
     307
     331
     292
     294
     300
     344
     328
     338
     356
     358
     311
     314
     318
     337
     336
     319
     326
     284
     311
     324
     307
     314
     325
     322
     320
     310
     346
     322
     306
     359
     319
     314
     315
     352
     338
     334
     341
     318
     342
     320
     315
     329
     330
     315
     285
     284
     313
     317
     326
     325
     337
     322
     309
     318
     334
     311
     322
     305
     309
     328
     334
     283
     309
     315
     311
     316
     324
     295
     354
     303
     298
     309
     304
     327
     280
     308
     318
     314
     311
     326
     341
     285
     334
     311
     328
     312
     329
     324
     322
     338
     317
     343
     327
     310
     296
     300
     284
     305
     324
     341
     335
     350
     287
     317
     329
     321
     331
     350
     300
     299
     348
     313
     309
     326
     328
     319
     337
     342
     324
     329
     299
     312
     297
     326
     323
     315
     307
     310
     306
     299
     325
     323
     323
     298
     291
     305
     335
     300
     335
     307
     319
     299
     326
     334
     338
     317
     290
     298
     343
     320
     314
     297
     332
     322
     328
     301
     298
     326
     321
     332
     339
     306
     280
     334
     286
     323
     279
     329
     312
     353
     317
     342
     291
     292
     339
     319
     313
     261
     308
     307
     334
     294
     304
     311
     306
     318
     361
     290
     303
     318
     282
     306
     283
     311
     305
     299
     332
     307
     341
     330
     291
     328
     314
     291
     282
     308
     333
     279
     286
     337
     320
     279
     307
     317
     307
     307
     294
     328
     295
     314
     287
     305
     321
     272
     342
     330
     325
     295
     302
     286
     291
     341
     305
     304
     287
     290
     299
     296
     292
     291
     286
     316
     318
     304
     307
     272
     319
     299
     321
     302
     276
     280
     333
     315
     317
     315
     302
     293
     302
     302
     309
     302
     289
     288
     324
     314
     282
     288
     288
     305
     332
     303
     320
     294
     310
     334
     276
     287
     293
     315
     285
     280
     294
     289
     303
     314
     318
     313
     290
     294
     283
     287
     284
     322
     319
     310
     314
     295
     280
     289
     306
     300
     322
     317
     308
     299
     291
     302
     288
     265
     323
     297
     269
     297
     304
     295
     305
     283
     300
     273
     313
     286
     268
     293
     316
     314
     303
     291
     332
     275
     317
     284
     306
     310
     285
     268
     288
     313
     317
     288
     306
     320
     268
     270
     300
     306
     287
     283
     303
     330
     291
     276
     284
     297
     316
     315
     292
     301
     286
     311
     324
     317
     293
     267
     284
     272
     268
     298
     296
     314
     295
     310
     295
     313
     340
     297
     307
     296
     287
     283
     261
     266
     305
     307
     282
     297
     323
     282
     260
     295
     290
     304
     297
     282
     282
     289
     311
     289
     290
     325
     309
     280
     269
     297
     308
     294
     297
     277
     274
     293
     274
     301
     303
     300
     293
     271
     284
     315
     305
     322
     285
     315
     290
     325
     304
     315
     322
     345
     308
     307
     292
     292
     304
     293
     276
     276
     303
     330
     307
     299
     294
     314
     269
     302
     293
     279
     270
     287
     291
     300
     292
     306
     303
     272
     294
     292
     306
     278
     310
     272
     291
     277
     311
     283
     292
     310
     264
     303
     274
     283
     269
     314
     294
     289
     282
     248
     299
     269
     280
     286
     309
     273
     317
     293
     285
     282
     276
     275
     291
     272
     288
     284
     290
     271
     287
     263
     302
     306
     278
     315
     276
     311
     273
     293
     255
     295
     313
     263
     259
     296
     290
     304
     286
     314
     261
     253
     286
     289
     271
     276
     311
     273
     306
     295
     275
     276
     285
     298
     283
     281
     282
     280
     270
     279
     291
     300
     289
     279
     312
     296
     278
     322
     306
     304
     260
     287
     316
     310
     339
     321
     282
     292
     274
     310
     317
     272
     287
     307
     266
     298
     296
     278
     248
     277
     269
     263
     313
     269
     305
     291
     288
     284
     308
     276
     288
     319
     302
     301
     265
     280
     317
     286
     296
     268
     315
     300
     316
     299
     302
     310
     277
     303
     327
     327
     295
     271
     291
     290
     269
     295
     289
     295
     284
     309
     286
     300
     327
     292
     312
     278
     305
     310
     323
     281
     307
     266
     313
     303
     315
     293
     278
     288
     315
     262
     287
     305
     294
     287
     294
     304
     258
     297
     311
     286
     311
     288
     271
     300
     298
     254
     278
     316
     336
     301
     292
     296
     258
     308
     278
     290
     289
     290
     285
     266
     281
     332
     312
     297
     283
     281
     294
     302
     296
     326
     303
     260
     294
     269
     283
     292
     310
     334
     287
     330
     269
     293
     303
     295
     267
     285
     270
     300
     273
     294
     326
     283
     296
     281
     282
     290
     284
     282
     335
     306
     305
     319
     291
     294
     280
     343
     286
     311
     297
     317
     287
     309
     287
     320
     294
     292
     312
     292
     282
     289
     295
     297
     283
     286
     310
     312
     298
     306
     288
     314
     326
     289
     290
     299
     296
     331
     311
     264
     302
     304
     319
     300
     306
     286
     286
     277
     309
     304
     299
     309
     266
     274
     302
     268
     308
     303
     317
     284
     296
     323
     309
     314
     319
     313
     263
     277
     286
     305
     284
     290
     301
     294
     292
     290
     308
     302
     299
     281
     306
     320
     331
     281
     321
     260
     311
     283
     316
     277
     341
     309
     310
     348
     297
     317
     311
     297
     317
     304
     298
     307
     282
     297
     252
     328
     304
     313
     301
     300
     297
     294
     277
     311
     312
     337
     338
     286
     301
     319
     323
     309
     287
     302
     283
     294
     298
     280
     301
     326
     281
     299
     318
     270
     293
     294
     306
     290
     307
     323
     295
     332
     314
     307
     286
     301
     306
     333
     308
     294
     321
     320
     314
     360
     330
     314
     316
     305
     315
     316
     311
     319
     331
     315
     272
     296
     332
     325
     317
     330
     300
     317
     327
     336
     303
     303
     330
     283
     314
     331
     301
     336
     315
     333
     315
     311
     323
     330
     315
     311
     336
     320
     288
     282
     310
     321
     304
     309
     303
     331
     334
     293
     326
     312
     309
     331
     305
     297
     332
     331
     317
     316
     336
     305
     312
     306
     327
     307
     290
     312
     306
     332
     333
     296
     326
     338
     311
     328
     343
     327
     305
     323
     327
     328
     355
     332
     332
     320
     339
     315
     330
     329
     346
     327
     322
     314
     326
     303
     300
     326
     318
     311
     336
     322
     282
     324
     329
     321
     332
     323
     339
     326
     321
     351
     307
     336
     293
     369
     323
     374
     363
     336
     317
     326
     314
     356
     374
     295
     299
     358
     285
     288
     333
     332
     344
     343
     318
     339
     349
     332
     339
     347
     347
     335
     341
     313
     320
     321
     348
     367
     324
     339
     365
     307
     348
     335
     311
     324
     347
     325
     323
     339
     359
     374
     347
     369
     351
     321
     327
     344
     375
     357
     340
     353
     335
     313
     342
     325
     328
     320
     321
     388
     367
     340
     368
     324
     373
     370
     358
     318
     353
     363
     340
     333
     345
     353
     391
     324
     345
     348
     320
     358
     342
     323
     301
     370
     353
     353
     329
     379
     347
     350
     394
     316
     376
     347
     346
     370
     342
     353
     353
     351
     370
     393
     371
     370
     349
     346
     361
     331
     374
     347
     391
     346
     325
     392
     344
     391
     367
     352
     376
     368
     347
     338
     355
     342
     312
     338
     369
     327
     351
     333
     360
     354
     383
     357
     372
     373
     370
     363
     349
     370
     349
     380
     373
     393
     400
     322
     334
     377
     366
     349
     359
     363
     358
     361
     335
     356
     395
     346
     362
     357
     386
     336
     353
     364
     372
     353
     376
     347
     351
     359
     384
     371
     354
     395
     379
     379
     352
     362
     381
     382
     410
     402
     394
     380
     379
     400
     394
     353
     338
     373
     341
     374
     352
     394
     353
     365
     387
     384
     355
     367
     385
     376
     369
     392
     398
     343
     372
     387
     402
     370
     402
     407
     417
     387
     381
     369
     378
     388
     374
     389
     353
     350
     409
     377
     363
     363
     397
     390
     395
     405
     388
     369
     406
     352
     383
     389
     406
     387
     381
     357
     400
     420
     367
     393
     414
     395
     361
     399
     386
     410
     370
     374
     385
     396
     407
     375
     372
     419
     370
     392
     395
     367
     354
     407
     382
     382
     366
     374
     341
     393
     382
     394
     385
     413
     389
     331
     356
     365
     379
     352
     393
     382
     395
     385
     396
     365
     370
     374
     372
     387
     403
     361
     369
     367
     385
     359
     387
     348
     355
     352
     347
     364
     394
     374
     380
     352
     395
     356
     390
     371
     371
     363
     394
     367
     409
     345
     366
     327
     348
     376
     352
     411
     331
     320
     356
     332
     344
     296
     318
     320
     313
     335
     324
     327
     334
     321
     307
     335
     337
     331
     289
     309
     279
     300
     299
     306
     291
     298
     304
     283
     286
     259
     294
     270
     299
     308
     272
     260
     298
     267
     264
     275
     279
     248
     301
     268
     248
     273
     295
     247
     252
     264
     253
     284
     282
     271
     272
     271
     251
     261
     228
     272
     252
     240
     241
     279
     236
     274
     214
     244
     228
     267
     254
     226
     223
     239
     240
     225
     251
     224
     248
     208
     227
     255
     200
     217
     219
     235
     225
     239
     199
     227
     231
     234
     240
     231
     212
     227
     222
     223
     218
     218
     225
     215
     202
     201
     220
     258
     256
     199
     207
     227
     220
     221
     208
     201
     227
     238
     208
     231
     211
     227
     223
     221
     221
     232
     226
     209
     199
     205
     222
     230
     219
     226
     235
     238
     205
     228
     193
     201
     216
     216
     184
     213
     215
     206
     219
     192
     207
     204
     185
     231
     223
     203
     196
     214
     193
     196
     197
     222
     196
     194
     232
     190
     184
     191
     214
     190
     201
     197
     185
     189
     190
     200
     196
     190
     193
     212
     193
     206
     191
     185
     169
     193
     187
     216
     182
     193
     181
     193
     194
     211
     191
     185
     169
     199
     190
     192
     178
     209
     189
     199
     197
     176
     188
     208
     184
     176
     180
     198
     197
     184
     191
     188
     169
     185
     172
     176
     182
     186
     211
     211
     193
     188
     168
     173
     190
     181
     156
     189
     197
     196
     157
     202
     195
     184
     178
     179
     178
     189
     181
     162
     157
     176
     167
     182
     168
     174
     159
     155
     175
     184
     144
     167
     187
     180
     170
     153
     170
     185
     178
     188
     162
     158
     155
     180
     187
     185
     172
     181
     157
     151
     172
     173
     187
     173
     186
     149
     154
     164
     173
     174
     166
     150
     158
     157
     154
     173
     171
     176
     166
     189
     172
     144
     167
     151
     147
     141
     169
     156
     195
     162
     162
     173
     163
     152
     164
     161
     181
     166
     175
     167
     166
     165
     157
     183
     145
     170
     194
     138
     153
     139
     150
     177
     188
     164
     154
     176
     154
     165
     153
     157
     139
     145
     155
     137
     159
     150
     163
     180
     167
     151
     158
     145
     154
     149
     179
     153
     150
     146
     156
     170
     170
     161
     147
     163
     143
     144
     127
     162
     154
     165
     165
     153
     157
     146
     152
     136
     166
     154
     162
     165
     151
     145
     151
     158
     129
     154
     152
     164
     138
     135
     131
     132
     153
     147
     144
     118
     147
     139
     155
     135
     145
     152
     137
     156
     107
     148
     155
     138
     156
     135
     145
     152
     141
     133
     148
     124
     143
     132
     130
     130
     142
     151
     127
     123
     127
     137
     135
     132
     143
     145
     136
     143
     160
     164
     146
     138
     128
     140
     109
     147
     140
     136
     161
     137
     103
     124
     146
     160
     129
     147
     143
     130
     124
     127
     124
     119
     131
     143
     108
     133
     131
     125
     130
     123
     140
     141
     118
     130
     105
     140
     133
     125
     143
     111
     120
     130
     127
     139
     134
     142
     134
     143
     148
     109
     141
     120
     126
     126
     117
     132
     145
     108
     142
     137
     127
     137
     125
     104
     140
     138
     139
     129
     119
     138
     111
     123
     123
     126
     136
     136
     121
     141
     141
     112
      94
     146
     138
     120
     132
     123
     113
     138
     127
     119
     143
     112
     107
     122
     139
     119
     124
     129
     111
     122
     125
     125
     116
     119
     104
     128
     120
     119
     128
     122
     133
     114
     127
     110
     105
     114
     124
     135
     107
     112
     130
     107
     102
     131
     114
     117
     117
     112
     118
     109
      94
     116
     117
     125
     101
      98
     114
      99
     110
     109
     113
     100
     121
     107
     124
     115
     134
     103
     112
     114
     119
     128
     123
     121
     111
     126
     101
      98
     129
     111
     111
     129
     104
     102
     116
     112
     108
     108
     116
     106
     106
     119
      97
     109
     105
     105
      96
     114
     103
     101
     107
     113
     103
     108
      99
     130
      99
     122
     106
     108
     115
     106
     118
     113
     116
     100
     110
     133
      92
     119
      89
     105
      98
      89
     111
     106
      98
      99
      94
      93
      89
      98
     106
      99
     123
      92
     104
     111
     117
      91
      94
     105
     103
     127
     104
     108
     118
     113
     100
     116
     104
     108
     101
     116
      92
     102
      98
     103
      93
      91
     118
     100
     104
      94
      99
     104
      82
     100
      97
      95
      92
      95
      98
     102
     108
      96
     120
     105
      99
      78
      98
      92
      86
      98
      83
     107
      90
     106
      90
     105
      98
     108
      97
     103
     105
     103
      97
     113
      86
     113
     102
      93
      98
     101
      97
      93
      91
     121
      88
     103
      99
      97
     105
      97
      84
      89
      98
      97
      98
      88
      95
      92
      94
      81
      94
      93
      72
     107
     109
     101
      74
      77
      93
      94
     111
      99
      87
      93
      99
      94
      98
      88
      82
     103
      82
      90
      76
      92
      89
      80
      91
      98
      75
      81
      92
     103
      74
      89
      93
     100
      88
      82
      94
      95
      79
      71
      94
      97
     108
      88
     107
      90
      87
      98
     102
      81
      77
      81
      73
      82
      96
      87
      90
      94
      82
      92
      73
      79
      71
      94
      73
      79
      89
      84
      86
      96
      81
      81
      73
      70
      68
     108
      91
      88
      87
      98
      93
      82
      96
     100
      63
      76
      89
      86
      84
      94
      73
      72
      88
      83
      84
      67
      82
     101
      98
      89
      85
      96
      88
      99
      81
      78
      89
      78
      82
      85
      99
     100
      91
      85
      91
      94
      85
      92
      95
     112
      81
      73
      79
      96
      95
      81
      91
      82
      89
      79
      99
      73
      66
      89
      80
      89
      90
      94
      90
      86
      92
      88
      91
      75
      81
      76
      79
      80
      94
     108
      77
      93
      96
      64
      71
      81
      82
      86
      95
      85
      92
      74
      76
      67
      85
      78
      96
      88
      80
      80
      79
      86
     114
      82
      91
      88
      69
      89
      94
      77
     106
      91
      96
     101
      85
      87
      99
      72
      84
      85
      97
     100
      76
      73
      70
      78
      83
      73
      81
      89
      79
      91
      79
      78
      88
      72
      81
      77
      81
      74
      91
      85
      83
      98
      74
      71
      94
      86
      91
      81
      80
      95
      85
      93
      91
      83
      92
      84
      81
      88
      91
      77
      70
      81
      99
      89
      83
      78
      70
      81
      75
      80
      75
      84
      89
      80
      90
      87
      80
      66
      73
      97
      63
      91
      88
     101
      79
      86
      94
      85
      86
      77
      74
      81
      76
      77
      81
      84
      80
      87
      92
      81
      87
      88
      86
      80
      68
      81
      74
      84
      75
      83
      66
      79
      83
      76
      67
      80
      99
      87
      78
      78
      82
      79
      87
      73
      76
      88
      90
      76
      83
      94
      83
      86
      88
      71
      77
      67
      79
      72
      78
      92
      73
      95
      86
      84
      81
      69
      80
     102
      69
      87
      90
      80
      75
      78
      91
     106
      97
      67
      85
      97
      72
      97
      87
      78
      79
      73
      80
      89
      65
      83
      79
      71
      84
      79
      91
      89
      82
      70
      87
      75
      86
      90
      82
      83
      71
      81
      80
      90
      75
      85
      87
      72
      97
      86
      99
      93
      96
      70
      74
      93
      82
     101
      77
      88
      91
      92
      83
      86
      88
      82
      73
      79
      87
      75
      85
      89
      86
      84
      75
      99
     100
      80
      71
      81
      72
      72
      83
     103
      92
      91
      82
      93
      77
      97
      71
      74
      77
      80
      98
      79
      56
      76
      80
      66
      76
      92
      81
      88
      75
      87
      85
      88
      79
      76
      82
      89
      71
      84
      76
      75
      82
      85
      74
      91
      80
      78
      64
      75
      84
      82
      85
      78
      92
      88
      78
      67
      70
      86
      97
      94
      62
      89
      77
      77
      83
      80
     101
      88
      74
      81
      86
      80
      68
      89
      74
      83
      88
      95
      76
      74
      71
      76
      85
      91
      77
      80
      85
      74
      69
      72
      77
      83
      80
      85
      88
      79
      79
      85
      82
      82
      68
      80
      83
      83
      78
      75
      92
      80
      87
      77
      89
      81
      81
      87
      74
      79
      86
      79
      75
      71
      87
      82
      81
      63
      75
      87
      69
      63
      86
      58
      81
      75
      85
      78
      79
      91
      81
      59
      90
      76
      70
      82
      91
      83
      81
      66
      89
      76
      84
      82
      88
      64
      77
      98
      88
      81
      72
      76
      91
      81
      83
      83
      85
      81
      59
      90
      94
      72
      77
      68
      87
      75
      85
      82
      86
      84
      90
      87
      96
      91
      79
      78
      90
      92
      75
      85
      82
      68
      88
      72
      86
      71
      96
      85
      89
      88
      79
      91
      96
      62
      92
      89
     103
      92
      81
      86
      81
      88
      79
      67
      81
      88
     102
      76
      71
      72
      84
      80
      78
      82
      66
      66
      79
      74
      89
      96
      70
      89
      75
      74
      87
      76
      65
      91
      75
      67
      71
      95
      81
      79
      83
      84
      67
      75
      91
      67
      84
      75
     111
      97
      79
      78
      94
      86
      84
      76
      69
      88
      69
      79
      77
      77
      69
      83
      83
      70
      86
      84
      69
      76
      93
      66
      79
      82
      74
      84
      86
      87
      92
      86
      78
      89
      84
      93
      79
      86
      86
      75
      83
      86
      73
      75
      97
      74
      88
      80
      95
      81
      79
      86
      98
      81
      80
      82
      79
      89
      96
      71
      78
      58
      88
      80
      77
      75
      88
      82
      89
      79
      65
     103
      75
      78
      78
      74
      76
      72
      82
      68
      89
      72
      73
      84
      74
      78
      88
      89
      78
      74
      81
      84
      85
      85
      72
      74
      89
      73
      80
      82
      84
      85
      82
      97
      61
      92
      92
      95
      82
      82
      78
      71
      82
      83
     101
      73
      89
      84
      93
      78
     102
      89
     102
      77
      93
      84
      86
      77
      98
      70
      70
      89
      77
      88
      78
      83
      77
      96
      82
      75
      96
      93
      70
      81
      88
      75
      82
      95
      72
      96
      89
      91
      77
     106
      73
      90
      74
      85
      93
      79
      84
      90
      75
      97
      96
      96
      98
      93
      93
      87
     105
      78
      92
      72
      87
      85
      95
      86
      81
      88
      85
     100
      97
     102
      93
      92
      73
      96
      94
      81
      80
      94
      88
     103
      94
      94
     102
     107
     102
      88
      85
      88
      92
      95
     102
      98
     121
      67
      71
      89
      88
      93
      84
      77
      97
     103
      77
      91
      86
      90
     111
      89
      81
      93
      90
      75
      87
     108
      97
      97
     101
      93
      86
     116
     103
      79
      96
      78
      98
      88
     123
     107
     118
      96
      91
     106
      93
      94
     104
     106
     107
      85
      93
      88
      96
      98
      89
     102
      99
     107
      99
     100
      99
     102
     104
      91
     109
     113
      83
      92
      94
      98
      98
     107
     114
     105
     123
     103
     104
     107
      98
     115
      96
     111
     111
     113
     129
     127
     117
     130
     128
     111
     118
     131
     127
     129
     149
     124
     147
     141
     160
     149
     184
     168
     179
     190
     214
     225
     223
     244
     257
     287
     311
     320
     342
     416
     428
     489
     524
     643
     648
     759
     885
    1019
    1137
    1288
    1484
    1714
    1980
    2270
    2774
    3205
    3599
    4195
    4764
    5465
    6271
    6933
    7459
    8366
    8782
    9506
   10254
   10977
   11359
   11743
   12022
   12506
   12641
   12790
   12911
   12837
   12463
   12517
   12332
   12015
   11562
   11078
   10543
   10038
    9264
    8752
    7931
    7175
    6447
    5707
    5048
    4308
    3711
    3196
    2675
    2221
    1824
    1516
    1249
    1012
     826
     724
     606
     481
     452
     406
     357
     318
     287
     260
     227
     233
     192
     168
     194
     154
     142
     132
     129
     103
     131
     121
     108
      94
     106
     108
      96
      84
      84
      92
      82
      90
      72
      87
      81
      77
      80
      86
      77
      99
      85
      72
      83
      83
      69
      70
      72
      76
      72
      73
      91
      64
      66
      62
      61
      66
      52
      65
      46
      64
      65
      61
      71
      56
      67
      51
      63
      68
      61
      58
      53
      70
      45
      57
      62
      43
      56
      64
      55
      55
      51
      58
      52
      70
      49
      56
      62
      47
      49
      58
      63
      63
      44
      53
      79
      54
      54
      54
      53
      58
      58
      51
      65
      41
      48
      66
      48
      56
      67
      59
      49
      62
      63
      67
      62
      66
      53
      50
      45
      56
      58
      51
      47
      62
      51
      56
      51
      67
      49
      50
      56
      49
      40
      64
      52
      51
      47
      58
      60
      48
      61
      49
      48
      54
      59
      39
      50
      59
      50
      45
      56
      48
      53
      50
      50
      46
      51
      47
      47
      50
      51
      58
      36
      56
      56
      51
      45
      52
      54
      51
      58
      50
      44
      45
      58
      54
      47
      46
      49
      52
      52
      39
      54
      47
      45
      43
      46
      37
      53
      41
      51
      42
      48
      50
      62
      48
      42
      50
      49
      56
      51
      45
      48
      60
      55
      54
      43
      46
      51
      58
      53
      50
      47
      44
      55
      53
      47
      57
      35
      52
      45
      48
      50
      53
      40
      46
      42
      41
      55
      48
      39
      53
      43
      50
      49
      56
      50
      52
      48
      50
      38
      49
      45
      56
      62
      47
      43
      45
      58
      36
      61
      47
      26
      49
      50
      54
      53
      40
      47
      39
      35
      46
      39
      26
      48
      43
      42
      46
      47
      52
      45
      43
      40
      39
      50
      47
      67
      43
      57
      47
      53
      48
      38
      36
      46
      46
      40
      47
      47
      43
      40
      49
      44
      34
      39
      45
      49
      47
      45
      51
      65
      44
      47
      44
      39
      49
      56
      43
      45
      42
      29
      49
      41
      45
      48
      34
      35
      49
      34
      40
      43
      40
      40
      37
      38
      41
      47
      45
      49
      38
      30
      49
      49
      44
      51
      40
      30
      45
      39
      50
      42
      56
      43
      36
      44
      50
      40
      42
      35
      49
      40
      40
      48
      41
      36
      40
      42
      48
      40
      49
      38
      37
      34
      37
      43
      42
      32
      33
      49
      46
      43
      46
      52
      48
      45
      32
      51
      40
      39
      44
      62
      46
      38
      47
      41
      35
      42
      49
      47
      43
      42
      37
      34
      44
      40
      48
      44
      37
      34
      36
      44
      54
      50
      44
      54
      47
      46
      45
      42
      42
      36
      44
      44
      49
      46
      40
      44
      46
      52
      46
      37
      44
      26
      36
      38
      47
      52
      42
      36
      37
      38
      33
      41
      50
      42
      40
      57
      44
      48
      43
      43
      43
      44
      46
      42
      37
      37
      25
      34
      46
      49
      40
      34
      51
      41
      37
      41
      37
      37
      38
      40
      45
      46
      39
      44
      40
      32
      38
      37
      30
      40
      44
      38
      33
      31
      44
      49
      52
      31
      57
      52
      28
      32
      35
      46
      48
      28
      42
      41
      36
      44
      33
      46
      45
      31
      51
      42
      43
      33
      35
      41
      46
      52
      47
      45
      41
      47
      44
      44
      41
      31
      30
      54
      39
      40
      41
      44
      28
      46
      57
      25
      49
      58
      42
      41
      43
      48
      50
      44
      47
      38
      40
      34
      42
      50
      42
      32
      34
      61
      40
      28
      52
      47
      37
      38
      47
      46
      36
      41
      43
      58
      43
      48
      29
      51
      33
      33
      43
      38
      51
      55
      40
      37
      33
      40
      41
      32
      38
      47
      42
      45
      25
      44
      36
      49
      33
      48
      47
      28
      36
      41
      37
      42
      23
      44
      39
      49
      30
      31
      38
      40
      31
      36
      33
      55
      36
      37
      48
      53
      32
      38
      35
      41
      33
      34
      48
      38
      46
      38
      29
      43
      42
      40
      42
      43
      29
      41
      34
      40
      38
      38
      44
      32
      31
      45
      35
      35
      54
      39
      34
      41
      29
      39
      50
      29
      45
      45
      47
      44
      38
      46
      34
      52
      48
      39
      32
      35
      38
      46
      40
      34
      45
      35
      31
      54
      40
      48
      32
      36
      22
      42
      33
      33
      37
      31
      51
      32
      43
      50
      32
      48
      34
      40
      38
      41
      34
      38
      39
      32
      40
      44
      36
      25
      28
      47
      44
      41
      39
      38
      39
      33
      41
      43
      39
      52
      44
      47
      35
      40
      40
      59
      33
      37
      47
      39
      41
      44
      55
      39
      40
      56
      32
      41
      35
      40
      34
      38
      41
      33
      46
      53
      41
      40
      44
      39
      37
      40
      47
      39
      42
      43
      36
      34
      44
      27
      34
      39
      52
      29
      28
      49
      34
      44
      30
      28
      38
      45
      29
      33
      37
      46
      33
      34
      51
      51
      43
      42
      41
      36
      40
      40
      28
      48
      41
      38
      49
      44
      39
      38
      44
      42
      35
      30
      29
      47
      34
      29
      29
      46
      35
      33
      41
      29
      37
      48
      21
      24
      37
      40
      47
      33
      39
      51
      51
      52
      44
      33
      34
      36
      43
      45
      47
      41
      39
      36
      37
      31
      24
      38
      37
      45
      45
      36
      37
      36
      37
      34
      33
      29
      41
      40
      37
      38
      40
      36
      40
      34
      43
      30
      36
      33
      31
      38
      43
      48
      33
      55
      32
      28
      41
      34
      32
      36
      35
      33
      43
      40
      48
      34
      43
      45
      47
      32
      32
      40
      35
      49
      42
      34
      37
      29
      29
      52
      41
      19
      41
      34
      37
      40
      35
      51
      31
      40
      35
      41
      38
      44
      37
      34
      37
      41
      47
      29
      47
      39
      41
      37
      46
      40
      39
      43
      29
      35
      39
      40
      29
      44
      39
      42
      38
      49
      38
      39
      48
      39
      40
      37
      41
      44
      30
      39
      38
      43
      39
      43
      41
      44
      42
      39
      32
      49
      43
      40
      40
      41
      45
      40
      37
      38
      41
      39
      36
      30
      41
      35
      33
      47
      41
      44
      32
      33
      38
      40
      31
      51
      46
      37
      49
      34
      45
      41
      50
      45
      51
      54
      38
      47
      52
      48
      54
      42
      43
      55
      42
      50
      42
      49
      32
      31
      39
      45
      26
      51
      38
      45
      28
      39
      44
      48
      41
      35
      38
      33
      35
      49
      43
      37
      36
      36
      42
      36
      48
      29
      41
      38
      47
      42
      34
      41
      34
      32
      40
      31
      45
      36
      41
      44
      45
      30
      56
      44
      35
      42
      41
      36
      45
      47
      49
      48
      45
      42
      28
      37
      47
      42
      45
      32
      36
      40
      39
      40
      40
      37
      46
      41
      32
      45
      37
      44
      32
      47
      24
      42
      37
      38
      45
      39
      35
      38
      43
      39
      42
      41
      46
      38
      31
      43
      33
      35
      35
      33
      51
      36
      38
      44
      28
      59
      42
      40
      22
      46
      47
      43
      38
      33
      48
      38
      26
      47
      23
      37
      36
      42
      33
      32
      36
      39
      38
      38
      36
      34
      36
      38
      39
      43
      30
      45
      32
      33
      32
      28
      40
      35
      50
      29
      42
      43
      45
      22
      41
      45
      34
      44
      34
      35
      38
      35
      38
      44
      46
      28
      39
      42
      48
      50
      31
      34
      44
      41
      36
      38
      49
      39
      31
      40
      34
      34
      32
      32
      39
      46
      36
      40
      37
      33
      46
      33
      41
      35
      40
      29
      43
      43
      28
      42
      36
      58
      32
      35
      34
      30
      36
      50
      43
      41
      26
      31
      55
      41
      43
      50
      42
      40
      32
      47
      28
      39
      40
      44
      36
      33
      42
      42
      37
      31
      32
      47
      39
      25
      39
      31
      40
      39
      25
      23
      49
      43
      38
      41
      38
      43
      43
      41
      32
      37
      42
      33
      35
      37
      38
      42
      32
      41
      48
      37
      38
      48
      30
      58
      52
      33
      30
      34
      49
      37
      34
      29
      49
      33
      30
      44
      43
      30
      38
      39
      35
      37
      45
      37
      31
      43
      44
      31
      49
      41
      44
      40
      35
      40
      35
      53
      34
      47
      41
      36
      42
      32
      36
      36
      46
      30
      36
      41
      31
      35
      43
      41
      47
      38
      45
      47
      27
      35
      35
      36
      44
      36
      47
      51
      24
      37
      38
      37
      32
      41
      36
      35
      36
      35
      42
      40
      29
      51
      33
      38
      25
      44
      46
      34
      38
      27
      33
      41
      29
      42
      31
      42
      38
      38
      34
      42
      36
      44
      31
      23
      37
      39
      33
      41
      46
      30
      41
      38
      30
      29
      38
      32
      48
      37
      40
      34
      34
      40
      36
      33
      49
      49
      44
      32
      32
      24
      42
      35
      31
      29
      35
      48
      39
      42
      32
      31
      41
      40
      42
      29
      57
      48
      32
      39
      40
      28
      37
      37
      34
      40
      27
      44
      38
      27
      32
      43
      42
      52
      43
      44
      42
      40
      46
      35
      39
      36
      37
      37
      45
      35
      38
      49
      35
      34
      34
      35
      42
      37
      38
      26
      40
      35
      32
      44
      30
      36
      32
      50
      50
      32
      28
      35
      35
      41
      37
      32
      28
      21
      30
      39
      25
      42
      40
      50
      41
      41
      37
      40
      42
      37
      44
      34
      34
      49
      37
      37
      48
      38
      49
      36
      38
      28
      36
      47
      39
      37
      43
      32
      36
      37
      28
      28
      28
      39
      31
      39
      32
      58
      39
      57
      39
      46
      42
      32
      32
      35
      41
      40
      43
      42
      47
      42
      37
      41
      47
      35
      50
      56
      39
      44
      27
      51
      42
      39
      41
      35
      56
      54
      37
      51
      43
      56
      49
      37
      33
      49
      47
      43
      50
      28
      45
      38
      34
      50
      39
      39
      35
      27
      42
      21
      44
      37
      46
      47
      42
      38
      36
      38
      33
      33
      33
      40
      45
      32
      35
      39
      28
      33
      49
      48
      35
      27
      37
      32
      43
      46
      41
      42
      30
      46
      26
      43
      40
      37
      45
      34
      50
      37
      51
      41
      31
      38
      33
      42
      34
      33
      29
      31
      34
      36
      42
      48
      34
      42
      39
      44
      30
      39
      42
      37
      42
      41
      28
      36
      39
      44
      49
      42
      43
      34
      34
      37
      31
      49
      47
      33
      34
      28
      34
      34
      44
      42
      39
      40
      43
      41
      33
      33
      35
      30
      47
      38
      54
      30
      40
      31
      34
      32
      39
      39
      29
      30
      34
      40
      32
      25
      42
      35
      44
      40
      38
      38
      30
      34
      41
      42
      43
      48
      40
      34
      45
      39
      38
      36
      44
      27
      43
      35
      36
      46
      52
      46
      41
      38
      39
      38
      40
      36
      32
      41
      44
      33
      41
      49
      45
      31
      40
      50
      25
      43
      37
      36
      27
      37
      41
      30
      38
      39
      36
      34
      44
      34
      35
      37
      48
      24
      45
      26
      52
      45
      39
      34
      47
      39
      38
      44
      43
      46
      45
      35
      32
      45
      42
      38
      40
      40
      42
      48
      33
      51
      37
      39
      33
      44
      33
      42
      47
      37
      39
      40
      38
      33
      39
      41
      35
      42
      40
      50
      43
      32
      39
      36
      49
      32
      42
      30
      42
      42
      34
      50
      37
      42
      29
      39
      40
      34
      42
      34
      31
      41
      40
      43
      36
      31
      41
      37
      48
      38
      30
      34
      46
      40
      37
      35
      40
      39
      32
      38
      34
      42
      32
      45
      42
      44
      36
      47
      45
      33
      42
      43
      29
      45
      36
      43
      43
      29
      56
      38
      39
      37
      41
      45
      42
      49
      44
      30
      41
      43
      44
      40
      37
      41
      53
      27
      40
      34
      32
      45
      38
      41
      45
      33
      42
      39
      35
      37
      43
      46
      44
      44
      44
      40
      33
      39
      43
      26
      37
      46
      40
      41
      36
      43
      42
      40
      37
      46
      46
      45
      40
      42
      31
      45
      36
      39
      39
      42
      43
      34
      34
      23
      30
      49
      30
      34
      43
      42
      47
      33
      47
      48
      36
      34
      41
      43
      38
      40
      44
      33
      42
      43
      35
      46
      36
      38
      49
      44
      41
      39
      43
      49
      46
      48
      34
      32
      43
      40
      42
      34
      43
      42
      33
      45
      27
      44
      47
      32
      33
      44
      33
      39
      39
      40
      35
      48
      49
      45
      34
      29
      35
      28
      28
      39
      36
      41
      43
      34
      34
      39
      50
      32
      35
      31
      37
      39
      38
      28
      37
      33
      38
      28
      55
      41
      41
      48
      42
      48
      43
      34
      30
      37
      50
      45
      51
      42
      37
      37
      39
      38
      34
      24
      38
      39
      39
      34
      41
      42
      45
      43
      37
      44
      45
      30
      37
      37
      43
      33
      30
      29
      48
      45
      31
      42
      29
      40
      45
      30
      47
      26
      29
      46
      25
      47
      38
      40
      32
      40
      41
      37
      42
      34
      51
      40
      30
      37
      55
      33
      33
      39
      46
      59
      41
      35
      42
      37
      30
      40
      38
      33
      37
      39
      51
      35
      29
      43
      41
      26
      40
      34
      41
      40
      32
      46
      39
      40
      32
      33
      30
      49
      34
      35
      42
      31
      47
      44
      31
      36
      25
      40
      36
      26
      32
      39
      36
      43
      46
      36
      38
      45
      43
      42
      40
      50
      35
      40
      44
      35
      31
      36
      36
      42
      36
      30
      43
      39
      39
      35
      45
      35
      40
      35
      46
      36
      33
      37
      48
      31
      49
      39
      37
      35
      43
      53
      37
      45
      39
      42
      28
      29
      48
      52
      30
      43
      32
      30
      34
      37
      35
      33
      22
      37
      37
      41
      34
      38
      39
      35
      35
      42
      47
      30
      42
      30
      38
      42
      40
      36
      32
      39
      32
      42
      37
      37
      47
      32
      39
      30
      43
      49
      33
      39
      40
      39
      45
      42
      29
      40
      50
      35
      30
      48
      49
      39
      44
      51
      43
      31
      44
      35
      38
      40
      44
      46
      46
      36
      42
      30
      35
      31
      41
      47
      45
      31
      30
      39
      34
      34
      25
      43
      39
      34
      49
      40
      43
      49
      34
      48
      33
      46
      36
      34
      48
      44
      39
      40
      41
      39
      35
      43
      39
      30
      42
      43
      49
      37
      45
      41
      40
      38
      32
      34
      47
      36
      43
      40
      42
      30
      48
      44
      28
      44
      43
      31
      39
      42
      37
      33
      44
      46
      46
      40
      46
      30
      33
      36
      47
      32
      31
      33
      24
      36
      46
      46
      44
      40
      47
      39
      52
      43
      50
      52
      39
      50
      46
      43
      43
      34
      32
      34
      24
      45
      29
      39
      37
      34
      43
      28
      41
      42
      34
      34
      36
      38
      29
      43
      50
      49
      41
      41
      34
      40
      43
      48
      41
      36
      33
      43
      42
      42
      37
      30
      43
      41
      35
      39
      43
      31
      37
      44
      42
      27
      42
      39
      34
      42
      35
      43
      42
      37
      48
      41
      27
      44
      37
      25
      43
      42
      30
      35
      39
      37
      41
      38
      34
      40
      47
      50
      30
      51
      44
      32
      41
      48
      47
      35
      33
      41
      38
      49
      37
      41
      43
      45
      32
      33
      40
      41
      37
      35
      39
      39
      42
      42
      39
      47
      40
      38
      53
      39
      48
      52
      48
      36
      43
      37
      53
      45
      26
      40
      37
      36
      44
      51
      47
      40
      42
      39
      48
      48
      33
      49
      39
      34
      36
      41
      43
      43
      47
      42
      36
      49
      30
      35
      43
      45
      40
      44
      36
      29
      44
      38
      40
      46
      30
      33
      34
      46
      46
      38
      50
      38
      37
      41
      40
      32
      39
      44
      47
      38
      38
      37
      43
      38
      46
      33
      35
      37
      36
      40
      32
      33
      42
      30
      40
      32
      44
      33
      38
      21
      43
      33
      37
      40
      47
      47
      39
      32
      37
      50
      31
      50
      41
      41
      40
      39
      44
      46
      44
      44
      31
      40
      43
      36
      36
      48
      34
      28
      43
      43
      34
      45
      34
      44
      26
      46
      36
      36
      43
      39
      48
      41
      38
      37
      46
      37
      43
      39
      41
      34
      37
      38
      40
      32
      38
      49
      53
      45
      44
      44
      39
      41
      45
      35
      38
      31
      47
      43
      34
      34
      44
      38
      53
      39
      40
      36
      32
      45
      55
      44
      43
      48
      58
      43
      41
      39
      34
      52
      48
      53
      57
      55
      40
      48
      54
      50
      43
      42
      49
      33
      42
      42
      52
      35
      42
      41
      40
      43
      36
      41
      43
      41
      57
      46
      39
      41
      46
      46
      36
      37
      52
      43
      36
      39
      35
      37
      42
      41
      43
      39
      47
      40
      38
      37
      30
      38
      47
      42
      41
      38
      51
      41
      43
      32
      46
      41
      34
      37
      39
      40
      48
      34
      36
      33
      37
      42
      36
      32
      37
      42
      37
      29
      54
      49
      44
      40
      42
      31
      38
      40
      57
      47
      36
      45
      33
      30
      37
      44
      45
      43
      42
      37
      35
      37
      43
      46
      43
      31
      45
      27
      31
      41
      42
      25
      31
      45
      32
      37
      33
      42
      45
      44
      43
      31
      41
      33
      36
      51
      37
      31
      31
      47
      40
      34
      38
      37
      41
      46
      35
      30
      37
      26
      45
      36
      47
      50
      33
      51
      34
      42
      37
      43
      47
      31
      38
      34
      45
      38
      33
      41
      40
      40
      34
      37
      40
      42
      41
      38
      30
      35
      39
      44
      40
      45
      51
      44
      41
      36
      38
      42
      50
      47
      42
      36
      48
      39
      40
      48
      37
      37
      33
      38
      47
      44
      39
      39
      30
      38
      40
      38
      43
      38
      43
      34
      33
      47
      43
      43
      52
      57
      38
      38
      43
      32
      57
      43
      38
      49
      48
      47
      50
      36
      37
      42
      43
      53
      42
      53
      41
      47
      42
      38
      46
      40
      47
      36
      35
      26
      33
      44
      38
      54
      52
      43
      29
      39
      40
      37
      30
      36
      25
      30
      41
      48
      49
      34
      40
      44
      56
      39
      42
      48
      32
      27
      36
      36
      40
      34
      46
      43
      45
      46
      51
      45
      38
      47
      38
      41
      39
      46
      42
      43
      45
      40
      39
      46
      40
      41
      47
      38
      43
      56
      45
      38
      39
      46
      42
      50
      38
      61
      45
      34
      40
      44
      43
      40
      47
      35
      39
      40
      31
      40
      39
      44
      49
      42
      41
      38
      28
      34
      44
      45
      32
      47
      31
      47
      35
      42
      44
      39
      29
      33
      49
      52
      33
      30
      45
      44
      33
      42
      48
      41
      40
      35
      34
      42
      41
      42
      55
      38
      41
      38
      48
      43
      33
      34
      44
      39
      46
      42
      46
      37
      37
      36
      38
      32
      47
      50
      42
      43
      41
      35
      44
      45
      57
      37
      33
      45
      39
      39
      44
      40
      39
      38
      44
      50
      37
      37
      36
      44
      42
      47
      41
      38
      48
      40
      42
      49
      38
      41
      48
      45
      46
      36
      44
      33
      51
      42
      44
      39
      28
      48
      31
      36
      36
      42
      24
      31
      38
      44
      47
      60
      38
      46
      44
      37
      42
      53
      33
      34
      37
      46
      47
      39
      48
      46
      38
      45
      39
      45
      38
      42
      41
      47
      40
      53
      42
      34
      29
      35
      50
      39
      40
      40
      42
      52
      37
      45
      36
      26
      51
      42
      40
      41
      47
      49
      40
      40
      36
      28
      34
      51
      35
      53
      47
      29
      48
      35
      32
      41
      52
      42
      58
      38
      48
      46
      35
      36
      41
      32
      46
      39
      40
      46
      34
      43
      37
      43
      46
      44
      49
      45
      41
      33
      35
      32
      44
      45
      37
      41
      43
      49
      37
      37
      44
      41
      44
      41
      34
      42
      36
      37
      30
      37
      36
      29
      49
      45
      46
      39
      46
      23
      46
      47
      36
      25
      37
      46
      38
      45
      29
      38
      39
      43
      47
      41
      38
      33
      58
      47
      34
      27
      41
      47
      38
      39
      37
      48
      51
      42
      44
      45
      38
      54
      34
      45
      34
      31
      45
      37
      32
      51
      40
      34
      47
      41
      23
      28
      38
      51
      47
      41
      45
      39
      34
      38
      46
      40
      37
      41
      37
      45
      41
      35
      44
      38
      56
      50
      41
      45
      32
      32
      42
      46
      46
      44
      57
      40
      35
      43
      50
      46
      37
      42
      50
      35
      37
      34
      45
      46
      46
      38
      49
      43
      35
      39
      36
      39
      52
      47
      34
      43
      39
      45
      47
      38
      32
      35
      34
      40
      40
      33
      36
      54
      55
      41
      42
      50
      61
      37
      36
      31
      39
      54
      38
      41
      42
      33
      38
      42
      46
      40
      30
      38
      42
      49
      39
      40
      47
      29
      41
      41
      47
      48
      51
      31
      34
      32
      41
      35
      41
      40
      34
      43
      38
      48
      40
      42
      42
      42
      36
      51
      29
      47
      37
      38
      40
      34
      45
      41
      42
      43
      43
      56
      34
      43
      46
      35
      45
      32
      44
      48
      43
      37
      36
      41
      43
      54
      48
      45
      52
      52
      43
      34
      45
      45
      52
      38
      51
      40
      43
      35
      34
      45
      39
      52
      38
      53
      41
      42
      54
      47
      44
      50
      41
      42
      57
      32
      46
      52
      37
      39
      46
      44
      45
      40
      54
      39
      49
      42
      37
      36
      42
      49
      45
      49
      38
      47
      61
      31
      50
      42
      42
      36
      44
      41
      43
      48
      55
      29
      37
      39
      45
      42
      32
      29
      47
      45
      38
      41
      58
      45
      57
      37
      41
      43
      54
      44
      45
      39
      31
      39
      58
      39
      32
      47
      49
      41
      39
      39
      57
      46
      47
      47
      45
      45
      47
      41
      34
      33
      44
      55
      53
      53
      37
      41
      37
      37
      44
      41
      41
      48
      36
      47
      39
      35
      41
      38
      37
      40
      45
      44
      42
      48
      50
      32
      38
      52
      49
      47
      33
      51
      56
      41
      45
      45
      42
      54
      45
      52
      50
      50
      46
      51
      46
      36
      47
      33
      44
      52
      49
      47
      33
      38
      56
      41
      58
      36
      38
      45
      44
      48
      43
      51
      38
      27
      46
      48
      55
      48
      42
      39
      58
      38
      40
      44
      33
      43
      44
      43
      46
      44
      41
      60
      47
      49
      45
      45
      38
      52
      46
      43
      38
      34
      45
      41
      36
      49
      50
      49
      39
      38
      43
      36
      38
      41
      43
      42
      44
      37
      48
      42
      43
      60
      50
      43
      42
      50
      42
      52
      39
      56
      43
      35
      40
      47
      46
      52
      34
      42
      40
      42
      46
      41
      39
      44
      44
      53
      34
      51
      37
      40
      47
      41
      36
      56
      41
      42
      50
      51
      40
      42
      46
      35
      50
      41
      43
      40
      48
      43
      43
      46
      49
      47
      38
      51
      31
      45
      40
      49
      49
      36
      50
      36
      46
      53
      44
      62
      40
      37
      44
      54
      41
      44
      42
      44
      44
      41
      40
      40
      32
      43
      56
      43
      43
      37
      48
      35
      42
      44
      44
      44
      36
      54
      52
      45
      42
      41
      47
      33
      34
      49
      46
      40
      54
      45
      44
      47
      45
      54
      44
      47
      43
      50
      51
      41
      48
      48
      42
      45
      41
      48
      67
      37
      35
      49
      33
      37
      40
      50
      41
      44
      28
      51
      31
      45
      53
      38
      46
      48
      54
      48
      42
      51
      37
      48
      40
      46
      49
      48
      55
      38
      39
      48
      42
      43
      46
      51
      50
      51
      56
      34
      47
      56
      55
      35
      49
      47
      44
      52
      40
      31
      51
      41
      37
      39
      38
      51
      41
      35
      41
      68
      51
      49
      44
      51
      54
      48
      60
      40
      32
      50
      52
      50
      42
      38
      47
      49
      44
      53
      38
      47
      44
      50
      56
      46
      41
      54
      52
      28
      50
      40
      39
      36
      43
      44
      51
      41
      55
      47
      42
      48
      45
      50
      59
      48
      37
      53
      55
      54
      43
      51
      47
      45
      49
      41
      38
      48
      44
      59
      55
      42
      39
      45
      61
      36
      50
      42
      31
      53
      53
      38
      36
      40
      38
      51
      53
      42
      49
      46
      52
      41
      42
      37
      56
      42
      48
      50
      59
      40
      47
      42
      45
      54
      42
      48
      41
      49
      57
      44
      49
      41
      46
      44
      53
      42
      47
      49
      49
      44
      44
      46
      44
      42
      41
      54
      60
      50
      39
      54
      61
      47
      45
      41
      47
      52
      43
      47
      37
      38
      45
      40
      41
      44
      52
      44
      48
      50
      36
      44
      56
      43
      37
      41
      54
      35
      48
      57
      53
      52
      38
      39
      39
      43
      51
      41
      47
      55
      41
      48
      51
      50
      52
      50
      48
      38
      43
      32
      38
      40
      33
      38
      45
      43
      46
      50
      48
      53
      48
      53
      45
      50
      55
      51
      44
      47
      53
      42
      47
      52
      52
      46
      51
      43
      54
      52
      41
      33
      48
      49
      39
      45
      46
      49
      43
      64
      37
      51
      65
      39
      48
      39
      49
      44
      45
      52
      51
      45
      47
      48
      35
      53
      45
      56
      51
      42
      39
      50
      54
      54
      52
      41
      46
      36
      40
      42
      41
      56
      43
      31
      46
      42
      41
      50
      59
      41
      52
      44
      64
      43
      53
      51
      43
      54
      44
      44
      53
      41
      45
      48
      61
      45
      34
      47
      54
      50
      52
      56
      45
      54
      56
      57
      44
      50
      51
      57
      50
      45
      71
      54
      46
      53
      53
      35
      44
      49
      44
      49
      37
      40
      43
      45
      51
      50
      42
      37
      51
      60
      38
      43
      40
      41
      58
      43
      53
      40
      47
      51
      50
      61
      47
      57
      57
      47
      47
      57
      42
      42
      35
      54
      52
      49
      44
      59
      52
      40
      50
      46
      34
      36
      52
      44
      51
      42
      43
      44
      40
      42
      56
      43
      44
      43
      46
      52
      47
      56
      56
      53
      50
      48
      45
      52
      49
      55
      45
      53
      55
      45
      53
      42
      39
      53
      37
      54
      48
      45
      55
      43
      40
      49
      44
      53
      55
      58
      41
      51
      46
      55
      43
      53
      43
      65
      45
      49
      41
      48
      43
      51
      40
      51
      48
      48
      59
      47
      45
      52
      55
      45
      53
      40
      56
      57
      57
      52
      56
      47
      49
      35
      51
      40
      53
      61
      47
      50
      53
      51
      48
      60
      47
      47
      59
      49
      39
      43
      54
      45
      57
      47
      53
      44
      55
      44
      62
      43
      44
      50
      47
      51
      50
      48
      58
      46
      58
      59
      55
      40
      49
      53
      61
      41
      52
      61
      48
      49
      54
      54
      41
      49
      44
      52
      42
      47
      42
      45
      43
      59
      34
      53
      51
      53
      67
      47
      72
      46
      62
      45
      53
      45
      47
      33
      56
      40
      43
      48
      38
      41
      53
      36
      53
      44
      49
      54
      43
      48
      54
      43
      54
      50
      51
      49
      44
      61
      52
      51
      55
      66
      59
      36
      42
      51
      52
      49
      52
      42
      51
      51
      48
      52
      45
      61
      53
      57
      39
      48
      43
      44
      52
      53
      44
      48
      47
      39
      50
      58
      62
      42
      54
      50
      53
      39
      47
      53
      46
      47
      42
      41
      52
      61
      47
      40
      48
      58
      54
      53
      45
      42
      46
      29
      50
      54
      46
      39
      57
      53
      43
      56
      56
      49
      66
      54
      58
      43
      62
      56
      39
      48
      52
      53
      46
      58
      56
      47
      40
      62
      55
      45
      42
      55
      50
      49
      50
      56
      50
      51
      58
      50
      45
      35
      64
      46
      63
      55
      48
      51
      48
      57
      30
      53
      52
      46
      41
      42
      49
      50
      48
      58
      49
      53
      50
      47
      59
      47
      47
      49
      45
      50
      41
      44
      51
      41
      48
      56
      62
      52
      47
      37
      50
      30
      49
      63
      55
      41
      50
      46
      46
      56
      49
      53
      57
      43
      47
      49
      35
      58
      52
      53
      46
      66
      47
      44
      50
      50
      46
      51
      65
      47
      49
      45
      68
      54
      69
      55
      64
      54
      62
      40
      54
      47
      47
      46
      51
      51
      50
      64
      46
      42
      50
      49
      49
      57
      49
      56
      59
      48
      48
      59
      49
      46
      46
      57
      41
      53
      44
      51
      57
      45
      29
      43
      60
      39
      54
      44
      45
      47
      49
      48
      55
      52
      67
      51
      49
      39
      53
      48
      58
      60
      44
      45
      51
      54
      66
      61
      55
      49
      52
      48
      61
      57
      52
      46
      54
      67
      49
      52
      60
      54
      58
      56
      48
      55
      49
      63
      55
      51
      59
      47
      62
      63
      55
      55
      62
      60
      52
      62
      45
      57
      56
      58
      69
      41
      59
      53
      62
      58
      50
      61
      48
      49
      50
      64
      46
      41
      55
      43
      50
      58
      49
      59
      46
      64
      50
      58
      69
      53
      56
      64
      58
      46
      59
      58
      52
      50
      36
      54
      47
      47
      52
      57
      57
      45
      41
      57
      61
      72
      40
      56
      47
      53
      51
      55
      55
      59
      41
      59
      51
      60
      63
      47
      49
      45
      57
      65
      60
      52
      53
      50
      52
      55
      61
      50
      45
      52
      54
      42
      38
      60
      59
      65
      42
      43
      66
      51
      47
      67
      53
      41
      50
      54
      60
      73
      45
      61
      47
      50
      47
      54
      48
      52
      57
      52
      47
      63
      65
      66
      50
      45
      53
      65
      63
      53
      63
      50
      61
      66
      54
      48
      60
      51
      61
      57
      55
      62
      59
      55
      64
      60
      55
      70
      50
      52
      62
      70
      54
      54
      64
      44
      50
      61
      56
      59
      58
      63
      57
      44
      63
      66
      50
      47
      53
      53
      63
      56
      59
      61
      53
      52
      48
      75
      59
      69
      70
      53
      52
      58
      43
      53
      55
      35
      64
      65
      66
      49
      50
      61
      59
      54
      53
      51
      58
      47
      58
      56
      67
      45
      56
      62
      54
      47
      63
      60
      64
      50
      55
      62
      57
      64
      35
      61
      64
      62
      51
      71
      58
      54
      67
      50
      64
      45
      55
      58
      44
      61
      66
      45
      71
      50
      50
      72
      56
      62
      56
      48
      49
      59
      57
      58
      57
      54
      45
      53
      48
      42
      56
      54
      63
      69
      73
      61
      67
      67
      57
      77
      57
      57
      69
      55
      55
      51
      56
      50
      64
      69
      66
      54
      46
      66
      69
      62
      62
      60
      55
      55
      59
      63
      63
      55
      69
      59
      68
      58
      55
      51
      53
      51
      50
      64
      53
      45
      65
      67
      51
      61
      63
      54
      66
      66
      68
      63
      58
      55
      58
      58
      54
      64
      55
      72
      69
      64
      55
      58
      61
      54
      54
      64
      74
      60
      63
      56
      52
      45
      61
      51
      60
      64
      56
      63
      64
      50
      64
      56
      50
      76
      54
      58
      64
      62
      63
      53
      65
      60
      53
      64
      70
      71
      70
      62
      73
      60
      66
      65
      69
      57
      60
      70
      67
      64
      66
      60
      65
      51
      67
      59
      67
      64
      57
      54
      48
      64
      71
      71
      63
      57
      79
      72
      63
      50
      58
      51
      55
      57
      63
      60
      60
      58
      57
      64
      72
      64
      56
      56
      60
      59
      64
      38
      75
      64
      67
      65
      67
      55
      47
      60
      67
      55
      70
      53
      65
      70
      55
      71
      60
      61
      69
      59
      77
      79
      80
      65
      67
      63
      64
      61
      72
      67
      72
      58
      54
      61
      66
      67
      62
      54
      71
      77
      77
      60
      69
      67
      70
      61
      71
      74
      53
      63
      73
      59
      63
      65
      55
      54
      65
      47
      58
      71
      56
      67
      57
      54
      48
      75
      66
      74
      60
      69
      62
      71
      60
      54
      68
      62
      64
      73
      60
      66
      74
      60
      79
      72
      65
      64
      75
      64
      66
      65
      54
      66
      77
      67
      68
      64
      54
      59
      79
      69
      81
      85
      54
      67
      56
      70
      62
      78
      57
      75
      46
      60
      82
      56
      80
      75
      74
      74
      60
      53
      67
      61
      67
      59
      59
      68
      55
      66
      63
      60
      72
      77
      67
      59
      52
      61
      80
      72
      60
      61
      64
      57
      68
      69
      71
      73
      79
      70
      54
      64
      64
      67
      66
      69
      59
      60
      65
      64
      55
      73
      63
      62
      59
      59
      58
      75
      77
      64
      66
      53
      70
      62
      77
      68
      73
      66
      63
      74
      81
      70
      73
      68
      74
      79
      63
      75
      79
      75
      56
      47
      62
      76
      67
      78
      57
      73
      61
      70
      63
      81
      71
      55
      64
      54
      72
      67
      76
      59
      60
      62
      79
      72
      58
      82
      70
      71
      73
      78
      67
      69
      60
      67
      78
      68
      65
      80
      76
      66
      71
      65
      53
      70
      74
      68
      81
      72
      64
      77
      71
      80
      48
      76
      65
      71
      83
      74
      64
      58
      67
      91
      77
      74
      75
      60
      66
      76
      86
      71
      64
      72
      66
      73
      75
      77
      72
      72
      70
      81
      71
      65
      73
      77
      67
      77
      61
      66
      72
      67
      69
      70
      83
      70
      70
      65
      64
      74
      81
      71
      84
      79
      82
      67
      67
      70
      88
      61
      82
      70
      76
      66
      92
      94
      73
      74
      95
      85
      80
      80
      83
      78
      79
      80
      71
      74
      77
      93
      86
      84
      83
      93
      88
      84
      92
      93
      86
      97
      79
      86
      79
      91
      85
      69
      73
      64
      83
      65
      86
      76
      87
      85
      84
      92
      69
      83
      85
      67
      90
      78
      75
      78
      73
      78
      82
      87
      67
      77
      68
      76
      76
      60
      79
      81
      85
      64
     100
      80
      70
      79
      90
      82
      92
      64
      85
      62
      93
      63
      84
      83
      88
      68
      77
      96
      87
      82
      74
      73
      96
      74
      88
      69
      76
      72
      85
      80
      70
      83
      98
      66
      65
      63
      60
      81
      83
      76
      68
      90
      70
      59
      81
      55
      86
      89
      69
      75
      78
      89
      82
      86
      84
      97
      65
      86
      80
      77
      84
      81
      79
      81
      90
      78
      83
      80
      61
      87
      74
      73
      73
      89
      83
      93
      68
      77
      84
      87
      93
      83
      80
      84
      83
      92
      77
      76
      79
      88
      87
      76
      87
      78
      79
      82
      82
      72
      83
      77
      92
      84
      80
      96
      88
      75
      81
      93
      76
      84
      80
      68
      82
      84
      87
      84
      91
      70
      73
      88
      80
      77
      72
      85
      72
      93
      90
      67
      89
      83
      74
      75
      90
      93
      82
      74
      81
      79
      94
      76
      81
      88
      87
      86
      81
      76
      76
      78
      71
      83
      82
      76
      81
      70
      78
      83
      93
      80
      77
      84
      86
      99
      82
      90
      88
      80
      91
      83
      83
      83
      90
      87
      85
      77
      81
      94
      78
      77
      84
      83
      79
      85
      93
      94
      80
      79
      90
      85
      72
      95
      73
      88
      98
      87
     105
      72
      89
      85
      91
      93
      68
      87
     104
      86
      97
      95
      82
      90
      80
      80
     100
      89
      82
      80
      68
      79
      77
      91
      73
      88
      85
      72
      98
      90
      73
      87
     100
      83
      84
      84
      90
      92
      92
      92
      96
      77
      87
      99
      82
      92
      73
      86
      75
      98
      91
      87
      85
      82
     104
      70
      84
      84
      78
      84
      86
      78
      70
      85
      91
      89
     100
      73
      86
      85
      83
      85
      74
      88
      81
      98
     100
      70
      88
      96
      85
      84
      83
      80
      71
      87
      79
      85
      81
      77
      97
      76
      90
      69
      79
      90
      75
      85
      74
     101
      64
      80
      87
      76
      98
      88
      76
     101
      92
      86
      90
      96
     107
      91
      85
      99
      76
      70
      69
     105
      83
      82
      77
      80
      82
      87
      73
      84
      91
      95
      60
     105
      77
      91
      72
      85
      90
      72
      91
      65
      75
      70
      80
      77
      84
      75
      72
      88
      78
      82
      82
      71
      68
      74
      80
      66
      77
      85
      85
      70
      86
      74
      68
      64
      69
      81
      73
      71
      63
      67
      78
      62
      72
      59
      54
      70
      54
      74
      56
      72
      60
      67
      67
      84
      70
      70
      80
      64
      52
      64
      52
      61
      58
      66
      62
      69
      65
      61
      70
      55
      65
      56
      69
      52
      71
      63
      59
      58
      67
      63
      58
      57
      59
      55
      71
      50
      52
      64
      51
      54
      46
      68
      54
      50
      59
      63
      55
      60
      56
      41
      59
      39
      62
      58
      52
      45
      49
      57
      59
      49
      65
      55
      38
      53
      53
      57
      60
      58
      52
      52
      45
      47
      60
      62
      55
      55
      62
      59
      55
      50
      42
      57
      43
      44
      45
      59
      57
      51
      56
      55
      58
      55
      52
      62
      52
      53
      43
      52
      40
      56
      48
      51
      53
      42
      54
      39
      53
      53
      37
      49
      59
      46
      59
      44
      55
      51
      51
      41
      53
      60
      47
      49
      49
      57
      52
      53
      54
      55
      58
      44
      56
      46
      46
      46
      52
      63
      45
      46
      58
      38
      52
      44
      59
      59
      48
      47
      63
      41
      47
      47
      48
      48
      43
      48
      53
      42
      55
      49
      52
      46
      59
      60
      41
      48
      62
      47
      40
      53
      52
      46
      59
      37
      54
      45
      49
      49
      48
      50
      41
      48
      42
      41
      55
      49
      43
      34
      38
      43
      58
      38
      51
      45
      48
      43
      35
      45
      61
      35
      42
      66
      46
      37
      40
      58
      54
      43
      43
      37
      41
      49
      47
      44
      61
      61
      45
      41
      54
      32
      40
      55
      39
      37
      55
      50
      43
      51
      35
      49
      47
      45
      57
      35
      45
      45
      47
      40
      39
      45
      36
      45
      57
      49
      55
      42
      33
      46
      50
      31
      49
      45
      48
      36
      25
      38
      46
      44
      43
      41
      47
      51
      45
      44
      42
      45
      42
      48
      51
      43
      52
      49
      37
      40
      44
      43
      47
      41
      48
      49
      45
      40
      45
      43
      37
      39
      55
      49
      35
      58
      39
      49
      49
      47
      46
      60
      57
      39
      43
      46
      48
      38
      37
      52
      52
      41
      51
      45
      51
      40
      49
      41
      36
      45
      40
      42
      39
      43
      46
      39
      53
      46
      28
      42
      41
      36
      44
      49
      50
      39
      41
      42
      37
      40
      42
      44
      36
      31
      43
      38
      46
      42
      42
      35
      38
      43
      46
      48
      51
      47
      37
      38
      47
      50
      28
      36
      44
      59
      42
      52
      38
      45
      37
      49
      40
      39
      45
      39
      40
      45
      42
      48
      39
      55
      43
      46
      47
      40
      38
      41
      39
      35
      40
      46
      36
      47
      37
      35
      50
      51
      34
      32
      46
      45
      38
      46
      50
      40
      41
      40
      45
      37
      32
      34
      46
      44
      29
      47
      55
      43
      44
      47
      50
      35
      40
      35
      28
      37
      40
      35
      46
      34
      37
      38
      40
      42
      33
      43
      43
      34
      43
      38
      35
      41
      32
      40
      39
      41
      33
      30
      39
      41
      42
      35
      40
      32
      44
      39
      32
      47
      43
      56
      34
      47
      38
      42
      36
      38
      41
      33
      40
      42
      51
      34
      42
      43
      37
      35
      30
      37
      34
      30
      35
      36
      24
      49
      33
      28
      40
      28
      36
      33
      36
      29
      42
      36
      27
      49
      38
      36
      34
      42
      33
      41
      33
      46
      37
      37
      36
      26
      30
      46
      40
      40
      28
      28
      33
      35
      28
      40
      34
      32
      40
      42
      42
      28
      32
      34
      32
      39
      41
      37
      29
      39
      31
      37
      33
      31
      32
      53
      29
      36
      32
      29
      31
      45
      37
      41
      34
      23
      38
      41
      39
      27
      28
      28
      29
      34
      33
      39
      28
      36
      40
      43
      31
      29
      48
      26
      44
      33
      40
      32
      39
      29
      36
      35
      26
      33
      36
      31
      37
      35
      35
      35
      40
      30
      34
      48
      46
      29
      31
      36
      30
      46
      38
      28
      39
      37
      34
      25
      32
      36
      41
      26
      36
      29
      43
      30
      31
      25
      29
      33
      27
      40
      35
      39
      31
      37
      31
      34
      32
      32
      39
      31
      27
      32
      38
      38
      29
      33
      30
      32
      25
      44
      29
      33
      25
      30
      39
      39
      33
      29
      33
      29
      31
      29
      16
      39
      37
      44
      29
      31
      29
      44
      26
      25
      34
      36
      43
      28
      31
      23
      27
      31
      30
      24
      32
      26
      14
      35
      29
      39
      30
      33
      24
      43
      31
      36
      37
      32
      29
      41
      21
      35
      29
      27
      28
      36
      36
      24
      33
      33
      20
      22
      21
      33
      36
      22
      36
      31
      37
      33
      33
      26
      26
      24
      25
      33
      34
      35
      38
      40
      22
      33
      21
      25
      30
      33
      28
      27
      35
      26
      26
      28
      24
      34
      25
      27
      27
      37
      20
      30
      38
      26
      24
      19
      40
      32
      29
      26
      21
      23
      33
      23
      31
      23
      19
      28
      29
      32
      30
      29
      29
      36
      34
      20
      28
      28
      35
      34
      30
      20
      27
      34
      22
      32
      29
      33
      28
      15
      34
      30
      28
      27
      24
      26
      23
      33
      28
      24
      26
      34
      32
      28
      30
      30
      21
      33
      15
      26
      21
      29
      19
      20
      26
      25
      28
      27
      28
      27
      26
      31
      26
      28
      23
      26
      31
      24
      28
      24
      27
      25
      27
      30
      26
      17
      24
      28
      30
      16
      23
      22
      36
      24
      31
      24
      22
      27
      28
      17
      24
      21
      27
      29
      28
      17
      28
      27
      30
      15
      27
      27
      23
      21
      28
      18
      22
      29
      25
      25
      30
      34
      27
      31
      29
      23
      17
      22
      23
      18
      17
      23
      11
      26
      16
      31
      25
      21
      28
      20
      21
      22
      19
      29
      22
      28
      23
      23
      19
      27
      15
      18
      23
       8
      24
      30
      26
      28
      16
      29
      22
      24
      20
      22
      28
      26
      33
      30
      25
      28
      23
      18
      22
      23
      16
      26
      20
      28
      26
      23
      20
      27
      23
      23
      26
      22
      24
      18
      21
      19
      23
      25
      20
      20
      23
      24
      26
      13
      23
      19
      19
      15
      18
      18
      20
      16
      23
      27
      20
      20
      21
      19
      27
      12
      19
      21
      22
      27
      21
      18
      17
      23
      20
      24
      24
      16
      24
      20
      21
      15
      22
      27
      19
      23
      24
      24
      21
      15
      18
      11
      25
      18
      24
      15
      19
      14
      12
      24
      10
      23
      11
      24
      24
      15
      16
      17
      16
      12
      16
      16
      12
      20
      14
      17
      22
      24
      17
      16
      18
      21
      17
      24
      15
      10
      21
      21
      21
      21
      17
      23
      18
      25
      19
      15
      15
      10
      18
      17
      25
      18
      13
      17
      14
      12
      23
      23
      15
      18
      16
      15
      15
      18
      30
      16
      21
      28
      15
      17
      18
      16
      15
      11
      22
      24
      16
      18
      19
      18
      16
      17
      17
      17
      12
       8
      13
      12
      18
      12
      13
      17
      17
      11
      17
      14
      20
      18
      14
      26
      16
      17
      23
      21
      25
      16
      13
      15
      12
      18
      14
      15
      20
      12
      13
      20
      13
      16
      14
      11
      28
      15
      15
      18
      13
       9
      21
      14
      18
      16
      13
      19
      13
      14
      14
      18
      19
      21
      25
      22
      16
      13
      16
      14
      14
      18
      14
      12
      19
      18
      12
      21
      16
      21
      13
      13
      13
      11
      13
      10
      20
      16
      17
      16
      11
      11
      13
      18
      17
      15
      16
      13
      19
      20
      17
      16
      17
      18
      15
      18
      12
      14
      11
      14
      21
      12
      16
      14
      18
      23
      12
      15
      13
      15
      16
      18
      13
      15
      13
      18
      10
      11
      16
      16
      22
      18
      20
      17
      16
      13
      19
      10
      10
      12
      13
      17
      19
      16
      15
      16
       8
      22
      11
      12
      14
      10
      17
      12
      15
      13
      11
      18
      10
      25
      14
      15
      16
      15
      15
      15
      11
      19
      14
      15
      18
      18
      15
       9
       7
      11
      16
      13
      18
      16
      14
      20
      18
      15
      15
      16
      15
      12
      13
      11
      16
      11
      15
      12
      10
      14
      12
      15
      12
      14
      12
      13
      10
      20
      20
      14
      17
      16
      11
      10
      10
      15
      19
      12
      17
      15
      24
      11
      12
       8
      13
      14
      11
      18
      13
      12
      13
      13
      14
      16
      10
       5
      16
      12
      12
      20
      15
      17
      15
      19
      14
      15
      16
      14
      12
      13
      17
      17
      12
      16
       8
      17
      18
      10
      16
      15
       9
      15
      13
       7
      15
       7
      14
      12
      13
       7
       9
      14
      11
      17
      11
      10
      16
      10
      12
      13
      10
      14
      11
       5
      18
      17
      10
      17
      13
      11
       9
      21
      14
      12
      16
      11
      11
      11
       9
      13
      10
      10
       9
      10
      14
      10
       9
      10
      10
      11
      16
      10
      14
      16
      16
      10
      13
      16
      11
      13
      10
       9
      12
      19
      13
       6
       9
      14
      10
      15
      14
      13
      10
      16
       9
      17
      14
       6
      11
      15
      12
      12
       7
      12
      12
       8
      16
      10
       9
       8
      13
      12
      14
      14
      14
      12
      23
      24
      12
      10
       7
      16
      15
       8
      11
      11
      20
      14
      12
      11
      15
      15
      11
      17
      16
      12
       9
      14
      17
      14
      11
      11
      14
      12
      10
       9
       9
      11
      12
      17
      21
       9
      13
       8
      12
      15
      20
      14
      14
      13
      11
      15
      16
      11
      14
      13
       7
       6
      12
      14
       9
      17
      13
      13
      16
      13
       8
      12
      14
      17
      14
       9
      14
      14
      10
       8
      16
      14
      14
      18
       8
      16
      14
      10
      11
       7
       7
      19
      14
       6
      14
      11
      18
      13
       6
      12
       9
      18
      14
      18
      12
      14
      13
      16
      15
      12
      16
      11
       7
      11
      19
      11
      16
      16
      14
      13
      16
       8
      14
      10
      11
       9
      10
      11
      10
      11
      13
       9
      15
      15
       6
      12
      14
      16
      18
      16
       9
      19
      10
      16
      13
      15
      16
      12
      12
      15
      10
       6
      15
      11
      10
      11
      14
       8
      11
      10
      13
       6
       8
      11
      10
      12
      18
      13
      11
      13
      19
      14
       7
      10
      10
      11
      13
      13
       9
      12
      18
      13
      16
      18
      12
      23
      17
      16
      14
      14
       9
      16
      10
      16
      14
      10
      12
       8
      16
      17
      13
      11
      12
      10
      11
      12
       7
      10
      11
      11
      17
      15
      21
      12
      16
      17
       9
       5
      13
      11
       9
      10
      15
      14
      15
      10
      16
      13
      10
      11
       9
      13
      17
       9
      13
       8
      15
      10
      16
      10
      14
      17
      12
       9
      11
       9
      13
      10
      13
       8
      19
      12
      15
      15
      11
       8
      15
      10
      17
      18
      13
      15
      10
      12
       9
      10
      13
      11
      14
      14
      13
      10
       9
      10
      20
      11
      13
      16
      14
      11
      11
       7
      14
      13
      12
      28
      10
      15
      18
      12
      15
      13
      14
       8
       9
      15
      13
       9
      16
       8
       8
      12
      11
      15
      14
      10
      14
      13
      10
      18
      10
      12
      13
       6
      19
      20
      14
       9
      16
      10
       7
      17
       7
      12
      11
      12
      12
      17
      12
       9
      13
       7
      10
      15
       8
      14
      13
      16
      13
       8
      13
      12
      10
      11
      18
      16
      10
      18
      12
       7
      16
      11
       5
       7
      11
      14
       9
      15
       8
      14
      13
       6
      12
       8
      17
       8
      16
      19
       9
      10
      15
      15
      19
      12
      10
      10
      15
      12
      18
      13
      18
       8
      18
      11
      15
      13
      13
       8
       9
      11
      14
      14
      19
      15
      13
      13
      14
       8
      13
      14
       6
      17
      10
      17
      12
      11
      10
      15
       5
       9
      17
      12
      10
      14
      13
      17
      18
      18
      18
      16
      18
      10
      20
      10
      16
      14
      12
      14
      18
      13
       5
      10
      11
      14
       8
      11
      15
      17
      16
      17
      14
      13
       9
      10
      15
      14
       9
      14
      11
      14
      14
      15
      16
      17
       8
      13
      13
       5
      11
      10
      15
      12
       8
      15
       7
      13
       9
       8
      17
      15
      11
      16
      13
      14
      12
      11
      20
       9
      14
      11
       9
      13
      10
      16
      17
      13
      13
       6
      11
      12
      19
      15
      11
       9
      10
      12
      11
       7
      12
      10
      11
      10
      11
      13
       6
      10
      15
       9
      16
      16
      14
      11
      16
      14
       8
      11
       3
      16
      14
      15
      10
      11
      12
      13
      16
       7
      12
       8
       7
      14
      16
      20
      15
      19
      15
      11
      19
      10
      15
      13
       8
      17
      11
      11
      13
      15
      11
      11
      15
      12
       9
      17
      13
      17
      12
      13
      12
      15
      17
      12
      13
      12
      21
      18
      16
      10
      16
       6
       9
      13
      14
      13
      14
      18
      10
      10
      11
      15
      13
       8
      18
      10
      14
      11
      15
      15
      11
       5
      12
      11
       9
      21
       9
      14
      13
      24
      16
      14
      18
      17
      24
      12
      19
      11
      12
       8
      15
      16
      14
      14
       7
      15
      18
      14
      22
      14
      11
      25
      11
      14
      13
       9
      14
      10
      20
      21
      12
      20
      21
      12
      13
      20
      13
      18
      12
      11
       8
      12
      13
      14
      11
      13
      13
      10
      10
      18
      16
      13
      14
      21
      18
      25
      20
      17
      10
      17
      16
      18
      19
      20
      17
      15
      17
      19
      20
      17
      20
      19
      25
      13
      17
       9
      18
      20
      11
      17
      19
      20
      19
      24
      17
      19
      24
      17
      14
      20
      15
      12
      21
      26
      25
      20
      15
      31
      16
      19
      18
      23
      22
      19
      21
      23
      31
      27
      30
      31
      35
      33
      30
      45
      49
      56
      66
      63
      80
      88
      97
     132
     143
     171
     169
     237
     249
     332
     420
     446
     518
     648
     771
     983
    1071
    1336
    1531
    1780
    2069
    2381
    2675
    3094
    3288
    3546
    3775
    3927
    4116
    4226
    4208
    4109
    3923
    3755
    3586
    3218
    2930
    2505
    2139
    1809
    1569
    1207
    1007
     838
     642
     470
     348
     249
     203
     157
     115
      93
      53
      52
      38
      31
      28
      26
      19
      28
      27
      12
      19
      27
      28
      25
      15
      12
      20
      13
      16
      12
      14
      14
      13
      12
      15
      10
      18
       9
      17
      17
      10
      16
      13
      12
      17
      11
      16
      21
      15
      19
      28
      14
      16
      16
      15
      13
      16
      16
       9
      15
      13
      13
      15
      12
       9
      14
       9
       7
      14
      11
      10
      18
       8
       9
      12
      14
      12
      13
      12
      11
      12
      15
      13
      11
      12
      17
       8
      16
       9
      12
       9
      18
       5
      10
      18
       8
      13
      14
       8
      15
      17
      16
      10
      10
       3
      17
      10
      11
      10
      21
      13
       9
       6
       8
       8
      12
       6
      14
       9
       8
      15
       9
      11
      13
      16
      12
       5
      10
      11
       9
       9
      11
       8
      16
       6
      10
      12
       8
       9
      10
      16
       8
      11
       9
      11
      11
       7
       5
      10
      10
       4
      10
      11
      14
      14
      14
       9
      13
       8
       5
      11
      10
      11
      11
       9
       8
      12
       9
      10
       5
       8
       9
       9
       7
      12
      10
       9
      10
      10
       5
       7
       6
       5
      10
      10
       8
      11
       4
       6
       8
      11
       8
      10
      10
       6
       6
       5
      10
      11
       9
       4
       8
       4
       9
       9
       7
      11
      11
      10
      11
       9
      11
       9
       9
       3
      10
       6
       7
       6
       3
      11
       9
      10
       8
      10
      13
       8
       5
      12
      12
       5
      12
       7
       5
       2
       6
       2
       4
      10
       7
       9
       9
       6
       5
       9
       5
       2
      10
      10
      10
       4
       2
       8
      12
       6
       9
       5
       8
      10
      10
       8
      10
       5
      11
       6
      12
      12
       4
       8
       9
       7
       3
       6
      10
       8
      12
       3
       4
       6
       6
       3
       5
       2
       8
       9
       1
       2
       7
       5
       3
       9
       5
      11
       9
       5
       6
       8
       7
       9
       5
       8
       8
       5
       9
       8
       7
       6
       5
       6
       6
       7
       6
       6
       6
      12
       7
      14
      12
       7
      11
       9
       4
       8
       9
       9
       6
       6
      10
       8
      10
      13
      11
       9
       5
      10
      11
       7
       0
       8
      10
       6
       8
       7
       9
       5
       6
       9
       6
       5
       4
       5
       4
      11
       8
       8
       7
       7
      14
       5
      18
       6
       8
       8
       6
       4
      10
       6
       8
       9
       5
       9
       8
       4
       7
       7
      10
       7
       7
       9
       5
       7
       9
      10
       8
       5
       9
       7
       4
       6
       5
       7
       5
       5
       9
       5
      11
       7
      12
       4
       7
       6
       7
       9
      10
       8
       5
       5
       2
      11
       8
       7
      13
       6
       6
       9
       6
      11
       7
       8
       5
       7
       4
       2
       6
       7
      14
       2
       4
       3
       5
       4
      10
      18
       5
      10
      11
       6
       8
       8
       5
       7
       8
       5
       6
       2
       3
       5
       3
       4
       7
       4
       5
      10
       9
       3
       4
       9
       9
       7
       4
       3
       8
       4
       8
       6
       7
       6
       8
       2
      14
       9
       8
       6
       7
       6
       7
       4
       7
       9
       6
       5
       3
       9
       6
       6
       3
       8
       4
       7
       6
       5
       8
      13
      15
       4
       5
      10
       4
       7
       8
      10
       4
       5
       7
       7
       5
       6
       8
       2
       2
       4
       7
       9
       9
       6
       3
       8
       9
       4
      10
       5
       9
      10
       7
       6
       6
       9
       5
      10
       6
       3
       9
       3
      13
       7
       6
       8
      12
       8
       9
       4
       5
       8
       6
       9
       5
       6
       8
       7
      10
       3
       6
      10
       7
       6
       4
       8
       9
      10
       8
       7
       4
       9
       9
      10
       9
       9
       7
       9
       8
       7
      10
       6
       5
       3
       7
       7
       3
       7
      10
       6
       5
       8
       5
      10
       3
       5
       7
       5
      12
       8
       3
       4
       6
       5
       7
       7
       4
       5
       7
       4
       4
       3
       2
       6
       8
       7
       8
       8
       7
      10
       5
       2
       8
       5
       7
       7
       7
       5
       5
       7
       9
       7
       5
       3
       8
       8
       5
       3
       4
       4
       4
       4
       5
       5
      11
       5
       6
       6
       7
      10
       3
       5
       4
       8
       5
       8
       5
       7
       5
       4
       6
       5
       9
       2
       5
       9
       7
      10
       4
       8
       5
       4
       2
      10
       5
       7
       5
       1
       5
       7
       6
       6
       3
       6
       5
       4
       8
      10
       9
       6
       1
       6
       6
       9
       3
       4
       4
       9
      11
      10
       4
       8
      10
      10
       7
       8
       3
       5
       0
       7
       4
       9
       8
       6
       7
      10
      11
       8
      10
      10
       8
       6
       5
       1
      11
       6
      11
       7
       6
       5
       5
       2
       5
      11
      10
       8
       4
       4
       8
       7
       5
       7
       7
       3
       8
       5
       4
      10
       9
       8
       7
       7
      10
       6
      10
       7
       7
       9
       5
       6
       7
       7
       7
       3
       6
       2
       4
       3
       6
       2
       6
       5
       5
       8
      11
       9
      12
       4
       6
       6
       8
       2
       8
       5
       4
       3
       6
       3
       5
       6
       6
       5
      10
       2
       5
       5
      11
       7
       7
       3
       7
       9
       5
       5
      11
       7
       5
       8
       5
       3
       8
       5
       7
       7
       5
       4
       4
       3
       4
       6
       5
       8
       9
       5
      11
       4
       4
       7
       1
       3
       4
       7
       7
       6
       4
       8
       4
       2
       0
       3
       3
       6
       8
       7
       7
       9
       7
       6
       6
       3
       5
       3
       8
       4
       5
       5
       6
       6
       4
       5
       7
       8
       4
       7
       9
       6
       5
       4
       3
       6
       6
      11
       4
       7
       3
       4
       6
       5
       7
       4
       9
       3
       8
       8
       3
       6
       3
      11
       5
       4
      10
       5
       7
       9
       6
       7
       4
       7
       8
       6
       8
      10
       5
       5
       7
       6
       3
      10
       4
       7
       1
       3
       4
       3
       4
       5
       4
       6
       5
       3
       4
       4
       6
       6
       5
       3
       3
       3
      10
       5
       4
       5
       2
       3
       5
       6
       4
       3
       4
       6
       5
       8
       5
       9
       7
       4
       4
       9
       3
       5
       8
       7
       1
       7
       5
       4
       6
       9
       2
       8
       5
       6
       4
       6
       6
       5
       6
       3
       4
       5
       2
       3
       8
       7
       5
       7
       5
       6
      10
       5
       8
       8
       5
       5
       5
       7
       8
       2
       2
       8
       9
       6
       6
       7
       6
       5
       1
       4
       8
       3
       6
       6
       9
       9
       5
       8
       6
       7
       2
       7
       4
       4
       3
       5
       7
       8
       1
       6
       1
       7
       8
       9
      10
       7
       7
       5
       4
       1
       9
       7
       1
       7
       6
       7
       4
       4
       4
       4
       7
       9
       9
       5
       7
       1
       4
       4
       7
       3
       4
       4
       4
       6
       8
       2
       9
       7
       3
       4
       7
      10
       7
       3
       6
       3
       4
       6
       5
       5
       6
       8
       6
       3
       3
       5
       3
       4
      13
       9
      12
       6
       5
       5
       1
       6
       3
       4
       5
       7
       3
       2
       4
       5
       9
       8
       9
       4
       8
       3
       3
       8
       8
       4
       5
       6
       2
       4
       8
       4
       6
       2
       3
       6
       4
       2
       7
       2
       5
       7
       5
       7
       5
       6
       5
       4
       2
       4
       1
       2
       5
       5
       7
       8
       5
       9
       5
       5
       2
       5
       2
       5
       5
       4
       4
       5
       8
       1
       3
       5
       5
       4
       8
       7
       7
       3
       6
       5
       5
       1
       9
       6
       5
       4
       6
       4
       2
       4
       6
      11
       1
       3
       5
       4
       5
       3
       8
       5
       2
       4
       4
       5
       4
       8
       5
       4
       3
       9
       6
       3
       2
       3
       5
       2
       2
       7
       1
       8
       3
       7
       6
       7
       3
       5
       7
       8
       4
       5
       3
       3
       5
       5
       6
       5
       6
       4
       6
       7
       5
       3
       4
       3
       2
       4
       3
       9
       5
       2
      10
       4
       5
       5
       3
       7
       2
       9
      11
       8
      10
       5
       5
       9
       6
       6
       1
       9
       2
       1
       7
       1
       4
       5
       6
       4
       6
       6
       6
       9
       3
       6
       4
       4
       5
       4
       4
       6
       4
       5
       4
       4
      14
       6
       4
       5
       7
       2
       6
       2
      10
       2
       6
       5
       5
       5
       2
      12
       4
       6
       4
       4
       1
       6
       3
       8
       6
       6
       7
       4
       3
       2
       5
       3
       6
       3
       3
       7
       5
       9
       6
      11
       8
       6
       4
       6
       7
       5
       9
       7
       5
       5
       9
       2
       6
       9
       4
       7
       6
       3
       3
       3
       4
       5
       9
       9
       9
       7
       6
       7
       5
       6
       4
       6
       5
       5
       5
       1
       5
       4
       8
       3
       7
       7
       4
       3
       2
       2
       5
       2
       3
       3
      13
       6
       3
       6
       6
       9
       0
       4
      10
       3
       4
       5
       0
       2
       7
       8
       5
       2
       4
       5
       6
       2
       8
       4
       7
       5
       6
      10
       8
       5
       4
       1
       3
       4
       9
       4
       6
       4
       3
       8
       4
       5
      12
       3
       4
       6
       6
       8
       2
       3
       3
       1
       4
       6
       3
       4
       9
       7
       4
       5
       9
       4
       3
       1
       1
       6
       7
       4
       4
       7
       5
       5
       5
       2
       6
       7
       4
       6
       2
       4
       0
       7
       7
       4
       3
       5
       3
       2
       1
       7
       4
       2
       4
       4
       4
       7
       4
       3
       1
       5
       7
       3
       7
       5
       7
       7
       6
       4
       4
       5
       2
       6
       4
       4
       5
       5
       7
       4
       7
       3
       6
       1
       4
       5
       4
       7
       5
       7
       5
       4
       5
       4
       4
       3
       3
       3
       1
       6
       3
       6
       5
       4
       0
       4
       2
      11
       9
      10
       2
       4
       3
       6
       4
       6
       3
       4
       8
       1
       4
       5
       2
       6
       6
       3
       5
       5
       4
       9
       6
       9
       9
       6
       5
       6
       3
       4
       3
       6
       6
       7
       2
       5
       2
       7
       2
       8
       9
       6
       5
       5
       5
       4
       6
       5
       3
       3
       5
       2
       1
       6
       4
       6
       1
       4
       7
       8
       6
       3
       5
       5
       6
       3
       6
       5
       9
       4
       7
       4
       3
       5
       2
       5
       9
       4
       2
       4
       6
       2
       4
       4
       4
       7
       4
       3
       4
       2
       7
       7
       5
       3
       6
       3
       2
       7
       7
       8
       5
       3
       4
       3
       6
       4
       4
       6
       7
       3
       1
       5
       5
      10
       5
       0
       5
       3
       2
       2
       4
       3
       8
       6
       4
       5
       5
       7
       2
       7
       6
       3
       3
       5
       5
       2
       5
       3
       6
      11
      10
       3
       5
       6
       7
       7
       5
       7
       6
       1
      11
       6
       5
       3
       5
       8
       9
       6
       4
       7
       4
       9
       3
       5
       5
       3
       7
       3
       8
       6
       5
       4
       2
       7
       8
       2
       5
       3
       2
       4
       4
       4
       4
       9
       4
       4
       5
       1
       6
       3
       2
       4
       6
       6
       3
       1
       6
       4
       1
       7
       5
       4
       4
       4
       4
       5
       7
       5
       7
       3
       5
       7
       1
       3
       7
       6
       8
       4
       3
       2
       8
       1
      10
       1
       8
       8
       6
       5
       3
       3
       4
      10
       4
       4
       2
       4
       5
       6
       7
       6
       5
      10
       3
       3
      12
       7
       3
       9
       7
       4
       4
       5
       4
       3
       1
       5
       7
       2
       6
       6
       8
      10
       4
       4
       5
       9
       5
       8
       7
       6
       3
       4
       4
       3
       4
       4
       2
       7
       7
      10
       8
       8
       6
       7
       6
      12
       2
       5
       5
       8
       3
      12
       6
       5
       8
       5
       8
       4
       2
       2
       7
       8
       6
       8
       6
       3
       4
       4
       8
      11
       4
       7
       5
       4
       3
       2
      12
       6
       6
       6
       5
       4
       6
       5
       5
       3
       6
       4
       5
       5
       7
      10
       3
       2
       9
       5
      12
      10
       5
       9
       6
      10
       5
       7
      15
       9
      12
      16
      16
      20
      14
      21
      21
      19
      14
      19
      19
      10
      16
      13
      14
      15
      16
      10
       8
      14
       9
      11
      10
       5
       7
       6
       3
       6
       6
       5
       3
       2
       5
       2
       4
       4
       3
       6
       3
       3
       6
       7
       5
       4
       2
       7
       3
       6
       3
       4
       2
       4
       3
       4
       9
       7
       3
       6
       4
       9
       3
       5
       3
       5
       8
       3
       5
       4
       4
       9
       5
      10
       4
       4
       8
       3
       3
       4
       5
       3
       3
       6
       3
       4
       7
       6
       7
       5
       2
       5
       3
       7
       3
       3
       9
       0
       4
       5
       5
       6
       5
       6
       4
       3
       1
       5
       5
       6
       3
       0
       7
       1
       5
       3
       8
       9
       8
       4
       2
       7
       4
       2
       3
       6
       7
       4
       8
       9
       2
       2
       6
       4
       4
       4
       6
       2
       4
       3
       5
       6
       6
       1
       4
       5
       8
       7
       5
       4
       3
       3
       4
       3
       7
       4
       7
       3
       4
       7
       5
       1
       3
       4
       6
       3
       5
       7
       6
       4
       2
       1
       3
       2
       1
       3
       5
       4
       4
       8
       2
       8
       7
       6
       4
       5
       2
       3
       4
       1
       4
       4
       1
       3
       3
       4
       7
       5
       6
       6
       4
       7
       4
       3
       4
       6
       3
       2
       4
       6
       6
       3
      12
       6
       8
       1
       8
       0
       4
       4
       2
       2
       6
       2
       6
       4
       9
       3
       3
       9
       5
       4
       5
      11
       5
       4
       4
       4
       5
       4
       5
       2
       6
       4
       8
       4
       6
       4
       5
       2
       5
       5
       2
       9
       6
       4
       6
       4
       2
       5
       2
       4
       5
       2
       5
       5
       5
       7
       3
       0
       2
       7
       5
       4
       3
       2
       5
       3
       5
       8
       4
       3
       5
       6
       4
       5
       4
       6
       6
       8
       6
       5
       6
       9
       5
       9
       3
       4
       3
       3
       1
       6
       3
       7
       7
       8
       8
       4
       2
       3
       8
       6
       2
       2
       3
       2
       9
       4
       6
       5
       5
       3
       3
       7
       3
       1
       3
       4
       4
       7
       5
       8
       5
       5
       3
       6
       7
       5
       2
       7
       4
       7
       6
       3
       4
       3
       1
       7
       4
       5
       6
       7
       7
       8
       7
       2
       6
       4
       2
       7
       5
       5
       6
       2
       3
       3
       5
       3
       5
       4
       6
       2
       6
       5
       3
       7
       6
       0
       6
       3
       2
       8
       6
       3
       3
       4
       1
       4
       1
       8
       4
       4
       3
       5
       6
       2
       4
       2
       5
       3
      11
       7
      11
       5
       3
       4
       5
       3
       8
       1
       7
       5
       3
       7
       8
       2
       3
       3
       5
       4
       7
       3
       7
       3
       7
       5
       8
       5
       2
       1
       4
       4
       4
       3
       2
       3
       3
      10
       5
       2
       6
       4
       4
       1
       5
       6
       0
       2
       4
       1
       4
       2
       2
       4
       5
       6
       7
       4
       4
       5
       5
       2
       8
       6
       2
       3
       2
       3
       6
       3
       5
       4
       2
       2
       4
       3
       4
       5
       5
       2
       2
       5
       5
       1
       2
       3
       3
       7
       5
       5
       4
       5
       4
       5
       5
       8
       2
       7
       6
       5
       4
       6
       4
       7
       4
       6
       3
       3
       2
       8
       4
       5
       7
       5
       4
       7
       9
       5
       7
       5
       7
       5
       2
       4
       7
       7
       0
       3
       3
       2
       3
       3
       9
       3
       2
       4
       4
       4
       2
       4
       8
       8
       3
       2
       3
       5
       8
       6
       3
       7
       7
       7
       2
       7
       4
      10
       7
       8
       3
       3
       6
       4
       7
       7
       4
       8
       2
       6
       9
       2
       1
       6
       4
       3
       5
       8
       4
       2
       8
       6
       3
       5
       3
       5
       6
       7
       8
       5
       4
       5
       6
       4
       2
       4
       4
       5
       2
       4
       4
       3
       3
       7
       4
       8
       2
       1
       6
       5
       5
       2
       5
       3
       4
       6
       5
       5
       6
       4
       6
       3
       5
       6
       1
       3
       5
      10
      10
       9
       5
       5
       5
       5
       2
       5
       4
       7
       7
       4
       2
       8
       7
       3
       5
       3
       3
       7
       2
       4
       5
       6
       4
       3
       6
       3
       1
       6
       3
       1
       6
       7
       3
       5
       5
       3
       2
       6
       5
       6
       3
       1
       6
       4
       7
       4
       2
       3
       2
       9
       5
       1
       4
       4
       7
       5
       1
       1
       6
       9
       4
       7
       1
       1
       8
       6
       4
       6
       6
       2
       1
       3
       6
       7
       2
       4
       4
       3
       7
       8
       5
       6
       1
       4
       6
       8
       5
       7
       7
       6
       1
       1
       2
       4
       1
       5
       4
       3
       6
       4
       5
       5
       5
       7
       4
       3
       3
       6
       4
       6
       2
       6
       9
       2
       8
       3
       4
       5
       3
       4
       7
       4
       2
       4
       5
       5
       5
       9
       5
       3
       4
       4
       5
       6
       5
       4
       6
       3
       0
       2
       3
       6
       7
       6
       4
       4
       7
       6
       1
      13
       6
       4
       4
       5
       6
       5
       2
       5
       5
       5
       4
       4
       9
       3
       9
       0
       5
       6
       6
       8
       5
       9
       3
       4
       5
       1
       5
       6
       5
       5
       8
       5
       7
       5
       4
       6
       4
       6
       5
       6
       4
       4
       6
       5
       1
       5
       8
       5
       4
       5
       1
       0
       5
       4
       8
       6
       5
       5
       3
       2
       8
       3
       4
       5
       5
       1
       4
       8
       9
       4
       5
       6
       4
       4
       4
       3
       2
       2
       2
       4
       6
       6
       4
       1
       5
       6
       8
       6
       4
       5
       7
      10
       9
       5
       6
       4
       5
       3
       3
       5
       5
       8
       8
       4
       1
       5
       4
       3
       5
       3
       7
       5
       7
       6
      10
       3
       8
       3
       4
       8
       4
       4
       5
       6
       7
       3
       4
       4
       2
       6
       5
       3
       5
       5
       5
       6
       4
       7
       5
       4
       4
       7
       7
       4
       5
       2
       6
       4
       4
       7
       5
       2
       5
      11
       3
       4
       4
       0
       3
       2
       5
       2
       8
       6
       5
       5
       2
       7
       5
       5
       7
       9
       6
       4
       0
       5
       3
      10
       4
       5
       6
       3
       5
       4
       3
       8
       4
       6
       5
       5
       6
       5
       4
      11
       4
       6
       7
       6
       5
       1
       4
       3
       2
       5
      10
       3
       6
       7
       3
       5
       7
       5
       4
       4
       3
       6
       5
       3
       3
       8
       3
       9
       3
       4
       6
       5
       6
       6
       8
       5
       8
       5
       4
       4
       6
       4
       5
       5
       7
       4
       5
       5
       4
       7
       5
       8
       5
       4
       7
       5
       5
       3
      13
       7
       5
       3
       5
       5
       8
       2
       3
       4
       6
       8
       0
       5
       9
       4
       5
       5
       3
       5
       1
       5
       5
       6
       3
      10
       8
       1
       6
       3
       4
       6
       5
       6
       3
       7
       4
       7
       4
       5
       7
       8
      10
       3
       8
       4
       3
       7
       7
       7
       2
       3
       4
      10
       6
       8
       4
       8
       8
       2
       8
       9
       6
       2
       3
       5
       3
       5
       4
       2
       3
       5
       6
       2
       9
       6
       3
       5
       5
       2
       4
       2
       4
       6
       8
       6
       4
       5
       3
       5
       6
      10
       4
       7
       2
       3
       6
       5
       4
       4
       3
       5
       6
       3
       3
       2
      11
       4
       5
       5
       3
       5
       5
       4
       5
       4
       4
       3
       1
       5
       5
       4
       6
       5
       5
       6
       5
       4
       3
       3
       8
       5
       1
       3
       1
       4
       2
       2
       6
       6
       3
       4
       1
       9
       4
       3
       4
       5
       4
       4
       3
       5
       5
       5
       5
       2
       2
       3
       5
       6
       2
       3
       4
       6
       2
       3
       1
       8
       3
       6
       2
       8
       5
       1
       5
       4
       3
       4
       5
       2
       2
       4
       2
       3
       6
       4
       5
       3
       7
       2
       1
       4
       7
       7
       9
       3
       8
       6
       2
       3
       1
       5
       5
       3
       5
       4
       8
       2
       6
       1
       3
       5
       2
       3
       5
       2
       5
       3
       5
       6
       5
       4
       3
       3
       6
       2
       9
       6
       5
       6
       1
       0
       3
       1
       6
       3
       4
       4
       4
       3
       5
       4
       8
       4
       5
       3
       3
       2
       4
       3
       7
       2
       6
       3
       4
       4
       2
       4
       9
       4
       4
       5
       5
       1
       2
       4
       2
       7
       1
       9
       6
       6
       5
       3
       6
       2
       4
       4
       1
       6
       0
       2
       2
       5
       4
       4
       4
       2
       6
       1
       7
       5
       3
       8
       6
       3
       3
       5
       5
       4
       1
       6
       4
       5
       3
       2
       3
       3
       9
       1
       7
       4
       3
       8
       4
       4
       9
       5
       5
       4
       3
       8
       4
       3
       1
       3
       3
       4
       2
       0
       9
       3
       7
       3
       2
       4
       4
       4
       1
       1
       8
       3
       4
       5
       6
       4
       3
       4
       5
       3
       9
       2
       3
       1
       1
       2
       3
       2
       4
       1
       5
       4
       4
       4
       5
       9
       2
       4
       2
       8
       8
       5
       6
       4
       7
       6
       6
       1
       2
       5
       4
       8
       8
       2
       2
       9
       7
       1
       1
       6
       4
       1
       3
       4
       3
       8
       3
       3
       9
       2
       6
       3
       3
       3
       2
       3
       2
       4
       3
       2
       3
       6
       5
       5
       2
       7
       5
       2
       1
       6
       5
       5
       4
       5
       1
       6
       3
       9
       4
       4
       1
       7
       6
       2
       5
       0
       5
       3
       3
       2
       3
       6
       4
       3
       3
       5
       2
       4
       5
       6
       3
       7
       3
       1
       5
       4
       1
       6
       6
       7
       4
       4
       2
       3
       2
       4
       6
       4
       7
       4
       2
       2
       6
       1
       5
       2
       4
       3
       2
       1
       5
       2
       4
       4
       5
       2
       4
       5
       5
       7
       3
       4
       4
       3
       3
       5
       8
       2
       2
       1
       5
       9
       6
       5
       3
       2
       3
       0
       0
       0
       0
       0
       0
       0
       0
       0
       0
       0
       0
       0
       0
       0
       0
       0
       0
       0
       0
       0
       0
       0
       0
       0
       0
       0
       0
       0
       0
       0
       0
       0
       0
       0
       0
       0
       0
       0
       0
       0
       0
       0
       0
       0
       0
       0
       0
       0
       0
       0
       0
       0
       0
       0
       0
       0
       0
       0
       0
       0
       0
       0
       0
       0
       0
       0
       0
       0
       0
       0
       0
       0
       0
       0
       0
       0
       0
       0
       0
       0
       0
       0
       0
       0
       0
       0
       0
       0
       0
       0
       0
       0
       0
       0
       0
       0
       0
       0
       0
       0
       0
       0
       0
       0
       0
       0
       0
       0
       0
       0
       0
       0
       0
       0
       0
       0
       0
       0
       0
       0
       0
       0
       0
       0
       0
       0
       0
       0
       0
       0
       0
       0
       0
       0
       0
       0
       0
       0
       0
       0
       0
       0
       0
       0
       0
       0
       0
       0
       0
       0
       0
       0
       0
       0
       0
       0
       0
       0
       0
       0
       0
       0
       0
       0
       0
       0
       0
       0
       0
       0
       0
       0
       0
       0
       0
       0
       0
       0
       0
       0
       0
       0
       0
       0
       0
       0
       0
       0
       0
       0
       0
       0
       0
       0
       0
       0
       0
       0
       0
       0
       0
       0
       0
       0
       0
       0
       0
       0
       0
       0
       0
       0
       0
       0
       0
       0
       0
       0
       0
       0
       0
       0
       0
       0
       0
       0
       0
       0
       0
       0
       0
       0
       0
       0
       0
       0
       0
       0
       0
       0
       0
       0
       0
       0
       0
       0
       0
       0
       0
       0
       0
       0
       0
       0
       0
$ROI:
2
4852 5354
12587 12888
$PRESETS:
Live Time
10800
0
$ENER_FIT:
0.358687 0.099971
$MCA_CAL:
3
3.586871E-001 9.997089E-002 0.000000E+000 keV
$SHAPE_CAL:
3
3.638087E+001 -1.552510E-003 0.000000E+000
