$SPEC_ID:
JKL Model 927 SN 17053844 Input 1 HEC-Cr-HEC-Cr-T30-D100-HPGe1-2
$SPEC_REM:
DET# 2
DETDESC# BULK Model 927 SN 17053844 Input 1
AP# Maestro Version 6.08
$DATE_MEA:
05/11/2026 11:26:46
$MEAS_TIM:
251 356
$DATA:
0 16383
       0
       0
       0
       0
       0
       0
       0
       0
       0
       0
       0
       0
       0
       0
       0
       0
       0
       0
       0
       0
       0
       0
       0
       0
       0
       0
       0
       0
       0
       0
       0
       0
       0
       0
       0
       0
       0
       0
       0
       0
       0
       0
       0
       0
       0
       0
       0
       0
       0
       0
       0
       0
       0
       0
       0
       0
       0
       0
       0
       0
       0
       0
       0
       0
       0
       0
       0
       0
       0
       0
       0
       0
       0
       0
       0
       0
       0
       0
       0
       0
       0
       0
       0
       0
       0
       0
       0
       0
       0
       0
       0
       0
       0
       0
       0
       0
       0
       0
       0
       0
       0
       0
       0
       0
       0
       0
       0
       0
       0
       0
       0
       0
       0
       0
       0
       1
      17
     205
     537
     559
     544
     539
     502
     481
     471
     456
     485
     483
     468
     474
     462
     435
     420
     462
     432
     474
     451
     484
     450
     471
     459
     465
     450
     457
     460
     464
     486
     458
     444
     490
     442
     444
     441
     451
     428
     441
     439
     435
     444
     408
     444
     474
     461
     414
     432
     447
     456
     435
     406
     433
     463
     388
     421
     437
     434
     400
     396
     451
     429
     430
     444
     472
     401
     427
     396
     440
     434
     422
     424
     443
     422
     400
     413
     417
     389
     399
     385
     412
     381
     381
     411
     403
     405
     407
     413
     390
     378
     384
     416
     385
     439
     407
     383
     399
     421
     381
     433
     419
     409
     397
     396
     392
     406
     434
     431
     389
     382
     380
     395
     405
     393
     398
     381
     397
     386
     415
     365
     372
     365
     381
     418
     390
     391
     381
     394
     383
     391
     361
     370
     391
     376
     363
     379
     407
     410
     398
     374
     363
     390
     386
     386
     386
     382
     374
     393
     359
     377
     384
     375
     385
     371
     356
     387
     366
     361
     372
     409
     359
     393
     360
     394
     367
     363
     332
     347
     351
     386
     360
     380
     358
     381
     357
     396
     360
     352
     370
     355
     377
     387
     370
     356
     348
     362
     379
     351
     389
     325
     339
     336
     347
     353
     367
     331
     375
     372
     349
     359
     353
     354
     368
     359
     357
     346
     331
     359
     362
     325
     338
     375
     359
     323
     353
     352
     340
     380
     384
     338
     330
     357
     360
     344
     345
     361
     350
     365
     389
     363
     371
     364
     353
     393
     343
     378
     345
     339
     352
     336
     354
     343
     380
     358
     314
     349
     350
     357
     352
     343
     336
     332
     371
     364
     359
     357
     373
     343
     333
     333
     351
     367
     344
     309
     322
     383
     329
     351
     328
     369
     325
     365
     360
     336
     362
     334
     333
     359
     373
     342
     361
     335
     339
     367
     369
     350
     374
     308
     325
     329
     355
     339
     354
     349
     346
     346
     308
     326
     347
     318
     364
     365
     303
     349
     352
     341
     317
     348
     329
     351
     353
     352
     312
     305
     320
     329
     315
     344
     332
     357
     332
     338
     365
     315
     348
     326
     344
     343
     353
     355
     352
     309
     345
     321
     342
     336
     315
     375
     317
     331
     331
     374
     335
     355
     313
     318
     354
     339
     367
     326
     339
     348
     322
     330
     336
     327
     350
     312
     287
     305
     314
     339
     341
     324
     351
     339
     367
     320
     334
     327
     353
     341
     355
     335
     334
     323
     313
     323
     331
     290
     314
     312
     319
     321
     352
     308
     318
     310
     335
     317
     303
     335
     351
     327
     343
     337
     294
     340
     336
     317
     310
     321
     311
     322
     337
     330
     338
     286
     312
     347
     352
     315
     333
     319
     327
     350
     322
     297
     323
     350
     334
     338
     313
     369
     326
     296
     336
     342
     356
     388
     317
     293
     326
     329
     346
     305
     331
     341
     297
     280
     319
     333
     292
     304
     302
     336
     334
     279
     323
     341
     309
     345
     325
     322
     307
     291
     353
     309
     328
     326
     321
     292
     330
     309
     299
     320
     327
     304
     286
     333
     336
     359
     319
     333
     327
     334
     313
     306
     317
     343
     320
     360
     311
     342
     307
     309
     339
     326
     312
     333
     297
     321
     349
     302
     324
     304
     321
     305
     337
     311
     317
     317
     312
     304
     339
     331
     352
     331
     342
     327
     320
     307
     338
     304
     336
     332
     341
     324
     295
     321
     345
     316
     317
     341
     322
     333
     321
     318
     329
     336
     340
     334
     347
     334
     321
     313
     317
     325
     303
     341
     342
     330
     330
     312
     352
     319
     301
     321
     326
     316
     332
     304
     346
     293
     297
     312
     331
     314
     345
     332
     311
     349
     329
     326
     328
     301
     339
     325
     322
     345
     325
     357
     316
     310
     316
     294
     316
     299
     325
     306
     312
     306
     287
     300
     300
     310
     289
     338
     317
     321
     316
     307
     354
     324
     294
     331
     351
     359
     362
     346
     341
     368
     379
     353
     328
     360
     383
     325
     328
     302
     356
     305
     330
     328
     330
     322
     341
     334
     329
     341
     350
     328
     376
     391
     374
     412
     393
     374
     351
     338
     337
     350
     349
     347
     327
     312
     305
     321
     327
     331
     341
     338
     302
     317
     318
     302
     322
     313
     304
     304
     323
     328
     309
     289
     309
     329
     312
     333
     320
     323
     300
     336
     307
     325
     323
     319
     342
     284
     333
     309
     338
     310
     321
     307
     307
     307
     286
     322
     335
     331
     328
     316
     326
     286
     336
     319
     303
     305
     312
     321
     290
     301
     327
     326
     316
     300
     297
     315
     331
     331
     308
     310
     333
     353
     320
     346
     334
     338
     323
     303
     330
     305
     322
     331
     308
     312
     312
     333
     346
     310
     349
     321
     373
     330
     344
     361
     355
     332
     337
     334
     311
     307
     311
     342
     311
     328
     337
     303
     295
     309
     334
     307
     337
     321
     335
     289
     316
     338
     319
     329
     357
     308
     325
     289
     293
     297
     326
     312
     304
     327
     317
     286
     331
     327
     306
     323
     308
     311
     318
     295
     292
     323
     299
     330
     304
     310
     346
     305
     323
     315
     307
     315
     306
     335
     352
     309
     303
     364
     336
     302
     293
     287
     297
     314
     331
     292
     338
     321
     316
     328
     323
     338
     332
     325
     302
     318
     298
     333
     314
     309
     292
     328
     289
     280
     282
     279
     302
     293
     304
     321
     303
     323
     346
     327
     293
     342
     273
     326
     309
     312
     316
     329
     333
     293
     282
     306
     337
     292
     358
     307
     327
     347
     271
     326
     295
     303
     311
     298
     286
     322
     339
     307
     280
     328
     293
     304
     322
     315
     324
     301
     302
     310
     306
     267
     309
     288
     313
     319
     305
     305
     291
     327
     278
     299
     336
     307
     327
     295
     332
     308
     297
     329
     324
     294
     326
     310
     293
     278
     319
     326
     304
     296
     320
     349
     341
     343
     314
     325
     287
     293
     328
     288
     331
     309
     297
     320
     295
     315
     306
     313
     336
     344
     296
     324
     300
     336
     324
     318
     298
     306
     303
     313
     328
     316
     341
     317
     271
     318
     328
     314
     296
     318
     326
     302
     296
     297
     297
     333
     305
     331
     297
     296
     292
     323
     259
     331
     288
     299
     335
     290
     303
     319
     299
     339
     306
     327
     286
     313
     284
     332
     295
     316
     294
     286
     296
     302
     321
     305
     277
     318
     311
     314
     305
     303
     310
     338
     285
     341
     315
     306
     328
     347
     293
     303
     323
     319
     302
     318
     328
     314
     298
     312
     334
     299
     330
     322
     327
     316
     318
     286
     311
     339
     294
     323
     333
     286
     316
     322
     300
     293
     324
     306
     323
     346
     328
     305
     328
     308
     297
     315
     306
     296
     301
     300
     339
     324
     305
     330
     321
     288
     292
     300
     306
     346
     319
     303
     306
     336
     290
     325
     322
     287
     325
     327
     328
     286
     308
     324
     334
     332
     352
     329
     282
     284
     310
     306
     293
     309
     294
     321
     315
     308
     302
     326
     298
     342
     302
     312
     294
     301
     315
     330
     318
     294
     347
     312
     312
     309
     289
     288
     332
     286
     302
     319
     295
     278
     293
     288
     267
     307
     339
     303
     308
     339
     346
     303
     311
     316
     308
     317
     334
     306
     317
     316
     346
     312
     301
     334
     308
     310
     299
     309
     317
     322
     316
     336
     297
     311
     309
     354
     285
     309
     299
     326
     314
     301
     280
     341
     295
     309
     279
     311
     307
     301
     332
     321
     302
     310
     304
     310
     322
     324
     311
     294
     310
     295
     280
     302
     343
     276
     292
     318
     309
     323
     310
     301
     334
     285
     325
     314
     331
     287
     314
     292
     318
     322
     315
     306
     275
     313
     329
     292
     300
     329
     282
     329
     307
     321
     319
     311
     321
     281
     310
     297
     324
     297
     319
     299
     329
     331
     305
     319
     321
     302
     321
     344
     275
     302
     297
     304
     313
     329
     350
     287
     287
     306
     318
     296
     302
     292
     291
     325
     333
     286
     310
     303
     354
     283
     303
     295
     333
     260
     302
     314
     283
     309
     345
     305
     283
     289
     300
     311
     317
     324
     295
     294
     349
     320
     293
     292
     309
     314
     288
     310
     299
     314
     373
     301
     295
     329
     312
     322
     288
     314
     304
     281
     311
     284
     315
     271
     306
     322
     299
     298
     316
     300
     271
     299
     297
     332
     307
     295
     290
     336
     305
     341
     301
     315
     284
     288
     324
     294
     285
     316
     298
     321
     281
     303
     321
     294
     302
     293
     293
     322
     300
     260
     326
     281
     312
     329
     308
     283
     288
     294
     295
     304
     301
     283
     266
     293
     299
     289
     285
     276
     305
     302
     309
     343
     300
     309
     303
     302
     314
     300
     321
     310
     319
     303
     280
     290
     301
     322
     294
     297
     280
     305
     297
     334
     295
     271
     324
     297
     317
     295
     339
     298
     265
     301
     300
     271
     324
     306
     291
     299
     289
     304
     276
     331
     286
     276
     281
     284
     320
     273
     300
     308
     302
     301
     296
     300
     326
     300
     305
     320
     286
     298
     304
     303
     303
     275
     318
     326
     302
     302
     281
     310
     318
     267
     312
     274
     345
     296
     273
     310
     298
     305
     323
     302
     314
     302
     293
     282
     309
     316
     317
     335
     307
     319
     277
     280
     283
     278
     254
     315
     312
     293
     303
     296
     273
     310
     292
     292
     322
     326
     308
     281
     282
     305
     297
     315
     323
     322
     316
     311
     326
     321
     300
     324
     328
     299
     326
     291
     274
     305
     329
     289
     302
     287
     324
     289
     294
     293
     298
     299
     282
     300
     287
     311
     287
     292
     293
     294
     288
     291
     295
     311
     276
     320
     303
     287
     310
     284
     313
     281
     300
     262
     310
     306
     290
     310
     333
     314
     302
     293
     286
     280
     341
     286
     311
     289
     332
     326
     298
     282
     297
     346
     311
     290
     295
     327
     295
     301
     311
     286
     293
     270
     312
     298
     269
     304
     319
     301
     319
     285
     317
     277
     309
     304
     267
     267
     320
     278
     311
     331
     304
     319
     308
     307
     292
     303
     308
     301
     302
     334
     338
     326
     306
     316
     297
     313
     292
     340
     281
     313
     330
     319
     310
     318
     277
     297
     308
     293
     315
     351
     303
     318
     322
     322
     313
     351
     318
     325
     290
     305
     325
     322
     363
     330
     359
     374
     334
     352
     349
     336
     312
     324
     311
     330
     336
     343
     348
     335
     382
     349
     370
     329
     354
     357
     348
     326
     399
     381
     357
     372
     388
     388
     394
     363
     382
     352
     417
     389
     367
     374
     349
     354
     354
     395
     327
     355
     332
     399
     397
     380
     380
     394
     371
     391
     385
     368
     378
     357
     367
     364
     333
     351
     344
     329
     386
     368
     384
     357
     338
     329
     401
     347
     348
     400
     381
     360
     366
     392
     357
     362
     369
     373
     376
     373
     361
     360
     370
     387
     364
     375
     354
     350
     384
     357
     382
     384
     348
     375
     323
     341
     333
     349
     369
     344
     351
     388
     361
     370
     358
     383
     368
     369
     373
     344
     335
     367
     356
     335
     335
     362
     366
     380
     352
     353
     361
     321
     322
     372
     356
     362
     349
     336
     329
     344
     341
     359
     365
     328
     334
     336
     349
     382
     335
     365
     323
     339
     356
     366
     330
     338
     371
     377
     341
     330
     358
     351
     345
     360
     329
     335
     337
     351
     324
     324
     359
     340
     374
     384
     311
     339
     338
     348
     357
     348
     338
     321
     371
     359
     347
     333
     359
     366
     352
     321
     324
     335
     355
     365
     337
     369
     337
     311
     341
     326
     343
     351
     326
     337
     352
     341
     320
     339
     344
     355
     341
     333
     355
     349
     346
     347
     339
     342
     351
     303
     329
     322
     340
     344
     366
     352
     369
     328
     357
     334
     302
     352
     350
     335
     327
     308
     353
     296
     328
     368
     298
     337
     342
     344
     354
     324
     327
     328
     334
     338
     343
     325
     313
     348
     343
     331
     317
     327
     321
     358
     353
     361
     340
     324
     314
     354
     345
     335
     320
     320
     325
     330
     310
     316
     325
     338
     330
     326
     329
     347
     339
     309
     334
     346
     321
     327
     314
     326
     332
     322
     337
     326
     342
     337
     311
     320
     325
     312
     308
     305
     360
     335
     334
     330
     317
     343
     321
     328
     313
     344
     342
     321
     327
     325
     358
     314
     329
     323
     329
     317
     330
     287
     317
     323
     348
     314
     342
     364
     328
     330
     336
     315
     286
     357
     331
     335
     344
     351
     312
     319
     327
     305
     317
     324
     338
     324
     317
     310
     318
     357
     328
     351
     307
     278
     338
     321
     333
     346
     321
     298
     299
     322
     323
     319
     326
     315
     315
     316
     340
     298
     348
     326
     291
     363
     325
     290
     279
     322
     335
     313
     369
     308
     324
     312
     311
     309
     278
     322
     334
     322
     322
     310
     310
     334
     295
     291
     317
     346
     332
     332
     319
     324
     291
     321
     313
     309
     332
     321
     304
     322
     292
     302
     326
     328
     311
     293
     332
     325
     307
     332
     321
     298
     316
     325
     326
     317
     337
     352
     321
     307
     312
     305
     303
     336
     350
     335
     332
     320
     317
     299
     307
     318
     322
     315
     318
     308
     320
     306
     340
     345
     306
     323
     308
     339
     316
     309
     357
     289
     280
     309
     312
     342
     317
     305
     310
     311
     318
     337
     330
     303
     321
     312
     355
     331
     338
     347
     325
     340
     292
     302
     369
     297
     312
     305
     289
     294
     344
     296
     339
     327
     326
     304
     324
     312
     338
     325
     301
     335
     338
     330
     319
     316
     332
     307
     324
     367
     329
     324
     315
     298
     330
     329
     340
     310
     305
     344
     302
     345
     327
     318
     311
     329
     316
     300
     319
     324
     310
     336
     305
     328
     301
     309
     359
     287
     333
     315
     298
     298
     326
     306
     305
     309
     297
     284
     303
     317
     308
     302
     295
     284
     313
     311
     291
     301
     306
     296
     325
     293
     320
     347
     303
     339
     333
     316
     288
     277
     308
     316
     261
     309
     299
     323
     337
     292
     335
     295
     313
     288
     321
     290
     317
     298
     298
     309
     307
     315
     286
     314
     291
     285
     291
     321
     290
     306
     335
     283
     313
     297
     290
     303
     299
     296
     286
     334
     304
     311
     298
     314
     331
     305
     317
     269
     291
     333
     322
     320
     361
     359
     305
     315
     306
     334
     311
     338
     291
     316
     328
     314
     320
     299
     315
     319
     315
     316
     291
     299
     299
     323
     320
     304
     325
     275
     336
     276
     328
     293
     320
     344
     310
     278
     284
     274
     278
     324
     325
     311
     303
     289
     308
     285
     292
     286
     251
     276
     304
     291
     310
     292
     297
     281
     316
     276
     327
     262
     288
     291
     310
     287
     302
     296
     306
     286
     307
     329
     322
     289
     299
     311
     279
     285
     286
     295
     303
     313
     322
     292
     300
     305
     277
     315
     300
     313
     272
     302
     315
     354
     300
     317
     311
     302
     297
     340
     310
     290
     288
     305
     324
     291
     304
     318
     293
     309
     292
     317
     298
     284
     278
     305
     283
     311
     279
     273
     319
     318
     296
     297
     300
     270
     279
     319
     296
     266
     300
     300
     319
     294
     282
     309
     283
     284
     307
     274
     289
     305
     269
     270
     271
     294
     289
     287
     285
     320
     302
     316
     290
     307
     295
     299
     299
     287
     265
     275
     294
     305
     316
     312
     267
     309
     306
     269
     300
     291
     274
     331
     291
     308
     308
     311
     286
     311
     268
     283
     269
     315
     291
     307
     317
     307
     279
     304
     281
     295
     303
     276
     287
     313
     301
     279
     285
     289
     335
     343
     304
     279
     306
     286
     281
     294
     297
     260
     325
     304
     303
     294
     307
     284
     303
     274
     282
     331
     272
     298
     298
     304
     258
     295
     305
     300
     303
     298
     292
     295
     313
     343
     318
     318
     304
     305
     256
     342
     307
     318
     311
     290
     324
     301
     309
     304
     293
     294
     262
     267
     302
     300
     280
     309
     259
     305
     306
     296
     287
     276
     310
     293
     280
     301
     316
     295
     299
     276
     292
     321
     292
     285
     310
     296
     292
     311
     295
     298
     276
     267
     286
     291
     282
     318
     307
     256
     269
     273
     312
     298
     294
     288
     264
     298
     300
     288
     259
     287
     292
     306
     277
     292
     274
     315
     304
     284
     305
     257
     306
     290
     327
     278
     300
     312
     291
     303
     275
     301
     265
     261
     288
     252
     288
     317
     297
     274
     294
     321
     285
     292
     300
     316
     281
     303
     282
     306
     308
     298
     301
     289
     260
     286
     291
     317
     299
     281
     275
     306
     248
     272
     335
     314
     276
     295
     319
     295
     297
     286
     301
     284
     310
     295
     290
     344
     322
     288
     263
     294
     253
     258
     288
     285
     252
     303
     303
     288
     282
     327
     320
     298
     294
     262
     262
     270
     312
     276
     295
     306
     290
     280
     321
     297
     272
     303
     286
     291
     281
     290
     297
     274
     301
     278
     293
     265
     305
     305
     274
     287
     277
     296
     292
     278
     312
     309
     304
     316
     286
     261
     259
     276
     290
     320
     325
     298
     277
     298
     291
     279
     337
     303
     315
     264
     280
     300
     300
     302
     293
     304
     284
     317
     283
     276
     266
     290
     324
     300
     299
     282
     311
     348
     285
     306
     304
     261
     316
     307
     310
     310
     301
     310
     292
     294
     288
     267
     270
     331
     297
     292
     295
     319
     307
     320
     295
     290
     336
     279
     284
     262
     307
     298
     272
     291
     281
     291
     308
     275
     283
     316
     300
     309
     308
     299
     277
     306
     282
     304
     290
     298
     318
     284
     286
     281
     308
     304
     276
     320
     303
     288
     287
     320
     304
     277
     286
     275
     285
     288
     283
     298
     290
     307
     291
     307
     298
     315
     282
     301
     288
     293
     297
     310
     278
     306
     290
     274
     295
     304
     303
     303
     295
     274
     302
     304
     288
     295
     293
     308
     288
     281
     288
     277
     279
     310
     342
     268
     302
     297
     284
     319
     275
     305
     319
     296
     314
     303
     301
     280
     331
     300
     316
     322
     307
     321
     291
     310
     325
     333
     347
     296
     299
     298
     273
     279
     275
     304
     273
     284
     334
     281
     308
     349
     293
     307
     269
     273
     291
     308
     303
     284
     286
     283
     297
     290
     329
     297
     276
     294
     303
     288
     304
     301
     276
     320
     309
     292
     303
     310
     267
     264
     293
     289
     313
     328
     328
     319
     306
     302
     334
     338
     294
     313
     276
     335
     305
     290
     297
     280
     322
     303
     339
     348
     332
     317
     296
     302
     301
     279
     297
     323
     298
     312
     334
     286
     319
     333
     328
     325
     314
     309
     336
     320
     302
     339
     355
     327
     308
     315
     313
     319
     300
     311
     316
     326
     301
     316
     312
     325
     297
     317
     318
     270
     295
     328
     284
     303
     293
     322
     293
     289
     344
     323
     307
     308
     291
     347
     298
     318
     278
     314
     317
     317
     338
     297
     321
     338
     316
     313
     320
     298
     324
     338
     314
     314
     326
     299
     333
     320
     314
     322
     303
     352
     316
     275
     317
     329
     321
     283
     320
     332
     286
     295
     296
     347
     327
     312
     318
     300
     308
     355
     315
     295
     304
     318
     343
     353
     360
     318
     313
     314
     297
     336
     312
     335
     336
     335
     313
     378
     325
     329
     319
     292
     352
     335
     344
     301
     311
     341
     325
     321
     320
     322
     318
     326
     345
     346
     341
     308
     322
     331
     331
     319
     355
     338
     324
     324
     330
     336
     352
     338
     354
     339
     312
     326
     330
     294
     310
     332
     318
     374
     342
     316
     350
     324
     332
     359
     321
     332
     312
     352
     345
     341
     338
     322
     349
     350
     349
     327
     349
     346
     334
     329
     322
     337
     353
     332
     347
     347
     339
     336
     317
     323
     351
     339
     327
     360
     362
     378
     329
     382
     348
     329
     316
     360
     308
     349
     304
     330
     323
     341
     355
     356
     343
     344
     365
     376
     369
     329
     346
     323
     321
     353
     357
     358
     368
     315
     345
     351
     383
     382
     351
     367
     364
     326
     345
     343
     355
     355
     357
     383
     361
     395
     352
     323
     379
     325
     340
     384
     377
     347
     365
     367
     367
     345
     383
     370
     352
     366
     349
     298
     371
     389
     354
     356
     374
     345
     364
     347
     331
     377
     351
     353
     397
     336
     370
     379
     362
     372
     411
     337
     369
     341
     395
     327
     329
     371
     368
     334
     353
     353
     378
     342
     421
     359
     391
     345
     353
     342
     369
     379
     410
     363
     374
     360
     375
     410
     381
     395
     391
     389
     382
     370
     359
     384
     399
     385
     405
     355
     390
     396
     392
     384
     372
     381
     349
     355
     363
     402
     402
     373
     381
     379
     383
     392
     413
     376
     369
     352
     358
     397
     375
     392
     369
     355
     388
     360
     408
     370
     372
     371
     383
     387
     388
     359
     400
     370
     403
     367
     427
     368
     400
     402
     382
     362
     385
     364
     385
     370
     397
     376
     421
     415
     372
     407
     416
     402
     377
     393
     350
     346
     374
     415
     383
     389
     366
     384
     372
     437
     380
     358
     396
     366
     421
     373
     377
     364
     388
     412
     363
     389
     371
     361
     357
     360
     409
     380
     392
     406
     400
     378
     379
     398
     388
     326
     399
     333
     369
     383
     371
     386
     400
     398
     359
     360
     411
     369
     377
     354
     361
     396
     368
     352
     381
     362
     360
     363
     424
     391
     364
     357
     369
     349
     369
     364
     353
     357
     347
     352
     377
     375
     360
     375
     390
     364
     380
     348
     359
     332
     354
     339
     357
     327
     318
     311
     358
     343
     331
     307
     345
     336
     290
     330
     353
     323
     283
     326
     305
     305
     337
     330
     337
     287
     295
     352
     312
     275
     278
     312
     299
     302
     267
     320
     264
     293
     284
     266
     248
     248
     247
     280
     294
     264
     265
     254
     263
     246
     276
     265
     273
     256
     243
     233
     252
     233
     266
     261
     251
     273
     254
     243
     242
     248
     257
     238
     250
     241
     230
     244
     255
     245
     233
     260
     233
     230
     213
     254
     259
     212
     264
     235
     257
     217
     237
     219
     250
     221
     221
     228
     234
     223
     238
     214
     235
     206
     259
     251
     273
     219
     217
     217
     215
     212
     253
     244
     239
     227
     237
     207
     244
     227
     203
     231
     225
     210
     198
     207
     231
     212
     189
     216
     214
     224
     222
     224
     246
     207
     208
     211
     232
     217
     247
     224
     219
     197
     194
     193
     211
     188
     224
     194
     213
     195
     195
     194
     226
     229
     177
     217
     203
     185
     185
     203
     220
     209
     200
     222
     223
     207
     223
     191
     194
     190
     185
     192
     185
     193
     213
     190
     191
     184
     193
     195
     197
     171
     190
     182
     201
     229
     190
     192
     205
     192
     174
     182
     217
     204
     183
     184
     187
     186
     183
     177
     212
     184
     210
     208
     191
     176
     188
     173
     200
     197
     212
     189
     194
     185
     163
     198
     163
     193
     198
     178
     173
     176
     172
     180
     183
     171
     183
     179
     175
     164
     177
     189
     185
     167
     194
     158
     148
     196
     180
     161
     190
     180
     159
     181
     162
     185
     169
     197
     198
     174
     188
     185
     184
     166
     176
     178
     159
     179
     192
     177
     188
     178
     188
     191
     172
     152
     163
     161
     161
     158
     160
     158
     155
     185
     184
     167
     169
     152
     147
     192
     181
     166
     156
     167
     181
     172
     143
     137
     173
     172
     174
     156
     164
     163
     164
     151
     168
     154
     153
     156
     152
     154
     184
     161
     161
     160
     160
     161
     177
     176
     165
     149
     162
     170
     164
     167
     164
     168
     165
     158
     153
     154
     187
     187
     165
     152
     150
     141
     161
     178
     165
     161
     151
     154
     178
     158
     152
     142
     145
     154
     143
     156
     143
     152
     154
     142
     154
     162
     144
     155
     159
     164
     126
     162
     163
     157
     136
     153
     159
     145
     156
     154
     152
     157
     134
     145
     139
     151
     164
     162
     145
     170
     142
     144
     150
     152
     142
     135
     142
     121
     147
     145
     137
     150
     174
     140
     167
     134
     140
     167
     148
     163
     137
     138
     135
     159
     156
     160
     148
     148
     149
     152
     128
     134
     145
     143
     145
     156
     140
     141
     130
     144
     146
     143
     135
     143
     136
     135
     159
     157
     136
     129
     117
     151
     116
     123
     144
     113
     116
     146
     140
     129
     144
     118
     125
     138
     142
     142
     137
     131
     136
     135
     122
     140
     147
     125
     122
     122
     130
     141
     119
     141
     142
     134
     138
     137
     141
     129
     133
     118
     125
     145
     141
     129
     137
     124
     136
     139
     137
     116
     136
     144
     127
     121
     127
     143
     131
     123
     124
     139
     128
     133
     122
     123
     137
     139
     136
     124
     117
      97
     103
     126
     125
     119
     116
     141
     141
     131
     128
     128
     126
     106
      99
     130
     122
     108
     118
     121
     123
     107
     126
     119
     111
     120
     130
     103
     113
     120
     128
     132
     115
     125
     124
     130
     104
     120
     132
     115
     112
     124
     113
     131
     110
     121
     135
     115
     116
     128
     132
     112
     133
     111
     123
     122
     130
     104
     121
      99
     110
     121
     132
     121
     126
     115
     108
     118
     121
     123
     126
     110
     104
     102
     116
     103
     119
     103
     123
     115
     107
     124
     119
     121
     110
     120
     118
     112
     117
     135
     117
     105
     121
     116
     123
     121
     135
      88
     124
      98
     115
     116
      99
     104
     117
     116
     117
     105
     128
     113
      99
     105
     110
     109
     101
     110
     105
     120
     108
     101
     112
     114
     101
     123
     101
     100
     113
     109
      98
      87
     119
     107
     107
      95
     115
     111
     110
     106
     104
      98
     110
     120
      94
      85
     105
     119
     112
     101
     106
      90
      90
      98
     106
     114
     109
     108
     113
      99
     102
     106
     103
     105
      98
     122
      88
      96
     122
     112
      95
      89
      97
      95
     105
     118
      95
     100
     109
      99
      97
     107
     109
     109
     103
     100
     102
     102
     105
      74
      87
      95
     101
      91
     109
     105
      92
      99
      88
     117
     118
      76
     101
      95
      98
     104
      97
      93
     101
      94
     117
     112
      99
      96
      85
      76
     108
     102
     103
     103
      91
     100
      89
      86
      93
     107
     109
      99
     110
      88
      87
      90
     109
      91
     105
      98
     110
      92
      81
     107
      98
      79
      94
      87
      72
      95
     106
      95
      91
      90
      88
     112
      97
      93
      87
     100
      94
      86
      97
      91
      86
     109
      88
      94
      85
      74
      85
      73
      91
      95
      81
      80
      88
     109
      84
     102
      98
      83
     103
      97
      70
      92
      78
      93
      92
      77
      87
      89
      91
      90
      77
      95
     101
      89
     104
      91
     101
      98
      82
      89
      87
      89
      82
      92
      96
      86
      82
      91
     100
      74
      91
      77
      78
      94
      89
      71
      86
      82
     102
      86
     100
      69
      65
      83
      81
      78
      95
     113
      89
      87
      79
     101
      92
      79
      84
      98
      93
      91
      87
     103
      85
      84
      87
      86
     104
      89
      75
      92
      99
      84
      83
      79
      87
      80
      88
      97
      77
      97
      87
      95
      85
      95
      75
      81
      82
      89
      94
      75
      84
      83
      72
      84
      98
     112
      67
      74
      86
      66
      84
      91
      93
      75
      82
      75
      92
      79
      89
     101
      86
      87
      71
      88
     100
      99
      87
      76
      90
      94
      83
      94
      84
      79
      83
      76
      67
      77
      89
      81
      85
      88
      87
      93
      83
      82
      78
     100
      85
      95
      90
      80
      68
      92
      76
      80
      78
      98
      77
      73
      86
      73
      85
      87
      73
      88
      87
      76
      71
      81
      99
      85
      71
      84
      90
      77
     101
      94
      70
     104
      98
      74
      76
      94
      91
      77
      97
      73
      79
     112
      77
     107
      68
      89
      81
      79
      90
      78
      79
      79
      87
      90
     101
      72
      90
      89
      68
      82
      70
      90
      85
     102
      74
      80
      78
      79
      66
      95
      75
      75
      78
      82
      84
      88
      83
      66
      65
     107
      67
      88
      72
      90
      87
      80
      71
      81
      83
      85
      88
      82
      89
      65
      67
      72
      77
     101
      91
      75
      92
      70
      71
      73
      77
      80
      65
      88
     101
      98
      86
      72
      86
      86
      81
      98
      88
      87
      77
      75
      90
      92
      74
      83
      81
      84
      83
      84
      92
      89
      78
      89
      94
      92
      70
      74
      76
      74
      82
      89
      84
      85
      90
      80
      80
      81
      97
      81
      69
      73
      69
      80
      78
      83
      71
      84
      83
      74
      87
      68
      79
      79
      80
      88
      75
      64
      88
      86
      86
      82
      76
      72
      92
      66
      72
      79
      72
      90
      78
      86
      95
      77
      86
      78
      69
      73
      87
      98
      72
      93
      95
      86
      73
      77
      78
      82
      67
      89
      71
      96
      72
      83
      76
      84
      94
      94
      73
      93
      87
      70
      88
      91
      81
      81
      59
      80
      76
      84
      84
      86
      79
      65
      82
      78
      81
      79
      97
      96
     107
     111
      84
      79
      87
      87
      82
      94
      84
      87
      88
      85
      80
      85
     100
      67
      88
      82
      93
      88
      88
      70
      84
      98
      74
      71
      83
      85
      94
     101
      78
      79
      91
      81
      96
      89
      89
      81
      87
      77
      87
      77
     102
      90
      73
      82
      86
      81
      82
      91
      66
      89
      71
      86
      76
      71
      99
      86
      74
      73
      74
      81
      88
      84
      73
      87
      88
      87
      67
      64
      61
      91
      82
      96
      85
      90
      80
      82
      74
      77
      82
      85
      86
      89
      89
      87
      73
      75
      80
      87
      86
      87
      71
      81
      61
      90
      74
      80
      76
      90
      81
      68
      87
      88
      81
      79
      87
      75
      90
      89
      90
      89
      75
      68
      90
      73
      71
      87
      87
      84
      78
      92
      83
      76
      90
      86
      84
      60
      68
      86
      76
      99
      85
      93
      94
      87
      82
      86
      94
      77
      88
      81
      82
      75
      86
      90
      80
      74
     105
      82
      76
      80
      82
      78
      74
      87
      91
      88
      84
      81
      90
      95
      75
      88
      84
      91
      91
      90
      84
      81
      80
      80
      75
      78
      80
      77
      78
      74
     101
      68
      74
      77
      90
      84
      89
      85
      70
      85
      76
      85
      83
      77
      59
      86
      77
      78
      75
      89
      86
      72
      91
      88
      69
      89
      93
      66
      77
      82
      77
      75
      75
      87
      77
      86
      81
      84
      84
      77
      84
      89
      85
      93
      89
      76
      88
      91
      71
      78
      66
      84
      96
      87
      85
      75
      84
      83
      77
      84
      79
      75
      78
      82
      71
      81
      76
      56
      81
      83
      85
      74
      79
      77
      76
      75
      83
      83
      90
      85
      99
      90
      87
      74
      84
      83
      80
      81
      69
      73
      81
      90
      88
      82
      82
      85
      81
     105
      82
      78
      72
      79
      92
      84
      89
      87
      69
      93
      82
      93
      83
      76
      68
      79
      81
      70
      87
      95
     104
      90
      81
      88
      85
      69
      72
      83
      90
      81
      76
      73
      65
      85
      75
      74
      75
      95
      77
      93
      86
      73
      71
     100
      85
      86
     105
      85
      79
      64
      87
      73
      97
      79
      88
      89
      86
      73
      67
      81
      67
      89
      67
      70
      76
      74
      88
      94
      84
      57
      74
     100
      80
      93
      72
      99
      93
      94
      90
      82
      73
      90
      63
      80
      82
      77
      82
      75
     100
      96
      81
      68
      82
      87
      89
      85
     103
      90
      90
      80
      93
      90
     101
      98
      80
      82
      92
      83
      94
      78
      95
      97
      73
      87
      78
     102
      79
      87
      99
      77
      85
      84
      74
      91
      86
     104
      79
      77
      61
      79
      83
      91
      87
      82
      80
      81
      74
      85
      90
      91
      79
      95
      76
      73
      86
      97
      96
      94
      80
      96
      84
      87
     102
      93
      77
      89
     102
      75
      86
      79
      98
      93
      87
      90
     104
      93
     104
      90
      72
      95
      87
     105
     102
      94
      94
      84
      86
      89
      84
      74
      81
      86
      97
      95
      82
      91
      90
      90
      97
      92
      94
      90
      80
      95
      91
      90
      81
      99
      99
     102
      97
      84
      76
      99
      82
      99
      85
      96
      87
      94
      89
      96
      98
     103
     114
     113
      90
      99
      79
      94
     100
      90
      99
      91
      94
      89
      69
     103
     115
      99
      92
     100
      92
     104
     100
     102
      92
      86
      94
     107
      79
     107
     115
     100
     125
     127
      93
      94
     116
     113
      91
     119
     104
     109
     113
     120
     112
     115
     118
     142
     118
     106
     133
     103
     130
     142
     132
     131
     168
     168
     147
     148
     160
     173
     207
     207
     222
     233
     231
     259
     292
     280
     333
     322
     372
     437
     527
     501
     618
     595
     709
     804
     934
    1025
    1182
    1398
    1599
    1931
    2179
    2552
    2900
    3367
    3925
    4495
    5122
    5844
    6426
    7343
    7843
    8652
    9512
   10083
   10695
   11135
   11579
   11894
   12182
   12545
   12645
   12833
   12641
   12825
   12625
   12553
   11774
   11747
   11462
   10785
   10322
    9726
    8832
    8242
    7476
    6919
    6149
    5402
    4670
    4050
    3457
    2881
    2481
    1981
    1709
    1383
    1123
     901
     818
     667
     562
     478
     406
     356
     294
     277
     287
     242
     220
     219
     173
     176
     143
     153
     149
     151
     123
     118
     119
     112
     119
     112
     116
      98
     111
      92
      84
      84
      76
      91
      74
      85
      74
      67
      83
      80
      77
      85
      60
      82
      71
      69
      70
      70
      73
      80
      70
      72
      64
      69
      65
      66
      76
      80
      76
      69
      52
      66
      57
      60
      57
      45
      62
      66
      68
      71
      67
      57
      64
      44
      63
      66
      73
      64
      61
      56
      56
      64
      63
      69
      55
      57
      58
      54
      57
      59
      65
      69
      60
      57
      54
      53
      58
      64
      53
      67
      60
      53
      56
      57
      61
      58
      47
      56
      48
      60
      43
      57
      70
      50
      58
      46
      48
      49
      51
      59
      55
      50
      72
      34
      57
      64
      52
      56
      55
      62
      59
      42
      56
      50
      48
      40
      56
      52
      48
      44
      52
      54
      46
      64
      58
      63
      55
      45
      58
      55
      45
      51
      49
      50
      48
      50
      54
      49
      61
      55
      57
      48
      44
      56
      70
      35
      55
      52
      48
      53
      47
      51
      52
      49
      52
      39
      58
      51
      44
      60
      51
      39
      43
      41
      41
      42
      46
      51
      41
      53
      40
      43
      55
      46
      42
      43
      42
      41
      54
      50
      55
      43
      45
      51
      50
      58
      38
      48
      45
      59
      44
      42
      47
      49
      47
      40
      42
      48
      46
      44
      43
      40
      55
      48
      42
      52
      42
      44
      39
      51
      48
      47
      48
      47
      40
      43
      48
      42
      50
      54
      45
      50
      59
      50
      40
      40
      49
      36
      43
      49
      44
      43
      55
      34
      48
      42
      49
      46
      46
      42
      46
      38
      53
      34
      54
      49
      38
      51
      53
      44
      41
      37
      47
      43
      45
      38
      46
      61
      43
      35
      48
      35
      48
      47
      40
      37
      33
      56
      41
      47
      39
      45
      36
      48
      30
      45
      49
      38
      42
      49
      34
      34
      46
      38
      59
      35
      49
      38
      51
      41
      43
      44
      45
      34
      40
      51
      51
      43
      31
      68
      50
      52
      36
      40
      36
      45
      47
      47
      48
      45
      51
      38
      51
      42
      53
      45
      58
      50
      40
      41
      39
      43
      38
      48
      57
      38
      49
      30
      33
      39
      52
      40
      47
      35
      48
      41
      53
      34
      48
      47
      39
      44
      42
      42
      41
      39
      46
      33
      37
      53
      38
      27
      39
      43
      47
      44
      46
      39
      41
      45
      40
      43
      29
      32
      38
      46
      44
      42
      32
      38
      40
      39
      28
      39
      45
      34
      40
      34
      29
      37
      40
      30
      45
      46
      38
      45
      41
      33
      44
      36
      39
      38
      28
      39
      58
      37
      47
      46
      41
      37
      49
      41
      52
      43
      41
      31
      42
      50
      42
      48
      40
      34
      44
      46
      45
      51
      47
      41
      46
      40
      47
      40
      42
      38
      45
      38
      43
      48
      41
      36
      41
      27
      44
      47
      44
      34
      42
      40
      38
      34
      44
      34
      41
      40
      39
      39
      35
      52
      42
      48
      46
      30
      37
      46
      39
      44
      42
      48
      38
      42
      32
      28
      33
      44
      38
      40
      35
      52
      43
      41
      42
      44
      41
      37
      41
      54
      42
      36
      35
      48
      46
      34
      37
      28
      43
      49
      35
      49
      32
      51
      31
      37
      31
      35
      39
      55
      35
      45
      39
      36
      44
      38
      35
      43
      39
      49
      37
      38
      46
      41
      45
      36
      47
      37
      42
      40
      43
      34
      48
      40
      48
      43
      41
      33
      30
      41
      39
      38
      30
      50
      45
      47
      36
      35
      32
      40
      35
      39
      47
      36
      45
      27
      41
      38
      46
      32
      40
      47
      43
      45
      38
      55
      42
      40
      52
      34
      39
      41
      49
      39
      63
      49
      46
      49
      44
      43
      44
      45
      46
      48
      47
      39
      41
      38
      35
      36
      32
      27
      35
      32
      38
      39
      43
      34
      47
      43
      45
      45
      43
      55
      52
      30
      36
      45
      42
      29
      46
      30
      33
      42
      37
      29
      52
      48
      52
      33
      41
      36
      31
      39
      30
      41
      45
      46
      34
      44
      32
      38
      42
      36
      54
      42
      45
      35
      34
      51
      39
      43
      33
      42
      38
      41
      34
      43
      33
      33
      34
      29
      42
      38
      55
      51
      46
      25
      33
      39
      49
      41
      33
      33
      39
      29
      41
      48
      52
      47
      27
      52
      37
      37
      43
      26
      42
      33
      44
      48
      35
      42
      39
      47
      36
      54
      46
      41
      25
      38
      42
      40
      44
      37
      44
      39
      39
      49
      34
      65
      46
      35
      43
      36
      34
      35
      38
      46
      42
      51
      39
      48
      46
      38
      50
      50
      50
      36
      50
      38
      41
      42
      54
      40
      38
      38
      41
      34
      45
      43
      46
      41
      41
      47
      36
      33
      35
      31
      28
      39
      52
      44
      40
      49
      39
      32
      32
      45
      38
      28
      38
      33
      41
      41
      40
      45
      34
      43
      37
      35
      42
      32
      30
      37
      48
      33
      39
      27
      34
      51
      45
      37
      36
      33
      39
      39
      35
      44
      22
      39
      44
      37
      36
      46
      45
      40
      42
      32
      33
      37
      41
      37
      37
      40
      48
      43
      46
      35
      50
      34
      49
      45
      39
      45
      48
      34
      39
      44
      32
      44
      33
      35
      42
      37
      41
      38
      39
      47
      48
      32
      39
      45
      35
      36
      39
      35
      44
      42
      44
      28
      38
      31
      30
      39
      37
      43
      44
      35
      40
      43
      31
      36
      39
      44
      41
      48
      36
      34
      33
      42
      40
      32
      40
      35
      36
      34
      37
      32
      45
      54
      33
      38
      45
      31
      48
      38
      40
      39
      27
      34
      40
      40
      42
      39
      45
      29
      35
      52
      39
      46
      34
      46
      37
      36
      41
      42
      40
      39
      54
      52
      48
      36
      27
      32
      44
      29
      45
      41
      46
      37
      34
      38
      42
      35
      40
      47
      31
      36
      35
      37
      36
      38
      28
      37
      35
      46
      36
      49
      33
      39
      32
      36
      41
      31
      36
      37
      52
      24
      41
      27
      39
      37
      48
      46
      43
      45
      45
      37
      32
      38
      43
      37
      43
      54
      49
      52
      43
      41
      47
      49
      48
      43
      45
      48
      49
      43
      58
      41
      46
      44
      50
      44
      50
      39
      36
      44
      50
      40
      34
      47
      37
      29
      36
      36
      27
      40
      45
      34
      34
      36
      39
      46
      32
      41
      36
      28
      38
      38
      41
      36
      27
      30
      29
      42
      45
      46
      44
      37
      38
      35
      28
      34
      36
      44
      41
      38
      36
      32
      51
      30
      47
      45
      34
      30
      39
      32
      40
      35
      24
      38
      40
      47
      37
      34
      52
      37
      36
      35
      44
      36
      37
      39
      33
      37
      37
      42
      29
      31
      38
      46
      33
      36
      39
      40
      49
      38
      37
      41
      27
      45
      38
      39
      40
      40
      52
      40
      42
      51
      42
      51
      35
      30
      33
      43
      39
      35
      54
      43
      37
      41
      30
      36
      38
      37
      43
      39
      33
      38
      40
      34
      42
      43
      34
      40
      39
      44
      49
      37
      44
      38
      45
      30
      39
      31
      36
      37
      26
      36
      41
      42
      39
      50
      42
      31
      31
      38
      34
      36
      49
      40
      35
      40
      36
      42
      40
      37
      38
      43
      27
      55
      30
      45
      35
      33
      31
      32
      36
      31
      47
      37
      44
      38
      39
      49
      38
      28
      31
      47
      41
      38
      34
      46
      40
      39
      54
      34
      29
      32
      41
      42
      42
      41
      37
      39
      41
      45
      42
      38
      39
      36
      34
      35
      38
      39
      38
      30
      33
      41
      42
      33
      28
      43
      38
      40
      40
      47
      39
      35
      36
      29
      35
      45
      45
      31
      35
      36
      27
      41
      39
      30
      46
      41
      41
      32
      37
      27
      43
      38
      37
      41
      39
      30
      35
      36
      51
      38
      45
      27
      42
      32
      54
      48
      39
      39
      37
      35
      35
      35
      44
      23
      36
      36
      43
      43
      30
      37
      34
      40
      39
      39
      47
      36
      40
      41
      49
      41
      35
      31
      31
      33
      41
      44
      40
      43
      39
      31
      40
      43
      36
      46
      26
      41
      44
      40
      39
      43
      32
      35
      51
      41
      26
      43
      32
      39
      46
      44
      50
      39
      34
      31
      41
      36
      45
      35
      34
      36
      38
      46
      40
      41
      41
      34
      40
      37
      42
      34
      37
      37
      39
      44
      31
      40
      37
      39
      35
      33
      46
      40
      27
      41
      40
      41
      36
      38
      30
      27
      33
      40
      35
      36
      31
      39
      30
      42
      46
      30
      43
      32
      41
      40
      39
      43
      39
      33
      37
      34
      30
      39
      38
      40
      44
      40
      40
      51
      38
      40
      40
      37
      36
      39
      33
      36
      46
      46
      36
      32
      42
      34
      35
      40
      31
      41
      49
      36
      34
      37
      46
      38
      32
      40
      38
      36
      33
      42
      40
      39
      40
      30
      47
      50
      37
      54
      26
      36
      39
      42
      36
      46
      37
      28
      38
      40
      38
      27
      26
      30
      27
      38
      35
      36
      27
      36
      47
      36
      38
      41
      32
      42
      36
      36
      43
      42
      40
      30
      50
      43
      34
      45
      42
      36
      40
      43
      34
      43
      46
      38
      31
      31
      26
      42
      33
      51
      35
      53
      44
      40
      39
      38
      39
      33
      48
      40
      40
      31
      43
      38
      43
      33
      22
      41
      36
      39
      42
      30
      32
      37
      36
      39
      34
      33
      36
      45
      39
      29
      34
      37
      36
      37
      42
      31
      26
      43
      43
      43
      36
      41
      35
      36
      49
      38
      47
      30
      46
      41
      45
      48
      41
      43
      31
      37
      53
      41
      26
      53
      44
      33
      39
      34
      41
      39
      42
      33
      35
      49
      28
      41
      39
      36
      35
      32
      40
      42
      50
      29
      39
      35
      36
      51
      39
      35
      34
      33
      30
      43
      32
      43
      41
      44
      44
      37
      38
      35
      41
      31
      34
      32
      29
      32
      42
      39
      42
      31
      33
      35
      42
      35
      41
      31
      38
      42
      42
      46
      34
      44
      37
      41
      30
      33
      32
      33
      34
      30
      44
      40
      25
      36
      49
      42
      36
      34
      29
      34
      35
      32
      40
      36
      38
      38
      34
      36
      38
      28
      38
      46
      36
      38
      45
      34
      34
      28
      48
      48
      44
      34
      44
      36
      53
      40
      27
      41
      26
      26
      46
      34
      42
      25
      37
      33
      39
      52
      37
      40
      37
      28
      39
      40
      32
      37
      42
      39
      43
      35
      33
      39
      42
      46
      44
      35
      22
      40
      39
      33
      48
      45
      25
      36
      40
      36
      39
      42
      41
      51
      43
      32
      38
      35
      33
      33
      43
      35
      40
      40
      50
      31
      37
      42
      42
      32
      40
      37
      46
      42
      37
      32
      45
      28
      28
      43
      36
      37
      32
      48
      30
      44
      44
      29
      48
      52
      35
      46
      32
      41
      31
      29
      47
      33
      34
      42
      38
      52
      32
      41
      41
      39
      39
      39
      38
      38
      45
      37
      44
      50
      47
      41
      33
      39
      42
      32
      43
      39
      35
      39
      33
      34
      34
      38
      34
      39
      47
      45
      48
      38
      42
      37
      36
      27
      41
      53
      57
      41
      35
      42
      41
      42
      33
      38
      36
      42
      38
      34
      37
      42
      44
      45
      42
      42
      32
      32
      41
      36
      32
      34
      36
      42
      47
      48
      40
      46
      44
      31
      42
      37
      46
      39
      33
      41
      30
      31
      45
      38
      42
      43
      47
      34
      47
      38
      38
      38
      45
      40
      40
      38
      51
      46
      43
      33
      46
      24
      41
      37
      39
      28
      34
      40
      29
      51
      39
      34
      36
      43
      47
      39
      30
      38
      39
      34
      43
      42
      33
      34
      37
      44
      34
      38
      44
      35
      40
      33
      41
      44
      25
      43
      41
      42
      42
      35
      37
      41
      42
      53
      50
      27
      42
      39
      38
      35
      44
      40
      43
      40
      36
      38
      39
      31
      40
      35
      30
      40
      32
      35
      44
      38
      31
      50
      46
      41
      39
      27
      35
      37
      33
      36
      36
      39
      49
      39
      42
      45
      34
      30
      49
      38
      36
      41
      36
      37
      33
      41
      48
      47
      39
      31
      30
      38
      46
      38
      46
      40
      46
      35
      33
      47
      34
      42
      45
      47
      47
      45
      39
      39
      26
      30
      37
      32
      36
      30
      41
      41
      39
      33
      39
      32
      35
      44
      45
      32
      44
      45
      42
      38
      35
      38
      42
      34
      42
      37
      39
      42
      34
      43
      50
      36
      30
      44
      26
      43
      37
      40
      37
      43
      44
      43
      35
      38
      41
      35
      35
      38
      47
      42
      42
      39
      31
      33
      35
      42
      39
      38
      44
      36
      35
      40
      40
      38
      29
      40
      36
      33
      32
      47
      38
      38
      44
      47
      29
      48
      49
      45
      43
      41
      42
      37
      37
      47
      45
      43
      36
      37
      39
      30
      36
      35
      27
      40
      45
      38
      38
      42
      41
      45
      43
      43
      41
      48
      29
      41
      40
      42
      38
      36
      43
      39
      42
      38
      41
      30
      29
      39
      25
      43
      45
      32
      39
      40
      36
      44
      41
      37
      44
      38
      44
      48
      33
      31
      38
      29
      37
      35
      34
      50
      56
      37
      33
      42
      33
      45
      41
      39
      35
      35
      37
      48
      43
      33
      45
      27
      47
      43
      36
      31
      48
      42
      42
      42
      42
      52
      51
      46
      40
      49
      36
      37
      37
      44
      37
      41
      52
      37
      35
      40
      42
      27
      40
      42
      40
      36
      48
      35
      39
      34
      46
      38
      38
      35
      39
      32
      39
      36
      38
      46
      37
      35
      31
      38
      43
      41
      41
      46
      42
      42
      46
      40
      38
      37
      28
      36
      42
      34
      37
      38
      45
      35
      38
      33
      42
      36
      31
      54
      29
      37
      46
      36
      36
      26
      50
      34
      39
      45
      47
      45
      39
      54
      30
      35
      33
      41
      38
      43
      41
      39
      38
      37
      54
      40
      38
      46
      39
      42
      39
      37
      42
      40
      45
      31
      44
      41
      51
      38
      39
      45
      33
      51
      32
      41
      37
      51
      42
      36
      43
      37
      41
      35
      43
      34
      36
      47
      36
      41
      42
      33
      45
      43
      40
      34
      28
      40
      45
      40
      39
      35
      38
      35
      31
      44
      51
      47
      41
      35
      36
      44
      39
      46
      59
      56
      41
      46
      38
      38
      45
      40
      43
      27
      40
      47
      46
      43
      46
      36
      38
      36
      34
      41
      34
      37
      30
      31
      45
      33
      42
      50
      47
      41
      45
      37
      36
      47
      43
      40
      47
      27
      35
      31
      46
      46
      42
      32
      44
      42
      42
      36
      38
      41
      36
      45
      46
      24
      41
      37
      43
      47
      39
      37
      36
      36
      44
      47
      39
      34
      38
      50
      33
      41
      28
      37
      41
      41
      35
      32
      45
      34
      34
      40
      39
      49
      44
      37
      36
      46
      47
      33
      36
      43
      33
      45
      38
      34
      43
      38
      33
      41
      30
      40
      39
      33
      32
      33
      43
      44
      31
      44
      47
      48
      40
      45
      40
      49
      40
      46
      29
      37
      43
      34
      39
      38
      38
      44
      33
      48
      32
      44
      53
      46
      36
      53
      40
      37
      39
      38
      44
      36
      39
      46
      36
      43
      28
      44
      35
      30
      38
      45
      44
      45
      38
      38
      51
      41
      35
      44
      52
      42
      30
      43
      37
      43
      39
      45
      31
      48
      42
      42
      32
      37
      39
      40
      44
      43
      31
      44
      41
      41
      41
      44
      38
      40
      37
      41
      47
      38
      36
      50
      37
      46
      34
      42
      31
      48
      34
      44
      33
      50
      37
      34
      37
      44
      41
      49
      35
      29
      37
      47
      31
      34
      42
      35
      44
      38
      43
      40
      47
      40
      36
      34
      40
      48
      38
      34
      31
      36
      31
      43
      46
      38
      41
      47
      43
      40
      45
      36
      39
      31
      44
      37
      56
      34
      31
      38
      31
      33
      49
      49
      44
      32
      39
      36
      36
      41
      48
      24
      36
      44
      41
      41
      42
      36
      37
      33
      45
      41
      39
      30
      43
      42
      41
      40
      52
      33
      38
      41
      44
      35
      38
      52
      41
      45
      40
      48
      39
      45
      38
      36
      49
      46
      39
      33
      42
      49
      37
      41
      45
      43
      53
      42
      44
      40
      55
      44
      39
      53
      42
      34
      36
      46
      49
      47
      43
      28
      45
      46
      35
      47
      27
      35
      40
      36
      43
      48
      39
      32
      38
      34
      31
      35
      42
      42
      41
      36
      48
      42
      39
      50
      39
      43
      38
      35
      40
      31
      33
      38
      48
      42
      37
      25
      42
      60
      32
      33
      40
      32
      45
      45
      40
      43
      35
      47
      34
      47
      42
      41
      40
      46
      41
      34
      47
      37
      29
      46
      44
      35
      46
      49
      57
      43
      37
      40
      47
      45
      45
      52
      39
      53
      36
      42
      45
      46
      43
      49
      38
      35
      32
      34
      43
      35
      37
      46
      54
      47
      43
      39
      35
      39
      32
      39
      48
      29
      46
      42
      48
      40
      34
      39
      35
      33
      53
      34
      53
      41
      34
      34
      46
      47
      44
      50
      32
      47
      39
      43
      35
      37
      33
      33
      40
      44
      34
      27
      58
      35
      38
      46
      44
      41
      44
      42
      29
      41
      42
      44
      44
      40
      42
      41
      55
      30
      46
      44
      33
      38
      48
      41
      54
      50
      43
      44
      44
      32
      40
      32
      44
      40
      44
      34
      41
      50
      32
      49
      37
      31
      40
      41
      41
      38
      42
      34
      47
      40
      37
      44
      46
      37
      37
      50
      48
      36
      33
      35
      49
      32
      47
      40
      34
      47
      47
      29
      40
      46
      46
      47
      47
      60
      43
      40
      38
      46
      43
      33
      33
      29
      35
      31
      37
      46
      36
      35
      43
      47
      47
      49
      39
      37
      45
      36
      44
      43
      39
      44
      35
      35
      61
      41
      32
      43
      35
      42
      28
      51
      40
      39
      42
      35
      48
      50
      33
      50
      40
      41
      27
      27
      30
      49
      39
      43
      53
      36
      39
      37
      42
      45
      50
      35
      48
      41
      41
      45
      41
      47
      39
      43
      47
      40
      47
      35
      44
      43
      34
      37
      44
      41
      48
      42
      34
      46
      36
      43
      44
      46
      40
      38
      43
      35
      35
      23
      37
      48
      37
      38
      47
      48
      34
      35
      47
      41
      33
      50
      48
      41
      50
      56
      45
      42
      45
      29
      33
      36
      43
      43
      36
      51
      45
      59
      51
      32
      46
      39
      42
      47
      50
      29
      42
      35
      34
      54
      48
      51
      51
      47
      42
      42
      24
      46
      32
      43
      42
      42
      33
      51
      54
      35
      32
      39
      35
      40
      42
      33
      32
      39
      48
      34
      35
      34
      45
      41
      35
      39
      41
      46
      34
      44
      45
      44
      41
      46
      27
      34
      39
      39
      31
      37
      46
      43
      45
      34
      58
      34
      43
      52
      48
      46
      48
      38
      46
      42
      39
      57
      33
      41
      42
      36
      38
      38
      40
      43
      37
      39
      39
      44
      33
      38
      42
      40
      35
      47
      47
      43
      41
      47
      41
      35
      33
      39
      33
      51
      39
      43
      49
      41
      40
      45
      40
      37
      45
      52
      37
      36
      41
      33
      50
      44
      42
      25
      51
      39
      49
      33
      36
      31
      46
      47
      49
      40
      40
      32
      39
      36
      44
      52
      39
      46
      38
      39
      36
      37
      35
      30
      37
      52
      45
      49
      39
      43
      42
      47
      33
      57
      37
      32
      36
      51
      44
      36
      43
      38
      48
      52
      42
      35
      50
      35
      49
      28
      41
      56
      48
      37
      44
      50
      44
      39
      43
      48
      46
      38
      43
      47
      49
      56
      41
      29
      48
      51
      41
      41
      30
      46
      50
      49
      47
      41
      47
      50
      47
      34
      37
      35
      39
      43
      37
      41
      37
      49
      40
      45
      33
      32
      43
      45
      37
      44
      36
      44
      36
      40
      49
      43
      39
      34
      33
      47
      31
      49
      41
      40
      43
      41
      34
      38
      41
      43
      34
      37
      39
      39
      41
      44
      43
      37
      48
      56
      34
      36
      55
      44
      36
      42
      32
      44
      41
      51
      36
      50
      31
      43
      34
      53
      44
      37
      35
      48
      43
      47
      47
      43
      48
      49
      48
      46
      35
      41
      44
      49
      47
      42
      41
      47
      55
      32
      46
      40
      34
      43
      46
      42
      44
      32
      47
      41
      41
      39
      35
      34
      43
      34
      40
      35
      40
      49
      46
      45
      38
      39
      49
      39
      42
      41
      37
      43
      40
      45
      47
      56
      42
      40
      42
      48
      36
      41
      39
      50
      46
      36
      35
      44
      45
      45
      45
      39
      42
      34
      40
      39
      55
      48
      32
      37
      42
      35
      39
      43
      34
      51
      50
      45
      36
      46
      54
      39
      43
      36
      39
      38
      42
      50
      39
      47
      37
      37
      56
      43
      43
      40
      40
      44
      43
      46
      48
      40
      56
      34
      44
      42
      45
      47
      49
      64
      32
      53
      45
      43
      30
      58
      33
      46
      50
      48
      41
      57
      46
      34
      36
      37
      44
      39
      34
      50
      39
      46
      61
      39
      45
      45
      37
      54
      46
      33
      57
      34
      50
      45
      40
      64
      46
      39
      37
      33
      45
      48
      42
      45
      54
      38
      49
      38
      40
      49
      38
      47
      45
      33
      58
      40
      47
      28
      37
      42
      48
      39
      54
      61
      37
      48
      39
      43
      49
      39
      42
      46
      35
      29
      29
      49
      43
      52
      37
      46
      31
      51
      48
      54
      43
      39
      45
      34
      43
      36
      48
      48
      47
      51
      48
      48
      44
      45
      41
      43
      49
      55
      56
      42
      39
      42
      45
      29
      33
      51
      56
      43
      39
      54
      56
      50
      33
      35
      47
      45
      46
      51
      55
      38
      55
      44
      37
      41
      44
      47
      40
      48
      48
      42
      44
      37
      58
      63
      55
      39
      47
      41
      48
      47
      47
      59
      43
      33
      47
      46
      32
      38
      37
      50
      28
      49
      33
      44
      49
      36
      49
      39
      43
      49
      48
      47
      37
      48
      45
      46
      44
      51
      63
      50
      44
      49
      47
      59
      46
      53
      38
      36
      54
      47
      47
      42
      41
      44
      45
      37
      42
      38
      37
      45
      41
      36
      45
      49
      47
      41
      57
      50
      44
      51
      42
      58
      42
      50
      47
      34
      45
      47
      47
      43
      41
      50
      49
      37
      52
      41
      40
      42
      56
      33
      62
      50
      36
      50
      37
      52
      38
      42
      46
      39
      41
      40
      49
      45
      52
      47
      44
      42
      39
      41
      54
      55
      39
      45
      48
      39
      38
      47
      53
      55
      41
      57
      37
      36
      40
      56
      47
      33
      38
      51
      41
      47
      41
      49
      50
      53
      43
      40
      33
      46
      55
      46
      38
      44
      42
      58
      55
      45
      49
      32
      51
      58
      46
      47
      43
      56
      40
      46
      52
      39
      33
      52
      36
      38
      36
      46
      44
      37
      38
      45
      46
      35
      38
      42
      52
      44
      48
      46
      45
      50
      45
      49
      42
      50
      42
      43
      46
      35
      45
      29
      60
      41
      32
      52
      51
      45
      51
      45
      49
      41
      41
      44
      61
      35
      44
      30
      44
      41
      33
      41
      45
      39
      39
      43
      43
      40
      42
      50
      44
      47
      58
      27
      35
      42
      47
      52
      48
      53
      52
      41
      40
      43
      38
      47
      45
      41
      44
      49
      50
      57
      40
      52
      39
      39
      43
      49
      59
      52
      50
      41
      41
      37
      43
      38
      39
      45
      47
      36
      45
      53
      39
      37
      47
      53
      44
      44
      25
      47
      47
      54
      52
      44
      52
      47
      53
      46
      41
      38
      38
      57
      55
      36
      41
      51
      51
      34
      49
      47
      43
      39
      48
      43
      36
      43
      44
      47
      49
      58
      46
      40
      48
      45
      42
      48
      47
      44
      57
      43
      41
      33
      48
      43
      45
      40
      47
      63
      51
      56
      46
      59
      40
      41
      32
      46
      33
      44
      57
      47
      51
      48
      40
      48
      44
      48
      49
      48
      45
      45
      44
      49
      48
      42
      38
      39
      35
      43
      44
      58
      57
      39
      39
      54
      47
      50
      44
      46
      42
      47
      41
      51
      49
      42
      54
      43
      48
      47
      41
      40
      47
      52
      51
      47
      55
      47
      53
      54
      47
      52
      31
      56
      53
      47
      48
      40
      46
      50
      48
      39
      49
      53
      49
      45
      47
      42
      38
      53
      51
      49
      49
      44
      55
      30
      54
      42
      61
      51
      44
      50
      36
      35
      60
      46
      52
      40
      34
      55
      54
      44
      47
      43
      55
      58
      56
      48
      41
      38
      44
      60
      46
      32
      49
      50
      47
      46
      47
      49
      36
      47
      49
      55
      45
      41
      34
      52
      44
      59
      52
      44
      59
      50
      46
      48
      50
      47
      39
      49
      53
      50
      46
      47
      43
      45
      49
      53
      40
      54
      38
      48
      47
      46
      54
      51
      40
      44
      46
      45
      52
      35
      47
      55
      42
      50
      50
      47
      48
      50
      54
      44
      45
      56
      38
      40
      43
      45
      43
      45
      53
      51
      35
      46
      47
      43
      54
      48
      53
      48
      49
      49
      53
      44
      43
      49
      52
      38
      45
      39
      35
      34
      48
      42
      49
      54
      48
      37
      38
      36
      52
      42
      45
      42
      43
      56
      57
      41
      65
      33
      35
      39
      47
      49
      47
      43
      38
      37
      40
      47
      56
      43
      60
      50
      41
      48
      40
      42
      45
      59
      38
      46
      50
      31
      47
      47
      38
      52
      49
      38
      40
      43
      50
      49
      42
      59
      57
      54
      50
      40
      62
      54
      39
      38
      53
      40
      51
      49
      37
      41
      47
      50
      42
      38
      65
      35
      55
      46
      46
      54
      50
      57
      42
      48
      33
      47
      50
      45
      48
      49
      56
      47
      57
      59
      55
      38
      51
      56
      55
      46
      53
      57
      56
      62
      49
      45
      62
      46
      47
      54
      52
      41
      41
      55
      54
      43
      53
      47
      54
      64
      46
      43
      61
      49
      43
      37
      41
      55
      47
      41
      58
      52
      34
      45
      41
      47
      44
      60
      46
      58
      56
      50
      51
      42
      38
      64
      56
      48
      44
      46
      38
      43
      48
      46
      51
      54
      49
      46
      48
      44
      49
      52
      49
      55
      56
      56
      63
      56
      58
      44
      59
      42
      51
      51
      52
      41
      48
      54
      50
      46
      52
      46
      63
      52
      58
      33
      39
      34
      62
      53
      54
      66
      62
      52
      46
      54
      48
      44
      51
      51
      44
      52
      41
      51
      40
      46
      42
      46
      37
      49
      55
      53
      52
      48
      43
      45
      47
      54
      45
      57
      56
      45
      52
      42
      51
      51
      55
      50
      54
      50
      49
      54
      56
      42
      57
      48
      52
      51
      45
      59
      37
      55
      53
      58
      40
      46
      58
      47
      47
      58
      52
      49
      57
      51
      54
      52
      43
      36
      40
      52
      43
      56
      45
      42
      34
      57
      54
      48
      40
      42
      51
      59
      53
      39
      54
      54
      55
      58
      62
      62
      49
      44
      39
      56
      41
      52
      47
      57
      49
      58
      56
      51
      53
      48
      48
      40
      57
      55
      43
      53
      49
      60
      51
      55
      48
      47
      71
      51
      44
      54
      57
      47
      33
      52
      45
      49
      38
      48
      55
      61
      50
      59
      65
      55
      68
      52
      42
      49
      60
      37
      35
      36
      38
      55
      48
      56
      53
      54
      55
      50
      49
      47
      43
      42
      60
      54
      48
      40
      46
      48
      55
      61
      57
      57
      46
      57
      59
      47
      49
      51
      50
      34
      44
      41
      49
      40
      60
      48
      54
      49
      55
      45
      57
      53
      49
      46
      42
      38
      55
      51
      55
      48
      47
      59
      60
      55
      69
      64
      47
      54
      40
      53
      63
      61
      47
      56
      47
      40
      66
      39
      63
      48
      65
      45
      54
      61
      56
      48
      49
      40
      57
      43
      60
      54
      47
      46
      54
      53
      65
      58
      57
      64
      57
      51
      53
      41
      60
      46
      56
      49
      54
      54
      49
      52
      47
      42
      53
      49
      40
      43
      52
      52
      51
      44
      56
      55
      58
      53
      55
      48
      57
      50
      67
      57
      55
      48
      61
      60
      45
      50
      54
      50
      45
      42
      53
      54
      52
      47
      54
      47
      47
      58
      58
      53
      52
      47
      47
      61
      60
      34
      53
      68
      59
      52
      47
      58
      65
      50
      60
      62
      48
      55
      64
      57
      51
      51
      71
      51
      56
      53
      56
      55
      49
      50
      43
      63
      56
      55
      58
      67
      48
      62
      56
      50
      63
      54
      56
      59
      50
      46
      47
      65
      44
      58
      49
      43
      50
      55
      52
      56
      53
      52
      55
      47
      65
      45
      53
      56
      58
      47
      50
      48
      47
      49
      59
      62
      72
      47
      44
      65
      61
      56
      65
      44
      50
      56
      58
      51
      49
      58
      59
      64
      54
      50
      54
      60
      42
      50
      59
      65
      65
      67
      48
      63
      46
      56
      43
      53
      59
      47
      72
      44
      59
      57
      63
      61
      57
      64
      52
      43
      44
      43
      40
      45
      53
      47
      58
      51
      66
      49
      47
      61
      55
      56
      50
      59
      62
      66
      56
      46
      58
      49
      52
      47
      58
      54
      59
      46
      45
      55
      67
      65
      63
      55
      53
      63
      62
      55
      52
      42
      55
      57
      55
      58
      58
      53
      48
      44
      67
      54
      63
      66
      57
      59
      65
      54
      65
      69
      54
      58
      48
      56
      63
      47
      50
      66
      54
      59
      47
      60
      59
      61
      55
      54
      61
      57
      56
      74
      59
      62
      54
      47
      56
      54
      66
      56
      54
      60
      54
      64
      57
      57
      58
      51
      58
      52
      63
      40
      63
      50
      54
      67
      50
      63
      52
      49
      54
      55
      52
      52
      59
      70
      58
      59
      48
      77
      63
      66
      65
      79
      58
      58
      69
      52
      69
      64
      63
      61
      44
      61
      60
      54
      68
      58
      63
      55
      71
      61
      55
      68
      59
      55
      69
      54
      52
      52
      59
      64
      54
      57
      60
      52
      53
      47
      64
      69
      67
      82
      59
      67
      61
      67
      61
      50
      58
      73
      56
      61
      62
      54
      57
      76
      72
      52
      61
      56
      54
      53
      64
      69
      65
      58
      52
      60
      47
      70
      55
      62
      63
      49
      69
      46
      60
      77
      73
      56
      71
      47
      57
      59
      72
      66
      54
      67
      48
      64
      51
      65
      78
      66
      66
      59
      57
      49
      63
      64
      53
      57
      56
      71
      58
      52
      51
      67
      61
      65
      66
      59
      55
      54
      68
      59
      53
      63
      61
      65
      55
      60
      50
      66
      71
      72
      51
      61
      49
      61
      48
      65
      55
      63
      58
      85
      59
      57
      57
      59
      47
      74
      62
      52
      56
      67
      58
      59
      76
      63
      66
      67
      57
      63
      69
      58
      50
      54
      65
      74
      77
      46
      53
      56
      77
      71
      60
      61
      56
      72
      61
      61
      56
      66
      80
      61
      58
      58
      50
      67
      63
      66
      53
      61
      58
      70
      67
      53
      68
      70
      67
      54
      57
      68
      68
      60
      56
      70
      58
      54
      58
      66
      62
      66
      60
      60
      65
      69
      67
      65
      47
      66
      54
      61
      65
      63
      54
      56
      67
      69
      55
      64
      67
      50
      77
      59
      69
      51
      65
      52
      83
      63
      66
      66
      68
      77
      56
      77
      59
      67
      70
      61
      56
      70
      50
      68
      64
      62
      84
      57
      65
      62
      69
      62
      69
      77
      81
      63
      57
      64
      55
      58
      64
      59
      81
      65
      85
      62
      66
      63
      67
      72
      59
      44
      53
      60
      66
      69
      64
      72
      62
      74
      71
      54
      64
      76
      65
      82
      68
      79
      61
      50
      69
      59
      75
      77
      78
      51
      85
      60
      87
      79
      63
      65
      52
      71
      60
      85
      67
      72
      71
      74
      59
      77
      64
      74
      68
      67
      62
      69
      49
      91
      77
      57
      66
      78
      63
      72
      64
      89
      56
      78
      68
      64
      67
      81
      74
      64
      64
      71
      73
      62
      67
      61
      78
      73
      56
      66
      73
      66
      69
      65
      66
      88
      62
      60
      72
      83
      57
      64
      68
      74
      60
      67
      72
      75
      64
      78
      62
      75
      70
      51
      55
      64
      81
      59
      76
      49
      79
      57
      64
      60
      76
      71
      77
      72
      62
      61
      70
      62
      61
      74
      58
      58
      59
      95
      68
      64
      75
      74
      74
      82
      78
      80
      65
      75
      69
      63
      78
      77
      62
      74
      68
      80
      76
      62
      85
      70
      70
      84
      73
      78
      72
      82
      74
      76
      58
      84
      77
      84
      72
      70
      60
      77
      72
      71
      81
      70
      76
      74
      64
      78
      96
      74
      62
      71
      66
      73
      67
      93
      67
      71
      91
      69
      74
      59
      75
      82
      82
      84
      80
      57
      75
      86
      78
      58
      81
      80
      78
      73
      99
      88
      78
      88
      78
      70
      76
      76
      95
      68
      74
      84
      67
      83
      74
      67
      77
      92
      66
      96
      85
      64
      82
      86
      77
      80
      84
      94
      76
      88
      95
      85
      92
      86
      96
      74
      77
      81
      62
      86
      79
      78
      75
      78
     102
      77
     107
      92
      83
      76
      82
      58
      74
      73
      81
      82
      79
      90
      75
      83
      72
      70
      77
      74
      78
      80
      84
      80
      78
      81
      64
      76
      72
      76
      71
      85
      61
      72
      79
      74
      78
      72
      70
      61
      71
      88
      83
      65
      98
      82
      88
      77
      78
      68
      88
      71
      74
      84
      86
      70
      71
      80
      89
      76
      66
      76
      80
      81
      87
      91
      79
      88
      97
      89
      86
      78
      75
      70
      79
      80
      57
      71
      88
      66
      87
      84
      86
      89
      66
      82
      85
      81
      80
      88
      72
      77
      71
      79
      88
      80
      68
      76
      91
      72
      82
      75
      65
      84
      81
      82
      67
      80
      74
      79
      69
      99
      76
      91
      63
      77
      72
      76
      80
      92
      83
      85
      72
      86
      87
      76
      90
      78
      74
      82
      83
      78
      70
      84
      69
      83
      76
      70
      89
      71
      81
      85
      96
      91
      72
      66
      76
      80
      71
      77
      88
      96
      81
      75
     105
      78
      64
      80
      80
      86
      87
      95
     101
      90
      75
      97
      66
      79
      98
      74
      92
      94
      70
      82
      76
      81
      87
      82
      68
      85
      96
      80
      85
      88
      81
      86
      91
      66
      81
      80
      95
      83
      86
      89
     100
      65
      89
      94
      66
      93
      92
      92
      83
      90
      77
      65
      83
      91
      98
      93
      96
     111
      74
      79
      87
      69
      94
      84
      76
      89
      89
      91
     102
      80
      91
      89
      93
      78
      86
      84
      81
      93
      82
      88
      61
      82
      78
      95
      99
      94
      86
      83
      85
      89
      81
     100
      78
      80
      91
      97
      89
      83
      79
      80
      80
      84
      81
      90
      71
      83
      97
      90
      78
      90
      94
      77
     100
      82
      81
      73
      88
      77
      88
      85
      83
      71
      83
      92
      78
      84
     101
      92
      87
     101
      63
      87
      85
     104
      85
     100
      80
      72
      76
      93
      79
      85
      85
      76
      85
      84
     100
     104
      81
      96
      75
      78
      75
      85
      90
      88
      97
      83
      81
      83
      97
      76
      93
      79
      84
      86
     100
      89
      88
      84
      78
      88
      77
      74
      90
      88
     104
      97
      82
      96
      74
      91
      89
      89
      85
      73
      75
      96
      78
      83
      76
      82
      83
      71
      83
      81
      89
      77
      79
      70
      88
      88
      79
      76
      65
      69
      75
      77
      87
      83
      66
      80
      75
      82
      77
      85
      77
      82
      74
      69
      86
      74
      79
      77
      74
      85
      88
      83
      61
      77
      64
      87
      73
      76
      85
      70
      71
      67
      82
      76
      63
      72
      67
      70
      66
      64
      70
      57
      57
      72
      73
      73
      50
      71
      55
      52
      59
      62
      77
      63
      56
      48
      63
      61
      64
      50
      60
      62
      65
      62
      64
      55
      55
      45
      49
      64
      59
      61
      60
      48
      58
      74
      59
      58
      56
      61
      57
      44
      66
      55
      58
      49
      55
      45
      54
      50
      48
      59
      48
      59
      62
      56
      43
      41
      60
      59
      50
      52
      55
      53
      46
      67
      55
      55
      56
      51
      60
      51
      43
      57
      52
      57
      56
      66
      59
      56
      49
      47
      67
      51
      49
      52
      58
      54
      50
      50
      48
      61
      53
      40
      46
      49
      47
      56
      49
      48
      61
      48
      55
      65
      44
      51
      44
      48
      54
      60
      45
      57
      43
      58
      60
      55
      39
      48
      56
      52
      55
      58
      43
      34
      43
      63
      60
      61
      43
      49
      53
      45
      45
      53
      48
      54
      46
      40
      55
      45
      49
      41
      44
      40
      53
      46
      42
      52
      44
      46
      50
      41
      45
      42
      40
      51
      47
      43
      47
      49
      34
      39
      41
      52
      56
      38
      51
      46
      48
      56
      53
      51
      39
      40
      47
      53
      45
      43
      47
      47
      48
      49
      36
      63
      46
      43
      46
      51
      47
      44
      41
      49
      40
      37
      43
      45
      44
      43
      30
      59
      50
      47
      40
      46
      39
      44
      47
      54
      40
      52
      54
      58
      60
      35
      52
      47
      38
      54
      42
      48
      48
      36
      42
      43
      43
      36
      52
      53
      43
      41
      41
      45
      40
      59
      47
      44
      25
      51
      41
      40
      43
      41
      51
      57
      39
      43
      46
      52
      37
      39
      42
      44
      50
      56
      37
      42
      41
      43
      40
      44
      47
      49
      42
      49
      50
      37
      55
      42
      46
      45
      38
      51
      53
      46
      40
      31
      35
      33
      33
      46
      37
      41
      53
      42
      44
      38
      28
      39
      43
      44
      51
      44
      54
      41
      35
      47
      39
      44
      41
      51
      42
      47
      50
      32
      44
      42
      47
      35
      46
      53
      39
      41
      39
      36
      45
      33
      41
      33
      51
      31
      35
      42
      24
      41
      37
      37
      53
      37
      37
      46
      45
      42
      47
      47
      40
      46
      42
      46
      48
      44
      49
      39
      32
      35
      47
      46
      53
      31
      33
      41
      41
      44
      53
      39
      45
      58
      35
      37
      61
      35
      45
      38
      41
      41
      44
      41
      58
      47
      54
      45
      31
      40
      44
      41
      44
      40
      34
      53
      47
      42
      32
      35
      43
      45
      54
      25
      39
      43
      46
      37
      41
      39
      40
      51
      51
      37
      55
      53
      47
      50
      33
      43
      48
      40
      34
      42
      38
      28
      43
      27
      43
      32
      36
      31
      39
      44
      44
      38
      42
      46
      39
      46
      34
      40
      40
      48
      47
      32
      28
      45
      37
      36
      29
      57
      38
      29
      43
      39
      41
      37
      35
      35
      39
      39
      43
      30
      40
      30
      36
      44
      27
      27
      32
      44
      39
      32
      38
      36
      47
      34
      39
      30
      27
      39
      39
      33
      36
      36
      43
      40
      33
      31
      30
      28
      41
      36
      46
      45
      23
      30
      50
      39
      28
      29
      36
      36
      45
      44
      39
      28
      33
      41
      40
      26
      37
      36
      33
      50
      45
      44
      41
      35
      31
      21
      28
      36
      37
      32
      26
      35
      33
      50
      32
      36
      35
      36
      36
      39
      34
      29
      32
      33
      36
      25
      27
      37
      35
      34
      26
      32
      46
      34
      47
      35
      30
      37
      31
      29
      32
      42
      46
      41
      38
      32
      30
      42
      38
      41
      33
      24
      37
      34
      33
      40
      28
      30
      51
      45
      40
      38
      36
      24
      33
      48
      38
      32
      33
      24
      37
      40
      37
      44
      42
      46
      36
      30
      36
      34
      31
      31
      35
      31
      30
      39
      30
      36
      42
      43
      26
      41
      40
      29
      27
      38
      37
      30
      37
      31
      38
      31
      25
      28
      33
      18
      26
      19
      37
      27
      35
      33
      44
      40
      29
      40
      27
      34
      27
      41
      33
      27
      35
      36
      35
      31
      24
      27
      35
      26
      29
      35
      41
      27
      31
      29
      31
      29
      34
      27
      38
      32
      31
      25
      29
      26
      43
      32
      26
      31
      34
      39
      23
      32
      35
      24
      35
      30
      30
      27
      35
      36
      26
      32
      36
      27
      31
      34
      33
      32
      28
      35
      35
      33
      30
      33
      29
      32
      22
      26
      24
      33
      29
      27
      31
      39
      38
      30
      41
      27
      30
      33
      35
      26
      24
      29
      28
      22
      42
      34
      41
      24
      33
      36
      34
      25
      33
      24
      22
      24
      35
      28
      32
      31
      22
      31
      28
      35
      39
      34
      27
      25
      29
      22
      22
      21
      30
      23
      37
      29
      22
      38
      27
      22
      34
      27
      24
      24
      30
      19
      33
      42
      24
      39
      30
      24
      38
      32
      28
      24
      24
      26
      20
      21
      22
      25
      26
      35
      20
      22
      28
      31
      19
      18
      28
      35
      30
      25
      22
      23
      31
      18
      29
      19
      29
      33
      30
      24
      36
      19
      22
      23
      19
      24
      26
      19
      25
      20
      26
      23
      22
      23
      27
      20
      25
      26
      20
      20
      33
      18
      23
      20
      26
      23
      22
      20
      30
      24
      27
      23
      22
      27
      25
      21
      30
      18
      21
      30
      26
      31
      27
      32
      23
      18
      29
      24
      21
      23
      31
      17
      27
      21
      27
      23
      24
      26
      30
      24
      23
      24
      21
      29
      28
      27
      27
      25
      20
      24
      19
      23
      28
      20
      17
      12
      18
      25
      21
      30
      22
      24
      27
      23
      35
      17
      27
      14
      29
      22
      31
      26
      16
      21
      26
      24
      21
      31
      20
      24
      31
      19
      25
      19
      26
      25
      17
      17
      19
      27
      20
      14
      19
      20
      22
      26
      15
      23
      22
      19
      27
      22
      20
      24
      24
      29
      14
      25
      23
      21
      19
      17
      18
      21
      20
      16
      23
      26
      27
      15
      11
      25
      17
      21
      17
      19
      16
      21
      20
      17
      15
      25
      24
      24
      23
      22
      14
      16
      24
      30
      16
      21
      22
      20
      26
      23
      13
      27
      21
      15
      22
      20
      11
      22
      23
      17
      15
      21
      25
      23
      21
      22
      24
      19
      26
      18
      20
      28
      26
      11
      16
      20
      18
      27
      13
      18
      13
      21
      17
      22
      24
      20
      23
      22
      20
      23
      13
      14
      18
      23
      22
      15
      20
      17
      19
      19
      19
      14
      23
      19
      17
      20
      13
      16
      24
      18
      13
      20
      13
      14
      23
      21
      22
       8
      10
      18
      25
      21
      14
      18
      17
      21
      10
      17
      19
      28
      19
      14
      16
      14
      15
      11
      22
      15
      14
       8
      20
      12
      16
      17
      18
      19
      20
      13
      22
      14
      14
      25
      20
      15
      17
      15
      14
      25
      22
      11
      21
      18
      10
      16
      14
      22
      19
      12
      16
      13
      19
       9
      18
      18
      16
      11
      25
      19
      23
      23
      14
      13
      13
      20
      17
      13
      14
      19
      25
      19
      10
      20
      14
      12
      15
      19
      20
      12
      13
      11
      13
      12
      12
      17
      17
      13
      30
      21
      21
      14
      20
      15
      15
      18
      16
      15
      17
      16
      13
      12
      21
      19
      16
      21
      17
      16
      10
      17
      15
      14
      13
      19
      10
      12
       8
      11
      17
      13
      14
      10
       9
      18
      10
      20
      11
      13
      11
      15
      14
      18
      20
      16
      19
      14
      24
      19
      16
      13
      18
      21
      11
      16
      13
      18
      13
      10
      12
      18
      16
      10
      10
      18
      12
      15
      17
      16
      11
      22
      12
      11
      19
      10
      17
      13
       9
      15
      12
      15
      13
      13
      13
       9
      15
      11
      12
      13
      18
      25
      12
      10
      14
      17
       9
      15
      11
       4
       7
      11
      14
      10
      19
      13
       9
      17
      12
      19
      12
      10
      12
      10
      13
       9
       5
      17
      19
      26
      11
      15
      18
      12
      18
      13
      17
      18
       9
      13
      13
      11
      10
      12
      14
      11
      16
      19
      14
      22
      12
      20
      18
      13
      20
      27
       4
      13
      10
      16
      13
      12
      13
      12
      12
      13
       8
      19
       9
      18
      11
       8
      16
      13
      11
      20
      16
      16
      13
      17
      14
       5
      12
      15
      13
      14
      21
      17
      14
      14
      16
      10
      15
      16
      11
      10
      17
      16
      12
      17
      12
      14
      14
      10
      13
      13
      17
      16
      13
       9
      13
      15
      13
      15
      13
      14
      13
      14
      18
      12
       9
      17
      20
      13
      12
      13
      12
      16
      11
      11
      11
      17
      16
      11
      11
      11
      13
      13
      18
      19
      15
      15
      13
      19
      10
      13
       9
       7
      13
      15
      12
      11
      16
      12
      10
      10
      10
      11
      12
      16
      10
      11
      11
      12
      17
       5
      12
      11
      12
      13
      20
       8
      12
      13
      15
      12
      10
      14
      13
      16
       9
      15
      10
      12
      12
       6
      11
      10
       9
      22
      11
      17
      11
       9
      12
      14
      20
      14
      16
       8
      14
      16
      16
      18
      12
       7
      13
      18
      13
      11
      13
      11
      14
      15
      11
       7
      11
      15
      14
       9
      15
      10
      10
      12
      10
      13
      18
      10
      16
      14
      15
      12
      10
       7
      14
      14
      12
       7
      12
      10
       9
      12
      10
      10
      15
      18
      15
      13
       8
      16
      16
      17
      14
      12
      15
      11
       9
      11
       8
      10
      17
      11
      16
      10
      18
      14
      16
      10
      11
      10
      10
      11
      17
       9
      14
      11
       7
      14
      18
       8
       8
      11
      13
      23
      15
       9
      16
      14
      11
      10
      15
      14
      16
      13
      13
      12
      21
      12
      18
      22
      13
      13
      14
      12
      14
      11
      11
      19
       9
      16
      17
      18
      14
      15
      10
      13
      12
      11
      11
      15
      18
      14
      19
      10
      15
       6
       8
       8
      13
      10
      12
       7
      14
       8
      12
      11
      14
      12
      12
      16
      11
      11
      14
      10
      12
      12
      16
      15
      17
      13
       9
      12
       8
       9
      10
      17
      10
      14
      11
       9
      13
      21
       8
      15
       8
      11
      16
       9
      10
      12
      11
      12
      20
      16
      15
       9
      20
       9
      19
      17
       9
      12
      10
      12
      10
       1
      16
      14
      12
      14
      13
      17
      16
      17
      11
      15
      10
      17
      13
      18
      12
      21
      14
      10
      14
      16
      15
      14
      10
      22
      13
       9
       7
      12
      17
      24
       8
      13
      10
      12
      13
      10
      14
      13
      12
       8
      10
      16
      14
      12
      17
      13
      15
      17
      11
      10
      16
       9
      21
      22
       9
      15
      16
      11
       9
      13
      13
      11
      12
      13
      10
      11
      13
      20
       7
      13
      10
      12
      12
      10
      17
      14
       5
      14
      11
      13
      13
      15
      11
      14
      12
      17
      10
      14
      12
      12
      15
      10
      10
      21
      14
      16
      13
      17
       7
      17
      14
      15
      12
      14
       6
      18
      19
      15
      21
      17
      14
      14
      13
       9
      13
      12
      12
      12
      12
      15
       8
      15
      14
      14
      11
      11
      12
      17
       8
       9
       9
      18
      12
      14
      11
      11
      19
      11
       9
      13
      14
      20
      13
      17
      12
      17
      12
       7
      10
      11
      12
      14
      11
      19
      14
      13
      12
       9
      16
       9
      13
      15
      14
      13
      15
      17
      13
      10
      16
      13
      10
      10
      19
      15
      12
       9
      12
      10
      12
      19
      14
       7
       7
       9
       9
      14
      13
       6
       8
       7
      15
      13
      12
      11
      10
      11
       9
      18
      12
      19
       9
       8
       8
       8
      12
      13
      16
      19
      15
      14
      13
      11
      10
       6
      10
      10
      11
      10
      14
      14
      15
      12
      12
       5
      20
      10
      10
       7
      13
      17
      10
       9
      16
      13
      13
      12
      14
       9
       9
      12
      12
      14
      15
       9
       7
      15
       7
       6
      15
      11
      12
      11
      17
      10
       7
      18
       9
      12
      17
      10
      12
       4
      18
      17
      10
      15
      16
      12
      13
      10
      16
      16
      14
      10
      14
      20
      12
      11
       8
       9
      20
      13
      12
      15
      14
      15
      17
      14
      13
      11
       6
      11
      12
      19
      12
      12
      19
      14
      17
      11
      10
      16
       8
      16
      15
      13
       6
      11
       6
      12
      14
      15
      17
      15
      16
      16
      15
      15
      13
      12
      18
      11
      10
      15
       9
       9
      15
      18
      10
       8
      15
       7
      12
      10
      16
      15
      15
      13
      13
      17
      12
       8
      17
      17
      13
      15
      16
      11
      11
      13
      24
      16
      15
      14
      12
      12
      16
      17
      12
      17
      18
      12
      15
      12
      12
      26
      13
      10
       9
      10
      13
      10
       6
      14
       5
      14
      12
       7
       6
      19
      10
       9
      12
      17
      25
      10
       9
      11
      12
      12
       9
      15
      15
      12
      12
      16
      17
       8
       7
      15
      15
      13
       9
       4
      14
      17
      15
      11
      13
      11
      14
      18
      17
      17
      14
      12
      12
      12
      17
      12
      15
      15
      14
      17
      10
      19
      13
      10
      14
      21
      15
      15
      16
      16
      18
      17
      14
      15
      14
      19
      15
      14
      16
      14
      14
      12
      10
      16
       9
      11
      16
      17
      13
      20
      12
      14
      10
      22
      16
      11
      16
      16
      20
      19
      11
      14
      15
      12
      25
      20
      20
       9
      20
      16
      10
      16
      15
      22
      17
      17
      15
      10
      22
      18
      14
      20
      22
      21
      28
      25
      18
      13
      23
      28
      25
      21
      23
      22
      22
      35
      37
      35
      33
      37
      59
      40
      54
      44
      70
      85
      88
      99
     108
     128
     166
     175
     215
     255
     292
     317
     447
     490
     627
     658
     819
    1034
    1228
    1460
    1578
    1887
    2276
    2582
    2805
    3088
    3430
    3799
    3816
    4106
    4126
    4178
    4175
    4063
    3980
    3570
    3286
    3132
    2768
    2396
    2033
    1671
    1390
    1179
     897
     762
     593
     409
     341
     220
     177
     145
      91
      71
      45
      39
      40
      33
      29
      25
      27
      17
      22
      22
      25
      18
      16
      16
      26
      21
       9
      19
      10
      16
      17
      15
      12
      15
      14
      14
       9
       9
      17
      16
      11
      15
      13
      16
       8
      12
      12
      14
      22
      11
      11
      17
      17
       7
      11
      19
      12
       8
      10
      16
       8
       7
      10
      17
      10
      11
       8
      10
      14
      12
      11
      10
      10
      11
      11
      10
      15
       9
      11
      13
      13
       9
      13
       6
      16
      10
      13
       7
       7
      14
       6
       7
      14
      13
      13
       3
      12
      11
      12
       9
       7
      12
      10
      12
      13
      10
       7
       4
      13
       7
      11
       7
      11
       8
      13
      19
      11
      10
       9
      15
       6
       9
       6
      14
       5
       7
       8
      10
       8
      11
       9
       3
      14
       9
       5
      13
      12
       6
       6
      10
      10
       9
      18
      13
      12
      12
      10
      13
      12
       6
       3
      11
      11
      12
       9
       8
      12
      13
       9
       6
       6
      10
       9
       3
       7
      12
       8
      10
      13
       8
      10
       9
       9
       9
       6
       7
       4
      10
      11
       7
       8
       7
      16
       7
       5
       7
      14
       8
       8
      16
       9
       6
       9
      10
       7
       8
       4
       8
      12
      13
       4
       9
       7
      11
      11
       4
       8
       5
      15
       7
      11
       6
       9
       5
       7
       8
      12
       9
      12
      14
       8
      10
       6
       5
       5
       4
       8
       8
       8
       7
       4
       8
       3
       4
       3
       7
       8
       8
      11
       8
       9
       8
       9
      12
      14
      11
       7
      13
       9
       9
       8
       8
      10
       9
      11
       5
       3
       4
       9
       5
      10
       7
      12
      11
       9
      18
       4
       3
      11
       5
       7
      11
       5
       9
       7
       5
       8
      13
       6
       7
       7
       8
       8
       7
       8
      11
       8
       6
       9
       8
       2
      10
      10
       7
       9
      15
       8
       5
       5
       8
      10
       7
       7
       5
       9
       9
      14
       4
       8
      10
       7
      10
       4
       5
      11
       9
       3
       6
       6
       7
       9
      16
       5
      10
       6
       6
       5
       7
       9
       3
       8
       6
       8
      12
       6
       8
       5
       8
       8
       8
       9
       6
       6
      11
      10
       7
       6
      13
      11
       3
       7
       8
      10
       6
       8
       6
       5
       6
       5
      11
       6
      14
       9
       4
       7
       7
       9
       4
       2
       9
       6
       3
       9
       8
       5
      10
       7
       8
       4
       9
       3
      11
       9
      10
       8
       5
       3
       4
       6
       9
       7
       7
       3
       7
       9
       7
       3
       5
      10
       5
       3
       3
      10
       6
       7
       5
       8
       6
      10
       6
       8
       4
       7
       7
       9
       6
       8
       3
      14
       6
       6
       7
       6
       2
       7
       6
       9
       6
       9
       5
      11
       4
       6
       8
       5
       4
       7
      10
       6
       3
      10
       8
       8
       2
      14
       5
       8
       8
       4
       9
       3
       6
       7
       5
       4
       6
       7
       3
       3
       8
       5
      13
       7
       8
       5
       6
       7
       6
       8
       5
       4
       7
       4
       6
       4
       4
       7
       5
       5
       5
       7
       7
       7
       7
      11
       3
       9
       5
       5
      11
       6
       2
       7
       5
       7
       5
      12
       6
      10
       2
      11
       4
       7
      13
      10
       4
       9
      10
       4
      10
       7
       8
       6
       8
       2
       6
       6
       6
       2
       8
       3
       7
       8
       8
       5
       8
      11
       6
       5
       6
       4
       6
       6
       7
       6
       8
       8
       6
       7
       5
       3
       4
      10
       6
       6
       4
       6
       7
       4
      10
       8
       9
       6
       3
      11
       2
       9
      13
       7
       4
      10
       5
       5
       5
       4
       6
       6
       4
       7
       8
       8
       7
      14
       9
       7
       5
       2
       8
       5
       7
       9
       1
       6
       4
       7
       3
       9
       5
       8
       7
       8
       6
       4
      12
       4
       3
       5
      10
       7
       6
      10
       4
       7
       6
      15
       6
       0
       4
       6
       6
       9
       8
       7
      10
       5
      12
       7
       9
       7
       5
       6
       7
       4
      12
      12
      12
       3
       2
       5
       8
       9
      10
       9
       5
       5
       3
       3
       2
       6
       4
       5
       6
       2
      14
       5
       6
       7
       7
       5
       9
       2
       5
       7
       7
       6
       7
       7
       4
       7
       5
       9
       5
       7
       6
       4
       3
       5
      10
       6
       4
       6
       8
       6
       6
       5
       4
       4
       4
       4
       3
       5
       8
       6
       6
       6
      10
       7
       7
       4
       5
       5
       4
       6
       3
      13
       4
       5
       3
       1
       8
       2
       4
       3
       6
       8
       8
       5
       5
       4
       6
       7
       9
       6
       5
       8
       7
       8
       5
       8
       5
       5
       3
       6
       7
       5
       3
       6
       3
       3
       4
       4
       2
       7
       5
       4
       4
       7
       7
       6
       3
       6
       8
       8
       5
       5
       6
       7
       3
       5
      10
       5
      10
       3
       8
       3
       8
       4
       4
       7
       9
       5
       7
       6
      11
       5
       2
      15
       4
       8
      11
       7
       4
       9
       2
       3
       5
       8
       4
       7
       3
       3
       9
       6
       6
       8
       7
       4
       6
       3
       7
       4
       9
       5
       7
       5
       7
       8
       4
       8
       4
       3
       4
       6
       7
       3
       2
       5
       3
      12
       9
       7
       5
       3
       7
       4
       6
       7
       5
      11
       7
       6
       7
       8
       7
       7
       4
       6
       6
       4
       7
       5
       5
       5
       7
       6
       6
       5
       2
       3
       4
       5
       5
       8
       5
       6
       5
       6
      10
       9
       3
      12
      11
       7
      10
       6
       6
      11
       9
       4
       5
       7
       5
       4
      14
       7
       3
       7
       9
      10
       4
       1
      10
       4
       6
       3
       8
      10
       4
       5
       3
       9
       6
       7
       3
       1
       8
       8
       4
       4
       8
       3
       7
       3
       4
       7
       5
       3
       5
       6
      11
       7
       3
       5
       5
       4
       4
       6
      11
       5
       3
       4
       2
       6
       8
       5
       7
      11
       8
       4
       9
       7
       5
      11
       7
       7
       2
       4
       9
       6
       7
       4
      10
       8
       3
       7
       5
       9
       7
      11
       7
       6
       4
       2
       2
       6
       8
       2
       2
       6
       6
       4
       6
       9
       3
       8
       7
       6
       2
       6
       5
       6
       7
       6
       2
       5
       5
       7
      11
       8
       4
       5
       7
       8
       8
       6
       4
       7
       3
       7
       8
       3
       6
       3
       6
       5
       7
       1
       5
       1
       6
       4
       6
       7
       3
       5
       7
       7
       3
       8
       7
       8
       4
       3
      10
       5
       2
       9
       4
       7
       7
       5
       3
       7
       5
       6
      10
       6
       3
      11
       7
       6
       3
       5
       5
       4
       7
       6
       7
       9
       7
       5
       4
       7
       2
       4
       2
       5
       6
       6
       2
       5
       5
       3
       7
       6
       7
       5
       5
       3
       6
       4
       3
       3
       5
       3
       5
       8
       5
       3
       3
       6
       1
       1
      10
       4
       5
       8
       7
       3
       5
       5
       4
      11
       8
       3
       3
       5
       7
       3
       7
       5
       6
      12
       4
       5
       2
       4
       6
       4
       4
       7
       7
       3
       7
       3
      10
       3
       8
       8
       7
       2
       5
       4
       6
       3
       6
       6
       5
       5
       9
       9
       5
       9
       9
       7
       7
       3
       4
       3
       6
       5
       5
       4
       1
       4
       4
      10
       5
       6
       3
       3
       1
       5
       4
       3
       4
       4
       5
       3
       7
       6
       7
       1
       9
       1
       8
       6
       8
       6
       1
       4
       3
       6
       5
       3
       4
       3
       3
       6
       4
       5
       6
       3
       2
       7
       3
       8
       7
       4
       5
       3
       3
       4
       7
       3
       5
       3
       5
       6
       3
       7
       9
       7
       7
       3
       4
       5
       8
       5
       3
       4
       4
       8
       2
       6
       5
       5
       4
       4
       9
       4
       7
       6
       3
       5
       3
       5
       7
       7
       3
       5
       9
       2
       4
       4
       3
       6
       6
       4
       5
      12
       4
       3
       3
       5
       7
       2
       5
       9
       1
       7
       7
       5
       6
       5
       5
       1
       6
       2
       3
       6
       0
       7
       4
       8
       3
       5
       6
       5
       2
       3
       5
       9
       1
       5
       4
       5
       4
       7
       3
       6
       2
       4
       6
       9
       7
       3
       2
       4
       9
       7
      10
       7
       6
       5
       2
       7
       3
       8
       5
       5
       8
       6
       6
       5
       3
       2
       4
       2
       6
      10
       7
       6
       6
       6
      10
       4
       2
       5
       6
       4
       3
       6
       2
       7
       2
       5
       7
      10
       2
       4
       3
       7
       4
       7
       8
       6
       6
       4
       5
       6
       5
       7
      10
       5
       4
       4
       9
       2
       4
       5
       4
       2
       4
       6
       5
       6
       7
       5
       0
      10
       7
       4
       3
      11
       4
       5
       7
       5
       6
       3
       8
       3
       6
       7
       9
       9
       2
       5
       3
       3
       5
       3
       5
       6
       7
       2
       7
       2
       7
       8
       7
       4
       4
       2
       6
       4
       4
       4
       9
       3
       5
       5
       9
       2
       4
       7
       6
       6
       1
       3
       7
       4
       7
       6
       1
       3
       3
       2
       4
       5
       3
       6
       5
       3
       6
       5
       3
       5
       5
       3
       5
       6
       9
       4
       6
       2
       3
       2
       3
       2
       5
       3
       4
       4
       3
       6
       4
       4
       8
       4
       5
       6
       4
       4
       8
       6
       4
       1
       2
       5
       6
       3
       4
       5
       6
       6
       3
       7
       3
       0
       2
       4
       7
       3
       4
       4
       1
       3
       5
       1
       7
       3
       6
       7
       5
       0
       4
       5
       4
       5
       3
       8
       7
       7
       5
       8
      10
      10
       5
       4
       6
       8
       3
       5
       1
       3
       6
       9
       7
       4
       5
       7
       6
       5
       9
       3
       7
       9
       3
       1
       5
       2
       3
       6
       8
       4
       4
       6
       4
       5
       6
       3
       4
       6
       3
       0
       5
       8
       3
       8
       5
       6
       6
       3
       5
       4
       6
       1
       4
       5
       6
       4
       6
       1
       3
       6
       2
       1
       4
       3
       7
       6
       4
       2
       7
       3
       5
       8
       5
       5
       5
       3
       5
       5
       4
       4
       3
       2
       6
       2
       5
       9
       8
       8
       8
       5
       6
       5
       5
       1
       3
       5
       5
       3
       8
       5
       6
       4
       8
       2
       2
       0
       3
       3
       5
       4
       3
       6
       2
       5
       8
       3
       9
       4
       5
       7
       6
       7
       6
       2
       2
       5
       9
       4
       6
       5
       5
       2
       5
       7
       2
      11
       9
       7
       5
       1
       9
       7
       5
       3
       2
       5
       7
       4
       7
       6
       7
       6
       2
       3
       9
       4
       3
       5
       4
       1
       2
       2
       5
       4
       2
       7
       4
       3
       3
       2
       6
       2
       6
       6
       5
       4
       4
       3
       0
       4
       9
       8
       4
       9
       7
       5
       5
       1
       4
       2
       0
       6
       6
       5
       5
       5
       4
       2
       5
       4
       5
       3
       3
       3
       3
       7
       3
       2
       6
      10
       9
       5
       2
       4
       4
       5
       7
       3
       6
       7
       4
       7
       2
       6
       2
       5
       4
       5
       7
       4
       3
       3
       2
      11
       8
       0
       5
       7
       9
       6
       4
       4
       6
       3
       5
       3
       4
       6
       6
       6
       1
       5
       6
       7
       5
       4
       8
       2
       8
       7
       5
       6
       6
       4
       3
       7
       9
      11
       4
       6
       7
       0
       4
       5
       3
       3
       8
       0
       2
       5
       7
       7
       5
       6
       4
       3
       8
       6
       8
       5
       5
       3
       5
       5
       4
       3
       7
       5
       5
       5
       6
       6
       5
       5
       8
       5
       4
       3
      10
       3
       3
       2
       5
       1
       2
       7
       1
       4
       7
       6
       3
       5
       3
      10
       3
       4
       6
       4
       5
       2
       2
       3
       5
       5
       5
       5
       4
       3
       3
       8
       3
       6
       3
       1
      10
       8
       4
       5
       5
       5
       5
       1
      11
       7
       9
       5
       6
       6
       7
      10
      16
      15
       6
      11
       8
      16
      14
      16
      18
      20
      14
      16
      17
      29
      20
      19
      19
      19
      12
      11
      10
      19
       7
      14
       4
       4
      14
       9
       7
       5
       4
       5
       8
       5
       7
       8
       5
       3
       5
       4
       7
       6
       3
       4
       5
       3
       4
       6
       7
       5
       6
       5
       8
       8
       7
       6
       5
       4
      10
      10
       2
       4
       3
       4
       4
       3
       6
       6
       3
       7
       2
       3
       4
       5
       3
       5
       3
       9
       4
       4
       6
       6
       8
       4
       5
       5
       1
       4
       2
       4
       5
       5
       3
       5
       3
       6
       5
       7
       2
       6
       5
       3
       3
       5
       4
       5
       6
       1
       3
       2
       4
       4
       7
       1
       4
       4
       6
       3
       5
       6
       2
       3
       5
       5
       2
       5
       5
       7
       2
       6
       5
       8
       5
       6
       5
       5
       6
       7
       6
       4
       4
       4
       4
       1
       7
       8
       5
      10
       7
       3
       5
       2
       4
       7
       5
       1
       7
       0
       7
       5
       6
      10
       5
       4
       1
       3
       6
       8
       7
       3
       2
       3
       5
       7
       4
       4
       4
       5
       2
       4
       5
       2
       9
       6
      10
       6
       5
       5
       6
       5
       5
       5
       4
       4
       3
       3
       5
       4
       4
       2
       3
       4
       5
       6
       5
       6
       7
       6
       2
       2
       6
       6
       2
      10
       7
       3
       3
       7
       8
       7
       2
       5
       1
       6
       3
      11
       5
       5
       4
       5
       5
       2
       3
       1
       6
       5
       2
       4
       3
       3
       3
       4
       2
       9
       3
       6
       6
       5
       6
       8
       4
       6
       8
       6
       6
       7
       3
       5
       2
      12
       4
       5
       4
       7
       5
       5
       1
       5
       5
       6
       4
       3
       5
       5
       4
       4
       5
       5
       4
       6
       3
       2
       3
       2
       5
       6
       3
       3
       2
       5
       2
       4
       4
       4
       5
       1
       8
       3
       3
       0
       6
       6
       7
       5
       2
       3
       6
       4
       4
       5
       3
       5
       3
       8
       7
       0
       4
       5
       9
       1
       5
       6
       5
       1
       6
       4
       4
       7
       5
       3
       7
       4
       3
       6
       5
       3
       8
       5
       6
       2
       5
       7
       3
       8
       2
       3
       4
       3
       6
       5
      10
       4
       2
       2
       5
       8
       4
       5
       9
       4
       6
       4
       7
       5
       1
       3
       4
       3
       4
       4
       5
       4
       2
       6
       5
       5
       5
       2
       7
       4
       2
       5
       1
       5
       5
       4
       5
       5
       2
       5
       4
       5
       1
       4
       5
       4
       3
       4
       5
       4
       5
       7
       7
       4
       5
       2
       5
       8
       3
       5
       1
       4
       1
       3
       2
       6
       7
       3
       7
       5
       6
       6
       3
       3
       3
       4
       5
       7
       4
       6
       5
       2
       3
       7
       2
       2
       7
       3
       3
       2
       4
       6
       8
       4
       7
       7
       6
       4
       1
       1
       3
       6
       5
       4
       4
       5
       3
       5
       5
       8
       5
       2
       5
       6
       5
       4
       3
       5
       2
       6
       7
       7
       0
       3
       4
       8
       3
       9
       1
       4
       7
       4
       8
       5
       6
       1
       4
       7
      10
       8
       5
       7
       2
       4
       9
       3
       7
       3
       7
       4
       7
       3
       5
       2
       5
       5
       5
       6
       3
       7
       2
       3
       7
       6
      12
       3
       4
       4
       2
       5
       4
       4
       6
       7
       4
       3
       3
       7
       2
       3
       5
       6
       5
       1
       4
      10
       5
       2
       5
       7
       8
       4
       6
       4
       5
       3
       3
       6
       8
       6
       2
       3
       6
       5
       4
       3
       3
       7
       4
       5
       4
       3
       7
       3
       2
       2
       4
       8
       4
       6
       5
       3
       2
       3
       4
       2
       4
       3
       4
       3
       5
       3
       8
       8
       4
       7
       6
       5
       7
       3
       4
       4
       0
       8
       5
       2
       2
       6
       3
       5
       5
       2
       1
       5
       2
       5
       4
       6
       4
       9
       2
       1
       3
       4
       7
       3
       4
       3
       5
       6
       2
       1
       3
       4
       6
      10
       4
       5
       4
       6
       7
       8
       4
       5
       5
      10
       8
       3
       4
       4
       6
       6
       6
       6
       2
       5
       4
       4
       6
       4
       2
       6
       4
       4
       6
       2
       4
       2
       4
       2
       5
       7
       6
       4
       4
       4
       5
       5
       2
       3
       8
       4
       5
       5
       4
       7
       4
       8
       6
       4
       1
       5
       7
       5
       7
       6
       5
       3
       6
       3
       3
       3
       2
       7
       7
       6
       5
       9
       5
       7
       4
       3
       8
       4
       4
       3
       5
       3
       2
       6
       5
       7
       5
       6
       4
       6
       1
       5
       5
       4
       3
       6
       3
       6
       4
       2
       4
       6
       6
       3
       5
       5
       6
       5
       4
       3
       6
       2
       6
       4
       5
       7
       1
       6
      10
       7
       1
       4
       5
       3
       0
       7
       3
       3
       4
       4
       6
       3
       5
       4
       4
       4
       6
       2
       8
       3
       5
       3
       8
       4
       4
       8
       7
       8
       5
       1
       4
       6
       4
       4
       5
       6
       9
       3
       2
       8
       4
       5
       6
       9
       4
       6
       7
       6
       6
       3
       2
       5
       8
       4
       5
       3
       5
       4
       6
       2
       4
       4
       2
       5
       8
       3
       4
       4
       3
       3
       2
       5
       2
       3
       2
      10
       5
       7
       4
       5
       6
       5
       6
       3
       2
       4
       2
      10
       5
       4
       6
       4
       3
       4
       4
       8
       5
       2
       1
       7
       8
       3
       4
       5
       5
       3
       5
       6
       5
       3
       2
       3
       3
       5
       6
       1
       3
       4
       5
       3
       7
       4
       2
       2
       9
       7
       4
       4
       4
       7
       4
      10
       4
       6
       5
       6
       4
       8
       2
       4
       4
       3
       4
       8
       4
       2
       5
       6
       5
      10
       6
       6
       6
       5
       7
       4
       5
       4
       3
       2
       6
       3
       6
       7
      11
       3
       2
       8
       7
       6
       3
       4
       3
       8
       5
       6
       7
       0
       6
       2
       5
       8
       7
       3
       3
       5
       4
       6
       1
       1
       3
       2
       5
       4
       2
       4
       6
       7
       5
       6
       5
       4
       5
       8
       2
       3
       4
       6
       2
       7
       3
       7
       4
       5
       3
       3
       4
       9
       4
       5
       9
       5
       4
       4
       5
       3
       4
       8
       4
       8
       4
       7
       2
       4
       6
       5
       5
       7
       5
       3
       3
       3
       9
       3
       4
       5
       5
      11
       6
       9
       2
       8
       8
       9
       5
       6
       7
       5
       9
       3
       8
       5
       7
       4
       5
       1
       4
       6
       2
       6
       3
       3
       7
       8
       7
       4
       7
       2
       6
       1
       5
       6
       4
      10
       3
       6
       4
       6
       8
       5
       4
       8
       4
       5
       3
       1
       7
       3
       3
       2
       4
       2
       5
       3
       3
       6
       8
       5
       3
       3
       1
       5
       4
       9
       6
       5
       4
       3
       2
       2
       7
       3
       7
       5
       5
       3
       1
       6
       7
       2
       8
       2
       6
       5
       7
       8
       7
       8
       8
       6
       5
       2
       4
       5
      10
       6
       2
       5
       2
       5
       7
       4
       6
       8
       4
       5
       3
       8
       6
       2
       6
       3
       5
       6
       3
       8
       3
       3
       7
       1
       2
       7
       4
       4
       3
       7
       3
       4
       5
       3
       4
       8
       5
       7
      10
       5
       3
       4
       4
       6
       4
       2
       3
       3
       7
       5
       3
       9
       2
       6
       5
       5
       5
       5
       3
       5
       5
       6
       5
       4
       4
       2
       6
       5
       5
       8
       7
       5
       6
       7
       3
       5
       9
       1
       5
       4
       4
       5
       5
       4
       7
       4
       3
       3
       4
       5
       4
       5
       4
       3
       6
       2
       5
       5
       3
       5
       4
       7
       9
       2
       6
       1
       5
       4
       7
       8
       7
       0
       1
       4
       2
       2
       4
       1
       9
       1
       2
       6
       5
       0
       6
       6
       4
       4
       8
       5
       9
       3
       6
       6
       2
       2
       5
       0
       6
       7
       7
       5
       3
       5
       3
       5
       2
       3
       6
       4
       0
       5
       5
       2
       5
       4
       3
       5
       3
       1
       1
       4
       4
       4
       2
       3
       2
       3
       5
       2
       8
       1
       2
       6
       2
       7
       2
       6
       6
       4
       4
       5
       4
       0
       5
       0
       5
       4
       3
       1
       3
       4
       6
       7
       4
      11
       8
       1
       4
       2
       2
       6
       2
       7
       3
       3
       4
       3
       3
       5
       6
       7
       3
       5
       7
       7
       2
       3
       2
       5
       4
       3
       4
       5
       0
       5
       7
       5
       8
       5
       4
       3
       3
       7
       6
       1
       4
       5
       5
       5
       2
       2
       8
       4
       8
       3
       5
       2
       5
       1
       4
       5
       3
       3
       8
       4
       6
       1
       4
       6
       4
       4
       3
       3
       6
       2
       7
       3
       6
       2
       3
       1
       2
       5
       3
       6
       2
       2
       3
       2
       8
       6
       3
       2
       5
       5
       8
       4
       6
       4
       1
       6
       5
       4
       3
       0
       4
       4
       6
       3
       2
       5
       3
       2
      12
       1
       4
       3
       2
       5
       1
       4
       3
       3
       7
       5
       2
       5
       3
       3
       8
       7
       4
       2
       2
       2
       7
       4
       5
       7
       7
       2
       4
       4
       2
       2
       4
       3
       1
       6
       5
       2
       5
       0
       2
       3
       4
       6
       1
       6
       1
       4
       8
       4
       4
       3
       5
       2
       6
       3
       7
       3
       4
       5
       2
       6
       7
       5
       2
       2
       4
       5
       1
       4
       2
       3
       7
       5
       6
       7
       5
       4
       3
       2
       2
       5
       3
       3
       1
       2
       4
       2
       6
       6
       5
       3
       1
       8
       4
       3
       3
       2
       2
       4
       2
       5
       6
       3
       5
       1
       2
       3
       2
       5
       4
       3
       5
      10
       2
       5
       2
       6
       2
       6
       5
       8
       2
       6
       2
       4
       4
       1
       2
       1
       3
       5
       7
       4
       3
       5
       6
       6
       2
       1
       3
       3
       3
       3
       0
       0
       0
       0
       0
       0
       0
       0
       0
       0
       0
       0
       0
       0
       0
       0
       0
       0
       0
       0
       0
       0
       0
       0
       0
       0
       0
       0
       0
       0
       0
       0
       0
       0
       0
       0
       0
       0
       0
       0
       0
       0
       0
       0
       0
       0
       0
       0
       0
       0
       0
       0
       0
       0
       0
       0
       0
       0
       0
       0
       0
       0
       0
       0
       0
       0
       0
       0
       0
       0
       0
       0
       0
       0
       0
       0
       0
       0
       0
       0
       0
       0
       0
       0
       0
       0
       0
       0
       0
       0
       0
       0
       0
       0
       0
       0
       0
       0
       0
       0
       0
       0
       0
       0
       0
       0
       0
       0
       0
       0
       0
       0
       0
       0
       0
       0
       0
       0
       0
       0
       0
       0
       0
       0
       0
       0
       0
       0
       0
       0
       0
       0
       0
       0
       0
       0
       0
       0
       0
       0
       0
       0
       0
       0
       0
       0
       0
       0
       0
       0
       0
       0
       0
       0
       0
       0
       0
       0
       0
       0
       0
       0
       0
       0
       0
       0
       0
       0
       0
       0
       0
       0
       0
       0
       0
       0
       0
       0
       0
       0
       0
       0
       0
       0
       0
       0
       0
       0
       0
       0
       0
       0
       0
       0
       0
       0
       0
       0
       0
       0
       0
       0
       0
       0
       0
       0
       0
       0
       0
       0
       0
       0
       0
       0
       0
       0
       0
       0
       0
       0
       0
       0
       0
       0
       0
       0
       0
       0
       0
       0
       0
       0
       0
       0
       0
       0
       0
       0
       0
       0
       0
       0
       0
       0
       0
       0
       0
       0
       0
       0
       0
       0
       0
       0
       0
       0
$ROI:
2
4852 5354
12587 12888
$PRESETS:
Live Time
10800
0
$ENER_FIT:
0.358687 0.099971
$MCA_CAL:
3
3.586871E-001 9.997089E-002 0.000000E+000 keV
$SHAPE_CAL:
3
3.638087E+001 -1.552510E-003 0.000000E+000
