$SPEC_ID:
JKL Model 927 SN 17053844 Input 1 HEC-Cr-HEC-Cr-T30-D100-HPGe1-2
$SPEC_REM:
DET# 2
DETDESC# BULK Model 927 SN 17053844 Input 1
AP# Maestro Version 6.08
$DATE_MEA:
05/11/2026 17:41:00
$MEAS_TIM:
251 356
$DATA:
0 16383
       0
       0
       0
       0
       0
       0
       0
       0
       0
       0
       0
       0
       0
       0
       0
       0
       0
       0
       0
       0
       0
       0
       0
       0
       0
       0
       0
       0
       0
       0
       0
       0
       0
       0
       0
       0
       0
       0
       0
       0
       0
       0
       0
       0
       0
       0
       0
       0
       0
       0
       0
       0
       0
       0
       0
       0
       0
       0
       0
       0
       0
       0
       0
       0
       0
       0
       0
       0
       0
       0
       0
       0
       0
       0
       0
       0
       0
       0
       0
       0
       0
       0
       0
       0
       0
       0
       0
       0
       0
       0
       0
       0
       0
       0
       0
       0
       0
       0
       0
       0
       0
       0
       0
       0
       0
       0
       0
       0
       0
       0
       0
       0
       0
       0
       0
       0
      21
     207
     490
     563
     516
     514
     531
     484
     488
     473
     510
     435
     451
     499
     445
     450
     460
     452
     451
     445
     458
     462
     460
     449
     463
     458
     418
     450
     478
     417
     468
     461
     404
     453
     451
     470
     474
     450
     463
     431
     455
     416
     425
     476
     419
     438
     443
     425
     452
     421
     431
     432
     431
     466
     436
     451
     425
     419
     437
     425
     417
     422
     449
     434
     417
     436
     456
     421
     400
     460
     444
     403
     408
     390
     413
     410
     435
     442
     438
     407
     406
     442
     414
     411
     411
     403
     413
     427
     404
     406
     394
     391
     396
     391
     388
     439
     400
     371
     380
     415
     415
     449
     411
     408
     395
     398
     412
     360
     414
     419
     394
     412
     370
     382
     395
     379
     436
     384
     406
     395
     379
     383
     394
     365
     388
     427
     386
     393
     374
     373
     352
     385
     370
     359
     327
     394
     339
     387
     340
     373
     424
     349
     354
     379
     406
     377
     365
     350
     386
     363
     366
     399
     381
     384
     396
     379
     359
     391
     356
     360
     390
     398
     364
     348
     360
     381
     368
     350
     390
     358
     386
     361
     364
     380
     327
     374
     395
     353
     386
     386
     361
     358
     354
     349
     369
     343
     368
     330
     367
     347
     371
     355
     387
     373
     359
     338
     357
     364
     370
     360
     341
     382
     340
     424
     353
     383
     348
     348
     373
     331
     367
     347
     396
     351
     325
     338
     387
     331
     380
     365
     338
     354
     339
     335
     339
     380
     313
     329
     319
     357
     377
     317
     368
     334
     353
     355
     340
     334
     347
     357
     359
     335
     374
     358
     368
     334
     355
     346
     322
     328
     354
     356
     356
     359
     366
     343
     341
     323
     321
     356
     332
     342
     375
     331
     346
     322
     369
     331
     347
     352
     352
     327
     321
     302
     367
     326
     350
     331
     349
     338
     336
     326
     326
     306
     337
     354
     333
     334
     339
     340
     322
     326
     371
     321
     336
     344
     361
     354
     348
     329
     338
     324
     328
     317
     312
     359
     328
     348
     336
     325
     333
     372
     343
     351
     338
     344
     318
     314
     335
     333
     332
     338
     336
     345
     324
     328
     319
     342
     338
     320
     336
     355
     327
     331
     313
     316
     345
     359
     310
     337
     332
     332
     338
     329
     337
     363
     350
     299
     352
     327
     342
     352
     314
     332
     296
     326
     350
     307
     317
     320
     328
     305
     360
     311
     333
     372
     331
     332
     378
     347
     339
     348
     336
     325
     324
     324
     308
     335
     331
     339
     331
     348
     309
     335
     327
     344
     335
     301
     321
     324
     348
     308
     325
     341
     366
     337
     336
     326
     346
     348
     365
     312
     304
     345
     314
     330
     333
     291
     350
     331
     307
     326
     349
     305
     305
     312
     338
     331
     335
     326
     318
     346
     332
     324
     314
     350
     338
     297
     332
     346
     320
     301
     318
     329
     297
     318
     303
     331
     339
     313
     350
     326
     324
     327
     333
     349
     295
     339
     307
     360
     307
     316
     311
     310
     322
     319
     313
     321
     315
     348
     312
     337
     322
     324
     320
     333
     319
     304
     304
     315
     318
     328
     316
     340
     322
     304
     303
     321
     319
     316
     321
     319
     313
     323
     316
     313
     298
     329
     334
     317
     305
     298
     301
     285
     329
     306
     313
     324
     322
     313
     295
     333
     297
     310
     337
     336
     355
     305
     320
     310
     314
     328
     332
     321
     327
     302
     316
     363
     312
     334
     312
     319
     325
     278
     304
     295
     307
     320
     344
     326
     326
     342
     294
     312
     307
     319
     292
     324
     320
     312
     291
     328
     325
     301
     318
     311
     312
     335
     322
     309
     317
     313
     311
     304
     329
     281
     320
     332
     289
     342
     319
     330
     313
     320
     317
     331
     330
     315
     325
     307
     302
     290
     329
     329
     332
     336
     299
     328
     317
     310
     316
     332
     342
     310
     351
     314
     328
     316
     332
     289
     296
     300
     317
     327
     327
     302
     343
     316
     335
     336
     344
     333
     353
     357
     364
     327
     364
     329
     326
     333
     297
     284
     370
     359
     327
     306
     333
     354
     317
     350
     344
     366
     345
     370
     362
     377
     384
     351
     387
     346
     368
     359
     334
     326
     303
     328
     360
     342
     310
     347
     332
     295
     320
     304
     277
     292
     325
     309
     299
     309
     304
     300
     329
     313
     268
     318
     317
     276
     343
     291
     272
     324
     310
     340
     300
     303
     311
     312
     302
     312
     322
     335
     328
     319
     333
     309
     290
     325
     339
     300
     317
     347
     310
     313
     350
     300
     311
     313
     312
     314
     310
     325
     309
     355
     346
     309
     322
     328
     314
     298
     322
     306
     315
     307
     307
     282
     312
     332
     288
     334
     332
     310
     353
     324
     329
     336
     357
     336
     325
     316
     352
     340
     331
     362
     362
     349
     358
     342
     351
     314
     329
     330
     311
     315
     313
     335
     308
     314
     320
     310
     312
     315
     282
     299
     329
     341
     326
     310
     309
     321
     309
     304
     335
     329
     333
     329
     321
     327
     338
     308
     313
     340
     302
     335
     322
     321
     301
     311
     310
     278
     310
     362
     301
     310
     314
     316
     318
     301
     307
     299
     309
     306
     292
     296
     306
     282
     310
     310
     321
     310
     296
     281
     311
     305
     308
     308
     331
     324
     296
     312
     307
     327
     299
     302
     359
     342
     329
     316
     299
     293
     291
     303
     338
     283
     295
     293
     293
     277
     350
     361
     324
     320
     320
     318
     282
     296
     290
     317
     329
     319
     320
     313
     340
     287
     279
     321
     324
     318
     312
     313
     286
     306
     317
     304
     291
     305
     275
     270
     295
     296
     319
     336
     296
     318
     322
     294
     310
     285
     288
     312
     275
     307
     322
     278
     330
     316
     300
     309
     322
     308
     325
     330
     291
     309
     338
     283
     285
     307
     288
     307
     307
     315
     325
     285
     340
     309
     304
     316
     275
     291
     306
     304
     309
     296
     296
     308
     325
     305
     297
     322
     309
     287
     295
     324
     305
     296
     313
     316
     317
     299
     283
     289
     315
     278
     296
     319
     300
     304
     301
     310
     307
     268
     329
     316
     286
     306
     303
     334
     307
     262
     298
     298
     291
     305
     303
     328
     298
     303
     312
     306
     317
     330
     294
     291
     317
     284
     295
     295
     306
     315
     303
     334
     325
     321
     315
     340
     306
     329
     330
     306
     283
     297
     299
     325
     326
     316
     283
     312
     308
     313
     284
     315
     286
     297
     302
     278
     279
     316
     327
     295
     312
     299
     319
     290
     309
     309
     313
     292
     298
     304
     262
     313
     317
     306
     291
     305
     300
     326
     304
     305
     293
     301
     288
     300
     310
     310
     300
     289
     290
     337
     289
     291
     321
     308
     322
     302
     318
     301
     302
     300
     315
     345
     304
     291
     288
     309
     317
     309
     315
     289
     300
     288
     320
     314
     274
     303
     318
     321
     318
     295
     308
     347
     331
     328
     307
     314
     310
     311
     314
     329
     318
     301
     288
     314
     319
     312
     314
     282
     325
     295
     265
     292
     324
     292
     321
     325
     288
     308
     301
     315
     297
     299
     321
     337
     283
     290
     311
     284
     306
     302
     319
     296
     312
     307
     302
     334
     305
     311
     261
     307
     282
     313
     298
     271
     324
     324
     328
     278
     319
     282
     330
     323
     287
     286
     298
     304
     303
     317
     329
     295
     293
     291
     308
     320
     300
     306
     306
     323
     296
     335
     318
     296
     303
     273
     305
     321
     336
     264
     299
     302
     306
     315
     285
     281
     300
     328
     275
     308
     278
     310
     312
     319
     321
     307
     300
     304
     307
     296
     306
     282
     324
     312
     301
     321
     329
     319
     309
     322
     306
     301
     308
     280
     294
     282
     312
     317
     304
     271
     280
     266
     301
     305
     322
     336
     290
     309
     332
     298
     306
     309
     264
     291
     311
     302
     302
     284
     296
     311
     319
     324
     296
     306
     322
     299
     320
     279
     313
     319
     280
     316
     322
     306
     301
     301
     301
     306
     294
     299
     311
     313
     305
     297
     326
     311
     287
     310
     284
     309
     292
     295
     291
     290
     288
     328
     292
     305
     282
     296
     331
     313
     313
     290
     267
     287
     325
     283
     290
     320
     287
     292
     318
     290
     323
     275
     293
     302
     283
     291
     321
     320
     299
     311
     298
     342
     317
     305
     291
     328
     309
     258
     279
     305
     323
     282
     282
     330
     300
     300
     314
     321
     306
     277
     294
     329
     312
     286
     310
     304
     295
     287
     267
     290
     289
     333
     318
     298
     298
     313
     298
     296
     293
     285
     333
     283
     278
     301
     306
     305
     310
     301
     291
     317
     306
     305
     280
     322
     326
     280
     309
     302
     301
     272
     297
     296
     316
     291
     280
     303
     291
     308
     309
     315
     293
     276
     319
     302
     338
     313
     291
     298
     279
     279
     289
     269
     290
     298
     279
     273
     308
     302
     311
     294
     327
     314
     302
     301
     280
     283
     288
     289
     316
     296
     311
     298
     305
     289
     330
     310
     318
     345
     296
     345
     274
     317
     314
     296
     313
     293
     269
     317
     317
     303
     296
     251
     320
     291
     320
     275
     304
     301
     312
     292
     287
     299
     310
     314
     312
     334
     297
     299
     306
     326
     330
     317
     270
     286
     292
     310
     304
     282
     251
     292
     317
     289
     312
     331
     305
     305
     315
     320
     281
     284
     302
     325
     309
     318
     309
     298
     288
     321
     286
     289
     318
     300
     288
     275
     276
     312
     290
     298
     305
     282
     303
     278
     292
     295
     268
     291
     318
     311
     265
     316
     283
     305
     308
     280
     319
     314
     303
     288
     306
     300
     326
     313
     344
     262
     303
     312
     303
     288
     262
     310
     298
     306
     310
     284
     304
     289
     311
     314
     308
     293
     286
     294
     302
     301
     321
     289
     273
     298
     306
     309
     293
     277
     320
     304
     324
     272
     307
     309
     290
     313
     302
     276
     326
     289
     323
     327
     285
     273
     300
     299
     325
     333
     308
     291
     311
     308
     323
     312
     299
     322
     285
     302
     292
     300
     306
     289
     333
     300
     311
     281
     311
     311
     323
     297
     303
     311
     320
     313
     321
     303
     304
     302
     326
     346
     325
     279
     292
     303
     279
     335
     309
     346
     314
     289
     308
     302
     343
     315
     314
     288
     285
     307
     334
     320
     289
     348
     309
     357
     305
     312
     323
     324
     346
     325
     353
     317
     311
     324
     353
     334
     318
     352
     330
     336
     328
     299
     337
     335
     378
     359
     358
     331
     340
     346
     358
     369
     366
     398
     329
     367
     339
     406
     367
     330
     342
     358
     372
     392
     399
     377
     372
     355
     360
     374
     383
     338
     346
     342
     359
     382
     327
     362
     356
     379
     339
     323
     378
     378
     345
     368
     328
     392
     341
     343
     384
     338
     353
     360
     320
     338
     335
     368
     347
     372
     368
     365
     357
     355
     330
     364
     335
     377
     363
     342
     354
     342
     372
     345
     357
     359
     340
     386
     336
     384
     355
     331
     365
     336
     363
     333
     378
     389
     351
     363
     385
     369
     356
     358
     356
     322
     373
     343
     352
     350
     355
     355
     377
     351
     344
     314
     344
     385
     341
     384
     353
     364
     370
     384
     325
     327
     380
     358
     384
     330
     342
     385
     361
     353
     373
     368
     343
     372
     361
     327
     369
     363
     345
     334
     369
     351
     386
     351
     342
     325
     327
     335
     349
     342
     370
     363
     352
     381
     347
     351
     397
     329
     320
     341
     308
     382
     348
     351
     350
     366
     340
     322
     362
     311
     347
     332
     348
     360
     350
     354
     347
     360
     337
     320
     343
     346
     354
     352
     361
     347
     363
     354
     345
     330
     358
     333
     336
     329
     340
     348
     328
     368
     337
     334
     322
     338
     338
     336
     323
     326
     323
     344
     365
     310
     349
     323
     341
     352
     326
     349
     350
     344
     307
     325
     303
     351
     333
     363
     316
     312
     343
     340
     301
     359
     314
     344
     346
     353
     348
     328
     325
     342
     318
     340
     357
     326
     340
     323
     325
     305
     324
     334
     314
     289
     328
     317
     369
     340
     334
     355
     361
     318
     335
     298
     344
     346
     328
     318
     313
     341
     333
     321
     306
     340
     338
     346
     334
     318
     354
     324
     337
     316
     334
     327
     333
     317
     337
     308
     320
     332
     329
     317
     335
     325
     321
     342
     334
     324
     341
     322
     359
     339
     333
     354
     322
     335
     306
     314
     362
     345
     318
     358
     363
     354
     330
     317
     324
     344
     304
     315
     323
     321
     310
     309
     302
     328
     311
     323
     316
     318
     343
     321
     296
     294
     328
     347
     330
     343
     343
     317
     310
     351
     338
     327
     312
     294
     313
     333
     297
     350
     300
     333
     329
     324
     328
     314
     296
     338
     328
     311
     336
     308
     330
     337
     369
     305
     326
     333
     328
     296
     308
     310
     324
     328
     324
     340
     329
     325
     325
     318
     342
     336
     340
     308
     318
     318
     308
     326
     321
     318
     332
     316
     291
     282
     341
     315
     318
     295
     335
     341
     308
     308
     331
     324
     302
     327
     318
     314
     330
     295
     335
     333
     296
     290
     313
     347
     296
     322
     312
     304
     307
     303
     359
     300
     304
     327
     332
     297
     308
     302
     322
     333
     349
     320
     295
     317
     296
     315
     356
     343
     342
     316
     302
     288
     321
     317
     352
     313
     289
     325
     313
     352
     323
     317
     318
     336
     360
     308
     311
     330
     328
     311
     340
     331
     331
     336
     333
     293
     340
     328
     303
     336
     343
     347
     336
     266
     349
     288
     337
     331
     326
     328
     321
     305
     316
     304
     327
     313
     304
     320
     307
     322
     317
     342
     336
     315
     335
     321
     285
     329
     327
     326
     314
     310
     303
     312
     329
     297
     317
     307
     310
     299
     344
     306
     300
     319
     329
     309
     302
     312
     319
     309
     290
     319
     346
     304
     296
     318
     314
     333
     322
     307
     307
     319
     329
     319
     295
     313
     308
     284
     322
     329
     290
     319
     277
     300
     319
     336
     308
     350
     298
     295
     300
     348
     348
     300
     323
     324
     311
     351
     296
     301
     323
     330
     306
     297
     313
     326
     276
     314
     295
     287
     312
     327
     338
     296
     322
     322
     318
     303
     315
     282
     307
     280
     304
     310
     267
     322
     310
     312
     318
     305
     341
     310
     306
     286
     293
     298
     335
     289
     322
     315
     306
     299
     303
     307
     294
     298
     313
     315
     304
     310
     243
     298
     289
     307
     320
     297
     309
     285
     323
     306
     309
     331
     320
     295
     303
     313
     307
     319
     287
     308
     286
     285
     309
     287
     318
     319
     295
     295
     311
     348
     337
     286
     289
     279
     303
     313
     318
     300
     320
     295
     288
     299
     298
     306
     314
     319
     295
     294
     276
     294
     325
     304
     302
     288
     293
     311
     291
     305
     281
     247
     288
     296
     310
     311
     275
     334
     311
     303
     305
     283
     306
     288
     329
     313
     281
     298
     341
     289
     328
     314
     322
     306
     315
     317
     296
     302
     325
     300
     318
     317
     274
     289
     316
     294
     312
     301
     286
     293
     300
     301
     293
     311
     298
     300
     275
     297
     322
     300
     255
     301
     295
     290
     288
     302
     262
     284
     311
     305
     304
     303
     288
     316
     261
     310
     302
     286
     271
     308
     310
     289
     290
     284
     295
     294
     285
     284
     311
     286
     271
     310
     284
     295
     302
     301
     325
     299
     255
     298
     287
     287
     280
     316
     285
     315
     299
     305
     306
     288
     275
     283
     295
     279
     293
     274
     285
     296
     274
     293
     291
     294
     280
     313
     295
     294
     276
     285
     324
     288
     306
     279
     285
     310
     295
     289
     281
     298
     267
     283
     288
     313
     265
     298
     295
     278
     315
     266
     296
     312
     309
     299
     302
     274
     266
     271
     294
     287
     293
     305
     267
     289
     287
     274
     336
     265
     293
     329
     308
     257
     291
     298
     292
     303
     300
     297
     344
     324
     310
     278
     296
     292
     272
     263
     306
     281
     316
     289
     289
     283
     275
     291
     292
     292
     287
     291
     314
     285
     254
     299
     298
     280
     293
     306
     289
     295
     264
     270
     318
     282
     293
     286
     274
     320
     256
     292
     288
     300
     300
     273
     278
     260
     310
     269
     268
     290
     282
     282
     279
     294
     294
     290
     263
     280
     305
     322
     280
     307
     320
     305
     292
     270
     308
     322
     264
     298
     356
     295
     273
     284
     258
     283
     276
     328
     310
     295
     282
     270
     279
     293
     275
     277
     263
     300
     307
     276
     301
     286
     303
     286
     270
     276
     296
     294
     282
     274
     329
     296
     262
     292
     285
     308
     315
     301
     317
     293
     258
     280
     298
     245
     272
     298
     282
     295
     264
     303
     282
     295
     280
     305
     290
     282
     255
     279
     268
     257
     298
     270
     288
     284
     258
     259
     314
     280
     266
     269
     298
     314
     313
     276
     296
     310
     282
     311
     272
     277
     303
     301
     283
     294
     326
     273
     265
     311
     305
     299
     294
     296
     305
     280
     304
     272
     294
     294
     279
     302
     288
     290
     257
     302
     289
     281
     307
     289
     318
     303
     273
     276
     299
     281
     288
     298
     281
     281
     278
     286
     299
     292
     282
     312
     283
     287
     266
     294
     302
     315
     305
     297
     282
     290
     273
     281
     310
     262
     268
     302
     312
     319
     311
     289
     291
     287
     294
     281
     297
     293
     289
     294
     324
     294
     278
     284
     261
     286
     279
     310
     287
     301
     264
     328
     279
     307
     274
     293
     277
     294
     307
     294
     307
     294
     288
     306
     306
     290
     309
     280
     278
     314
     287
     268
     249
     278
     294
     293
     293
     322
     277
     277
     296
     295
     296
     271
     299
     303
     289
     312
     281
     306
     329
     298
     287
     278
     295
     281
     318
     274
     272
     298
     294
     305
     284
     293
     306
     281
     277
     296
     259
     279
     286
     270
     315
     269
     293
     300
     289
     306
     306
     300
     275
     316
     325
     302
     290
     293
     331
     324
     297
     281
     332
     286
     318
     295
     300
     286
     285
     293
     283
     318
     326
     293
     288
     297
     289
     303
     308
     290
     338
     292
     259
     296
     324
     317
     261
     281
     288
     315
     290
     302
     328
     317
     295
     338
     319
     294
     326
     302
     269
     287
     301
     318
     288
     302
     299
     308
     333
     296
     273
     294
     291
     306
     321
     302
     306
     297
     300
     292
     300
     308
     305
     270
     262
     312
     295
     302
     307
     305
     288
     286
     308
     298
     301
     324
     286
     291
     272
     287
     287
     318
     344
     306
     326
     335
     304
     315
     316
     326
     289
     307
     333
     286
     290
     309
     325
     322
     344
     295
     311
     308
     325
     282
     311
     302
     285
     297
     296
     322
     296
     347
     322
     313
     289
     303
     326
     318
     299
     322
     322
     314
     301
     308
     323
     309
     307
     312
     304
     321
     306
     317
     310
     331
     306
     317
     355
     307
     309
     320
     343
     309
     308
     307
     295
     317
     296
     349
     328
     315
     313
     284
     326
     308
     322
     341
     360
     333
     331
     314
     265
     306
     315
     352
     358
     297
     321
     328
     297
     303
     309
     285
     303
     311
     302
     324
     320
     309
     296
     328
     307
     318
     322
     353
     318
     375
     293
     321
     297
     304
     323
     313
     342
     315
     328
     315
     313
     321
     300
     335
     293
     321
     326
     342
     326
     343
     337
     313
     330
     296
     325
     353
     315
     341
     317
     335
     334
     362
     312
     318
     313
     337
     309
     354
     310
     322
     297
     346
     373
     355
     308
     325
     357
     309
     312
     339
     367
     327
     333
     339
     348
     310
     331
     330
     337
     354
     325
     329
     301
     353
     328
     323
     344
     305
     354
     337
     316
     353
     348
     333
     313
     357
     327
     320
     322
     352
     362
     302
     355
     326
     306
     321
     345
     350
     311
     326
     360
     344
     314
     332
     334
     350
     340
     350
     350
     341
     361
     345
     375
     372
     344
     331
     329
     355
     353
     326
     343
     314
     327
     329
     360
     361
     338
     360
     321
     345
     357
     361
     354
     364
     346
     323
     366
     353
     316
     319
     391
     379
     364
     345
     332
     361
     338
     346
     403
     366
     359
     367
     358
     339
     390
     336
     374
     331
     345
     347
     366
     336
     322
     376
     352
     343
     337
     330
     358
     368
     357
     377
     370
     394
     373
     366
     343
     362
     340
     353
     348
     332
     359
     345
     359
     355
     369
     356
     329
     332
     360
     365
     350
     366
     341
     371
     345
     387
     361
     390
     388
     358
     352
     372
     372
     388
     351
     334
     364
     355
     370
     349
     384
     378
     387
     355
     341
     353
     412
     379
     398
     402
     363
     367
     400
     358
     360
     352
     358
     370
     389
     356
     396
     399
     362
     379
     376
     374
     397
     349
     384
     358
     380
     381
     402
     379
     365
     394
     356
     388
     379
     340
     335
     399
     348
     371
     357
     371
     388
     373
     399
     415
     378
     361
     392
     379
     358
     373
     368
     368
     400
     379
     367
     353
     414
     376
     380
     382
     363
     393
     359
     389
     393
     407
     405
     380
     363
     405
     378
     369
     354
     378
     404
     369
     387
     393
     377
     396
     372
     368
     380
     401
     372
     395
     432
     377
     408
     376
     418
     357
     392
     377
     401
     350
     408
     358
     402
     395
     404
     388
     398
     383
     382
     377
     408
     390
     365
     368
     402
     391
     397
     353
     367
     402
     399
     388
     348
     381
     373
     401
     347
     424
     371
     388
     372
     353
     376
     368
     333
     384
     364
     364
     419
     346
     358
     413
     348
     365
     357
     368
     372
     373
     355
     360
     355
     356
     355
     330
     356
     364
     344
     355
     334
     352
     358
     364
     369
     354
     346
     346
     347
     301
     337
     318
     328
     369
     326
     299
     336
     310
     332
     308
     304
     333
     336
     319
     311
     311
     300
     342
     292
     303
     269
     269
     292
     269
     295
     293
     295
     307
     294
     312
     296
     300
     285
     269
     276
     277
     285
     279
     287
     258
     257
     264
     254
     252
     271
     265
     247
     250
     260
     238
     257
     207
     255
     291
     262
     238
     268
     251
     265
     249
     234
     227
     235
     249
     249
     236
     233
     211
     209
     245
     265
     228
     228
     221
     253
     223
     217
     236
     217
     232
     233
     252
     250
     259
     239
     249
     202
     232
     224
     229
     232
     213
     214
     222
     224
     225
     211
     220
     235
     218
     210
     232
     240
     216
     242
     220
     208
     206
     189
     252
     241
     242
     210
     227
     198
     250
     194
     208
     197
     223
     213
     222
     225
     201
     227
     227
     250
     215
     190
     241
     223
     216
     226
     166
     211
     199
     233
     215
     213
     207
     200
     217
     204
     192
     214
     222
     190
     197
     228
     196
     177
     184
     207
     191
     213
     213
     195
     173
     198
     177
     206
     198
     183
     189
     206
     207
     209
     191
     192
     203
     209
     193
     197
     171
     217
     188
     178
     194
     180
     180
     182
     187
     206
     191
     199
     178
     196
     176
     199
     174
     188
     199
     174
     176
     170
     176
     176
     186
     182
     157
     193
     209
     168
     186
     193
     175
     175
     176
     198
     167
     184
     190
     173
     184
     177
     196
     173
     191
     168
     163
     202
     180
     172
     183
     168
     198
     183
     202
     177
     164
     179
     184
     167
     167
     160
     171
     176
     182
     171
     177
     171
     189
     169
     180
     183
     177
     167
     198
     171
     176
     166
     178
     174
     143
     171
     179
     153
     185
     165
     161
     159
     165
     181
     159
     165
     134
     186
     158
     180
     161
     167
     163
     167
     150
     154
     170
     171
     155
     166
     159
     160
     185
     192
     168
     187
     176
     157
     180
     175
     180
     160
     157
     146
     173
     164
     159
     173
     180
     158
     158
     159
     154
     152
     171
     139
     136
     159
     148
     158
     174
     165
     157
     117
     172
     153
     146
     164
     158
     140
     171
     152
     144
     135
     171
     154
     140
     145
     163
     135
     143
     147
     162
     179
     166
     168
     166
     147
     153
     153
     146
     159
     173
     162
     157
     159
     174
     160
     149
     131
     151
     133
     149
     150
     163
     167
     150
     165
     151
     166
     149
     152
     171
     138
     153
     139
     176
     145
     138
     150
     134
     149
     146
     145
     146
     140
     149
     145
     144
     132
     140
     150
     157
     151
     172
     142
     137
     148
     141
     142
     137
     143
     122
     133
     130
     146
     149
     106
     150
     147
     146
     132
     132
     154
     145
     151
     164
     140
     157
     142
     132
     152
     148
     137
     126
     136
     159
     127
     132
     146
     133
     120
     125
     109
     155
     143
     140
     143
     122
     149
     148
     118
     162
     138
     124
     143
     121
     138
     147
     137
     145
     139
     129
     128
     146
     155
     122
     155
     133
     151
     134
     147
     128
     119
     130
     123
     132
     142
     120
     134
     130
     163
     126
     124
     139
     103
     118
     134
     116
     138
     133
      99
     122
     128
     135
     141
     120
     129
     138
     117
     118
     128
     113
     139
     132
     130
     132
     110
     135
     128
     114
     129
     122
     137
     140
     136
     120
     114
     110
     142
     125
     110
     117
     105
     119
     115
     116
     124
     133
     118
     107
     120
     107
     122
     119
     106
     101
     126
     100
     113
     124
     121
     102
     125
     103
     128
     114
     137
     127
     130
     144
     109
     135
     124
     109
     111
     114
     118
     119
     133
     133
     126
     112
     116
     123
     118
     114
     107
     118
     127
     114
     124
     131
      95
     104
     118
     137
     114
     114
     115
     103
     117
     116
     117
     129
     124
     111
     131
     120
     118
      99
     120
     105
      94
      98
     114
     119
      95
     110
     103
     114
      99
     130
     113
     106
     133
     106
      99
     106
     123
      97
     109
     114
     115
     106
     109
      94
     114
     116
     114
     107
     119
     100
      95
     119
     101
     104
     111
     106
     119
      97
     130
      92
      97
     100
     104
     114
     116
     111
     124
     103
     113
      92
     107
     121
     127
     131
      97
      81
      96
     103
      99
     101
     110
      90
      82
      92
     114
     113
      90
      84
      91
      91
      87
      88
     104
     104
      95
     105
      94
     100
      93
      99
     113
      95
      95
     102
     113
     106
      88
      92
      83
     107
     112
      84
     114
     118
      97
      92
     101
     103
     101
      83
     102
      92
      95
      99
      90
     110
     114
     102
     107
     100
      92
      96
      94
     104
      85
      98
     103
      87
      79
     101
     106
     112
      92
      93
      87
      77
      93
     106
     117
     104
      94
      86
      85
      75
      91
      84
     107
      90
      97
      87
      98
     102
      93
     101
      88
     101
      93
      98
      91
     104
      87
     105
      84
     105
      95
      77
      93
      88
      84
     105
      78
      93
      98
      92
      92
     117
      85
      82
     106
     105
     105
      73
      81
      98
     104
     100
      87
      84
      81
      99
      84
      75
     101
      83
      95
      86
      90
     110
      80
      96
      91
      77
     100
      88
      83
     105
      86
      71
      66
      74
     100
      90
      96
      78
      95
      73
      87
     103
      78
      88
      94
     112
      85
      98
      99
      67
     101
      92
      84
     106
      90
     104
      69
      88
      96
     107
      82
      91
      99
     108
      93
      96
      89
     104
      81
      85
      71
      87
      80
      92
      91
     109
      83
      92
      78
     102
      79
      94
      80
      88
      80
      72
      91
      75
     109
      79
     107
      71
      72
      78
      88
      83
      81
      98
      92
      87
      78
      98
      98
      80
     106
      82
      97
      73
      76
      82
      84
      89
      81
      86
      78
      85
      88
      92
      85
      86
      81
      90
      79
      82
      94
      93
      88
      89
      93
      72
      81
      90
      75
      91
      81
      97
      83
      86
      76
      99
      98
      78
     103
      73
      94
      91
      68
      73
      86
     103
      93
      95
      75
      95
      77
      90
      75
      83
      91
      94
      88
      69
      87
      75
      85
     100
      81
      60
      75
      91
      76
      81
      87
      74
      77
      86
      84
      89
      72
      74
      84
      96
      75
     106
      90
      99
      87
      80
      79
     101
     107
      75
      79
      76
      95
      88
      71
      95
      85
      82
      90
      65
      79
      76
      73
      80
      93
      81
      97
      81
      83
      81
      86
      87
      89
      77
      78
      97
      98
      88
      83
      83
     102
      84
      77
      82
      88
      76
     106
      80
      90
      65
      93
      82
      76
      81
      93
      91
      77
      79
      76
      86
      82
      85
      91
      69
      66
      84
      80
      92
      91
      88
      85
      72
      73
      76
      73
      91
      84
      76
      72
      80
      75
      94
      79
      83
      80
      69
      64
      96
     105
      64
      84
      79
      80
     102
      74
      83
      93
      89
      74
      86
      81
      95
      85
      87
      85
      76
      67
      84
      87
      81
      89
      81
      76
      78
      90
      87
      84
      93
      92
      95
      85
      74
      77
      92
      80
      80
      86
      78
      67
      76
      91
      94
      86
      85
      82
      88
      74
      78
      93
      88
      81
      79
      69
      69
      70
      79
      78
      82
      67
      57
      79
      89
      75
      90
      87
      83
      91
      98
      76
      85
      80
      65
      92
      80
      75
      88
      72
      83
      89
      85
      69
      96
      79
      89
     102
      77
      89
      73
      83
      64
      88
      81
      80
      89
      64
      69
      82
      77
      76
      83
      84
      82
      75
      97
      91
      82
      86
      84
      72
      95
      71
      89
      73
      71
      53
      92
      77
      89
      86
      92
      74
      84
      75
      82
      71
      83
      88
      75
      90
      92
      80
      86
      93
      77
      93
      85
      90
      76
      92
      82
      72
      92
      81
      81
      72
      84
      78
      70
      97
      88
      70
      85
      61
      79
      65
      89
      81
      83
      94
      72
      96
      84
      63
      79
      70
      69
      68
      85
      88
      80
      82
      90
      75
      96
      87
      87
      90
      90
      87
      87
      86
      71
      98
      90
      90
      85
      83
      72
      87
      75
      79
      85
      88
      92
      81
      71
      99
      80
      78
      83
      73
      77
      66
      83
      71
      88
      93
      98
      82
      79
      84
      87
      83
      76
      95
      90
      74
      65
      77
      66
      94
      79
      86
      78
      85
      88
      86
      70
      86
      85
     112
      87
      78
      72
      66
      93
      88
      86
      73
      81
      81
      92
      98
      90
      65
      74
      82
      84
      91
      75
      79
      67
      87
      77
      90
      82
      88
      81
      67
      83
      93
     100
      88
      73
      81
      77
      87
      76
      87
      91
      79
      85
      95
      87
      61
      94
      83
      82
      88
      70
      97
      95
      83
      90
      76
      94
      91
      90
      80
      76
      89
      82
      75
      92
      63
      81
      87
      69
      83
      82
      82
      76
      73
      89
      85
      82
      79
      82
      84
      83
      79
      88
      74
      92
      66
      91
      71
      90
      74
      74
      76
      83
      77
      76
      72
      68
      88
      77
      88
      67
      89
      66
     102
      82
      67
      72
      74
      85
      76
      67
      81
     123
      70
      62
      89
      77
      76
      78
      69
      80
      86
      71
      75
      79
      71
      76
      86
      65
      82
      83
      73
      92
      78
      84
      74
      74
      91
      77
      65
      79
      84
      78
      75
      92
      81
      77
      67
      87
      77
      65
      78
      96
      79
      78
      83
      80
      98
      71
      66
      78
      89
      92
      80
      68
      72
      80
      88
      83
      84
      90
      79
      78
      78
      90
      76
     101
      77
      78
      92
      91
      91
      94
      80
      77
      73
      91
      81
      91
      83
      68
      75
      77
      98
      79
      81
      79
      73
      94
      94
      90
      88
      89
      91
      80
      83
      88
      81
      75
      91
      69
      86
      81
      85
      81
      79
      84
      70
      95
      84
      82
      88
      80
      86
      86
      67
      99
      77
      85
      80
      89
      75
     107
      85
      88
      91
      83
      96
      85
      86
      68
      80
      84
      79
      90
      78
      78
      85
      74
      99
      90
      81
      90
      92
      89
     105
      84
      80
      80
      81
      74
      76
      97
      97
      95
      76
      59
      71
      75
      73
      72
      79
      92
      84
      90
     100
      84
      85
      63
      86
      75
      79
      72
      82
      72
      72
      75
      72
      80
      78
      78
      90
      87
      89
      86
      88
      77
      74
      89
      94
      87
      97
      84
      95
      94
      82
      69
      95
     110
     103
      81
      88
      88
      78
     111
     107
      75
     105
      94
      79
      94
      80
      94
      78
      86
     101
      90
      76
      89
      84
     100
     102
      89
     105
      94
     103
      88
      82
      78
      97
      79
      80
      97
      94
      85
      88
      85
     102
      76
      87
      85
      99
      88
      86
      87
      95
      99
      99
      88
      96
      86
     106
      91
     109
      81
      73
      87
      98
     110
      87
      91
      88
      86
     103
     103
      89
     105
     118
     104
      92
      93
     107
      90
      97
      76
     102
      94
     115
      92
     117
     114
      98
     105
     106
      84
      90
      99
      90
     101
     107
      96
      90
      92
     111
     113
     108
      89
     124
     122
      97
     100
     118
      82
     121
     114
     123
     108
     132
     134
     132
     116
     125
     128
     145
     130
     121
     123
     137
     169
     156
     167
     161
     175
     200
     183
     205
     213
     259
     259
     276
     307
     311
     363
     410
     437
     439
     521
     622
     688
     727
     811
     939
    1037
    1217
    1369
    1610
    1930
    2205
    2538
    2900
    3470
    3976
    4485
    5129
    5939
    6648
    7283
    8070
    8875
    9395
   10072
   10697
   11178
   11746
   12281
   12233
   12622
   12718
   12996
   12869
   12774
   12636
   12267
   11992
   11758
   11372
   10949
   10175
    9528
    8946
    8219
    7511
    6739
    5916
    5284
    4591
    4022
    3329
    2784
    2365
    1961
    1653
    1256
    1102
     892
     757
     653
     537
     490
     431
     319
     335
     276
     265
     234
     229
     204
     190
     178
     172
     151
     134
     128
     129
     120
     109
      96
      91
     104
     110
      84
      95
      67
      69
     104
      69
      90
      73
      88
      78
      77
      65
      65
      90
      84
      67
      74
      73
      82
      70
      78
      76
      71
      58
      65
      74
      78
      61
      62
      74
      68
      55
      63
      70
      62
      69
      63
      68
      71
      68
      60
      50
      61
      61
      58
      61
      59
      66
      56
      58
      72
      68
      65
      58
      57
      64
      66
      50
      46
      54
      53
      60
      51
      58
      75
      66
      63
      54
      60
      53
      60
      50
      58
      48
      57
      59
      50
      62
      51
      44
      56
      50
      55
      60
      52
      51
      72
      47
      58
      51
      41
      61
      47
      55
      40
      54
      58
      47
      48
      53
      60
      48
      72
      48
      46
      44
      57
      52
      69
      48
      57
      50
      54
      54
      43
      58
      55
      60
      34
      65
      43
      54
      46
      42
      51
      40
      62
      60
      57
      54
      47
      69
      47
      53
      59
      49
      45
      61
      60
      55
      42
      37
      46
      65
      53
      58
      44
      53
      57
      50
      44
      50
      40
      41
      60
      43
      54
      38
      45
      52
      47
      46
      50
      52
      49
      59
      57
      37
      46
      49
      55
      45
      40
      35
      49
      48
      48
      55
      42
      59
      48
      41
      44
      54
      48
      75
      47
      50
      44
      52
      51
      42
      48
      46
      50
      36
      43
      42
      45
      40
      48
      54
      42
      45
      42
      57
      53
      45
      42
      45
      60
      38
      51
      36
      52
      46
      42
      44
      38
      42
      49
      43
      48
      52
      36
      55
      45
      55
      36
      46
      32
      41
      44
      41
      46
      37
      37
      61
      48
      42
      49
      49
      47
      46
      40
      38
      37
      38
      48
      38
      51
      49
      58
      47
      39
      49
      29
      36
      49
      49
      38
      39
      50
      47
      41
      38
      45
      35
      49
      51
      53
      50
      49
      39
      32
      34
      53
      38
      33
      37
      43
      44
      40
      47
      22
      40
      41
      28
      35
      37
      40
      39
      39
      43
      43
      41
      37
      44
      41
      46
      30
      41
      42
      57
      36
      48
      41
      44
      44
      44
      43
      39
      56
      47
      33
      35
      52
      46
      44
      51
      50
      43
      51
      38
      36
      42
      47
      43
      41
      42
      47
      32
      42
      39
      34
      32
      38
      41
      45
      38
      45
      36
      42
      48
      36
      45
      41
      40
      42
      45
      33
      44
      39
      26
      37
      40
      47
      35
      48
      42
      39
      36
      46
      46
      41
      40
      45
      50
      53
      41
      38
      32
      30
      36
      36
      37
      34
      43
      36
      59
      48
      39
      44
      41
      34
      45
      39
      37
      42
      45
      50
      44
      34
      41
      45
      47
      29
      34
      51
      48
      44
      51
      35
      46
      50
      31
      36
      39
      36
      33
      47
      31
      35
      40
      35
      46
      40
      37
      42
      48
      46
      37
      50
      36
      44
      39
      49
      36
      35
      51
      41
      38
      43
      34
      40
      48
      37
      45
      39
      31
      36
      39
      38
      38
      38
      36
      43
      48
      33
      31
      45
      37
      44
      30
      32
      37
      47
      40
      39
      26
      35
      41
      45
      35
      31
      36
      39
      47
      40
      40
      49
      41
      34
      35
      37
      31
      34
      48
      37
      37
      41
      37
      42
      36
      39
      36
      45
      46
      28
      44
      41
      31
      54
      52
      39
      39
      34
      45
      30
      41
      46
      49
      55
      43
      33
      48
      48
      38
      39
      34
      34
      27
      47
      44
      35
      42
      38
      47
      38
      37
      27
      61
      37
      38
      41
      45
      42
      52
      44
      32
      47
      42
      45
      41
      37
      38
      31
      45
      32
      40
      36
      47
      37
      36
      33
      44
      43
      35
      40
      30
      41
      40
      40
      48
      43
      36
      35
      36
      39
      34
      40
      33
      39
      39
      32
      48
      44
      36
      44
      48
      42
      34
      45
      32
      30
      33
      44
      41
      39
      42
      31
      45
      33
      41
      51
      32
      35
      42
      32
      41
      44
      43
      37
      45
      20
      41
      41
      36
      36
      45
      34
      42
      46
      31
      49
      43
      37
      36
      37
      36
      35
      42
      31
      47
      41
      45
      35
      41
      43
      43
      37
      43
      44
      46
      45
      38
      40
      49
      49
      36
      41
      30
      40
      47
      47
      45
      32
      37
      34
      39
      47
      42
      44
      44
      41
      34
      47
      37
      45
      40
      40
      43
      39
      38
      28
      45
      43
      27
      24
      40
      37
      46
      31
      38
      31
      50
      52
      45
      46
      57
      40
      38
      50
      47
      41
      36
      51
      38
      41
      42
      40
      40
      40
      43
      51
      39
      32
      29
      31
      20
      35
      33
      47
      37
      41
      46
      49
      41
      45
      33
      40
      46
      35
      39
      37
      46
      41
      33
      35
      31
      38
      47
      42
      37
      38
      47
      38
      33
      33
      40
      38
      39
      40
      45
      49
      35
      49
      36
      33
      41
      44
      33
      52
      48
      35
      37
      42
      33
      55
      56
      54
      42
      47
      32
      37
      34
      25
      46
      35
      34
      45
      32
      43
      34
      42
      32
      42
      42
      49
      34
      34
      34
      36
      31
      35
      42
      45
      41
      53
      39
      39
      47
      33
      31
      29
      42
      41
      32
      40
      25
      45
      29
      37
      29
      45
      38
      37
      48
      42
      45
      47
      37
      41
      45
      44
      46
      29
      49
      51
      30
      41
      42
      26
      41
      39
      34
      44
      35
      40
      39
      34
      44
      31
      42
      38
      32
      39
      38
      35
      40
      38
      39
      40
      37
      31
      39
      38
      43
      29
      34
      40
      34
      39
      30
      36
      37
      50
      38
      39
      43
      40
      36
      33
      35
      44
      36
      42
      36
      38
      49
      40
      35
      40
      29
      45
      42
      39
      38
      43
      47
      32
      43
      48
      41
      41
      45
      46
      31
      36
      30
      33
      38
      47
      33
      48
      37
      41
      45
      47
      49
      42
      52
      38
      37
      49
      30
      28
      36
      42
      36
      43
      45
      56
      31
      44
      38
      40
      39
      36
      35
      30
      37
      48
      38
      40
      49
      36
      37
      44
      45
      34
      37
      40
      38
      29
      39
      39
      39
      39
      44
      42
      46
      35
      34
      39
      46
      41
      31
      39
      59
      48
      38
      43
      49
      45
      50
      55
      50
      45
      36
      57
      34
      38
      44
      43
      37
      36
      33
      33
      38
      34
      32
      42
      39
      43
      36
      43
      39
      33
      54
      38
      40
      37
      41
      42
      42
      50
      45
      31
      43
      36
      40
      35
      42
      40
      38
      40
      41
      37
      40
      35
      36
      42
      33
      46
      44
      44
      29
      40
      30
      40
      33
      27
      37
      30
      33
      29
      36
      40
      42
      35
      42
      35
      36
      47
      36
      43
      32
      41
      41
      32
      37
      36
      31
      46
      31
      38
      50
      43
      47
      37
      45
      43
      33
      51
      36
      38
      35
      33
      25
      31
      48
      31
      43
      35
      39
      41
      44
      40
      35
      51
      44
      40
      37
      39
      27
      42
      38
      42
      39
      41
      35
      34
      43
      40
      43
      44
      35
      47
      25
      42
      44
      30
      27
      51
      52
      44
      34
      36
      55
      33
      34
      40
      52
      32
      34
      37
      32
      32
      38
      31
      60
      44
      39
      34
      45
      35
      42
      31
      41
      39
      37
      35
      38
      39
      24
      32
      33
      37
      43
      35
      39
      38
      33
      27
      35
      56
      43
      45
      33
      32
      45
      45
      44
      35
      45
      42
      38
      42
      41
      40
      53
      44
      39
      43
      43
      50
      39
      43
      45
      43
      45
      41
      39
      32
      32
      38
      37
      30
      30
      39
      37
      29
      40
      28
      25
      36
      34
      32
      35
      31
      53
      48
      26
      33
      35
      38
      29
      51
      25
      38
      43
      31
      42
      45
      43
      47
      39
      36
      28
      44
      37
      31
      38
      47
      35
      37
      40
      48
      39
      37
      29
      34
      31
      44
      37
      36
      32
      27
      50
      33
      39
      42
      37
      40
      33
      43
      43
      28
      36
      36
      33
      34
      45
      38
      39
      31
      45
      37
      32
      38
      39
      36
      39
      45
      38
      39
      30
      30
      38
      31
      41
      37
      34
      39
      42
      47
      45
      35
      44
      38
      38
      36
      35
      35
      38
      31
      41
      30
      41
      53
      33
      39
      42
      40
      45
      39
      44
      40
      37
      40
      48
      33
      37
      34
      44
      36
      32
      38
      38
      46
      36
      32
      36
      24
      31
      56
      42
      27
      39
      32
      54
      46
      38
      38
      36
      35
      26
      36
      29
      41
      38
      28
      43
      30
      39
      42
      42
      33
      39
      29
      39
      30
      41
      37
      32
      42
      36
      37
      37
      48
      48
      34
      48
      34
      47
      45
      39
      28
      39
      42
      27
      40
      42
      31
      34
      32
      35
      50
      57
      42
      41
      21
      38
      32
      31
      37
      44
      49
      45
      40
      49
      33
      41
      41
      30
      30
      36
      38
      40
      39
      37
      41
      38
      35
      41
      40
      36
      45
      34
      36
      35
      35
      31
      44
      40
      40
      30
      38
      43
      46
      50
      44
      46
      49
      46
      33
      33
      33
      39
      43
      36
      33
      33
      46
      33
      39
      34
      45
      40
      37
      25
      38
      39
      36
      35
      52
      42
      43
      39
      38
      35
      27
      28
      43
      46
      31
      44
      26
      37
      41
      36
      50
      35
      39
      32
      39
      42
      41
      51
      37
      38
      42
      42
      31
      34
      52
      32
      38
      41
      28
      30
      40
      38
      47
      31
      46
      50
      31
      35
      32
      38
      46
      31
      31
      41
      29
      40
      25
      41
      45
      34
      37
      44
      39
      40
      33
      38
      49
      46
      35
      40
      39
      40
      38
      46
      46
      42
      39
      43
      34
      43
      38
      53
      42
      35
      31
      43
      44
      36
      33
      37
      44
      29
      40
      43
      43
      34
      29
      38
      43
      46
      37
      35
      31
      40
      32
      41
      42
      45
      37
      35
      36
      47
      35
      43
      44
      34
      48
      30
      42
      31
      31
      40
      38
      45
      45
      41
      31
      39
      23
      40
      36
      28
      25
      30
      39
      43
      47
      46
      32
      37
      36
      33
      48
      33
      41
      31
      30
      55
      40
      39
      37
      42
      30
      48
      37
      26
      43
      36
      37
      42
      39
      26
      35
      40
      39
      36
      38
      40
      31
      45
      37
      45
      33
      34
      44
      27
      34
      39
      48
      38
      40
      31
      40
      38
      44
      45
      37
      24
      32
      29
      40
      39
      50
      34
      39
      45
      41
      34
      47
      47
      44
      24
      35
      40
      46
      38
      41
      36
      37
      43
      36
      35
      40
      35
      39
      44
      44
      35
      50
      41
      33
      31
      31
      40
      37
      36
      36
      43
      37
      49
      36
      34
      41
      45
      43
      37
      39
      47
      44
      40
      46
      37
      51
      33
      33
      36
      32
      37
      44
      41
      36
      51
      38
      35
      36
      43
      33
      37
      43
      40
      45
      42
      35
      39
      60
      45
      32
      39
      31
      42
      48
      31
      33
      41
      30
      43
      40
      40
      40
      35
      34
      35
      32
      40
      30
      36
      31
      39
      36
      44
      38
      42
      41
      47
      37
      43
      49
      39
      39
      42
      35
      30
      40
      34
      37
      36
      42
      32
      33
      34
      40
      31
      34
      35
      46
      44
      33
      39
      32
      42
      39
      41
      38
      46
      45
      32
      33
      38
      44
      36
      35
      42
      44
      36
      40
      36
      46
      44
      35
      36
      33
      33
      36
      41
      38
      54
      32
      42
      40
      33
      38
      45
      43
      34
      50
      42
      27
      41
      45
      38
      36
      44
      34
      33
      35
      38
      30
      38
      44
      41
      44
      26
      42
      39
      47
      34
      44
      48
      36
      42
      42
      48
      31
      45
      36
      39
      48
      34
      39
      42
      52
      29
      34
      42
      42
      37
      42
      37
      40
      45
      37
      40
      38
      33
      48
      41
      30
      31
      45
      41
      34
      35
      30
      51
      38
      40
      41
      39
      45
      47
      42
      34
      34
      38
      43
      41
      44
      36
      39
      42
      31
      34
      28
      40
      39
      38
      31
      40
      39
      43
      34
      47
      37
      25
      42
      51
      45
      28
      36
      46
      33
      47
      34
      50
      26
      39
      40
      31
      49
      42
      38
      38
      46
      33
      27
      46
      37
      39
      38
      28
      32
      37
      37
      42
      47
      35
      48
      36
      32
      48
      44
      39
      38
      33
      40
      43
      44
      40
      31
      40
      33
      44
      45
      46
      33
      46
      43
      35
      34
      45
      34
      36
      44
      55
      37
      28
      36
      37
      43
      32
      40
      38
      46
      50
      39
      35
      37
      42
      36
      34
      38
      38
      42
      30
      32
      41
      50
      31
      56
      40
      42
      46
      28
      45
      38
      26
      40
      51
      35
      46
      30
      54
      42
      49
      38
      40
      34
      36
      44
      37
      37
      36
      42
      41
      44
      47
      39
      39
      44
      35
      41
      36
      31
      35
      38
      49
      35
      44
      31
      32
      43
      30
      42
      39
      41
      32
      36
      32
      33
      54
      44
      36
      41
      49
      39
      52
      39
      40
      44
      43
      34
      39
      37
      42
      41
      41
      48
      39
      50
      40
      36
      36
      48
      37
      40
      34
      26
      36
      30
      39
      42
      40
      49
      53
      32
      32
      41
      43
      37
      33
      44
      42
      40
      37
      40
      28
      34
      42
      20
      43
      49
      41
      46
      37
      34
      32
      23
      36
      45
      25
      29
      44
      40
      41
      34
      37
      45
      40
      48
      32
      40
      40
      46
      30
      34
      34
      29
      39
      51
      40
      36
      28
      37
      32
      46
      37
      34
      38
      43
      36
      28
      43
      43
      46
      34
      34
      53
      30
      38
      49
      47
      36
      39
      34
      39
      46
      35
      52
      39
      45
      33
      41
      36
      38
      35
      34
      41
      55
      33
      35
      34
      34
      51
      48
      43
      36
      51
      49
      49
      47
      40
      36
      31
      39
      39
      35
      41
      40
      46
      28
      41
      37
      40
      35
      47
      47
      38
      37
      39
      44
      35
      37
      41
      33
      52
      42
      40
      33
      34
      38
      42
      33
      37
      30
      38
      42
      34
      23
      36
      37
      35
      42
      48
      38
      50
      48
      46
      29
      44
      39
      37
      39
      51
      46
      35
      36
      37
      40
      38
      42
      38
      43
      43
      43
      39
      39
      33
      51
      34
      35
      37
      44
      37
      35
      34
      41
      38
      48
      30
      38
      40
      42
      34
      23
      44
      44
      43
      46
      38
      25
      34
      43
      41
      36
      38
      27
      30
      37
      45
      48
      34
      38
      43
      34
      37
      29
      28
      35
      32
      36
      34
      44
      34
      41
      42
      32
      39
      30
      45
      41
      46
      29
      42
      45
      36
      34
      47
      44
      53
      39
      31
      32
      41
      34
      30
      52
      42
      44
      48
      40
      42
      43
      48
      39
      31
      32
      44
      34
      34
      37
      32
      40
      41
      29
      30
      50
      49
      37
      42
      41
      47
      36
      39
      38
      32
      36
      39
      39
      36
      32
      44
      40
      26
      37
      34
      41
      40
      33
      39
      47
      26
      48
      39
      44
      48
      43
      55
      49
      35
      28
      46
      49
      29
      51
      52
      45
      41
      40
      43
      40
      41
      37
      37
      43
      37
      44
      37
      43
      38
      41
      48
      45
      34
      45
      38
      37
      32
      44
      47
      35
      49
      41
      37
      39
      51
      33
      42
      39
      25
      38
      29
      55
      51
      40
      52
      40
      50
      39
      38
      46
      43
      42
      49
      39
      42
      55
      44
      36
      32
      33
      53
      36
      49
      35
      43
      48
      35
      49
      36
      54
      34
      42
      40
      46
      34
      31
      44
      37
      66
      40
      44
      37
      38
      50
      40
      40
      38
      41
      44
      58
      33
      34
      41
      47
      23
      31
      46
      42
      46
      33
      36
      36
      30
      44
      39
      42
      27
      40
      40
      43
      35
      40
      33
      31
      45
      40
      35
      38
      43
      40
      42
      28
      41
      43
      39
      42
      30
      38
      46
      48
      39
      43
      32
      39
      41
      45
      41
      48
      27
      41
      39
      38
      33
      40
      29
      38
      35
      43
      35
      45
      42
      42
      40
      45
      55
      44
      34
      24
      29
      39
      45
      40
      47
      44
      44
      47
      45
      36
      55
      43
      41
      44
      44
      32
      39
      52
      41
      35
      35
      43
      43
      31
      55
      45
      48
      55
      43
      37
      39
      60
      39
      47
      43
      43
      46
      51
      49
      54
      51
      59
      51
      38
      39
      44
      38
      52
      61
      36
      45
      38
      56
      38
      49
      40
      35
      45
      47
      42
      41
      47
      43
      34
      47
      35
      35
      45
      55
      36
      32
      40
      45
      26
      43
      51
      31
      43
      38
      45
      38
      34
      28
      40
      33
      37
      41
      36
      35
      43
      32
      45
      41
      42
      42
      39
      39
      40
      37
      34
      44
      43
      37
      50
      50
      40
      36
      41
      40
      47
      46
      45
      43
      41
      31
      41
      46
      41
      46
      36
      33
      34
      50
      44
      43
      34
      34
      50
      36
      47
      50
      42
      43
      48
      41
      44
      42
      33
      38
      40
      36
      30
      40
      35
      37
      42
      47
      45
      39
      39
      47
      46
      42
      49
      40
      47
      41
      40
      40
      46
      47
      37
      36
      29
      36
      33
      51
      37
      41
      49
      34
      41
      41
      31
      32
      39
      40
      39
      43
      47
      44
      41
      42
      41
      39
      42
      27
      43
      47
      40
      36
      41
      34
      42
      43
      46
      40
      32
      43
      44
      35
      47
      38
      47
      38
      47
      31
      39
      33
      36
      34
      38
      40
      42
      51
      40
      56
      36
      46
      37
      39
      45
      43
      38
      39
      40
      29
      31
      42
      41
      40
      29
      44
      38
      54
      40
      43
      33
      48
      46
      45
      47
      49
      35
      43
      47
      51
      42
      31
      48
      40
      45
      44
      44
      53
      46
      42
      48
      48
      37
      41
      39
      35
      38
      42
      32
      38
      44
      32
      50
      42
      47
      43
      43
      40
      34
      58
      32
      30
      56
      44
      49
      47
      48
      49
      67
      36
      37
      42
      47
      37
      46
      41
      29
      36
      48
      46
      40
      40
      45
      44
      44
      37
      29
      35
      47
      36
      42
      37
      37
      28
      38
      54
      45
      37
      50
      41
      37
      45
      25
      35
      48
      48
      51
      41
      28
      39
      34
      49
      53
      37
      39
      39
      41
      40
      28
      38
      49
      45
      36
      44
      52
      36
      38
      38
      42
      42
      44
      43
      42
      39
      42
      30
      48
      51
      41
      39
      43
      40
      50
      36
      49
      49
      41
      49
      44
      39
      33
      45
      34
      37
      42
      45
      46
      49
      30
      46
      41
      33
      45
      44
      50
      39
      45
      44
      47
      36
      44
      44
      45
      45
      36
      51
      42
      34
      40
      38
      29
      41
      30
      36
      38
      49
      44
      43
      39
      43
      48
      46
      46
      40
      50
      39
      42
      43
      46
      45
      39
      35
      39
      42
      47
      34
      40
      49
      37
      52
      39
      45
      38
      41
      54
      51
      41
      51
      37
      53
      40
      51
      46
      36
      36
      40
      42
      38
      39
      38
      41
      42
      49
      40
      52
      42
      53
      36
      51
      36
      38
      48
      39
      39
      37
      39
      33
      44
      42
      41
      36
      41
      53
      43
      46
      42
      49
      37
      47
      43
      46
      41
      45
      48
      47
      45
      43
      45
      39
      32
      50
      42
      38
      37
      43
      42
      37
      43
      42
      34
      50
      33
      35
      60
      43
      47
      43
      36
      55
      41
      36
      38
      51
      43
      49
      47
      33
      43
      39
      31
      37
      30
      43
      38
      48
      46
      47
      49
      33
      51
      51
      43
      51
      36
      48
      48
      51
      39
      36
      41
      31
      50
      41
      41
      36
      35
      42
      40
      36
      53
      27
      53
      47
      27
      40
      39
      47
      52
      36
      31
      48
      44
      32
      47
      53
      35
      28
      47
      40
      35
      49
      43
      47
      38
      48
      43
      59
      41
      34
      26
      34
      50
      38
      39
      45
      46
      41
      36
      37
      45
      48
      43
      44
      55
      45
      46
      40
      59
      46
      40
      46
      37
      47
      48
      29
      38
      41
      39
      46
      39
      32
      37
      49
      38
      32
      46
      42
      38
      45
      37
      43
      53
      40
      41
      38
      47
      41
      40
      30
      45
      37
      44
      38
      47
      48
      33
      30
      44
      41
      33
      43
      36
      44
      41
      48
      43
      46
      47
      38
      49
      37
      59
      41
      48
      42
      42
      35
      46
      52
      64
      39
      50
      45
      41
      36
      39
      46
      47
      39
      39
      50
      41
      39
      39
      30
      56
      25
      45
      42
      39
      46
      41
      46
      36
      36
      47
      36
      43
      41
      27
      42
      43
      38
      37
      34
      36
      40
      43
      39
      38
      35
      41
      44
      25
      42
      43
      48
      33
      38
      35
      44
      46
      52
      43
      36
      49
      40
      42
      39
      40
      40
      48
      31
      44
      43
      47
      42
      40
      43
      35
      39
      45
      44
      43
      37
      41
      43
      43
      38
      36
      50
      41
      41
      35
      42
      38
      41
      43
      38
      38
      38
      50
      52
      39
      44
      31
      42
      39
      44
      41
      36
      36
      47
      51
      52
      19
      35
      42
      44
      49
      46
      48
      37
      46
      40
      35
      45
      51
      45
      39
      49
      40
      46
      47
      41
      45
      39
      20
      35
      55
      51
      50
      38
      49
      39
      36
      45
      46
      36
      47
      43
      43
      45
      45
      38
      35
      37
      37
      36
      51
      43
      40
      51
      42
      52
      43
      47
      56
      50
      34
      48
      38
      43
      37
      43
      42
      50
      50
      41
      29
      30
      48
      35
      40
      37
      45
      40
      44
      38
      36
      46
      41
      45
      54
      37
      51
      48
      44
      42
      52
      50
      38
      51
      43
      39
      46
      37
      44
      50
      37
      39
      40
      49
      41
      33
      47
      48
      34
      38
      46
      42
      48
      42
      37
      43
      34
      40
      42
      51
      45
      51
      36
      32
      42
      34
      41
      45
      48
      40
      38
      37
      46
      48
      45
      34
      38
      49
      50
      46
      35
      54
      49
      36
      52
      35
      42
      60
      50
      44
      35
      42
      33
      53
      41
      38
      36
      44
      46
      29
      47
      34
      45
      37
      40
      43
      43
      50
      36
      48
      40
      41
      43
      57
      35
      47
      37
      46
      37
      44
      39
      47
      38
      36
      37
      50
      36
      49
      42
      39
      42
      50
      50
      38
      42
      49
      56
      41
      45
      40
      27
      48
      43
      41
      46
      37
      48
      58
      37
      48
      46
      60
      47
      40
      41
      22
      45
      39
      39
      48
      38
      44
      61
      43
      41
      48
      34
      45
      40
      46
      41
      33
      47
      45
      39
      51
      45
      50
      50
      38
      40
      55
      47
      41
      38
      34
      40
      52
      52
      35
      39
      39
      36
      46
      49
      58
      54
      44
      48
      43
      37
      48
      49
      45
      36
      39
      37
      41
      40
      41
      47
      44
      50
      50
      47
      38
      40
      44
      38
      43
      48
      42
      43
      48
      43
      40
      57
      45
      46
      32
      37
      41
      43
      57
      41
      48
      53
      41
      40
      35
      45
      46
      37
      33
      53
      50
      34
      50
      45
      46
      41
      52
      46
      45
      44
      44
      34
      37
      46
      47
      42
      57
      36
      40
      48
      50
      40
      53
      49
      46
      51
      47
      46
      46
      34
      45
      46
      55
      41
      34
      33
      56
      30
      44
      50
      39
      39
      49
      37
      42
      40
      42
      49
      46
      34
      46
      35
      48
      42
      50
      47
      54
      34
      45
      44
      39
      42
      47
      42
      55
      31
      45
      44
      39
      42
      34
      47
      47
      41
      38
      47
      51
      30
      49
      50
      31
      44
      53
      55
      43
      36
      65
      39
      40
      46
      64
      41
      33
      37
      48
      56
      51
      47
      46
      34
      34
      42
      43
      55
      45
      50
      37
      48
      42
      39
      35
      36
      43
      49
      47
      45
      40
      50
      55
      48
      52
      39
      44
      42
      47
      40
      42
      54
      37
      42
      59
      50
      47
      49
      49
      37
      43
      37
      34
      57
      52
      37
      37
      44
      38
      40
      42
      44
      56
      47
      40
      57
      42
      51
      40
      48
      36
      52
      43
      42
      43
      55
      40
      27
      47
      43
      37
      40
      47
      48
      30
      43
      45
      48
      40
      48
      56
      40
      44
      42
      41
      47
      37
      44
      49
      55
      60
      56
      57
      33
      51
      55
      41
      55
      45
      32
      42
      49
      44
      45
      39
      52
      32
      50
      45
      46
      52
      49
      53
      53
      39
      46
      42
      48
      47
      45
      47
      48
      50
      41
      56
      62
      48
      30
      34
      59
      48
      49
      47
      54
      44
      51
      53
      30
      48
      36
      49
      42
      46
      44
      46
      49
      52
      47
      45
      48
      50
      52
      43
      43
      51
      47
      54
      50
      44
      43
      59
      50
      54
      45
      45
      45
      53
      55
      46
      57
      39
      39
      57
      38
      53
      45
      42
      48
      52
      44
      52
      40
      36
      46
      43
      47
      51
      46
      60
      45
      49
      51
      37
      50
      44
      43
      38
      41
      37
      33
      44
      43
      56
      49
      70
      53
      43
      47
      48
      52
      56
      52
      54
      53
      44
      39
      43
      55
      54
      43
      43
      44
      37
      44
      41
      49
      50
      46
      36
      39
      54
      45
      43
      48
      39
      40
      49
      55
      50
      48
      35
      50
      46
      63
      48
      56
      43
      41
      48
      49
      53
      44
      38
      54
      39
      41
      42
      55
      49
      41
      57
      60
      44
      46
      55
      52
      34
      40
      45
      46
      47
      51
      38
      50
      56
      53
      57
      44
      45
      42
      41
      48
      42
      39
      49
      56
      59
      40
      59
      42
      47
      31
      46
      54
      52
      48
      43
      48
      49
      45
      49
      64
      46
      46
      41
      49
      44
      45
      51
      62
      52
      61
      49
      51
      53
      47
      52
      52
      46
      54
      40
      48
      39
      46
      38
      60
      48
      62
      49
      36
      41
      60
      53
      46
      54
      36
      55
      33
      48
      59
      42
      37
      46
      61
      47
      45
      52
      52
      45
      52
      60
      47
      52
      61
      52
      69
      55
      39
      51
      39
      51
      54
      59
      56
      54
      51
      43
      45
      43
      53
      47
      43
      47
      51
      50
      60
      35
      48
      39
      53
      48
      53
      46
      53
      48
      37
      53
      55
      52
      53
      38
      45
      52
      46
      63
      44
      41
      45
      59
      37
      52
      48
      58
      52
      49
      50
      44
      45
      45
      46
      53
      66
      37
      43
      47
      42
      55
      56
      59
      46
      58
      38
      56
      64
      48
      68
      55
      43
      50
      58
      45
      47
      52
      49
      45
      61
      51
      46
      46
      52
      53
      56
      55
      43
      54
      40
      41
      51
      63
      52
      49
      44
      47
      50
      41
      73
      37
      38
      41
      48
      57
      46
      55
      56
      52
      43
      54
      45
      51
      54
      48
      44
      38
      53
      43
      48
      60
      50
      37
      54
      43
      51
      49
      46
      47
      49
      45
      41
      51
      48
      54
      36
      63
      40
      50
      43
      54
      51
      50
      44
      55
      55
      43
      50
      52
      44
      54
      52
      53
      53
      47
      50
      49
      54
      48
      46
      62
      39
      58
      49
      55
      55
      45
      41
      35
      58
      54
      42
      49
      57
      60
      52
      44
      49
      50
      53
      53
      44
      48
      48
      42
      57
      45
      50
      52
      40
      46
      52
      48
      59
      58
      51
      59
      60
      35
      49
      50
      45
      49
      50
      43
      52
      54
      46
      50
      55
      55
      60
      47
      34
      68
      54
      51
      55
      45
      39
      47
      55
      57
      57
      50
      48
      54
      53
      64
      48
      50
      53
      53
      51
      54
      46
      52
      52
      49
      46
      56
      53
      44
      63
      51
      64
      56
      45
      55
      63
      50
      57
      39
      48
      50
      55
      47
      52
      39
      57
      63
      53
      50
      49
      56
      43
      51
      51
      53
      54
      46
      47
      42
      66
      56
      53
      49
      49
      50
      48
      51
      49
      45
      40
      50
      54
      43
      60
      58
      54
      51
      50
      54
      41
      59
      57
      51
      54
      56
      52
      59
      55
      56
      41
      61
      52
      58
      53
      64
      50
      55
      45
      62
      40
      52
      56
      55
      54
      55
      52
      46
      43
      44
      43
      67
      51
      58
      52
      42
      57
      52
      47
      52
      51
      64
      41
      47
      47
      50
      47
      53
      55
      44
      52
      44
      50
      42
      52
      51
      55
      53
      56
      60
      47
      48
      61
      42
      44
      55
      62
      49
      50
      55
      52
      51
      63
      63
      47
      62
      59
      56
      68
      39
      50
      47
      62
      51
      53
      47
      47
      49
      52
      48
      40
      49
      50
      45
      43
      63
      54
      59
      44
      44
      53
      52
      59
      48
      51
      59
      52
      61
      47
      58
      45
      62
      39
      52
      49
      61
      68
      54
      54
      64
      42
      50
      53
      56
      49
      55
      55
      57
      38
      57
      53
      62
      42
      50
      51
      55
      59
      53
      65
      57
      46
      57
      43
      56
      53
      62
      43
      53
      63
      52
      49
      41
      50
      58
      46
      63
      60
      62
      58
      59
      48
      49
      51
      49
      52
      59
      58
      58
      42
      62
      57
      44
      64
      62
      60
      56
      54
      51
      62
      64
      54
      43
      52
      52
      46
      62
      58
      35
      54
      44
      67
      49
      48
      48
      54
      61
      61
      50
      64
      60
      53
      52
      52
      42
      61
      48
      78
      65
      50
      49
      51
      68
      48
      51
      63
      54
      51
      60
      46
      62
      47
      62
      41
      50
      58
      61
      70
      47
      44
      53
      57
      41
      54
      65
      45
      63
      48
      58
      49
      66
      56
      55
      49
      60
      74
      74
      54
      48
      48
      54
      52
      51
      52
      54
      62
      49
      48
      64
      61
      71
      62
      50
      47
      49
      63
      56
      58
      59
      48
      56
      59
      61
      59
      51
      51
      58
      52
      63
      49
      61
      55
      53
      69
      65
      56
      62
      60
      56
      76
      52
      65
      66
      55
      63
      70
      63
      46
      69
      67
      54
      64
      64
      61
      50
      56
      58
      56
      54
      68
      62
      57
      44
      46
      64
      51
      44
      70
      53
      49
      54
      45
      55
      58
      58
      61
      54
      60
      67
      64
      69
      66
      56
      48
      60
      71
      57
      68
      63
      65
      55
      68
      66
      57
      59
      74
      56
      73
      53
      55
      48
      58
      46
      55
      65
      56
      68
      61
      47
      71
      48
      60
      52
      66
      53
      63
      51
      49
      64
      64
      63
      55
      53
      50
      63
      59
      58
      44
      65
      57
      54
      68
      51
      68
      70
      64
      63
      58
      54
      65
      71
      50
      72
      68
      65
      52
      66
      67
      64
      76
      65
      52
      76
      67
      50
      63
      58
      64
      44
      57
      64
      46
      66
      62
      47
      61
      51
      65
      52
      56
      51
      75
      53
      62
      50
      65
      50
      70
      60
      59
      62
      55
      73
      72
      56
      65
      67
      74
      60
      64
      55
      62
      62
      51
      63
      63
      66
      49
      50
      62
      62
      64
      74
      71
      54
      51
      55
      46
      62
      61
      55
      48
      61
      59
      53
      58
      59
      46
      65
      72
      80
      56
      49
      51
      55
      73
      63
      47
      60
      53
      70
      40
      59
      62
      65
      66
      62
      60
      59
      57
      77
      58
      65
      52
      66
      78
      83
      72
      61
      62
      81
      57
      75
      57
      74
      63
      68
      60
      57
      66
      61
      49
      59
      52
      67
      75
      66
      63
      54
      61
      52
      59
      61
      65
      56
      67
      59
      69
      54
      64
      68
      62
      53
      71
      69
      64
      70
      55
      79
      82
      61
      84
      63
      64
      65
      69
      70
      57
      60
      63
      72
      67
      46
      70
      58
      60
      57
      65
      65
      57
      62
      45
      76
      70
      60
      53
      65
      66
      64
      63
      56
      59
      75
      83
      61
      65
      63
      56
      45
      75
      66
      59
      84
      80
      56
      75
      62
      69
      60
      65
      65
      70
      63
      62
      75
      61
      63
      69
      72
      59
      63
      62
      53
      68
      72
      51
      62
      61
      61
      57
      60
      71
      58
      81
      50
      63
      72
      79
      75
      62
      68
      63
      71
      64
      63
      56
      67
      73
      89
      65
      75
      66
      67
      68
      73
      69
      64
      67
      76
      71
      71
      85
      56
      59
      67
      51
      54
      63
      54
      70
      74
      65
      51
      58
      61
      75
      71
      77
      62
      61
      60
      67
      74
      54
      70
      69
      59
      74
      70
      71
      62
      64
      62
      63
      69
      77
      72
      64
      59
      82
      73
      78
      81
      75
      49
      70
      70
      80
      60
      71
      50
      72
      70
      63
      68
      76
      59
      63
      63
      77
      73
      63
      67
      76
      53
      65
      49
      68
      73
      68
      66
      69
      67
      69
      72
      61
      70
      82
      73
      79
      73
      76
      81
      73
      67
      75
      64
      74
      72
      70
      71
      72
      93
      59
      75
      59
      80
      73
      56
      69
      80
      80
      57
      68
      69
      73
      91
      77
      83
      78
      57
      85
      85
      66
      69
      68
      79
      60
      69
      75
      71
      55
      72
      73
      71
      51
      77
      70
      96
      81
      73
      75
      62
      54
      73
      78
      73
      78
      76
      63
      70
      69
      73
      74
      70
      71
      77
      74
      67
      99
      96
      68
      85
      81
      96
      80
      94
      85
      85
      85
      71
      76
      78
      77
      68
      70
      75
      73
      93
      80
      82
      78
      62
      79
      76
      88
     105
      80
      77
      97
      75
      87
      79
      73
      89
      81
      83
      78
      87
      77
      90
      86
      86
      81
      86
      78
      73
      74
      66
      90
      80
      79
      83
      79
      80
      67
      88
      69
      79
      83
      69
      71
      78
      77
      78
      73
      67
      64
      74
      86
      68
      78
      89
      94
      78
      75
      76
      82
      72
      81
      74
      72
      64
      72
      85
      65
      87
      96
      65
      78
      78
      77
      90
      86
      82
      74
      77
      83
      81
      63
      80
      81
      63
      80
      69
      87
      68
      76
      82
      80
      82
      72
      84
      82
      74
      74
      79
      70
      73
      76
      81
      79
     100
      72
      89
      78
      75
      80
      84
      85
      77
      80
      78
      77
      78
      89
      76
      82
      90
      82
      75
      71
      80
      77
      80
      81
      75
      90
      68
      84
      74
      87
      80
      87
      79
      72
      89
      83
      92
      84
      83
      87
      91
      87
      70
      65
      82
      78
      72
      76
      73
      70
      76
      91
      64
      73
      74
      84
      95
      83
      89
      85
      58
      77
      93
      68
      92
     104
      74
      87
      93
      76
     101
      87
      95
      96
      59
      70
      91
      91
      87
      77
      79
      69
      73
      83
      72
      82
      93
      83
      84
      74
      79
      73
      87
      83
      97
      86
      90
      75
      74
      91
      81
      87
      72
      77
      83
      84
      62
      75
      91
      88
      83
      79
      71
      90
      62
      68
      67
      87
      98
      80
      82
      87
      80
      84
      84
      78
      77
      77
      88
      89
      79
      92
      95
      91
      81
      90
      85
      69
      74
      72
      75
      86
      77
      92
      81
      85
      82
      90
      85
      90
      79
      76
      87
      79
      99
      83
      80
      88
      83
     101
      91
      98
      79
      94
      85
     105
      77
      75
      78
      60
      70
      86
      71
      80
      86
      78
      92
      92
      85
      95
      72
      90
      72
      93
      81
      90
      74
      84
      91
      66
      94
      77
      96
      92
      91
      76
      96
      75
      91
     100
      82
      76
      89
      77
      79
      75
      88
      77
      85
      98
      79
      85
      71
      94
      92
      83
      88
     111
      78
      79
      87
      84
      84
      73
      80
      76
      95
      87
      92
      89
      92
      85
      84
      74
      71
      72
      68
      82
      79
      83
      83
      79
      87
      78
      86
     104
      80
      88
      84
      82
      82
      95
      76
      83
      69
      75
      82
      65
      90
      89
      70
      78
      82
      77
      56
      79
      77
      92
      77
      88
      90
      86
      91
      79
      87
      92
      69
      74
      79
      70
      97
      59
      64
      72
      78
      90
      82
      65
      84
      66
      75
      78
      76
      76
      72
      69
      82
      80
      75
      66
      87
      83
      68
      70
      77
      63
      84
      56
      70
      71
      65
      65
      75
      70
      59
      84
      58
      69
      73
      82
      65
      57
      80
      48
      61
      67
      64
      55
      63
      71
      58
      52
      52
      44
      77
      56
      66
      54
      56
      76
      63
      54
      59
      54
      56
      52
      67
      57
      54
      50
      52
      53
      60
      73
      56
      57
      65
      49
      54
      64
      50
      70
      63
      72
      57
      57
      58
      61
      64
      67
      51
      65
      53
      51
      56
      59
      64
      48
      45
      54
      48
      48
      62
      50
      53
      55
      54
      51
      57
      72
      52
      45
      49
      54
      50
      39
      51
      40
      46
      48
      49
      57
      49
      51
      51
      52
      57
      47
      49
      55
      52
      47
      48
      39
      45
      51
      50
      52
      45
      42
      50
      51
      56
      45
      57
      45
      38
      63
      50
      56
      51
      45
      50
      61
      58
      49
      60
      49
      44
      50
      56
      43
      44
      54
      48
      59
      49
      40
      31
      41
      49
      43
      56
      55
      41
      51
      43
      65
      42
      37
      32
      47
      51
      40
      50
      46
      54
      60
      57
      44
      66
      55
      48
      57
      51
      52
      44
      49
      42
      42
      47
      60
      43
      46
      50
      56
      33
      44
      41
      51
      51
      37
      36
      43
      52
      44
      62
      44
      52
      49
      46
      42
      41
      56
      45
      45
      58
      40
      57
      42
      48
      60
      55
      45
      62
      45
      44
      57
      46
      46
      51
      43
      40
      43
      38
      54
      43
      46
      46
      39
      38
      41
      51
      38
      46
      46
      52
      44
      40
      44
      48
      38
      43
      48
      47
      38
      46
      47
      47
      47
      47
      44
      43
      36
      41
      40
      50
      42
      40
      44
      41
      39
      44
      30
      41
      49
      49
      54
      48
      44
      45
      49
      41
      36
      40
      51
      36
      36
      46
      54
      39
      47
      29
      46
      38
      47
      45
      50
      45
      58
      42
      47
      55
      41
      29
      44
      37
      45
      54
      38
      35
      40
      38
      38
      38
      38
      36
      51
      41
      42
      30
      44
      51
      41
      51
      38
      57
      28
      45
      41
      48
      43
      44
      44
      55
      37
      44
      45
      40
      35
      47
      45
      45
      41
      47
      50
      55
      50
      43
      36
      46
      48
      46
      55
      44
      47
      45
      32
      40
      51
      48
      49
      34
      34
      44
      37
      60
      44
      43
      49
      43
      44
      35
      40
      41
      52
      32
      35
      36
      40
      36
      36
      42
      32
      43
      49
      44
      48
      41
      40
      35
      46
      33
      40
      44
      54
      52
      36
      37
      41
      37
      29
      39
      42
      43
      38
      39
      35
      35
      38
      39
      46
      49
      43
      49
      43
      49
      44
      33
      47
      31
      27
      38
      32
      43
      44
      47
      23
      34
      49
      36
      45
      34
      48
      49
      38
      34
      31
      39
      38
      38
      25
      34
      43
      40
      30
      48
      29
      39
      42
      42
      34
      39
      42
      31
      35
      37
      35
      40
      40
      40
      25
      40
      43
      41
      36
      33
      60
      39
      32
      34
      43
      44
      55
      45
      42
      36
      27
      27
      50
      30
      42
      31
      43
      40
      40
      45
      44
      38
      38
      36
      30
      35
      40
      27
      39
      37
      40
      47
      28
      39
      29
      31
      32
      33
      34
      48
      34
      39
      36
      43
      43
      29
      37
      37
      26
      33
      32
      38
      34
      39
      32
      36
      38
      41
      38
      26
      31
      33
      48
      33
      30
      35
      36
      45
      35
      36
      39
      28
      35
      51
      39
      35
      50
      45
      38
      27
      28
      42
      36
      38
      32
      25
      31
      31
      41
      25
      29
      36
      40
      32
      37
      33
      45
      34
      35
      30
      36
      32
      41
      33
      29
      36
      22
      32
      27
      24
      35
      33
      34
      31
      40
      33
      33
      32
      34
      35
      37
      37
      31
      40
      31
      33
      42
      40
      42
      36
      38
      36
      30
      27
      28
      30
      36
      43
      41
      30
      32
      28
      36
      26
      32
      26
      25
      37
      33
      23
      33
      30
      45
      36
      36
      34
      31
      32
      35
      34
      26
      36
      30
      32
      37
      31
      31
      43
      33
      33
      28
      30
      27
      24
      34
      35
      37
      29
      25
      37
      35
      47
      25
      34
      34
      41
      38
      29
      36
      37
      25
      35
      32
      32
      43
      34
      35
      33
      33
      27
      23
      31
      33
      31
      36
      27
      34
      36
      30
      33
      30
      35
      35
      23
      29
      30
      35
      35
      40
      39
      31
      30
      37
      29
      36
      34
      31
      23
      35
      26
      37
      29
      37
      32
      29
      40
      29
      27
      26
      29
      28
      27
      27
      39
      19
      34
      34
      23
      39
      23
      41
      28
      23
      22
      24
      30
      31
      32
      25
      30
      35
      24
      38
      25
      29
      32
      21
      27
      24
      19
      34
      30
      33
      17
      26
      24
      36
      34
      31
      35
      33
      26
      24
      20
      24
      26
      29
      25
      26
      21
      43
      29
      30
      21
      24
      25
      36
      33
      37
      21
      22
      36
      21
      33
      22
      21
      25
      29
      25
      26
      25
      27
      27
      30
      28
      31
      39
      26
      23
      25
      28
      21
      22
      22
      21
      24
      37
      26
      33
      28
      33
      18
      37
      26
      24
      22
      35
      24
      26
      31
      32
      20
      22
      31
      29
      12
      28
      28
      32
      21
      23
      27
      24
      28
      22
      16
      17
      27
      24
      29
      26
      24
      18
      20
      24
      29
      27
      28
      28
      41
      19
      20
      21
      30
      30
      21
      28
      21
      23
      28
      22
      18
      28
      28
      23
      25
      11
      27
      16
      26
      18
      20
      18
      23
      32
      20
      24
      23
      27
      20
      20
      25
      24
      30
      20
      23
      19
      26
      30
      19
      31
      15
      16
      20
      24
      27
      17
      18
      28
      22
      20
      25
      21
      28
      30
      29
      15
      31
      28
      19
      19
      28
      18
      20
      29
      16
      23
      20
      28
      16
      25
      16
      25
      29
      18
      17
      22
      23
      15
      14
      23
      15
      22
      25
      17
      17
      24
      15
      19
      17
      22
      31
      22
      21
      19
      16
      26
      19
      18
      15
      16
      21
      24
      28
      26
      20
      25
      21
      21
      25
      23
      24
      20
      12
      15
      24
      19
      22
      16
       9
      26
      18
      16
      16
      16
      19
      13
      20
      15
      21
      15
      17
      19
      22
      13
      20
      21
      18
      21
      21
      23
      23
      29
      13
      21
      18
      19
      13
      20
      22
      21
      12
      16
      13
      22
      14
      30
      17
      11
      19
      23
      25
      14
      16
      12
      12
      23
      20
      26
      19
      16
      19
      24
      17
      16
      18
      20
      14
      12
      19
      18
      29
      15
      16
      17
      16
      14
      20
      14
      14
      14
      11
      22
      17
      15
      17
      21
      17
      18
      15
      24
      23
      16
      19
      22
      16
      12
      19
      14
      18
      12
      12
      19
      23
      16
      14
      12
      22
      16
      19
      13
      12
      13
      11
      16
       8
      21
      20
      19
      18
      21
      17
      14
      14
      20
      20
      15
      23
      16
      10
      19
      13
      21
      13
      15
      20
      20
      16
      21
      23
      20
      13
      16
      18
      13
       9
      20
      26
      19
      15
      11
      16
      15
      14
      12
      14
      15
      14
      20
      18
      18
      14
      13
      19
      21
      22
      10
      17
      18
      15
      14
      16
      17
      16
      17
      10
      22
      15
      16
      18
      18
      17
      21
       9
      10
      19
      17
      12
      14
      15
      14
      16
      19
      18
       9
      10
      11
      16
      15
      13
      12
      13
      21
      18
      16
      16
      10
      16
      22
      10
      15
      19
      14
      11
      10
      12
      10
      14
      16
      12
      23
      19
       6
      16
      16
      23
      17
      21
       5
       6
      14
      19
      13
      13
      11
      22
      12
      10
       8
      22
       9
      21
      17
      20
      16
      15
       6
      17
      23
      11
      13
      11
       8
      14
      16
      16
      19
      10
      16
      22
      19
      17
      10
      10
      13
      13
      13
      17
      13
      16
      17
      11
      18
      19
      12
       9
       8
      16
      12
      17
      10
      14
      15
       9
      13
      20
       9
      23
      11
      11
       8
      12
      12
      12
       7
      19
      13
       8
      14
      13
      12
      15
      13
      13
      14
       7
      16
      15
      13
      14
      10
      13
      19
      17
      16
      21
      15
      13
      13
      14
      10
      11
      16
      20
       9
      12
      13
      12
      18
      17
      25
      17
      10
      16
      11
      19
      19
      12
      10
      12
      11
      17
      15
      15
      10
      14
      12
      16
      11
      23
      12
      10
      16
      20
      16
      12
      15
      10
       9
      14
      15
      12
       9
      14
       6
      17
      16
       8
      15
      14
      15
      15
      14
      11
      11
       6
      16
      10
      15
      13
      14
      10
      10
       9
      16
      16
      14
      17
      13
      14
       8
       7
       9
       6
      14
      15
      12
      14
      16
      10
       8
      15
      18
      13
       6
      20
      13
      15
      10
      21
       8
      22
      11
       8
      18
      14
      11
      13
      17
      11
      12
      14
      14
       9
      11
      14
      14
      21
      16
      11
      16
       9
      15
      13
       9
      12
      18
      10
      16
      16
       9
      11
      11
      18
      17
       9
      13
      20
      15
      14
      14
      14
       8
      12
      16
      11
      15
      14
      13
      11
      23
      16
       7
      11
      20
      13
      21
       7
      16
      13
      16
      18
      14
      13
      17
       8
       6
      18
      13
       8
       4
      12
      13
      13
       5
      16
       8
      19
       6
      13
      12
      19
      15
       7
      20
      17
       8
      14
      15
      14
      11
      14
      13
      17
       9
      12
       8
      17
      12
      12
      17
      12
      12
      11
      16
      14
      11
       4
      10
       9
      13
      10
      12
       7
      10
      12
      11
      12
      11
      10
       9
      11
      11
      14
      18
      16
      19
      18
       9
      11
       9
      13
      14
      13
      10
       9
      14
      13
      13
      14
      15
      10
      14
      16
       9
      14
      19
      11
      11
      16
      12
      16
      11
      14
      18
       9
      16
       8
       9
      10
      13
      11
      13
      11
      15
      15
      14
      14
      10
      19
      12
      12
      15
      13
      13
      11
       8
      10
       7
      15
      12
      13
      14
      11
      16
      16
       8
      14
       6
      18
      13
       8
      11
      18
       9
      16
      11
       8
      10
      11
      15
      13
      14
      15
      11
       5
      10
      10
      18
       9
      12
      16
       9
      14
      11
      15
      12
      10
      18
       8
      14
      18
      12
      11
      11
      11
      10
      13
      12
      14
      13
      14
       8
      13
       5
      10
      13
      16
      13
      11
      13
      12
      11
       9
       9
      11
      10
      11
       7
      11
      20
      11
      10
      15
      11
      17
      10
      22
      13
      12
       9
      13
      10
      14
      18
      18
      13
      13
      11
      12
      14
      10
      12
      19
      15
      13
       7
      17
      12
      14
      12
      12
      12
      12
      12
      10
      13
       9
       9
      13
      13
      14
      16
      11
       8
      11
      10
      13
       9
      13
      11
       7
       8
      11
      13
      13
      10
      10
      18
       8
      13
      13
      17
       9
      10
       9
      13
      17
      13
      16
      13
      15
       8
      12
       8
       9
       8
      15
      13
      11
      12
      17
      12
       9
      15
       8
      14
      15
      10
      20
      21
       7
       8
      16
       9
      18
      10
       8
      20
      19
      10
      12
      11
      15
      15
      14
       9
       6
      16
      14
      10
      12
      15
      14
      17
       7
      14
      12
      16
      13
      13
      17
       9
       7
      14
      21
      15
      14
      15
      16
      13
       9
       5
      22
      11
       9
      11
      13
      22
      11
      10
      17
      17
      13
      12
      12
      10
      11
       8
      12
      11
      18
      16
      11
       9
      15
      12
      13
      20
      11
      11
       8
      13
      13
      17
      23
      15
      21
      10
      15
       8
      15
       9
      19
      17
      14
      13
       9
      15
       6
      13
       9
      15
      12
      19
       6
      10
      13
      20
      10
      13
       6
       9
      10
      16
       7
      12
      12
      12
       9
      20
      14
      14
       5
      13
       5
      13
      13
       6
      16
      11
       8
      11
      17
       5
       8
      14
      16
       8
       9
      14
      10
      14
      10
      15
      19
      14
      16
      17
      15
      18
       8
      13
      14
      11
       7
      14
      13
      15
      13
      12
      21
      15
       7
      10
      11
      16
      10
      16
      11
      17
      16
      14
       8
       8
       7
      18
      11
      10
      14
       6
       8
      12
       9
      10
      11
      14
       8
      13
      11
      10
      12
       9
      11
      10
      19
      12
      13
       6
      10
      17
      13
       8
       3
       8
       9
      12
      15
      11
      14
      11
      10
      10
      12
      10
       9
       8
      10
      12
      15
      18
      14
      14
      12
      12
      10
       9
      11
      14
      15
      10
      13
      16
      17
       5
      12
       7
      15
       6
      12
      12
      14
      16
      16
      11
      15
      10
      19
      15
      13
      20
       8
      19
      15
       9
      12
      11
      15
      18
      13
      14
      16
      11
      15
      16
      13
      13
      18
      17
      14
      11
      18
      14
      10
      12
      16
      17
      14
      12
      15
      10
      18
      16
      14
       8
      12
      11
      13
      19
      20
      12
      12
      16
      18
      15
      17
      16
      19
      14
      10
      11
      16
      15
      20
       8
      13
      10
      13
      18
      11
      17
      11
      16
      13
      17
      13
      18
      14
      17
      10
      15
      10
      14
      23
      19
      21
      12
      14
      19
      12
      24
       7
      17
      19
       7
      11
      18
      15
      19
       7
      18
      14
      11
      20
      14
      20
      19
      11
      15
      15
      13
      21
       9
      14
      18
      12
      10
      18
      11
      15
      16
       9
      14
      14
      24
      10
      15
      15
       9
      20
      11
      18
      17
      21
      19
      19
      18
      22
      16
      14
      15
       9
      12
      13
      14
      18
      18
      14
      17
      10
      19
      13
      20
      14
      20
      23
      17
      18
      17
      26
      16
      14
      20
      21
      26
      24
      26
      21
      15
      17
      32
      31
      17
      28
      35
      36
      41
      45
      57
      40
      68
      64
      89
      87
      98
     113
     147
     177
     191
     233
     263
     336
     385
     455
     586
     697
     765
     976
    1111
    1286
    1616
    1852
    2123
    2518
    2718
    3014
    3385
    3553
    3907
    3998
    4246
    4184
    4218
    4100
    3948
    3679
    3496
    3097
    2784
    2460
    2121
    1761
    1431
    1179
     968
     711
     582
     424
     351
     246
     172
     122
      98
      87
      61
      51
      32
      28
      25
      24
      32
      29
      21
      14
      17
      21
      17
      13
      19
      24
      17
      14
       9
      19
      15
      13
      19
      16
       9
      17
      19
      19
      19
      11
      16
      10
      14
      16
      17
      25
      13
       5
      17
      11
       9
       9
      16
      25
       5
       4
      17
      23
      16
      11
      10
       9
      14
      15
      20
      12
      10
      15
      18
      14
       6
      16
      10
      16
      12
      13
       6
       9
      14
      11
       9
       5
      11
       8
       7
      10
       8
      13
       9
      17
      16
       9
       9
      10
       9
      16
      11
      11
      14
      11
      19
      12
      13
       7
      17
      13
      12
       8
       7
      15
      12
       8
      11
      12
      14
       7
      10
      13
      11
      13
       8
      11
      12
       8
       5
       6
      11
       3
       7
      14
       8
      10
      15
       9
       8
       1
      12
      15
       9
       9
      13
      12
      11
      11
      10
      11
       6
       4
       8
       9
       6
       7
      14
      14
       6
      12
      10
       9
       7
       7
      10
       7
       6
       8
       7
       7
       3
      13
      10
      10
       7
      11
       8
       3
       9
      11
       8
       8
       7
       4
      14
      10
      11
      10
       7
       6
       7
       6
       7
      17
       6
       9
       8
      15
      13
       5
      11
       7
       7
      12
       4
      14
      17
       6
       5
       8
      12
      10
       8
       2
      11
       8
      13
      10
       9
       8
       4
      13
      11
       8
       6
       8
      10
       7
       6
      10
       6
       5
       6
      11
       5
       5
       7
       6
       9
       6
       6
      11
       5
       6
      13
      13
      13
       8
       3
       6
      12
       8
       7
      10
       5
       5
       9
       7
       7
       9
      13
       4
      12
       5
      10
      17
       9
       7
       6
      14
      11
       4
       3
       6
       7
       8
       9
       8
       3
       9
       2
      10
       2
       5
       7
       7
       5
      13
       7
      10
      11
       6
       3
       8
       7
      10
      12
       2
      11
       6
       5
       9
       7
       8
      12
       6
       6
       9
      13
      11
       7
       3
       6
      10
       7
       5
      10
       5
       7
      10
       3
       7
      10
      14
       3
       5
       2
       7
       5
      10
      11
       4
       5
      10
       8
       9
      10
       8
      12
      10
       8
       7
       9
       8
       9
       8
       8
      11
      11
       3
       6
       9
       6
       7
       9
       7
       5
       7
       8
       8
      10
       7
       7
       5
       9
      12
       9
       9
       7
       7
       8
       7
       9
       6
       9
       4
      12
       6
       4
       4
      11
       6
       2
       4
       7
       4
       5
       6
       8
       4
       9
       8
      11
       7
       7
       7
       4
       3
       9
       7
      11
       9
       5
       7
       7
      10
       2
       6
      10
       5
      14
       8
      10
       6
       4
      13
       6
       3
       5
       8
       5
      12
       4
       6
      11
       9
       7
       7
       6
       8
       3
       7
       4
       4
       4
      11
       6
       4
       7
       6
       8
       4
       9
       3
       8
      12
       6
       6
       6
       6
       7
       7
      13
       4
       5
       6
      10
       8
       5
       4
       3
       7
       8
       9
       7
       9
       4
       2
       5
      11
       3
       6
      10
       3
       4
       7
       8
       5
       9
       5
       6
       5
       6
       4
      11
       9
       9
       5
       3
       2
       6
      10
       6
       5
       9
       2
       8
      11
       6
      15
       7
       9
       4
       6
       3
       5
       6
       6
       7
      10
       9
       8
       8
       9
       7
       9
       5
       8
       3
       9
       8
       7
       8
       3
       8
       6
       5
       8
       4
       7
       4
       5
      13
       8
       5
       7
       5
       6
       3
       6
       6
       6
       7
       6
       3
       7
       2
       9
       8
       3
       5
       8
       5
       2
       7
       8
      10
       8
      15
      11
       9
       4
      10
      10
       8
       3
       7
       6
       8
       4
       7
      11
       6
       4
       9
      10
       3
       6
       8
      11
       9
       2
       7
       7
      10
       6
       5
       9
       7
       7
       5
       5
       7
       7
       8
       6
       7
       6
       3
       6
       5
       7
       4
      10
       6
       7
       8
       7
       7
       6
       6
       9
       7
       7
      12
       6
       6
       6
       8
       3
       7
       6
       4
       4
       3
       8
       7
       7
       8
       6
      11
       7
       8
       7
      10
       6
       7
       9
      10
       1
       6
       3
       6
      10
       6
       5
       5
       8
       3
       5
       5
       6
       4
       4
       6
       5
       5
       9
       6
       6
       5
       6
       6
      12
       7
       7
       8
       4
       7
       6
       8
       2
       9
       8
      11
       4
       5
       7
       4
       4
       3
       4
       5
       5
       8
      13
       2
       5
       5
       5
       6
       6
       8
       8
       4
       4
       5
       5
       7
       9
       6
       5
       7
       6
       4
       7
       8
       8
       6
       8
       4
       3
       8
       2
       3
       9
       7
       6
       5
       9
       8
       9
       8
       7
      11
       9
       2
       4
       7
       7
       1
       3
      12
      11
       6
       2
       4
       5
       5
      11
       7
       9
       7
       3
       5
       3
       6
       9
       5
       5
       3
       5
       3
       7
       6
       7
       5
       8
       7
       9
       7
       8
       6
       5
       6
       7
       4
       2
       4
       4
       6
       5
      12
       4
       3
       5
       5
       5
       3
       6
       2
       4
      11
       2
       7
       2
       5
       4
       5
       7
       5
       4
       6
       6
       7
       4
       3
       8
       5
       2
       3
       7
       3
       4
       9
       8
       6
      11
       2
       7
       5
       4
       5
      13
      13
       1
       6
       6
       6
       3
       6
       7
       5
       8
       6
       5
       9
       6
       3
       5
       8
       6
       5
       3
       5
      10
       3
       4
       4
       6
       4
       2
       1
       9
       4
       5
       7
       6
       4
       8
       7
       6
       5
      10
       2
       4
       4
      10
       6
       8
       9
       7
       7
       6
       5
       5
       5
       8
       8
       9
       6
       6
       5
       7
       5
       4
       7
       2
       9
       4
       5
       4
       8
       6
       5
       8
       7
       5
       7
       6
       5
       6
       5
       2
       6
       4
       7
       8
       4
       8
       5
       4
       7
       6
       9
       5
       1
       7
       6
       5
       2
       7
       3
      10
       6
       5
       6
       6
       3
       7
       5
       5
       9
       3
       8
       9
       7
       7
       9
       6
       6
       6
       2
       3
       1
       3
       8
       4
       1
       8
       4
       8
       6
       5
       6
       7
       7
       6
       8
       3
      12
       3
       5
       2
       8
       3
       3
       2
       6
       7
      11
       3
       5
       9
       6
       5
       6
      11
       5
       6
       6
       7
       5
       9
       4
       6
       6
       3
       7
       6
       4
       7
       1
       3
       5
       1
       6
       1
       3
       3
       4
       4
       6
       4
       6
       9
       2
       3
       5
       6
       2
       3
       7
       7
       8
       7
       7
       9
       2
       5
       3
       5
      12
       4
       8
       6
       4
       6
       3
       6
       8
       9
       6
       7
       3
       8
       2
       7
      10
       3
       4
       7
       6
       4
       3
      11
       4
       5
       5
       8
       6
       6
       7
       8
       6
       3
       9
       6
       5
       2
       5
       7
       6
       4
       6
       9
       3
       4
       4
       4
       4
       6
       2
       6
       2
       3
       3
       4
       7
      10
       3
       5
       8
       1
       6
       4
       4
       6
       4
       3
       5
       2
       6
       5
       8
       7
       5
       5
       2
       5
       7
       5
       5
       3
       3
       1
       5
       4
       6
       5
       5
       2
       3
       5
       5
       7
       3
       3
       4
       4
       7
       5
       6
       3
       1
       8
       6
       5
       6
       5
       5
       2
       6
       8
       3
       3
       6
       3
       4
       6
       5
       4
       5
       7
       2
       4
       1
       5
       3
       8
       7
       5
       7
       4
       5
       9
       7
       5
       3
       7
       4
       4
       3
       7
       6
       4
       4
       8
      10
       9
       6
       7
       6
       8
       4
       6
       2
       5
       6
       9
       4
       2
       7
       4
       9
       6
       4
       3
       4
       5
       3
       5
       7
       2
       6
       1
       9
       5
       5
       4
       8
       9
       7
       8
       8
       5
       5
       3
       5
       4
       3
       4
       4
       5
       5
       5
       4
       3
       4
       8
       5
       6
       4
       7
       5
       3
       7
       5
       8
       4
       2
      11
       4
       4
       7
       5
       4
       3
       1
       6
       3
       7
       2
       8
       3
       3
       3
       1
       1
       6
       8
       3
      12
       5
      10
       8
       7
       6
       4
       2
       7
       4
       3
       5
       6
       4
       6
       9
       4
       6
       3
       6
       3
       2
       2
       3
       3
       3
       2
       6
       6
       7
       3
       3
       3
       5
       8
       4
       8
       6
       4
       5
       5
       4
       4
       4
       6
       7
       4
       8
       8
       4
       2
       5
       5
       3
       2
       5
       9
       7
       4
       2
       1
       4
       8
       3
       5
       4
       3
       0
       3
       4
       4
       4
       4
       6
       4
       6
       7
       3
       6
       8
       3
       2
       8
       4
       2
       3
       5
       3
       1
       4
       5
       2
       8
       4
       7
       4
       5
       5
       7
       3
       5
       7
       2
       4
       6
       7
       4
       6
       3
       6
       6
       9
       5
       4
       5
       6
       5
       4
       4
       5
       5
       3
       6
       4
       2
       8
       5
       4
       6
       5
       6
       1
       7
       2
      10
       7
       2
       1
       4
       5
       2
       5
       4
       3
       2
       5
       6
       7
       4
       6
       3
       6
       7
       4
       2
       4
       6
       8
       3
       7
       2
       4
       5
       5
       6
       8
       3
       5
       5
       6
       5
       5
       1
       7
       6
       0
       7
       1
       5
       0
       5
       3
       8
       5
       6
       6
       8
       1
       7
       5
       4
       0
       3
       5
       2
       4
       7
      10
       6
       5
       5
      10
       4
       6
       3
       5
       8
       4
       4
       3
       1
       2
       8
       7
       5
       7
       4
       3
       5
       4
       2
       5
       5
       1
       3
       4
       3
       4
       2
       6
       1
       2
       5
       4
       5
       7
       3
       1
       8
       6
       6
       4
       2
       5
       4
       4
       6
       3
       3
       7
       2
       3
       6
       8
       4
       4
       4
       4
       7
       3
       3
       3
       5
       3
       1
       9
       7
       8
       2
       9
       3
       2
       4
       4
       5
       2
       6
       5
       1
       5
       6
       6
       4
       4
       2
       2
       5
       1
       5
       3
       6
       4
       4
       5
       5
       5
       3
       6
       3
       4
      10
       0
       1
       6
       5
       6
       1
       6
       4
       7
       6
       8
       4
       4
       7
       7
       2
       5
       3
       3
       6
       7
       8
       3
       4
       4
       4
       2
       2
       5
       1
       6
       4
       2
       3
       7
       7
       6
       2
       2
       4
       6
       7
       2
       2
       3
       4
       4
       5
       3
       3
       3
       2
       7
       4
       5
       1
       2
       5
       4
       5
       5
       8
       5
       2
       2
       6
       5
       2
       6
       3
       2
       3
       4
       8
       0
       5
       6
       2
       3
       4
       6
       5
       3
       5
       3
       4
       4
       3
       5
       5
       4
       4
       1
       4
       5
       4
       2
       7
       4
       4
       3
       1
       6
       3
       2
       4
       6
       5
       0
       3
       1
       8
       4
       5
      10
       4
       3
       8
       3
       6
       6
       9
       7
       8
       6
       5
       5
       4
       6
       4
       5
       2
       3
       7
       2
       5
       3
       2
       2
       2
       3
       4
       6
       2
       7
       4
       4
       6
       5
       4
       6
       3
       5
       1
       2
       4
       4
       6
       4
       9
       3
       5
       1
       7
       8
       5
       2
       7
       4
       8
       4
       7
       4
       4
       4
       5
       6
       5
       2
       6
       4
       3
      10
       5
       6
       8
       6
       3
       5
       8
       2
       2
       6
       6
       3
       3
       4
       6
       4
       5
       4
       5
       5
      10
       6
       5
       7
       6
       1
       6
       4
       3
       6
       5
       2
       8
       5
       3
       6
       5
       5
       4
       3
       1
       4
       6
       2
       4
       4
       2
       8
       8
       6
      10
       4
       2
       5
       3
       0
       4
       2
       2
       9
       6
       3
       5
       2
       5
       3
       5
       3
       6
       4
       1
       6
       5
       6
       9
       4
       2
       8
       3
       2
       7
       6
       1
       3
       8
       7
       4
       7
       5
       5
       5
       3
       6
       4
       4
      10
       5
       7
       7
       6
       8
       3
       6
       7
       5
       3
       7
       3
       6
       4
       8
      11
       8
      12
      10
       9
       9
      13
       6
      17
      14
      18
      15
      21
      18
      19
      21
      16
      18
      20
      18
      12
      14
      18
      13
      15
       8
      12
      13
       7
       6
      12
       7
       9
       4
       8
       3
       6
       7
       7
       7
       7
       1
       3
       5
       6
       3
       7
       5
       3
       3
       6
       9
       5
       6
       4
       1
       9
       4
      10
       4
       4
       3
       2
       6
       5
       2
       6
       3
       6
       3
       2
       4
       5
       8
       6
       6
       7
       5
       4
       7
       6
       4
       7
       2
       7
       5
       4
       3
       7
       5
       5
       4
       2
       2
       6
       3
       9
       4
       2
       4
       1
       6
       3
       9
       3
       6
       5
       8
       6
       2
       5
       4
       6
       2
       1
       9
       4
       7
       4
       6
       5
       4
       8
       5
       8
       5
       8
       7
       3
      10
       4
       3
       2
       1
       5
       5
       7
       5
       4
       4
       3
       3
       9
       4
       3
       3
       7
       8
       4
       8
       7
       3
       3
       5
       4
       7
       9
       3
       9
       3
       7
       7
       4
       6
       6
       5
       2
       5
       7
       6
       3
       4
       4
       5
       5
       3
       6
       6
       3
       1
       2
       4
       4
       7
       1
       4
       4
       6
       5
       2
       2
       3
       5
       5
       4
       4
       3
      10
       8
       3
       2
       7
       9
       1
      10
       4
       3
       7
       3
       4
       6
       5
       3
       8
       6
       2
       2
       4
       3
       5
       4
      10
       2
       5
       4
       4
       2
       3
       4
       8
       5
       1
       5
       6
       4
       6
       9
       0
       8
       9
       3
       5
       4
       5
       2
       9
       7
       4
       5
       6
       2
       6
       4
       3
       5
       6
       5
       3
       2
       2
       3
       6
       9
       5
       6
       4
       5
       7
       6
       3
       7
       3
       6
       4
       6
       4
       6
       6
       6
       4
       4
       2
       3
       3
       7
       3
       1
       2
       6
       4
       6
       4
       5
       1
       8
       4
       3
       1
       3
       4
       4
       1
       6
       3
       2
       4
       4
       3
      10
       5
       2
       3
       7
       6
       7
       1
       5
       2
       4
       4
       4
       3
       2
       7
       0
       6
       6
       4
       1
       3
       6
       5
       6
       7
       3
       5
       6
       3
       5
       3
       5
       4
       7
       4
       7
       4
       3
      11
       3
       1
       5
       7
       6
       7
       5
       3
       5
       3
       2
       1
       4
       3
       2
      10
       3
       9
       4
       4
      10
       4
       3
       6
       6
       5
       5
       4
       6
       6
       6
       5
       7
       6
       4
       9
       3
       7
       5
       2
       7
       2
       6
       5
       7
       1
       4
       6
       3
       5
       8
       3
       4
       2
       6
       3
       2
       5
       6
       4
       5
       4
       6
       4
       1
       4
       4
       4
       4
       4
       4
       4
       1
       7
       2
       5
       2
       5
       4
       8
       4
       5
       5
       3
       1
       0
       4
       5
       4
       7
       6
       2
       3
       7
       2
       4
       4
       8
       7
       6
       6
       5
       5
       3
       3
       9
       6
       4
       8
       4
       3
       6
       7
       6
       5
       2
       1
       1
       8
       1
       1
       3
       4
       7
       2
       2
       9
       4
      10
       5
       4
       5
       7
       6
       4
       7
       7
       6
       3
       5
       2
       4
       4
       4
       5
       4
       3
       3
       1
       5
       4
       5
       7
       5
       5
       5
       3
       7
       5
       2
       5
       6
       5
       5
       3
       3
       6
       3
       2
       4
       6
       2
       4
       2
       3
       2
       4
       2
       4
       0
       7
       5
       6
       4
       4
       7
       6
       2
       4
       1
       3
       2
       7
       1
       4
       3
       8
       2
       6
       2
       6
       4
       4
       9
       5
       3
       3
       2
       9
       8
       2
       5
       2
       6
       4
       4
       4
       5
       5
       3
       5
       4
       5
       4
       3
       6
       4
       7
       7
       3
       4
       9
       7
       7
       3
       3
       3
      10
       4
       5
       2
       3
       6
       3
       7
       2
       5
       2
       8
       4
       4
       2
       6
       7
       6
       5
       2
       6
       8
       8
       4
       5
       4
       9
       3
       6
       7
       3
       3
       3
      10
       7
       2
       3
       4
       6
       4
       5
       8
       8
       4
       4
       4
       4
       7
       3
       3
       5
       0
       2
       5
       7
       3
       4
       1
       2
       2
       2
       3
       4
       3
       6
       3
       7
       3
       5
       8
       3
       2
       5
       6
       5
       3
       2
       3
       2
       3
       2
       4
       7
       4
       7
       4
       4
       6
       3
       6
       7
       6
       7
       7
       4
       6
       3
       1
       5
       4
       1
       5
       3
       6
       1
       6
       6
       5
       2
       5
       3
       4
      11
       5
       3
       3
       7
       2
       6
       6
       1
       6
       4
       8
       7
       3
       1
       4
       5
       5
       6
       4
       6
       9
       2
       2
       4
       4
      10
       6
       5
       5
       5
       4
       3
       4
       4
       9
       5
       3
       2
       8
       5
       4
       9
       3
       8
       5
       3
       6
       3
       3
       7
       4
       2
       1
       9
       5
       8
       4
       1
       5
       7
       1
       9
       3
       1
       4
       4
       4
       3
       4
       5
       2
       7
       4
       0
       2
       3
       4
       7
       5
       5
       1
       2
       3
       5
       2
       4
       5
       6
       4
       6
       5
       5
       5
       5
       5
       5
      11
       6
       4
       2
       6
       0
       5
       5
       8
       3
       5
       3
       5
       3
       3
       2
       2
       6
       6
       5
       7
       3
       6
       7
       2
       6
      10
       3
       9
       4
       2
       4
       3
       4
       6
       5
       4
       4
       7
       6
       3
       5
       5
       3
       4
       7
       3
       6
       7
       4
       7
       6
       1
       5
       8
       7
       8
       6
       2
       5
       3
       3
       9
       6
       8
       4
       6
       6
       6
       3
       3
       5
       3
       2
       5
       3
       2
       3
       5
       0
       4
       5
       7
       3
       5
       5
       6
       6
       3
      10
       5
       2
       6
       2
       5
       2
       4
       5
       6
       7
       5
       7
       3
       2
       5
       4
       7
       5
       3
       5
       2
       7
       4
       2
       2
       4
       2
       9
       1
       4
       3
       4
       5
       2
       6
       5
       4
       3
       5
       5
       4
       5
       6
       2
       8
       4
       2
       4
       6
       9
       2
       3
       6
       5
       2
       2
       6
       7
       5
       6
       3
       5
       9
       4
       1
       4
       2
      11
       5
       2
       5
       5
       3
       4
       2
       4
       5
       6
       6
       3
      11
       7
       7
       7
       6
       5
       6
       6
       7
       5
       6
       5
       6
       2
       4
       2
       6
       4
       6
       4
       6
       4
       8
       3
       3
       4
       7
       4
       6
       4
       3
       9
       5
       3
       5
       9
       2
       6
       3
       5
       3
       8
       7
       2
       7
       4
       3
       5
       4
       6
       5
       6
       9
       6
       5
       4
       2
       6
       8
       5
       5
       4
       6
       3
       3
       8
      10
       4
       5
       2
       7
       1
      12
       5
       4
       6
       3
       6
       4
       6
       1
       3
       9
       9
       5
       4
       3
       5
       4
       6
       6
       7
       8
       6
       4
       7
       6
       4
       4
       3
       7
       9
       3
       6
       7
       5
       3
       4
       5
       4
       5
       1
       3
       6
       4
       4
       5
       2
       5
       3
       2
       5
       7
      11
       2
       6
       7
       2
       2
       7
       5
       7
       8
       3
       2
       2
       3
       4
       4
       3
       4
       4
       4
       5
       4
       6
       5
       4
       6
       4
       4
       7
      13
       5
       3
       0
       3
       2
       7
       4
       2
      10
       6
       5
       5
       4
       4
       2
       4
      11
       4
       4
       5
       9
       6
       4
       3
       6
       3
       5
       6
       5
       5
       4
       6
       3
       6
       3
       2
       4
       3
       3
       3
       5
       8
       5
       3
       2
       5
       7
       3
       6
       5
       4
       3
       6
       4
       1
       5
       2
       1
       4
       5
       3
       1
       3
       5
       7
       3
       3
       9
       6
       4
       4
       3
       6
       2
       4
       5
       3
       4
       4
       5
       6
       5
       3
       4
       3
       3
       3
       2
       0
       4
       9
       5
       6
       4
       4
       3
       2
       3
       2
       3
       6
       5
       6
       4
       5
       4
       5
       2
       3
       9
       0
       3
       4
       9
       4
       5
       3
       6
       5
       6
       3
       3
      10
       6
       6
       2
       8
       3
       3
       6
       5
       2
       1
       3
       2
       5
       5
       7
       4
       2
       3
       5
       5
       2
       6
       5
       5
       7
       8
       3
       3
       3
       3
       3
       3
       4
       4
       4
       6
       5
       4
       1
       4
       4
       2
       3
       6
       4
       7
       1
       5
       5
      10
       8
       4
       5
       1
       4
       2
       5
       3
       3
       2
       6
       5
       6
       3
       1
       4
       3
       3
       6
       4
       5
       7
       5
       4
       5
       6
       2
       2
       2
       7
       5
       5
       7
       2
       4
       3
       1
       4
       3
       5
       4
       4
       4
       6
       4
       5
       4
       4
       5
       1
       7
       3
       5
       5
       5
       5
       6
       0
       2
       3
       3
       3
       8
       4
       4
       5
       3
       6
       9
       1
       4
       7
       2
       2
       5
       7
       5
       4
       3
       3
       7
       3
       5
       7
       5
       4
       3
       3
       3
       4
       3
       5
       2
       5
       3
       5
       1
       3
       4
       3
       6
       2
       2
       0
       5
       5
       5
       4
       3
       3
       3
       8
       5
       8
       5
       3
       7
       5
       5
       5
       8
       2
       3
       1
       7
       2
       1
       5
       4
       6
       2
       0
       6
       6
       3
       3
       4
       7
       4
       1
       2
       7
       6
       1
       3
       3
       3
       4
       4
       5
       6
       3
       2
       8
       5
       4
       5
       4
       7
       5
       7
       3
       6
       5
       7
       6
       8
       7
       5
       4
       4
       4
       6
       5
       4
       4
       3
       4
       5
       5
       7
       2
       3
       4
       4
       6
       3
       6
       4
       3
       2
       1
       5
       1
       3
       5
       5
       3
       1
       3
       6
       3
       5
       6
       3
       3
       2
       5
       6
       2
       3
       4
       8
       2
       2
       5
       2
       2
       4
       3
       2
       3
       2
       4
       5
       3
       2
       2
       5
       5
       2
       4
       5
       3
       2
       4
       9
       3
       3
       2
       5
       4
       5
       2
       5
       0
      10
       3
       1
       4
       5
       6
       0
       0
       0
       0
       0
       0
       0
       0
       0
       0
       0
       0
       0
       0
       0
       0
       0
       0
       0
       0
       0
       0
       0
       0
       0
       0
       0
       0
       0
       0
       0
       0
       0
       0
       0
       0
       0
       0
       0
       0
       0
       0
       0
       0
       0
       0
       0
       0
       0
       0
       0
       0
       0
       0
       0
       0
       0
       0
       0
       0
       0
       0
       0
       0
       0
       0
       0
       0
       0
       0
       0
       0
       0
       0
       0
       0
       0
       0
       0
       0
       0
       0
       0
       0
       0
       0
       0
       0
       0
       0
       0
       0
       0
       0
       0
       0
       0
       0
       0
       0
       0
       0
       0
       0
       0
       0
       0
       0
       0
       0
       0
       0
       0
       0
       0
       0
       0
       0
       0
       0
       0
       0
       0
       0
       0
       0
       0
       0
       0
       0
       0
       0
       0
       0
       0
       0
       0
       0
       0
       0
       0
       0
       0
       0
       0
       0
       0
       0
       0
       0
       0
       0
       0
       0
       0
       0
       0
       0
       0
       0
       0
       0
       0
       0
       0
       0
       0
       0
       0
       0
       0
       0
       0
       0
       0
       0
       0
       0
       0
       0
       0
       0
       0
       0
       0
       0
       0
       0
       0
       0
       0
       0
       0
       0
       0
       0
       0
       0
       0
       0
       0
       0
       0
       0
       0
       0
       0
       0
       0
       0
       0
       0
       0
       0
       0
       0
       0
       0
       0
       0
       0
       0
       0
       0
       0
       0
       0
       0
       0
       0
       0
       0
       0
       0
       0
       0
       0
       0
       0
       0
       0
       0
       0
       0
       0
       0
       0
       0
       0
       0
       0
       0
       0
       0
       0
       0
$ROI:
2
4852 5354
12587 12888
$PRESETS:
Live Time
10800
0
$ENER_FIT:
0.358687 0.099971
$MCA_CAL:
3
3.586871E-001 9.997089E-002 0.000000E+000 keV
$SHAPE_CAL:
3
3.638087E+001 -1.552510E-003 0.000000E+000
