$SPEC_ID:
JKL Model 927 SN 17053844 Input 1 HEC-Cr-HEC-Cr-T30-D100-HPGe1-2
$SPEC_REM:
DET# 2
DETDESC# BULK Model 927 SN 17053844 Input 1
AP# Maestro Version 6.08
$DATE_MEA:
05/11/2026 15:36:19
$MEAS_TIM:
251 356
$DATA:
0 16383
       0
       0
       0
       0
       0
       0
       0
       0
       0
       0
       0
       0
       0
       0
       0
       0
       0
       0
       0
       0
       0
       0
       0
       0
       0
       0
       0
       0
       0
       0
       0
       0
       0
       0
       0
       0
       0
       0
       0
       0
       0
       0
       0
       0
       0
       0
       0
       0
       0
       0
       0
       0
       0
       0
       0
       0
       0
       0
       0
       0
       0
       0
       0
       0
       0
       0
       0
       0
       0
       0
       0
       0
       0
       0
       0
       0
       0
       0
       0
       0
       0
       0
       0
       0
       0
       0
       0
       0
       0
       0
       0
       0
       0
       0
       0
       0
       0
       0
       0
       0
       0
       0
       0
       0
       0
       0
       0
       0
       0
       0
       0
       0
       0
       0
       0
       1
      18
     232
     510
     549
     537
     501
     494
     477
     482
     473
     455
     452
     477
     453
     490
     499
     416
     482
     465
     464
     487
     440
     441
     439
     461
     501
     481
     472
     456
     478
     459
     461
     494
     450
     449
     448
     455
     461
     469
     462
     449
     430
     450
     447
     458
     438
     417
     497
     445
     427
     439
     417
     445
     444
     445
     453
     424
     420
     481
     430
     428
     467
     384
     420
     375
     406
     453
     421
     441
     419
     413
     450
     417
     450
     406
     407
     426
     381
     388
     432
     426
     415
     356
     420
     392
     426
     399
     372
     428
     443
     371
     416
     423
     425
     407
     389
     399
     447
     408
     374
     403
     429
     409
     427
     421
     421
     419
     406
     395
     417
     370
     402
     375
     386
     401
     400
     417
     403
     427
     418
     409
     406
     401
     394
     394
     413
     363
     378
     396
     391
     398
     399
     397
     399
     357
     413
     367
     387
     388
     410
     389
     416
     389
     377
     368
     349
     338
     377
     395
     400
     325
     358
     375
     362
     395
     377
     388
     367
     329
     372
     351
     352
     355
     359
     356
     384
     354
     411
     347
     353
     364
     340
     379
     397
     403
     346
     386
     376
     370
     376
     364
     358
     385
     347
     397
     352
     366
     362
     366
     347
     360
     375
     363
     339
     372
     360
     372
     362
     384
     356
     371
     338
     358
     324
     371
     319
     378
     347
     342
     355
     382
     369
     357
     384
     344
     315
     342
     358
     375
     373
     337
     351
     365
     335
     332
     338
     352
     366
     328
     348
     326
     360
     364
     369
     356
     339
     360
     329
     355
     374
     357
     313
     330
     343
     314
     388
     345
     343
     366
     353
     331
     366
     363
     307
     345
     365
     341
     323
     337
     343
     341
     353
     365
     372
     366
     329
     378
     339
     356
     330
     340
     378
     340
     323
     338
     375
     304
     336
     337
     323
     361
     332
     369
     353
     344
     343
     354
     376
     362
     320
     322
     336
     342
     321
     357
     327
     352
     388
     361
     363
     360
     336
     326
     329
     326
     365
     363
     344
     342
     363
     320
     362
     364
     319
     340
     349
     340
     358
     358
     336
     350
     320
     361
     305
     321
     363
     325
     358
     313
     320
     343
     359
     333
     328
     318
     325
     356
     349
     326
     340
     320
     318
     326
     319
     359
     339
     315
     317
     316
     330
     329
     330
     351
     352
     369
     361
     320
     288
     369
     336
     325
     345
     354
     319
     334
     298
     356
     316
     341
     343
     328
     321
     312
     339
     353
     315
     326
     301
     307
     342
     336
     330
     307
     345
     327
     319
     340
     330
     314
     274
     326
     329
     350
     347
     361
     291
     331
     338
     316
     299
     326
     320
     292
     329
     301
     321
     318
     328
     355
     344
     356
     294
     304
     291
     335
     321
     319
     330
     343
     336
     344
     325
     299
     323
     331
     326
     355
     326
     312
     344
     317
     303
     328
     303
     340
     316
     322
     285
     322
     332
     331
     322
     324
     307
     339
     340
     322
     303
     323
     347
     335
     306
     355
     306
     326
     306
     316
     334
     320
     316
     332
     336
     324
     338
     340
     335
     310
     315
     331
     343
     286
     326
     303
     317
     321
     298
     352
     371
     341
     338
     334
     340
     309
     325
     297
     298
     310
     322
     332
     312
     312
     337
     322
     330
     321
     307
     313
     330
     333
     323
     333
     337
     344
     314
     319
     323
     303
     310
     338
     295
     321
     319
     349
     321
     312
     310
     319
     304
     321
     321
     321
     328
     315
     356
     315
     284
     336
     333
     302
     328
     317
     325
     304
     326
     332
     297
     302
     319
     321
     330
     315
     331
     302
     335
     324
     345
     327
     330
     317
     323
     312
     315
     319
     304
     324
     317
     343
     326
     332
     317
     326
     328
     305
     307
     318
     367
     336
     311
     316
     324
     319
     297
     314
     309
     324
     318
     347
     302
     341
     335
     332
     321
     304
     328
     324
     357
     343
     308
     344
     302
     365
     333
     331
     328
     335
     320
     343
     384
     372
     337
     327
     324
     334
     387
     349
     339
     361
     354
     333
     369
     316
     325
     337
     307
     328
     330
     285
     363
     341
     325
     345
     342
     351
     351
     387
     414
     400
     358
     385
     377
     358
     376
     348
     326
     284
     304
     317
     313
     344
     326
     297
     332
     323
     344
     308
     293
     302
     304
     329
     333
     283
     325
     302
     336
     339
     316
     332
     306
     323
     323
     308
     326
     298
     303
     320
     303
     338
     322
     289
     324
     275
     306
     308
     300
     317
     327
     309
     320
     294
     314
     343
     337
     325
     320
     317
     314
     342
     294
     325
     323
     304
     294
     300
     321
     296
     300
     333
     310
     292
     352
     297
     307
     339
     311
     337
     318
     316
     339
     331
     288
     325
     329
     334
     324
     313
     312
     332
     317
     314
     349
     327
     351
     358
     387
     367
     390
     321
     356
     338
     347
     301
     321
     310
     302
     283
     352
     337
     324
     332
     318
     304
     299
     300
     332
     325
     331
     277
     307
     371
     328
     333
     370
     337
     322
     317
     329
     340
     322
     309
     311
     313
     339
     299
     325
     321
     341
     299
     277
     335
     305
     295
     298
     336
     323
     314
     303
     301
     304
     309
     326
     330
     322
     305
     305
     317
     309
     315
     289
     302
     326
     283
     301
     340
     319
     314
     348
     318
     310
     318
     301
     310
     317
     308
     315
     310
     317
     315
     323
     330
     319
     319
     294
     323
     318
     298
     297
     298
     304
     300
     329
     298
     307
     312
     336
     298
     303
     343
     325
     313
     332
     308
     314
     309
     322
     319
     297
     321
     307
     331
     295
     332
     308
     334
     313
     287
     289
     308
     333
     302
     320
     325
     326
     294
     293
     322
     352
     330
     294
     308
     319
     324
     344
     302
     315
     329
     304
     306
     315
     299
     312
     298
     327
     289
     294
     328
     305
     293
     317
     338
     314
     308
     287
     285
     306
     329
     308
     293
     281
     302
     311
     307
     301
     284
     339
     296
     321
     308
     337
     300
     295
     320
     342
     278
     322
     320
     336
     331
     300
     324
     318
     300
     333
     324
     289
     277
     316
     288
     327
     308
     283
     303
     320
     305
     285
     297
     318
     317
     311
     316
     306
     295
     322
     294
     312
     286
     334
     344
     297
     318
     333
     306
     315
     299
     306
     307
     318
     318
     299
     310
     304
     284
     330
     311
     306
     312
     308
     326
     317
     312
     306
     303
     318
     319
     315
     316
     340
     318
     307
     315
     329
     318
     353
     325
     298
     330
     316
     322
     316
     288
     319
     313
     287
     272
     352
     316
     311
     330
     288
     312
     317
     323
     322
     266
     297
     301
     294
     303
     313
     304
     308
     285
     306
     330
     301
     293
     295
     288
     313
     320
     304
     313
     328
     330
     285
     320
     350
     340
     310
     339
     313
     339
     337
     288
     339
     304
     327
     314
     288
     289
     292
     315
     337
     290
     286
     339
     321
     297
     331
     336
     299
     312
     301
     306
     313
     319
     344
     319
     315
     305
     302
     299
     296
     275
     273
     323
     315
     302
     292
     298
     282
     306
     297
     313
     323
     306
     301
     316
     366
     314
     286
     269
     327
     284
     316
     293
     307
     290
     329
     348
     328
     293
     320
     292
     287
     358
     342
     293
     297
     307
     311
     290
     317
     321
     310
     315
     305
     303
     306
     299
     344
     329
     307
     304
     330
     318
     312
     301
     282
     277
     284
     312
     295
     321
     314
     308
     312
     314
     320
     297
     309
     321
     314
     302
     316
     308
     301
     309
     320
     291
     304
     290
     308
     306
     291
     289
     302
     326
     295
     295
     294
     308
     314
     300
     292
     316
     312
     287
     299
     330
     313
     285
     318
     329
     316
     302
     289
     321
     300
     320
     317
     317
     313
     299
     335
     310
     270
     305
     335
     297
     277
     299
     288
     285
     324
     325
     299
     324
     293
     307
     318
     307
     320
     300
     297
     284
     313
     315
     312
     320
     297
     325
     298
     303
     303
     318
     304
     289
     314
     298
     308
     333
     324
     285
     307
     288
     310
     300
     334
     274
     304
     309
     295
     312
     320
     331
     287
     307
     286
     283
     276
     291
     290
     314
     306
     292
     304
     286
     283
     334
     306
     282
     318
     294
     306
     294
     321
     308
     319
     292
     299
     320
     294
     304
     313
     275
     309
     296
     301
     341
     269
     301
     308
     286
     325
     299
     366
     310
     307
     310
     270
     322
     354
     313
     296
     304
     308
     297
     314
     269
     274
     337
     318
     304
     334
     285
     303
     268
     317
     283
     306
     319
     322
     323
     290
     288
     282
     307
     323
     314
     286
     293
     315
     290
     294
     290
     304
     311
     301
     293
     312
     300
     357
     309
     312
     318
     295
     331
     311
     296
     307
     298
     335
     303
     292
     297
     316
     297
     305
     312
     322
     307
     328
     340
     317
     311
     287
     295
     311
     289
     270
     273
     317
     313
     290
     288
     304
     269
     285
     331
     321
     321
     295
     296
     294
     296
     287
     300
     279
     301
     316
     284
     299
     292
     284
     298
     298
     309
     335
     298
     282
     303
     279
     315
     279
     294
     298
     270
     294
     276
     304
     274
     296
     333
     294
     299
     271
     309
     302
     283
     277
     308
     303
     302
     314
     314
     350
     281
     320
     328
     305
     293
     334
     300
     310
     326
     308
     304
     314
     321
     288
     294
     305
     301
     312
     301
     294
     284
     298
     305
     327
     289
     281
     327
     298
     295
     284
     298
     279
     309
     291
     291
     298
     303
     314
     299
     279
     303
     328
     316
     314
     266
     296
     271
     351
     316
     285
     309
     293
     294
     328
     319
     311
     293
     301
     301
     281
     316
     336
     295
     311
     306
     260
     310
     308
     287
     311
     324
     298
     309
     320
     303
     324
     292
     283
     322
     306
     300
     306
     346
     300
     291
     282
     317
     295
     302
     287
     292
     308
     310
     314
     346
     281
     287
     307
     291
     283
     331
     280
     291
     279
     311
     297
     275
     300
     320
     304
     297
     317
     300
     277
     298
     287
     288
     307
     326
     308
     316
     312
     307
     334
     298
     310
     285
     321
     330
     307
     313
     291
     313
     301
     306
     264
     286
     302
     285
     310
     291
     325
     279
     307
     319
     294
     293
     309
     310
     305
     294
     263
     323
     339
     303
     312
     308
     334
     311
     317
     307
     329
     311
     326
     326
     289
     304
     316
     332
     339
     319
     330
     309
     308
     329
     334
     302
     290
     334
     325
     329
     325
     354
     358
     356
     339
     353
     337
     335
     326
     309
     347
     327
     359
     365
     346
     361
     330
     371
     355
     381
     356
     356
     377
     352
     369
     363
     367
     320
     339
     366
     361
     369
     333
     382
     346
     396
     370
     355
     358
     356
     368
     360
     366
     337
     356
     354
     360
     375
     359
     382
     344
     334
     366
     368
     384
     370
     365
     366
     358
     372
     364
     364
     339
     380
     353
     364
     358
     367
     343
     342
     376
     361
     380
     371
     391
     368
     359
     353
     354
     365
     368
     402
     355
     363
     357
     351
     324
     350
     360
     364
     358
     342
     341
     306
     355
     356
     348
     344
     378
     375
     337
     357
     343
     367
     319
     332
     338
     379
     369
     334
     350
     359
     340
     345
     344
     344
     354
     319
     337
     383
     376
     329
     348
     340
     387
     368
     354
     335
     323
     351
     340
     364
     328
     359
     342
     365
     359
     364
     330
     326
     367
     330
     330
     387
     353
     328
     338
     346
     367
     352
     357
     370
     378
     368
     356
     400
     340
     337
     331
     328
     365
     322
     318
     337
     363
     317
     368
     335
     329
     328
     356
     338
     344
     322
     326
     359
     310
     333
     308
     347
     311
     320
     355
     347
     341
     359
     325
     359
     341
     348
     368
     335
     349
     345
     304
     325
     373
     349
     338
     331
     323
     377
     336
     338
     342
     339
     363
     370
     352
     336
     336
     351
     322
     348
     323
     345
     368
     374
     358
     355
     345
     349
     302
     314
     329
     357
     331
     352
     370
     338
     338
     329
     300
     315
     350
     318
     325
     343
     299
     335
     353
     307
     344
     351
     356
     314
     310
     309
     332
     356
     312
     315
     333
     329
     326
     346
     324
     331
     303
     366
     307
     313
     319
     349
     327
     358
     328
     328
     353
     317
     351
     333
     342
     304
     345
     303
     361
     340
     355
     323
     337
     314
     343
     320
     329
     312
     330
     303
     321
     340
     320
     338
     339
     353
     329
     290
     339
     299
     358
     326
     351
     303
     322
     318
     338
     322
     333
     363
     296
     343
     307
     317
     318
     337
     296
     319
     319
     311
     327
     323
     331
     323
     343
     341
     339
     319
     307
     321
     310
     333
     345
     319
     304
     331
     322
     316
     315
     326
     312
     312
     338
     309
     292
     338
     304
     309
     334
     318
     349
     338
     295
     311
     307
     340
     303
     341
     306
     300
     287
     340
     292
     296
     331
     306
     314
     294
     325
     333
     334
     317
     323
     318
     322
     344
     312
     325
     313
     358
     323
     322
     321
     318
     357
     303
     281
     324
     336
     275
     291
     324
     314
     304
     312
     319
     303
     290
     350
     291
     285
     323
     325
     339
     314
     338
     311
     282
     291
     267
     311
     354
     310
     311
     297
     316
     337
     328
     290
     331
     317
     327
     328
     348
     313
     306
     292
     294
     334
     316
     330
     328
     310
     293
     291
     326
     333
     326
     323
     332
     302
     343
     295
     317
     347
     340
     300
     335
     304
     305
     305
     321
     341
     358
     309
     328
     321
     347
     335
     325
     303
     339
     340
     334
     327
     324
     333
     295
     299
     324
     353
     328
     306
     346
     308
     345
     358
     311
     289
     353
     333
     322
     338
     322
     340
     307
     317
     316
     293
     327
     325
     319
     320
     309
     323
     328
     337
     314
     338
     380
     299
     315
     354
     304
     331
     342
     325
     316
     330
     345
     312
     328
     317
     348
     319
     335
     325
     282
     299
     326
     301
     343
     339
     303
     324
     331
     316
     288
     340
     331
     332
     296
     327
     320
     313
     301
     306
     331
     307
     341
     321
     280
     343
     324
     322
     290
     298
     282
     301
     308
     343
     279
     323
     284
     298
     318
     302
     322
     304
     291
     287
     326
     331
     300
     325
     325
     319
     312
     307
     324
     338
     313
     291
     289
     306
     315
     304
     333
     340
     287
     331
     307
     313
     327
     289
     305
     287
     311
     307
     309
     305
     320
     324
     287
     318
     329
     307
     302
     308
     301
     315
     321
     319
     312
     297
     328
     287
     280
     315
     289
     298
     315
     308
     331
     329
     317
     341
     289
     301
     315
     286
     349
     317
     307
     318
     293
     305
     304
     282
     300
     290
     308
     308
     304
     299
     301
     280
     312
     319
     305
     291
     291
     300
     306
     318
     341
     272
     307
     319
     294
     321
     283
     288
     324
     287
     290
     315
     274
     323
     326
     300
     271
     293
     322
     309
     298
     291
     276
     276
     280
     312
     305
     302
     280
     277
     301
     285
     278
     307
     288
     312
     331
     301
     317
     322
     289
     279
     264
     273
     311
     322
     300
     323
     308
     300
     287
     297
     314
     304
     313
     313
     287
     277
     318
     272
     278
     264
     285
     257
     312
     289
     302
     327
     284
     308
     274
     286
     307
     268
     300
     318
     314
     297
     314
     298
     309
     297
     284
     314
     291
     319
     288
     304
     297
     307
     292
     313
     319
     306
     292
     309
     285
     281
     278
     293
     308
     295
     284
     316
     295
     321
     288
     291
     338
     315
     251
     295
     285
     311
     330
     278
     278
     308
     259
     326
     275
     307
     309
     293
     280
     305
     288
     299
     294
     297
     299
     284
     292
     275
     277
     315
     251
     285
     305
     292
     317
     314
     294
     282
     320
     317
     290
     302
     283
     314
     335
     300
     292
     307
     320
     277
     335
     279
     296
     291
     271
     277
     287
     282
     332
     280
     313
     293
     304
     289
     269
     282
     282
     301
     283
     297
     302
     270
     276
     297
     285
     255
     286
     311
     306
     313
     310
     306
     299
     275
     315
     328
     301
     310
     300
     314
     297
     335
     302
     295
     317
     286
     269
     291
     280
     311
     313
     289
     321
     303
     306
     309
     288
     285
     291
     299
     298
     304
     304
     314
     297
     277
     345
     268
     299
     295
     295
     279
     289
     283
     277
     265
     273
     279
     302
     311
     295
     280
     295
     284
     316
     297
     273
     294
     283
     277
     261
     310
     265
     286
     256
     310
     304
     295
     292
     313
     292
     289
     278
     289
     261
     297
     323
     270
     291
     287
     322
     306
     303
     282
     305
     317
     313
     288
     279
     312
     317
     292
     283
     292
     268
     283
     311
     299
     320
     305
     269
     249
     266
     287
     314
     288
     283
     293
     274
     276
     287
     286
     314
     282
     277
     294
     284
     303
     288
     278
     250
     278
     275
     284
     285
     275
     266
     273
     292
     273
     286
     304
     315
     254
     305
     323
     258
     290
     275
     279
     296
     310
     296
     290
     275
     312
     296
     273
     308
     289
     280
     307
     286
     295
     297
     281
     295
     317
     294
     292
     318
     282
     325
     290
     292
     298
     296
     301
     330
     284
     305
     263
     279
     331
     289
     283
     290
     269
     285
     290
     325
     290
     307
     271
     279
     286
     285
     253
     286
     278
     294
     325
     319
     300
     303
     281
     294
     300
     311
     291
     285
     280
     303
     280
     274
     280
     288
     302
     307
     289
     287
     300
     282
     300
     284
     283
     305
     324
     286
     284
     305
     263
     259
     288
     284
     311
     296
     285
     295
     314
     302
     271
     287
     292
     299
     309
     309
     277
     297
     265
     316
     257
     295
     301
     321
     262
     284
     287
     283
     287
     284
     306
     270
     278
     284
     298
     303
     276
     273
     330
     282
     318
     294
     334
     324
     316
     294
     273
     294
     305
     299
     288
     302
     297
     287
     278
     314
     292
     300
     320
     301
     288
     293
     324
     287
     296
     305
     316
     307
     279
     308
     313
     268
     268
     302
     312
     286
     299
     299
     298
     300
     314
     293
     294
     276
     324
     325
     291
     319
     294
     320
     300
     288
     289
     284
     295
     335
     282
     261
     275
     333
     290
     306
     341
     309
     284
     301
     276
     320
     301
     311
     284
     334
     342
     287
     286
     355
     303
     272
     312
     310
     301
     283
     309
     285
     287
     300
     304
     301
     311
     304
     294
     297
     304
     297
     305
     307
     281
     342
     288
     316
     279
     292
     294
     279
     293
     315
     298
     293
     332
     305
     283
     296
     304
     313
     316
     344
     307
     297
     301
     294
     283
     314
     326
     312
     280
     329
     303
     334
     290
     297
     308
     289
     322
     323
     314
     287
     294
     299
     281
     328
     285
     317
     306
     303
     283
     333
     299
     274
     301
     296
     278
     323
     327
     321
     330
     321
     301
     312
     315
     344
     325
     266
     299
     329
     327
     350
     334
     338
     305
     300
     320
     293
     301
     325
     306
     300
     293
     316
     299
     339
     300
     317
     335
     324
     319
     299
     310
     318
     311
     290
     340
     326
     298
     291
     311
     286
     311
     322
     314
     296
     319
     296
     338
     321
     309
     294
     303
     305
     318
     318
     325
     321
     345
     277
     324
     340
     295
     309
     313
     304
     313
     294
     291
     324
     324
     296
     330
     311
     321
     307
     311
     323
     301
     344
     340
     326
     361
     332
     324
     283
     322
     302
     337
     349
     330
     334
     325
     322
     320
     325
     320
     335
     305
     295
     325
     374
     323
     355
     313
     336
     342
     318
     316
     291
     300
     317
     309
     339
     326
     339
     308
     323
     328
     341
     321
     304
     329
     332
     323
     302
     302
     348
     339
     350
     311
     355
     326
     337
     332
     355
     339
     307
     317
     340
     308
     352
     347
     320
     354
     331
     320
     353
     310
     345
     335
     337
     330
     341
     327
     326
     315
     342
     323
     335
     341
     354
     315
     328
     335
     330
     349
     338
     363
     338
     340
     337
     339
     344
     376
     351
     356
     336
     300
     394
     376
     321
     332
     365
     380
     346
     358
     361
     349
     334
     349
     352
     371
     344
     355
     341
     318
     335
     345
     367
     325
     340
     358
     344
     332
     347
     331
     390
     348
     336
     323
     364
     338
     335
     341
     329
     335
     318
     355
     356
     354
     375
     351
     331
     372
     384
     371
     320
     359
     344
     346
     329
     349
     339
     335
     375
     368
     350
     337
     351
     351
     345
     361
     345
     354
     397
     330
     360
     348
     371
     371
     389
     371
     365
     351
     339
     331
     372
     311
     363
     369
     358
     365
     347
     372
     326
     345
     369
     377
     334
     352
     333
     360
     360
     357
     392
     377
     394
     363
     387
     384
     374
     390
     401
     408
     376
     363
     351
     351
     434
     394
     383
     368
     414
     354
     432
     348
     361
     374
     348
     388
     357
     365
     376
     381
     367
     360
     393
     404
     366
     357
     364
     380
     369
     370
     357
     365
     352
     379
     357
     379
     379
     442
     389
     352
     367
     379
     383
     384
     373
     352
     365
     358
     333
     338
     363
     404
     358
     385
     390
     377
     400
     368
     327
     386
     382
     336
     367
     367
     428
     349
     373
     374
     399
     377
     422
     419
     368
     378
     380
     380
     381
     377
     376
     405
     373
     390
     358
     401
     448
     348
     398
     411
     415
     393
     356
     350
     394
     370
     380
     401
     374
     363
     359
     417
     420
     368
     353
     385
     406
     350
     369
     412
     382
     387
     396
     371
     347
     413
     423
     377
     387
     374
     359
     359
     419
     370
     438
     369
     370
     390
     428
     371
     410
     393
     353
     370
     383
     385
     385
     386
     387
     377
     369
     356
     368
     389
     365
     384
     375
     365
     402
     404
     395
     381
     344
     366
     326
     383
     366
     316
     370
     360
     364
     361
     361
     402
     342
     370
     323
     354
     332
     337
     366
     345
     332
     373
     378
     314
     327
     341
     345
     349
     326
     322
     333
     332
     331
     342
     301
     364
     355
     315
     290
     302
     303
     311
     305
     278
     315
     304
     291
     277
     294
     288
     272
     287
     265
     277
     253
     271
     295
     255
     260
     283
     251
     271
     273
     266
     279
     253
     312
     267
     261
     267
     284
     264
     248
     269
     307
     244
     299
     267
     267
     240
     262
     236
     236
     242
     258
     248
     221
     248
     206
     220
     236
     245
     254
     233
     248
     255
     241
     240
     234
     231
     231
     237
     237
     243
     246
     238
     217
     221
     240
     198
     224
     212
     232
     206
     211
     237
     212
     216
     210
     217
     230
     223
     220
     223
     241
     211
     223
     247
     225
     212
     209
     217
     221
     226
     208
     212
     241
     214
     202
     219
     222
     214
     200
     247
     239
     219
     228
     235
     199
     207
     214
     235
     203
     225
     219
     199
     220
     199
     207
     224
     180
     213
     205
     199
     165
     197
     209
     203
     204
     215
     208
     187
     194
     206
     195
     193
     222
     220
     193
     216
     206
     208
     188
     182
     175
     206
     209
     190
     180
     196
     193
     199
     186
     190
     186
     188
     211
     204
     190
     202
     175
     195
     190
     179
     183
     186
     167
     201
     200
     172
     195
     182
     184
     188
     180
     201
     190
     186
     207
     205
     183
     179
     193
     193
     200
     174
     171
     181
     183
     161
     209
     204
     181
     203
     189
     186
     198
     180
     166
     173
     195
     179
     187
     170
     201
     200
     182
     196
     192
     177
     163
     179
     176
     177
     184
     178
     174
     178
     171
     184
     174
     165
     150
     186
     186
     177
     177
     185
     181
     157
     170
     168
     167
     160
     162
     182
     165
     152
     169
     174
     170
     157
     182
     154
     185
     146
     166
     166
     179
     172
     170
     165
     174
     143
     166
     152
     153
     162
     185
     173
     161
     172
     180
     193
     154
     175
     172
     158
     152
     133
     180
     158
     176
     168
     161
     145
     143
     184
     143
     164
     155
     165
     140
     180
     151
     159
     180
     155
     158
     180
     170
     157
     172
     176
     154
     152
     175
     178
     144
     156
     158
     173
     161
     157
     172
     145
     155
     148
     150
     139
     171
     157
     170
     118
     152
     147
     140
     172
     145
     144
     153
     146
     136
     157
     162
     158
     166
     139
     150
     136
     157
     152
     164
     144
     149
     146
     116
     141
     150
     155
     144
     156
     156
     146
     138
     140
     136
     137
     144
     152
     146
     149
     144
     149
     158
     142
     160
     161
     141
     146
     145
     146
     170
     158
     151
     149
     146
     145
     128
     150
     138
     145
     155
     127
     132
     151
     160
     132
     155
     143
     147
     131
     118
     158
     164
     167
     143
     158
     132
     156
     146
     140
     149
     127
     144
     133
     134
     163
     167
     123
     164
     133
     137
     122
     134
     124
     149
     130
     113
     137
     149
     129
     143
     137
     142
     128
     135
     135
     129
     136
     130
     138
     140
     136
     135
     137
     149
     144
     131
     131
     127
     155
     126
     148
     138
     157
     137
     140
     132
     127
     133
     131
     145
     134
     132
     138
     145
     140
     110
     152
     147
     141
     138
     120
     151
     114
     123
     128
     133
     121
     133
     127
     121
     138
     125
     128
     133
     121
     135
     136
     122
     132
     102
     128
     133
     133
     117
     129
     138
     127
     118
     117
     119
     130
     125
     135
     115
     119
     120
     124
     119
     122
     135
     138
     136
     127
     116
     113
      98
     119
     121
     116
     123
     127
     122
     115
     133
     136
     112
     127
     114
     114
     124
     105
     149
     125
      96
     125
     128
     127
      99
     110
     101
     116
     115
     130
     131
     113
     122
      93
     115
     106
     103
     138
     109
     108
     111
     107
     107
     118
     118
     109
     100
     108
     100
     136
     109
     115
     114
     109
      99
      99
     123
     119
     111
     116
     106
     112
     115
     137
     105
     112
     122
     109
     131
     116
      95
     115
     115
     110
     108
     118
     113
     102
     100
     103
     105
     132
     125
     115
     106
      96
     103
     104
      93
     110
     101
     113
     105
     107
     108
     108
     128
     108
      95
      97
     114
      89
     101
     114
      98
     101
     113
     114
     116
     100
     110
     101
      96
      85
     112
      96
     109
     129
      88
     107
      99
     110
     104
     113
      83
      93
     112
     113
     117
     115
     103
     105
      96
      88
      93
     108
     120
     106
     102
      90
     112
     108
     100
     118
      99
     103
     112
      97
      91
     111
      97
     103
     104
     102
      92
     113
     106
      91
     106
      91
     105
      84
     110
     107
      84
      82
      90
      90
      81
     105
     108
      70
     106
      93
     106
      83
     104
      82
      90
      85
      96
      99
      90
      94
     100
      94
      88
      86
      98
      83
      95
      96
      95
      94
      94
      94
      92
      89
      84
      96
      95
      98
      95
     109
      96
      92
      97
      89
     105
      91
      89
      85
     108
      88
      79
      99
      86
     102
      85
      99
      85
      93
      74
      91
      95
      96
      83
     100
      81
      90
     106
      88
      86
      86
      88
      87
     114
      97
      94
      98
     116
      87
      87
      90
     105
      98
      97
      86
      91
      83
      81
      82
      93
      92
     112
     108
      96
      95
      99
      98
      87
     105
      91
      72
      86
      84
      94
      77
      97
      84
      88
      77
      83
      89
      88
     106
     119
      88
      86
      96
      88
      80
      79
      79
      78
      98
      65
      76
      91
      92
     100
      76
      98
      82
      94
      95
      93
      78
      92
      72
      91
      89
      91
     100
      78
      82
      93
      80
      79
      93
      60
      75
      77
      81
      83
     109
     102
      98
      81
     105
      87
      79
      97
      84
      84
     100
      90
      96
      81
      68
      87
      86
      76
      74
      77
      66
      75
      78
      91
      92
      84
      80
      75
      87
      77
      72
      83
      82
      73
      93
      94
      85
      86
      88
      93
      88
      83
      82
      80
      83
      86
      91
      72
      92
      88
     104
      92
      80
      75
      84
      86
      91
      77
      89
      84
      76
      89
      83
      92
      94
      74
      80
      92
      70
      67
      71
      90
      97
      81
      78
      83
      83
      77
      76
      97
      95
      88
      84
      89
      89
      74
      75
      86
      89
      92
      79
      77
      69
      83
      94
      82
      87
      94
      66
     102
      91
      73
      79
      77
      88
      73
      82
      90
      87
      96
      77
      81
      82
      85
      84
      69
      77
      93
      87
      79
      82
      98
      90
      87
      81
      85
      78
      96
      82
      85
      78
      82
      72
      85
      87
      76
      81
      87
      97
      96
      79
      69
      94
      96
      83
      77
      86
      90
      82
      96
      71
      77
      75
      95
      79
      97
      75
      80
      83
      87
      86
      85
      83
      96
      78
      71
      75
      86
      95
      85
      75
      87
      88
      87
      81
      81
      93
      81
      74
      76
      80
      80
      71
      94
      83
      80
      77
      90
      74
      80
      71
      79
      91
      80
      76
      85
      74
      98
      74
     101
      99
      88
      83
      78
      68
      72
      71
      75
      86
      72
      95
      91
      84
      95
     100
      90
      71
      73
      91
      97
      88
      99
      74
      76
      66
      81
      94
      80
      83
      82
      68
      82
     102
      78
      71
      97
      85
      87
      93
      89
      86
      81
      90
      85
      77
      79
      81
      99
      71
      66
      79
      90
      77
      90
      88
      77
      83
      92
      69
     103
      80
      68
      75
      86
      74
      69
      91
      75
      71
      72
      87
      72
      83
      78
      86
      92
      84
      80
      80
      90
      75
      67
      69
      74
      97
      73
     105
      81
      92
      95
      94
      76
      96
      81
      78
      68
      74
      82
      68
      78
      87
      78
      76
      77
      66
      76
      88
      83
      79
     100
      81
      99
      76
      92
      64
      76
      64
      75
      66
     104
      90
      72
      78
      69
      99
      97
      77
      86
      78
      74
      87
      81
      66
      73
      78
      73
      82
      96
      79
      80
      76
      71
      72
      80
      88
      84
      83
      62
      88
      81
      97
      81
      85
      75
      92
      76
      91
      93
      92
      70
      82
      82
      94
      67
      93
      88
      72
      83
      75
      92
      96
      84
      85
      80
      70
      84
      78
      90
      88
      71
      85
      89
      78
      90
      73
     109
      75
      77
      82
      96
      86
      76
      74
      87
      87
      82
      84
      76
      69
      91
      79
      83
      57
     108
      80
      74
      84
      74
      71
      67
      78
      68
      81
      62
      80
      95
      75
      96
      80
      74
      77
      80
      88
      94
      90
      73
      82
      89
      72
      86
      85
      75
      91
      71
      87
     101
      81
      68
      87
      91
      80
     102
      69
      98
      92
      67
      78
      73
      92
      69
      75
      75
      87
      86
      72
      81
      72
      82
      78
      78
      68
     106
      82
      79
      86
      76
      83
      76
      80
      79
      82
      68
      89
      80
      89
      74
      69
      82
      71
      63
      78
      78
      82
      87
      70
      81
      98
      87
      61
      84
      82
      78
      76
     101
      72
      81
      76
      95
      78
      85
      84
      72
      88
      86
      95
      72
      84
      84
      86
      93
      81
      71
      67
      85
      80
      80
      84
      89
      67
      78
      68
      90
      97
      81
      82
      75
      83
      81
      92
      67
      86
      84
      85
      73
      83
      84
      80
      97
      75
      88
      72
      98
      89
      75
      69
      84
      81
      72
      86
      65
      81
      82
      94
      77
      85
      66
      82
      85
      84
      77
      86
      91
      66
      72
      76
      89
      88
      84
      75
      81
      75
      79
      57
      72
      89
      72
      71
      85
      83
      98
      71
      75
      78
      62
      75
      70
      80
      81
      82
      98
      84
      63
      69
      86
      76
      75
      87
      78
      75
      83
      94
      79
      84
      79
     108
      82
      63
      88
      75
      74
      98
      73
      74
      79
      71
      71
      68
      83
      88
      67
      86
      61
      75
      78
      84
      91
      83
      86
      83
      85
      81
      93
      81
      90
      91
      77
      91
      81
      85
      75
      78
      93
      78
      93
      73
      75
      88
      83
      82
      76
      77
      74
      76
      85
      90
      90
      90
     104
      77
      78
      82
      79
      79
      81
      95
      90
      81
      74
      92
      94
      88
      92
      80
      85
      96
      77
      88
      85
      82
      71
      73
      82
      78
      90
      95
      79
      79
     102
      90
      89
      89
      79
      91
      95
      91
      81
      71
      93
      91
      83
      79
      87
      79
      74
      81
      92
      75
     103
      80
      78
      86
      97
      92
      75
      57
      69
      92
      63
      75
      99
      90
      78
      77
      99
     101
      85
     114
      87
      73
      89
      92
      86
      84
      96
      96
      98
      99
      87
      98
      83
      76
      76
      81
      79
      75
      82
      90
      91
      96
      90
      96
      90
      91
      89
     101
      93
      76
      80
      92
      99
      86
     100
      86
      74
      92
      91
      84
      83
     112
      93
     106
      95
      91
      93
      81
      98
     108
      92
      78
      96
      95
      83
      86
      89
      97
      84
      87
      88
      97
      97
      92
     109
     103
      80
      97
      84
      92
      97
      96
      95
      86
      86
      83
      99
     114
     102
      93
     111
     115
     112
      80
      95
     102
     127
     111
      94
      88
     104
      98
     114
     118
     100
     124
     101
     121
     110
     120
     113
     132
     112
     112
     141
     124
     128
     130
     127
     129
     119
     148
     148
     159
     159
     196
     167
     183
     193
     184
     202
     203
     270
     263
     269
     299
     311
     372
     373
     445
     477
     569
     602
     711
     723
     863
     966
    1127
    1334
    1335
    1621
    1938
    2300
    2659
    2989
    3399
    4119
    4667
    5338
    6055
    6649
    7396
    8063
    9028
    9572
   10342
   10788
   11347
   11826
   12069
   12597
   12713
   12600
   12733
   12955
   12564
   12504
   12327
   12104
   11584
   11152
   10700
    9976
    9441
    8761
    8044
    7538
    6540
    5928
    5203
    4360
    3787
    3213
    2783
    2319
    1883
    1571
    1306
    1030
     897
     728
     593
     552
     437
     440
     354
     336
     327
     266
     212
     179
     218
     193
     145
     170
     142
     153
     115
     136
      98
     113
     112
      97
      98
     105
      97
     100
     103
      76
      87
     103
      80
      61
      78
      80
      82
      83
      83
      94
      61
      86
      67
      75
      62
      64
      70
      72
      72
      73
      75
      68
      57
      61
      70
      63
      54
      64
      61
      61
      54
      80
      52
      49
      68
      66
      71
      54
      51
      76
      68
      55
      54
      63
      64
      50
      72
      67
      47
      51
      53
      60
      54
      59
      57
      58
      58
      52
      57
      55
      53
      55
      70
      62
      68
      68
      48
      42
      44
      57
      46
      57
      62
      38
      44
      48
      58
      53
      61
      49
      43
      54
      58
      48
      51
      45
      48
      56
      39
      58
      51
      55
      54
      55
      50
      60
      65
      36
      50
      62
      54
      62
      59
      65
      54
      54
      47
      57
      48
      53
      51
      47
      54
      48
      52
      44
      52
      40
      48
      40
      43
      50
      56
      39
      63
      67
      29
      49
      41
      60
      34
      46
      58
      46
      56
      69
      63
      43
      48
      40
      53
      58
      41
      46
      59
      55
      52
      56
      36
      73
      54
      57
      47
      52
      68
      53
      40
      55
      56
      47
      56
      47
      49
      51
      53
      41
      36
      52
      53
      46
      44
      51
      44
      54
      46
      43
      53
      45
      39
      54
      44
      45
      48
      43
      44
      47
      46
      53
      51
      49
      52
      51
      54
      44
      49
      60
      43
      55
      45
      46
      52
      54
      46
      50
      42
      47
      45
      44
      44
      53
      53
      45
      39
      48
      48
      45
      39
      31
      57
      50
      50
      51
      37
      44
      47
      54
      50
      33
      51
      42
      44
      61
      44
      43
      47
      49
      36
      51
      41
      53
      42
      50
      30
      50
      55
      37
      43
      49
      48
      48
      61
      47
      51
      46
      35
      61
      54
      34
      40
      41
      43
      43
      64
      49
      41
      37
      55
      40
      46
      41
      42
      40
      52
      31
      43
      50
      35
      54
      49
      38
      48
      38
      51
      41
      34
      28
      51
      33
      46
      43
      36
      35
      56
      51
      52
      43
      44
      52
      44
      42
      35
      38
      40
      61
      46
      53
      43
      43
      36
      31
      39
      44
      47
      46
      50
      46
      39
      35
      45
      39
      32
      46
      45
      35
      31
      49
      34
      40
      45
      51
      50
      32
      38
      30
      49
      39
      38
      51
      40
      47
      43
      42
      36
      44
      59
      57
      45
      43
      32
      33
      45
      38
      46
      55
      54
      33
      41
      34
      40
      52
      53
      41
      37
      37
      42
      37
      37
      36
      46
      49
      43
      35
      51
      45
      38
      44
      45
      46
      39
      43
      42
      31
      37
      38
      47
      52
      50
      57
      40
      42
      49
      41
      37
      47
      44
      41
      41
      41
      49
      38
      59
      43
      40
      36
      45
      42
      49
      36
      42
      39
      38
      42
      37
      49
      47
      46
      43
      33
      37
      49
      35
      39
      35
      43
      37
      46
      30
      42
      57
      37
      44
      43
      46
      48
      36
      46
      43
      43
      54
      41
      39
      39
      46
      35
      48
      36
      47
      37
      40
      33
      43
      39
      39
      42
      44
      49
      41
      38
      36
      34
      40
      35
      42
      35
      43
      40
      53
      44
      43
      35
      32
      41
      41
      36
      37
      47
      42
      40
      42
      45
      35
      51
      44
      39
      35
      50
      29
      31
      43
      35
      40
      40
      42
      41
      35
      45
      35
      50
      44
      38
      31
      45
      39
      38
      38
      42
      46
      44
      47
      49
      33
      34
      40
      41
      39
      34
      31
      45
      42
      28
      45
      35
      35
      41
      27
      35
      39
      39
      57
      43
      40
      49
      36
      35
      54
      46
      43
      49
      33
      41
      38
      44
      36
      45
      47
      45
      43
      54
      50
      65
      45
      47
      38
      37
      31
      45
      42
      37
      34
      40
      40
      38
      46
      32
      44
      32
      35
      41
      39
      38
      42
      33
      53
      35
      45
      38
      34
      43
      31
      48
      49
      39
      47
      39
      38
      47
      38
      38
      48
      42
      40
      38
      40
      32
      47
      34
      36
      40
      44
      46
      40
      37
      42
      47
      42
      37
      46
      43
      35
      52
      47
      49
      37
      43
      32
      41
      42
      36
      38
      40
      37
      49
      47
      44
      42
      29
      43
      34
      39
      37
      44
      39
      45
      54
      32
      42
      35
      49
      32
      22
      37
      31
      43
      38
      40
      45
      37
      34
      44
      44
      39
      35
      40
      35
      43
      33
      31
      41
      41
      51
      27
      34
      43
      42
      51
      44
      50
      37
      30
      43
      37
      32
      46
      34
      41
      46
      35
      41
      35
      44
      47
      37
      54
      43
      32
      44
      47
      38
      34
      43
      41
      38
      45
      58
      37
      37
      33
      51
      38
      44
      43
      35
      30
      35
      46
      40
      36
      40
      43
      37
      35
      45
      35
      27
      46
      36
      42
      39
      44
      41
      39
      34
      42
      46
      32
      41
      47
      41
      37
      36
      47
      40
      39
      27
      37
      42
      33
      34
      40
      36
      48
      47
      47
      36
      36
      35
      33
      35
      33
      34
      44
      38
      42
      46
      44
      43
      45
      29
      49
      47
      32
      40
      47
      28
      40
      51
      45
      43
      50
      36
      40
      47
      42
      48
      33
      33
      42
      36
      41
      43
      44
      32
      39
      43
      45
      43
      46
      39
      31
      33
      51
      38
      37
      32
      46
      27
      43
      33
      42
      43
      43
      40
      38
      50
      45
      51
      41
      40
      40
      35
      41
      28
      43
      39
      47
      39
      36
      36
      44
      35
      45
      43
      35
      37
      34
      48
      40
      36
      36
      37
      39
      42
      27
      30
      41
      38
      38
      44
      41
      40
      41
      38
      42
      43
      33
      32
      43
      46
      38
      34
      34
      38
      40
      39
      35
      42
      32
      38
      42
      43
      44
      45
      33
      35
      36
      34
      32
      39
      37
      39
      34
      49
      31
      37
      51
      54
      31
      39
      43
      30
      42
      33
      45
      35
      47
      50
      47
      34
      51
      41
      44
      37
      46
      39
      45
      39
      35
      44
      49
      45
      38
      30
      30
      44
      41
      37
      40
      32
      47
      52
      40
      33
      49
      55
      32
      39
      39
      36
      53
      41
      39
      51
      52
      56
      49
      57
      48
      54
      40
      52
      42
      37
      47
      37
      52
      32
      38
      42
      43
      39
      45
      45
      32
      30
      32
      40
      41
      40
      35
      53
      28
      43
      44
      39
      57
      49
      40
      42
      38
      38
      44
      32
      38
      34
      41
      23
      40
      32
      42
      34
      37
      44
      48
      26
      53
      41
      34
      38
      42
      53
      42
      33
      33
      35
      43
      38
      32
      32
      34
      34
      42
      38
      38
      46
      33
      36
      40
      30
      37
      32
      33
      48
      43
      40
      29
      42
      25
      41
      47
      40
      37
      42
      46
      26
      38
      37
      32
      39
      44
      42
      30
      46
      40
      34
      35
      42
      23
      31
      44
      38
      38
      45
      34
      43
      40
      40
      33
      35
      35
      34
      44
      35
      30
      38
      34
      37
      26
      49
      37
      44
      39
      39
      37
      44
      41
      43
      35
      34
      42
      34
      32
      38
      37
      37
      38
      40
      22
      43
      43
      43
      37
      30
      47
      31
      39
      43
      31
      36
      34
      37
      39
      51
      37
      45
      42
      43
      33
      40
      45
      34
      36
      47
      39
      41
      39
      36
      23
      32
      39
      37
      41
      36
      38
      35
      34
      34
      29
      36
      48
      49
      47
      32
      36
      35
      42
      32
      56
      52
      44
      36
      47
      45
      44
      30
      43
      32
      42
      42
      36
      50
      33
      39
      36
      37
      39
      31
      40
      39
      25
      44
      50
      37
      39
      46
      30
      38
      33
      26
      34
      35
      47
      54
      50
      36
      35
      35
      37
      39
      37
      24
      49
      41
      48
      43
      38
      40
      24
      43
      36
      33
      30
      43
      39
      37
      41
      35
      51
      26
      50
      39
      39
      30
      36
      48
      36
      40
      45
      40
      35
      47
      39
      33
      41
      39
      55
      36
      34
      43
      33
      36
      38
      42
      46
      36
      38
      31
      41
      36
      37
      26
      37
      36
      38
      33
      28
      46
      35
      43
      49
      35
      41
      41
      35
      31
      31
      36
      35
      44
      39
      41
      48
      46
      42
      43
      51
      29
      45
      25
      42
      41
      41
      41
      37
      40
      36
      45
      40
      42
      40
      31
      56
      42
      35
      38
      35
      38
      36
      43
      32
      38
      40
      39
      40
      41
      40
      48
      43
      32
      45
      43
      36
      35
      39
      39
      39
      29
      44
      37
      38
      41
      37
      51
      45
      47
      41
      41
      32
      37
      36
      36
      32
      42
      38
      30
      26
      43
      41
      34
      32
      29
      42
      28
      35
      32
      49
      36
      57
      40
      37
      34
      37
      38
      42
      30
      39
      49
      32
      46
      34
      35
      41
      27
      44
      38
      32
      30
      36
      47
      43
      46
      39
      44
      34
      43
      44
      34
      55
      42
      29
      45
      42
      43
      40
      42
      37
      45
      44
      44
      40
      52
      22
      24
      39
      38
      38
      41
      37
      31
      33
      23
      33
      38
      46
      47
      37
      38
      38
      29
      44
      29
      38
      47
      38
      40
      35
      47
      46
      30
      50
      38
      33
      45
      46
      38
      36
      40
      30
      36
      32
      34
      32
      35
      41
      38
      40
      36
      39
      36
      31
      45
      36
      41
      32
      35
      45
      45
      40
      31
      41
      36
      46
      40
      36
      36
      35
      40
      26
      24
      47
      34
      42
      44
      42
      53
      38
      37
      37
      39
      42
      29
      34
      40
      31
      31
      39
      40
      44
      38
      48
      34
      30
      40
      49
      40
      52
      34
      51
      38
      52
      41
      45
      57
      37
      47
      43
      51
      43
      38
      40
      50
      40
      43
      46
      36
      47
      39
      47
      41
      37
      33
      40
      40
      39
      34
      34
      35
      36
      30
      32
      34
      37
      37
      44
      41
      40
      37
      44
      31
      33
      59
      37
      46
      33
      33
      27
      42
      39
      39
      37
      34
      33
      41
      39
      34
      30
      35
      34
      37
      42
      37
      36
      35
      32
      36
      37
      36
      31
      40
      36
      31
      33
      35
      47
      35
      25
      24
      45
      44
      31
      28
      41
      33
      38
      49
      41
      48
      40
      35
      36
      34
      34
      39
      33
      38
      52
      40
      43
      34
      36
      46
      33
      30
      35
      42
      37
      34
      34
      37
      43
      49
      39
      29
      53
      40
      34
      44
      49
      35
      46
      37
      24
      53
      39
      48
      44
      30
      43
      29
      43
      40
      37
      31
      46
      45
      46
      45
      38
      53
      48
      30
      47
      48
      32
      36
      37
      36
      47
      36
      38
      35
      32
      48
      41
      46
      35
      39
      46
      40
      38
      43
      37
      29
      47
      35
      44
      33
      41
      38
      44
      33
      46
      43
      46
      48
      36
      32
      46
      41
      43
      45
      34
      38
      53
      45
      40
      32
      46
      35
      34
      31
      41
      41
      38
      35
      47
      47
      50
      50
      34
      44
      29
      36
      44
      37
      39
      34
      43
      39
      39
      30
      39
      36
      41
      45
      35
      44
      35
      42
      35
      50
      40
      33
      40
      41
      53
      41
      43
      46
      38
      45
      26
      35
      40
      32
      41
      53
      38
      42
      46
      31
      40
      46
      41
      33
      34
      32
      39
      46
      37
      51
      29
      36
      43
      32
      44
      47
      30
      39
      31
      36
      33
      35
      47
      48
      42
      35
      34
      45
      44
      41
      40
      40
      35
      40
      43
      37
      48
      35
      40
      53
      39
      39
      36
      44
      55
      36
      50
      30
      48
      39
      45
      35
      32
      30
      36
      49
      50
      32
      40
      25
      41
      38
      43
      42
      48
      42
      39
      48
      29
      41
      44
      31
      37
      57
      44
      46
      46
      28
      51
      48
      35
      32
      25
      49
      38
      42
      46
      40
      38
      50
      43
      40
      45
      25
      43
      34
      31
      40
      36
      40
      32
      40
      40
      39
      33
      37
      43
      37
      36
      39
      46
      28
      43
      36
      39
      38
      34
      28
      38
      44
      35
      40
      30
      49
      29
      37
      33
      47
      38
      46
      42
      47
      32
      36
      44
      28
      43
      44
      37
      33
      43
      45
      42
      44
      52
      34
      34
      40
      34
      38
      50
      48
      44
      32
      38
      32
      41
      45
      39
      28
      47
      43
      43
      31
      39
      37
      34
      40
      41
      49
      41
      44
      19
      45
      28
      29
      42
      37
      35
      43
      39
      36
      34
      25
      40
      45
      50
      41
      44
      39
      37
      53
      28
      33
      33
      43
      38
      25
      32
      49
      44
      37
      40
      39
      39
      28
      39
      45
      33
      42
      50
      32
      33
      37
      37
      44
      45
      29
      42
      34
      34
      34
      37
      37
      33
      37
      43
      37
      43
      42
      42
      49
      47
      30
      36
      32
      40
      37
      31
      25
      32
      36
      36
      43
      44
      42
      38
      34
      47
      36
      37
      34
      43
      31
      36
      44
      47
      30
      41
      46
      42
      38
      29
      35
      46
      45
      42
      42
      43
      51
      38
      38
      44
      41
      47
      38
      34
      48
      26
      42
      36
      49
      43
      40
      34
      29
      42
      33
      38
      38
      40
      37
      45
      34
      45
      38
      51
      31
      38
      25
      36
      32
      39
      32
      41
      30
      44
      49
      31
      41
      39
      44
      38
      31
      36
      43
      34
      35
      47
      38
      37
      39
      44
      38
      36
      39
      36
      29
      46
      47
      52
      32
      42
      42
      39
      38
      41
      45
      48
      36
      45
      42
      35
      35
      35
      33
      39
      38
      38
      36
      37
      41
      51
      43
      37
      37
      45
      43
      36
      33
      38
      49
      30
      40
      35
      39
      36
      45
      32
      46
      41
      28
      44
      41
      37
      50
      39
      34
      53
      41
      40
      34
      46
      40
      44
      42
      36
      37
      41
      39
      54
      42
      31
      40
      40
      34
      41
      36
      42
      37
      42
      46
      41
      33
      43
      35
      39
      49
      38
      42
      44
      41
      49
      34
      32
      39
      44
      35
      37
      47
      44
      31
      36
      49
      42
      36
      39
      34
      24
      58
      43
      37
      40
      40
      42
      46
      33
      43
      39
      39
      39
      37
      34
      36
      39
      36
      37
      47
      35
      34
      48
      27
      37
      41
      48
      39
      32
      36
      47
      39
      36
      38
      45
      32
      36
      44
      44
      30
      36
      45
      39
      45
      40
      37
      32
      47
      47
      28
      47
      38
      39
      41
      34
      45
      38
      46
      46
      36
      39
      34
      44
      41
      35
      38
      44
      38
      44
      40
      41
      37
      39
      33
      45
      43
      42
      41
      35
      42
      43
      44
      30
      39
      47
      37
      32
      41
      33
      40
      24
      29
      44
      42
      36
      38
      39
      41
      36
      45
      43
      38
      40
      34
      49
      44
      37
      39
      26
      43
      49
      46
      33
      40
      36
      35
      33
      38
      49
      51
      50
      42
      48
      43
      30
      42
      30
      41
      44
      42
      44
      26
      39
      44
      43
      38
      42
      38
      33
      41
      35
      35
      43
      45
      43
      38
      55
      41
      43
      36
      43
      41
      44
      45
      46
      34
      44
      58
      53
      40
      39
      45
      58
      37
      39
      42
      42
      35
      41
      36
      38
      38
      45
      37
      34
      43
      33
      40
      44
      41
      42
      24
      47
      33
      33
      34
      51
      38
      42
      48
      45
      36
      47
      38
      33
      34
      27
      36
      51
      38
      28
      34
      49
      43
      44
      49
      26
      34
      29
      33
      51
      37
      33
      32
      35
      35
      39
      43
      46
      40
      46
      47
      36
      53
      42
      52
      48
      40
      41
      40
      35
      37
      41
      35
      36
      39
      45
      33
      25
      33
      31
      41
      48
      36
      41
      42
      48
      38
      48
      42
      47
      49
      41
      43
      40
      40
      38
      32
      55
      46
      36
      47
      33
      36
      40
      49
      32
      42
      34
      38
      40
      40
      47
      38
      20
      38
      40
      36
      39
      43
      35
      47
      34
      42
      32
      30
      46
      36
      39
      38
      37
      48
      34
      39
      53
      32
      39
      45
      39
      34
      55
      48
      39
      43
      57
      45
      32
      47
      32
      50
      37
      33
      43
      52
      41
      50
      32
      41
      39
      44
      40
      49
      34
      46
      34
      39
      36
      44
      40
      54
      35
      48
      43
      40
      30
      39
      38
      43
      42
      56
      46
      41
      48
      48
      58
      61
      47
      38
      40
      58
      43
      37
      44
      48
      43
      45
      46
      55
      62
      55
      45
      36
      45
      33
      48
      57
      32
      43
      45
      49
      45
      46
      37
      41
      47
      38
      39
      35
      42
      28
      42
      39
      44
      42
      31
      55
      40
      42
      46
      47
      44
      42
      53
      37
      42
      47
      37
      40
      44
      40
      44
      46
      42
      36
      48
      42
      50
      50
      43
      30
      28
      52
      36
      48
      30
      41
      46
      33
      41
      41
      39
      47
      43
      51
      44
      43
      40
      33
      37
      49
      31
      35
      49
      36
      45
      41
      44
      40
      34
      41
      36
      37
      32
      40
      35
      36
      47
      41
      35
      44
      38
      33
      43
      45
      36
      37
      53
      43
      42
      39
      40
      43
      48
      32
      43
      37
      34
      35
      39
      31
      37
      42
      44
      29
      45
      36
      36
      29
      48
      43
      38
      44
      32
      44
      43
      49
      47
      48
      52
      32
      36
      36
      39
      41
      40
      36
      41
      46
      43
      40
      49
      47
      38
      36
      45
      45
      41
      42
      35
      28
      42
      35
      41
      36
      41
      35
      36
      36
      34
      52
      41
      32
      40
      29
      36
      47
      40
      56
      40
      40
      45
      47
      59
      50
      39
      40
      43
      51
      52
      36
      40
      40
      40
      37
      36
      40
      28
      40
      40
      44
      41
      28
      38
      35
      39
      40
      46
      49
      34
      48
      44
      44
      40
      29
      41
      41
      38
      40
      48
      52
      42
      39
      46
      31
      49
      44
      32
      35
      38
      40
      37
      38
      32
      50
      43
      43
      39
      33
      32
      34
      49
      30
      44
      37
      40
      40
      40
      36
      42
      35
      34
      42
      41
      25
      35
      41
      42
      43
      51
      37
      47
      48
      53
      48
      41
      49
      41
      55
      45
      47
      42
      25
      39
      34
      36
      50
      43
      30
      26
      44
      36
      48
      46
      49
      38
      43
      40
      56
      42
      39
      41
      39
      46
      32
      33
      47
      50
      49
      32
      46
      37
      41
      39
      39
      45
      42
      44
      44
      43
      51
      44
      37
      38
      40
      50
      42
      43
      43
      42
      39
      51
      41
      50
      38
      42
      39
      33
      47
      41
      33
      47
      41
      39
      42
      32
      29
      39
      43
      44
      42
      37
      38
      49
      29
      36
      37
      47
      28
      37
      44
      37
      46
      42
      37
      49
      32
      41
      47
      39
      38
      38
      36
      48
      35
      43
      30
      51
      37
      42
      33
      44
      46
      41
      38
      47
      42
      30
      49
      41
      50
      36
      43
      39
      33
      41
      36
      43
      37
      54
      37
      43
      58
      33
      35
      55
      40
      40
      39
      41
      41
      54
      42
      43
      44
      39
      41
      49
      50
      49
      34
      51
      52
      38
      40
      36
      46
      42
      39
      34
      41
      43
      28
      36
      41
      41
      48
      39
      40
      33
      58
      39
      42
      51
      44
      44
      40
      35
      40
      42
      46
      50
      46
      39
      35
      40
      55
      38
      33
      51
      46
      41
      55
      40
      46
      40
      45
      43
      27
      48
      43
      52
      38
      28
      49
      35
      46
      43
      35
      45
      34
      35
      33
      46
      28
      35
      49
      48
      38
      39
      40
      47
      41
      53
      38
      46
      43
      39
      41
      32
      39
      47
      43
      52
      32
      40
      36
      45
      42
      39
      43
      43
      50
      44
      44
      37
      39
      36
      25
      46
      53
      45
      43
      45
      46
      38
      37
      47
      45
      41
      51
      50
      52
      41
      45
      36
      45
      44
      43
      42
      41
      37
      43
      48
      35
      41
      47
      34
      36
      39
      42
      46
      43
      36
      42
      39
      27
      43
      53
      37
      43
      38
      52
      39
      44
      34
      39
      42
      48
      50
      41
      47
      38
      42
      46
      37
      37
      50
      45
      48
      42
      55
      45
      36
      36
      44
      49
      39
      31
      56
      40
      54
      39
      44
      39
      39
      33
      36
      44
      40
      47
      40
      46
      38
      39
      40
      39
      48
      40
      37
      44
      46
      49
      39
      38
      43
      55
      39
      38
      40
      45
      38
      35
      44
      29
      38
      42
      39
      41
      33
      40
      38
      53
      36
      59
      48
      35
      47
      35
      38
      37
      37
      55
      40
      56
      32
      52
      49
      30
      48
      34
      36
      43
      47
      47
      45
      41
      51
      31
      43
      41
      33
      62
      56
      36
      46
      49
      49
      50
      59
      36
      41
      44
      42
      31
      59
      43
      40
      34
      49
      45
      39
      40
      46
      49
      38
      45
      39
      53
      40
      41
      33
      31
      43
      44
      41
      52
      45
      42
      47
      44
      30
      34
      50
      59
      46
      46
      42
      51
      45
      49
      40
      49
      36
      47
      39
      40
      46
      54
      37
      52
      52
      43
      27
      40
      56
      51
      44
      46
      56
      36
      43
      53
      44
      48
      39
      42
      40
      35
      37
      39
      46
      48
      44
      53
      58
      50
      35
      52
      35
      42
      46
      40
      47
      29
      35
      43
      31
      44
      48
      45
      42
      42
      40
      40
      43
      46
      38
      42
      48
      50
      34
      29
      55
      43
      39
      45
      49
      42
      64
      41
      45
      50
      51
      54
      60
      45
      53
      46
      45
      49
      48
      44
      44
      31
      45
      50
      37
      51
      47
      37
      37
      44
      37
      40
      37
      50
      43
      37
      43
      52
      49
      34
      42
      32
      43
      32
      53
      41
      50
      43
      46
      37
      46
      41
      59
      33
      52
      41
      42
      52
      48
      37
      54
      42
      44
      43
      54
      48
      51
      57
      56
      44
      51
      43
      41
      45
      36
      39
      41
      32
      38
      51
      43
      39
      54
      46
      38
      43
      60
      47
      36
      46
      32
      46
      49
      46
      39
      49
      51
      55
      50
      36
      47
      45
      43
      40
      51
      40
      51
      42
      38
      47
      42
      52
      44
      34
      42
      42
      45
      41
      35
      42
      37
      40
      43
      40
      59
      45
      64
      44
      46
      47
      46
      53
      52
      46
      36
      52
      41
      52
      39
      46
      35
      48
      57
      55
      42
      54
      42
      38
      51
      45
      51
      42
      57
      41
      41
      55
      42
      47
      35
      36
      51
      37
      43
      39
      35
      36
      40
      57
      37
      49
      48
      32
      46
      49
      52
      65
      42
      34
      48
      45
      36
      49
      47
      38
      38
      42
      44
      45
      44
      38
      43
      49
      46
      50
      35
      44
      40
      48
      42
      44
      55
      36
      43
      29
      47
      43
      42
      49
      46
      44
      45
      27
      52
      38
      47
      32
      44
      39
      45
      47
      52
      39
      39
      46
      39
      51
      40
      38
      33
      46
      44
      53
      59
      45
      57
      40
      53
      38
      52
      49
      45
      37
      39
      56
      46
      46
      47
      34
      44
      36
      42
      37
      43
      61
      38
      48
      46
      37
      48
      45
      46
      42
      36
      59
      47
      55
      53
      47
      53
      40
      37
      45
      47
      35
      43
      44
      33
      46
      44
      35
      43
      43
      50
      39
      36
      48
      41
      49
      46
      53
      43
      34
      44
      45
      42
      56
      39
      41
      29
      31
      49
      42
      40
      44
      48
      51
      48
      55
      33
      40
      47
      41
      45
      53
      48
      43
      29
      50
      46
      50
      42
      55
      59
      30
      48
      45
      35
      49
      47
      40
      59
      40
      47
      47
      43
      42
      41
      39
      47
      60
      45
      36
      48
      47
      43
      44
      42
      38
      53
      48
      52
      35
      33
      41
      39
      49
      51
      43
      44
      41
      39
      47
      47
      51
      46
      49
      56
      52
      48
      44
      49
      54
      42
      44
      49
      47
      39
      44
      54
      36
      45
      50
      42
      48
      44
      35
      35
      40
      36
      47
      58
      43
      42
      35
      42
      43
      49
      53
      37
      52
      55
      46
      49
      49
      45
      48
      47
      32
      39
      49
      46
      59
      51
      58
      41
      41
      51
      45
      39
      46
      49
      46
      50
      41
      53
      36
      38
      49
      57
      54
      47
      43
      59
      50
      43
      42
      53
      62
      47
      32
      37
      40
      32
      45
      47
      45
      43
      36
      57
      42
      48
      51
      39
      52
      43
      49
      43
      57
      53
      30
      45
      53
      40
      45
      45
      44
      47
      56
      32
      44
      44
      44
      57
      46
      49
      53
      46
      36
      43
      49
      42
      47
      52
      42
      52
      49
      44
      42
      54
      55
      40
      49
      47
      60
      65
      41
      48
      52
      34
      45
      50
      37
      41
      51
      40
      36
      44
      39
      41
      50
      45
      43
      50
      49
      53
      37
      44
      30
      43
      67
      54
      45
      53
      44
      44
      52
      35
      34
      46
      48
      52
      53
      42
      48
      39
      45
      49
      53
      52
      50
      43
      44
      50
      46
      37
      54
      52
      54
      49
      40
      40
      46
      46
      49
      50
      37
      46
      51
      44
      41
      47
      48
      36
      58
      48
      40
      49
      38
      54
      58
      63
      37
      49
      56
      43
      45
      58
      41
      41
      49
      41
      37
      42
      46
      40
      44
      51
      43
      52
      42
      55
      47
      60
      44
      41
      55
      46
      40
      44
      38
      48
      38
      46
      42
      44
      37
      56
      60
      43
      47
      47
      54
      49
      45
      46
      50
      51
      52
      50
      53
      51
      49
      48
      49
      43
      33
      38
      47
      56
      47
      48
      40
      41
      33
      34
      50
      40
      46
      41
      56
      50
      53
      47
      50
      46
      46
      47
      50
      57
      45
      50
      38
      43
      44
      57
      53
      63
      41
      46
      43
      42
      46
      56
      51
      52
      40
      36
      53
      46
      39
      49
      48
      47
      43
      53
      49
      56
      45
      51
      48
      44
      44
      56
      54
      59
      58
      38
      58
      50
      54
      36
      50
      41
      48
      53
      50
      53
      42
      50
      58
      46
      45
      52
      54
      56
      48
      35
      58
      46
      43
      42
      44
      51
      59
      47
      42
      59
      53
      49
      49
      49
      55
      59
      53
      43
      53
      42
      50
      34
      47
      44
      50
      50
      46
      54
      55
      53
      39
      49
      49
      53
      47
      47
      33
      58
      36
      39
      52
      55
      50
      66
      43
      53
      62
      51
      51
      41
      38
      60
      47
      45
      46
      42
      57
      44
      50
      41
      38
      46
      45
      57
      52
      36
      45
      43
      65
      48
      46
      50
      55
      40
      51
      42
      60
      32
      44
      51
      45
      56
      52
      51
      39
      70
      59
      48
      41
      47
      55
      47
      47
      47
      50
      41
      55
      53
      45
      53
      46
      50
      46
      40
      51
      40
      57
      42
      56
      65
      48
      60
      56
      51
      57
      48
      59
      58
      51
      53
      55
      41
      54
      50
      51
      41
      54
      56
      34
      55
      59
      49
      51
      44
      47
      52
      54
      49
      60
      37
      39
      58
      55
      58
      51
      49
      40
      50
      45
      58
      49
      50
      48
      46
      46
      55
      52
      45
      52
      40
      42
      42
      44
      45
      51
      43
      47
      52
      38
      41
      56
      54
      50
      47
      49
      54
      35
      46
      54
      49
      33
      63
      52
      45
      45
      62
      45
      58
      61
      50
      43
      44
      55
      46
      45
      58
      52
      51
      52
      54
      48
      51
      49
      56
      67
      58
      54
      40
      41
      43
      47
      42
      43
      51
      46
      54
      48
      47
      50
      49
      48
      45
      50
      39
      55
      34
      55
      48
      48
      40
      46
      61
      52
      63
      65
      44
      55
      55
      46
      57
      52
      47
      52
      39
      57
      65
      48
      45
      52
      58
      51
      58
      63
      55
      58
      55
      46
      46
      56
      42
      45
      38
      43
      56
      50
      49
      59
      53
      46
      46
      52
      51
      50
      58
      51
      52
      50
      41
      55
      54
      46
      58
      48
      50
      56
      62
      52
      48
      49
      46
      50
      47
      56
      47
      51
      51
      51
      60
      49
      39
      54
      47
      57
      61
      52
      51
      59
      41
      56
      53
      56
      46
      39
      43
      56
      46
      56
      56
      49
      55
      49
      53
      58
      57
      46
      36
      42
      53
      49
      57
      50
      58
      47
      50
      71
      56
      54
      48
      53
      49
      57
      60
      58
      50
      42
      53
      51
      49
      52
      47
      68
      51
      61
      56
      65
      43
      49
      63
      55
      45
      47
      60
      47
      62
      56
      49
      46
      53
      53
      68
      59
      51
      40
      60
      52
      52
      51
      50
      62
      52
      51
      53
      60
      53
      59
      56
      62
      59
      50
      54
      40
      62
      52
      43
      51
      61
      58
      42
      48
      57
      67
      51
      47
      49
      52
      52
      64
      51
      57
      56
      43
      50
      49
      59
      53
      56
      58
      59
      61
      45
      39
      52
      46
      46
      54
      57
      54
      63
      65
      61
      59
      54
      56
      56
      53
      54
      60
      45
      60
      57
      61
      60
      52
      53
      58
      55
      54
      47
      50
      55
      57
      38
      49
      55
      47
      40
      43
      56
      54
      61
      60
      55
      60
      48
      46
      44
      53
      48
      52
      56
      47
      56
      74
      59
      54
      60
      50
      49
      59
      51
      58
      46
      58
      62
      45
      49
      53
      59
      67
      60
      51
      53
      50
      42
      63
      56
      61
      53
      44
      52
      71
      51
      61
      58
      61
      60
      44
      59
      59
      58
      45
      44
      51
      56
      62
      52
      67
      71
      74
      59
      63
      54
      46
      69
      64
      53
      50
      53
      61
      58
      60
      61
      64
      58
      64
      49
      52
      58
      63
      49
      45
      53
      65
      50
      58
      44
      59
      55
      55
      67
      63
      55
      55
      54
      48
      59
      52
      61
      54
      49
      63
      53
      75
      58
      68
      62
      55
      44
      73
      58
      75
      62
      57
      57
      66
      57
      60
      61
      72
      54
      46
      64
      49
      65
      63
      57
      57
      51
      55
      50
      62
      61
      68
      46
      64
      53
      73
      54
      66
      57
      55
      60
      82
      54
      64
      75
      61
      63
      57
      49
      48
      52
      63
      52
      63
      52
      52
      60
      58
      60
      45
      68
      55
      55
      52
      66
      67
      66
      44
      49
      66
      53
      57
      48
      62
      57
      59
      59
      57
      60
      56
      63
      56
      67
      56
      51
      61
      75
      47
      61
      57
      66
      63
      55
      58
      56
      64
      75
      54
      59
      61
      54
      75
      61
      55
      55
      80
      67
      54
      68
      65
      69
      51
      71
      63
      54
      72
      47
      58
      61
      55
      50
      47
      55
      56
      68
      69
      58
      65
      48
      54
      61
      42
      66
      67
      60
      70
      70
      70
      64
      75
      60
      66
      52
      55
      63
      59
      52
      58
      62
      52
      70
      58
      63
      63
      58
      52
      61
      69
      61
      75
      51
      77
      58
      61
      59
      66
      66
      56
      55
      55
      61
      66
      58
      54
      65
      69
      62
      65
      63
      56
      79
      58
      51
      55
      53
      82
      63
      47
      75
      69
      62
      60
      58
      65
      62
      58
      80
      67
      67
      66
      67
      67
      59
      59
      61
      59
      64
      61
      81
      51
      68
      48
      55
      63
      64
      64
      63
      57
      53
      65
      59
      63
      63
      74
      68
      76
      57
      63
      66
      53
      67
      70
      76
      61
      64
      77
      62
      54
      58
      63
      56
      70
      71
      48
      56
      65
      65
      62
      70
      83
      67
      73
      54
      60
      79
      61
      57
      72
      90
      64
      80
      74
      84
      63
      56
      71
      51
      66
      65
      74
      65
      46
      72
      69
      64
      62
      50
      73
      57
      64
      68
      58
      58
      63
      56
      86
      64
      73
      78
      69
      55
      56
      64
      54
      64
      78
      56
      64
      73
      66
      69
      63
      63
      65
      65
      66
      57
      61
      55
      66
      72
      61
      69
      62
      80
      61
      66
      63
      58
      61
      63
      76
      80
      69
      71
      78
      73
      67
      64
      80
      54
      72
      79
      63
      69
      72
      75
      63
      76
      57
      73
      68
      63
      77
      60
      74
      55
      55
      57
      59
      69
      76
      62
      64
      64
      68
      63
      61
      75
      83
      77
      66
      61
      71
      69
      54
      64
      61
      69
      60
      72
      82
      55
      67
      68
      60
      65
      73
      69
      65
      67
      72
      68
      66
      72
      66
      82
      59
      59
      55
      91
      64
      69
      80
      67
      58
      72
      65
      59
      75
      67
      80
      67
      88
      66
      75
      66
      67
      83
      58
      71
      68
      60
      64
      71
      68
      59
      63
      66
      89
      63
      70
      72
      70
      62
      73
      64
      63
      71
      59
      66
      58
      74
      64
      81
      79
      68
      74
      71
      65
      64
      68
      76
      69
      72
      58
      59
      71
      72
      65
      92
      67
      67
      74
      85
      75
      68
      71
      62
      70
      62
      67
      71
      59
      60
      80
      79
      72
      71
      78
      78
      72
     100
      87
      70
      77
      61
      72
      78
      75
      74
      74
      69
      70
      61
      58
      61
      62
      74
      75
      67
      73
      64
      71
      75
      81
      69
      73
      66
      67
      65
      74
      84
      75
      85
      80
      68
      70
      64
      67
      62
      81
      57
      82
      67
      72
      77
      60
      83
      77
      65
      75
      69
      73
      97
      80
      95
      74
      82
      77
      57
      59
      68
      98
      78
      85
      82
      72
      80
      84
      81
      85
      73
      75
      82
      85
      83
      98
      93
      81
      83
      79
      77
      73
      81
      67
      76
      78
      82
      78
      84
      65
      86
      83
      85
      92
      90
      81
      83
      80
      71
      71
      69
      76
      65
      78
      66
      77
      72
      85
      84
      64
      84
      76
      66
      79
      79
      85
      77
      75
      84
      78
      82
      77
      68
      85
      58
      79
      61
      82
      97
      69
      90
      80
      74
      64
      70
      77
      72
      78
      72
      72
      65
      78
      72
      81
      96
      76
      79
      83
      70
      92
      79
      74
      78
      76
      77
      75
      73
      67
      80
      79
      82
      66
      91
      83
      76
      76
      75
      73
      76
      75
      75
      81
      73
      68
      84
      79
      97
      82
      82
      68
      72
      69
      82
      83
      69
      69
      92
      69
      79
      89
      80
      77
      70
      68
      68
      76
      81
      63
      74
      68
      82
      92
      86
      81
      78
      88
      70
      87
      75
      83
      84
      92
      82
      70
      74
      85
      78
      77
      89
      82
      99
      98
      83
      71
      70
      84
      96
      92
      80
      90
      80
      88
      69
      84
      63
      83
      75
      85
      95
      79
      68
      99
      87
      73
      79
      90
      81
      90
      77
      82
      84
      77
      82
      88
      84
      83
      75
      74
      86
      84
      81
      83
      84
      92
      92
      81
      93
      97
      85
      58
      92
      78
      78
      91
      90
      84
      96
     102
      88
      75
      85
      90
      88
      95
      77
      88
      67
      80
      92
      76
     102
      66
      88
      94
      83
      79
     101
      90
      88
      81
      74
      81
      93
      98
      90
      80
     100
      94
      97
      61
      70
      93
      83
      81
      71
      84
      79
      95
      76
     114
      74
      84
      92
      97
      90
      92
      94
      81
      92
     110
      87
      74
      63
      73
      83
      87
      86
      89
      81
      83
      87
      90
      76
      84
      88
      83
      94
      95
      85
     109
      79
      82
      95
      86
      69
      88
      87
      97
      83
      78
      93
      80
      93
      89
      90
      88
      80
      85
      79
      79
      90
      98
      92
      80
      74
      84
     106
     113
      84
      76
      87
      92
      91
      77
      96
      68
      66
      93
      77
      78
     111
      97
      72
      83
      90
      88
      96
      84
      73
      82
     104
      80
      90
      87
      79
      79
     105
      84
      98
      75
     100
      57
      77
      94
      81
     106
      78
      82
      80
      81
     100
      82
      84
      72
      84
      91
      83
      89
      79
      84
      85
      70
      87
      81
      83
      69
      73
     102
      87
      73
      84
      89
      66
      94
      63
      77
      91
      73
      87
      79
      78
      88
      85
     100
      87
      88
      74
      85
      76
      87
      83
      71
      80
      82
      89
      85
      74
      82
      76
      61
      67
      68
      64
      80
      67
      79
      63
      71
      55
      67
      71
      71
      61
      71
      76
      49
      83
      75
      61
      72
      56
      62
      70
      60
      65
      70
      64
      68
      60
      56
      57
      73
      64
      54
      61
      63
      70
      67
      55
      72
      61
      63
      68
      60
      72
      58
      70
      57
      57
      50
      51
      54
      39
      63
      55
      64
      67
      60
      51
      56
      47
      69
      57
      53
      66
      68
      52
      64
      55
      63
      44
      55
      56
      60
      49
      59
      70
      50
      43
      51
      51
      61
      42
      65
      48
      51
      57
      49
      61
      60
      56
      48
      55
      52
      67
      45
      65
      60
      46
      56
      43
      43
      62
      56
      52
      54
      48
      50
      54
      39
      39
      50
      51
      55
      57
      42
      45
      50
      58
      45
      59
      53
      43
      57
      52
      45
      41
      45
      58
      36
      50
      66
      39
      53
      50
      39
      45
      57
      43
      50
      38
      52
      55
      63
      60
      45
      43
      50
      43
      67
      52
      53
      44
      51
      58
      60
      56
      47
      50
      53
      52
      56
      53
      53
      44
      47
      43
      48
      54
      52
      45
      30
      56
      49
      52
      56
      52
      42
      47
      34
      44
      57
      58
      30
      52
      46
      47
      44
      62
      58
      60
      56
      50
      52
      40
      33
      53
      46
      46
      36
      41
      44
      40
      45
      54
      46
      52
      45
      44
      49
      44
      37
      63
      47
      61
      54
      54
      49
      40
      41
      47
      58
      51
      39
      43
      67
      50
      38
      43
      40
      57
      63
      45
      39
      49
      55
      52
      43
      36
      50
      45
      52
      32
      39
      41
      50
      50
      51
      45
      45
      42
      33
      36
      53
      41
      52
      42
      56
      49
      37
      40
      48
      56
      53
      47
      36
      45
      35
      35
      46
      44
      53
      48
      62
      51
      46
      42
      39
      33
      58
      40
      36
      52
      41
      37
      43
      36
      54
      42
      46
      37
      50
      52
      40
      33
      45
      49
      45
      52
      53
      43
      42
      40
      40
      34
      40
      33
      41
      45
      43
      42
      64
      43
      45
      49
      43
      45
      37
      50
      48
      46
      46
      42
      31
      56
      40
      43
      31
      40
      44
      45
      38
      30
      42
      47
      55
      60
      46
      36
      47
      47
      44
      38
      54
      51
      41
      37
      61
      40
      35
      39
      34
      49
      38
      39
      36
      48
      48
      36
      39
      30
      27
      39
      41
      41
      40
      52
      55
      48
      49
      42
      42
      30
      41
      41
      31
      49
      54
      38
      40
      46
      40
      46
      36
      57
      44
      46
      40
      39
      55
      40
      26
      51
      44
      43
      45
      41
      41
      41
      40
      40
      35
      29
      51
      34
      39
      42
      46
      36
      45
      47
      42
      37
      32
      33
      45
      41
      24
      45
      28
      38
      45
      41
      45
      47
      36
      48
      49
      24
      46
      32
      42
      31
      40
      33
      34
      33
      29
      23
      56
      37
      36
      35
      33
      25
      36
      43
      50
      38
      40
      38
      37
      47
      41
      28
      37
      29
      45
      46
      35
      33
      45
      41
      30
      42
      31
      32
      22
      47
      26
      42
      33
      28
      51
      42
      42
      49
      32
      36
      31
      36
      32
      40
      31
      33
      37
      41
      34
      37
      30
      34
      29
      41
      39
      36
      41
      32
      56
      37
      38
      33
      40
      37
      29
      33
      30
      29
      40
      47
      38
      45
      45
      26
      29
      47
      48
      40
      19
      36
      38
      40
      35
      25
      35
      32
      35
      30
      37
      39
      35
      49
      30
      35
      32
      38
      33
      40
      42
      40
      30
      37
      30
      41
      45
      40
      36
      39
      45
      38
      29
      34
      42
      31
      35
      38
      40
      34
      35
      40
      22
      39
      40
      43
      30
      37
      51
      39
      35
      33
      33
      44
      29
      49
      36
      34
      39
      40
      46
      33
      32
      41
      28
      25
      34
      33
      35
      42
      33
      32
      28
      30
      39
      41
      38
      37
      44
      39
      27
      30
      42
      39
      25
      35
      44
      32
      37
      35
      41
      27
      27
      35
      39
      30
      20
      29
      27
      32
      29
      33
      30
      36
      32
      31
      32
      30
      34
      41
      24
      38
      24
      36
      41
      28
      33
      32
      30
      27
      29
      35
      39
      27
      28
      25
      45
      34
      37
      28
      33
      39
      36
      21
      27
      32
      34
      48
      33
      36
      21
      29
      31
      32
      43
      28
      42
      38
      40
      38
      18
      29
      31
      31
      26
      28
      27
      24
      33
      26
      27
      30
      31
      28
      35
      33
      23
      33
      24
      24
      29
      23
      31
      36
      36
      32
      35
      26
      19
      24
      26
      38
      30
      22
      24
      31
      31
      25
      23
      34
      32
      23
      30
      31
      24
      33
      30
      41
      28
      21
      34
      28
      34
      26
      32
      22
      36
      33
      26
      22
      32
      25
      27
      32
      27
      33
      29
      27
      37
      27
      32
      32
      28
      41
      28
      36
      29
      25
      25
      31
      26
      23
      20
      30
      31
      30
      27
      15
      29
      23
      35
      20
      29
      27
      34
      34
      21
      31
      25
      23
      40
      33
      35
      24
      28
      21
      17
      27
      17
      27
      28
      27
      26
      26
      24
      28
      18
      36
      24
      29
      35
      30
      24
      21
      24
      27
      23
      25
      22
      27
      25
      28
      29
      28
      30
      34
      27
      24
      28
      27
      35
      37
      26
      22
      38
      10
      29
      26
      20
      29
      28
      22
      28
      29
      35
      28
      17
      27
      27
      27
      28
      22
      29
      39
      16
      22
      25
      20
      24
      20
      22
      31
      26
      23
      28
      38
      16
      25
      24
      28
      24
      27
      26
      28
      33
      21
      24
      25
      23
      24
      17
      20
      21
      27
      23
      21
      27
      18
      25
      28
      18
      19
      30
      15
      27
      18
      25
      13
      18
      20
      31
      13
      21
      18
      29
      20
      23
      23
      37
      26
      30
      26
      19
      20
      24
      20
      18
      15
      15
      32
      13
      22
      19
      16
      24
      22
      15
      26
      21
      24
      23
      20
      26
      16
      20
      27
      22
      18
      14
      19
      22
      19
      21
      16
      28
      17
      19
      17
      19
      18
      20
      24
      16
      28
      12
      16
      25
      12
      27
      20
      22
      18
      14
      20
      26
      17
      21
      17
      22
      14
      14
      34
      19
      14
      21
      23
      19
      22
      21
      21
      29
      20
      17
      21
      17
      17
      13
      21
      33
      22
      25
      19
      28
      19
      24
      25
      21
      22
      15
      18
      28
      24
      22
      11
      27
      19
      15
      18
      22
      16
      23
      21
      21
      21
      18
      16
      16
      17
      12
      14
      22
      15
      17
      19
      25
      23
      17
      18
      16
      11
      18
      12
      22
      14
      10
      21
      17
      26
      27
       9
      21
      20
      16
      10
      13
      16
      19
      19
      12
      16
      14
      15
      14
      19
      21
      18
      22
      16
      18
      22
      19
      14
      12
      22
      19
      14
      19
      17
      21
      16
      22
      15
      18
      13
      15
      21
      20
      23
      26
      24
      21
      20
      20
      19
      18
      12
      25
      12
      12
      13
      19
      19
      10
      23
      18
      22
      19
      22
      20
      21
      22
      26
      17
      12
      31
      21
      25
      13
      12
      13
      13
      18
      17
      20
      12
      14
      16
      16
      19
      20
      12
      11
      18
      15
      16
      18
      22
      15
      11
      12
      15
      17
      15
      15
      22
      11
      11
      16
      11
      12
      13
      18
      22
      15
      16
      19
      19
      28
      21
      16
      15
      15
      18
      14
      16
      12
      18
      10
      13
      14
      16
      15
      16
      19
       4
      18
      16
      12
      13
      19
      11
      14
       8
      21
      13
      18
      14
      11
      17
      11
      17
      15
      17
      12
       9
      13
       8
      13
      10
      15
       7
      16
      13
      23
      17
      14
      13
      14
      16
      13
      13
      13
      16
      10
      18
      14
      10
      13
      14
      20
      23
      12
      18
      13
      12
      23
      11
      20
      17
      16
      14
      14
      16
      13
      16
      22
      13
      11
      12
      13
       8
      19
      21
      12
      14
      12
      19
      15
      13
      14
       7
      11
      17
      13
      17
      13
      15
      11
      19
      13
      20
      15
      14
      19
      17
      18
      12
      14
      23
      19
      14
      15
      12
      13
      13
      12
      18
      18
      12
      17
      13
      15
      16
      17
      12
      10
      13
      15
      13
      15
       9
      22
      17
       5
      15
      17
      13
      11
      12
      11
      15
      12
      15
      13
      18
      12
      16
      13
      10
      11
      12
      11
      12
      11
       6
      11
      11
      15
      10
      15
      16
      12
      23
      10
      13
      18
      12
      16
      12
      19
       8
      11
      11
      14
      15
      11
      18
      12
      12
      13
      14
      11
      11
      15
       9
      19
      15
      13
      20
       6
       9
      14
      10
      16
      11
      19
      13
      16
       7
      20
      13
      13
      15
      10
      16
      14
      10
      15
      11
      12
      13
      13
      17
      15
      12
      10
      11
      12
      15
      16
      15
      12
      14
      11
      13
      10
      20
      14
      13
      10
      14
       9
      15
       8
      13
      12
       8
      10
      11
      15
      11
      10
      10
       7
      16
      17
      13
      14
      16
      11
       9
       9
      17
      11
      10
      16
       8
      15
      13
       9
      10
      14
      14
       7
      17
      15
      14
      11
      11
      16
      15
       7
      14
      13
      20
      16
      21
       9
      12
      11
      10
      12
       7
      14
       5
      16
      11
      17
      10
       6
      12
      10
      16
      11
      10
       9
      14
      10
      11
      13
      10
      12
       8
      13
      19
      13
      14
      16
      12
      12
      12
      10
      12
      18
       8
      13
      11
      16
      15
      14
      13
      13
      14
      10
      15
      11
      10
      13
      10
      20
      15
      15
      18
      14
      21
      11
       7
      11
      13
      12
      11
      14
      15
      13
      12
      20
      15
      12
       9
      11
      13
      14
      14
      12
      10
      18
      12
      10
      14
       8
      12
      10
      20
      17
      11
      11
      13
      14
      18
      11
      14
      11
      15
      13
      20
      17
      12
      13
      10
      20
      20
      12
       8
       9
       5
      11
      14
      14
      12
      15
       7
      11
       4
      11
      14
      16
      14
       9
      17
      12
      15
      10
      14
      10
      17
      12
      12
      12
      13
      14
      12
       8
       7
       7
      12
      10
      12
      11
      12
      12
       7
      15
       9
      19
      16
      10
      10
       9
      13
      13
      14
      20
      14
      13
      22
      10
      11
      12
       6
      11
      14
      11
      10
      12
       9
      13
      14
      13
       9
      16
      13
      17
      16
      11
       6
      16
       7
      15
      19
      13
      10
       8
       3
       9
      11
      12
      20
      21
      18
      11
      15
      12
      24
      11
      10
       9
      14
      11
      12
      12
      14
      16
      10
      18
      14
      12
      12
      17
      10
      15
       7
      16
      14
      10
      13
      14
      14
      17
      10
       9
      13
      11
      16
      12
      10
       9
      18
      20
      15
      11
      10
      17
      16
      14
      16
      12
       9
      13
      16
      11
      10
       7
      13
       8
      21
      11
      15
      12
      10
      17
      11
      15
      10
       6
      16
      11
       9
      11
      15
      10
      17
      15
      13
      17
      17
      12
      13
      16
      15
       8
      13
      16
      10
       8
      15
      12
      14
      15
      16
       9
      11
      14
      15
      18
       8
       9
      10
       9
      14
       7
      14
      10
      13
      10
       8
       7
      15
      12
      10
      11
      13
       7
      11
      13
      15
      10
      16
      19
       9
      12
      11
       8
      14
      10
      18
      12
      16
       8
      11
      12
      12
      11
       7
      16
      11
      18
      11
      11
      10
      15
      14
      11
      17
      11
      12
       4
      11
      15
       8
      18
      10
      18
      14
      14
      18
      13
       8
       8
      10
      13
      14
      10
      15
      10
       9
      14
      11
       9
      13
      16
      19
      15
      14
      16
      16
      19
      13
      14
      16
      13
      11
      24
      12
      14
       9
       8
       9
       9
      16
      10
      14
      11
      10
      15
      13
       9
      13
      15
       7
      15
      14
       9
      18
      11
      20
      16
       9
      10
      16
       8
       9
      16
      21
       9
      12
      19
       8
       9
       7
      13
      13
      11
      17
      15
      12
      14
      12
       9
      10
      21
      15
      13
      20
      15
      10
      15
      11
      13
       7
      12
      12
       9
      13
      16
      11
      14
      13
      11
      14
      11
      12
       8
      13
       8
      21
       7
      10
      15
      14
      11
      11
       6
      15
      12
      13
      16
      12
      11
      11
      11
      21
      14
      14
      16
      12
      10
      15
      17
      16
      11
      17
      16
      10
      16
      11
      12
      12
       8
      14
      12
      18
      16
      14
      14
      13
      13
      13
      14
      11
      12
       5
      16
      15
      12
       9
       8
      13
      13
      11
      14
      22
       6
       8
       9
      14
      15
       9
      14
       8
      14
      10
      14
       8
      14
       9
      10
      12
      11
      19
      11
      14
      22
      12
      16
      13
      14
      14
      10
      12
      18
      18
      21
      11
      16
      14
      14
      17
      19
      10
       9
      19
      13
      10
      11
       9
      10
      18
      16
      14
       8
      12
      16
      15
      18
      11
      19
      14
      16
      16
      20
      18
      15
      22
      10
       9
      10
      16
      13
      12
      16
      11
      19
      20
      11
      14
      11
      16
      11
      18
      18
      19
      23
      12
      16
      14
       8
      17
       6
      10
      15
      15
       9
      18
      13
      16
      15
      10
      13
      17
      15
      18
      16
      13
      15
      20
      14
      14
      11
      20
      12
      15
      17
      19
      13
      17
      17
      15
      16
      15
      21
      14
      15
      12
      19
      21
       9
      18
      12
      17
      14
      11
      22
      15
      14
      14
       9
      13
      21
      24
      18
      15
      12
      14
      18
      14
      25
      14
      17
      14
      11
      14
      21
      11
      13
      16
      18
      15
      13
      13
      17
      18
      18
      12
      14
      14
      18
      19
      29
      19
      27
      18
      15
      23
      22
      25
      24
      17
      15
      13
      21
      22
      23
      19
      14
      19
      19
      25
      20
      17
      20
      26
      35
      29
      30
      23
      32
      30
      36
      34
      40
      56
      41
      64
      71
      80
     103
      97
     114
     160
     152
     200
     192
     257
     281
     376
     420
     538
     607
     744
     847
    1046
    1251
    1507
    1739
    1929
    2286
    2607
    2845
    3155
    3523
    3828
    3975
    4014
    4260
    4182
    4220
    3956
    3861
    3638
    3286
    3006
    2672
    2283
    1983
    1601
    1346
    1098
     889
     641
     486
     402
     333
     217
     161
     124
     102
      68
      39
      37
      46
      27
      23
      23
      23
      21
      19
      25
      18
      12
      17
      18
      22
      19
      15
       9
      10
      18
      20
       6
      17
      12
       9
      18
      12
      15
       9
      18
      19
      12
      15
      18
      11
      10
      14
      11
      18
       8
       8
      12
      10
      15
      19
      10
      12
      13
      10
       9
      11
       6
      11
      11
      12
       9
      13
      16
      12
      12
      12
      11
      14
      10
      16
      15
      15
      23
      13
      13
      11
      14
       6
       6
       7
       8
      16
       8
      13
      13
      12
       5
      10
       5
      16
      13
      20
      13
      10
       7
      11
       7
       8
      15
      10
      15
      13
       9
       9
       7
      13
      12
      14
       9
       9
       8
      11
      14
       7
      13
      10
       9
       9
      14
      11
      10
       9
      15
      11
      14
      10
      10
       8
      13
       6
       9
       8
       7
      12
      14
       6
       7
      12
       8
      10
      12
      18
      13
       5
       7
      14
      12
       6
       5
       6
       8
       7
      14
      11
      17
       6
      10
       9
       8
      12
       4
      11
      11
      11
       3
       9
       7
       5
      14
       9
       9
       6
      13
       9
      12
       6
      14
       9
      11
       9
       7
      10
       6
       4
      12
      10
      11
      10
       6
       7
      13
      13
       7
       7
       7
       9
       4
      10
      10
       8
       3
      15
       8
       7
       7
       8
       7
      10
       2
      11
       7
      10
      11
      12
      15
       8
      11
      13
       5
      13
      15
       8
       3
       5
       8
      10
       7
       7
       9
       6
       7
       9
       7
       4
       8
       6
       6
       5
       6
       4
       6
       8
       8
       6
       8
       9
       7
      12
       8
       6
       9
       5
       7
      11
      17
      11
       6
       9
       3
      10
       6
       8
      11
       6
      12
       4
      11
       8
       6
       3
      10
       9
       5
       3
      10
       9
       7
       8
       8
      11
      11
       9
       6
       9
       7
       9
       9
       8
      10
       6
       6
       7
      12
       6
       4
       8
      13
       4
       1
      11
       6
       3
      10
       5
       8
       9
       4
       8
      14
       8
       6
       6
       7
       5
       6
      11
      12
       4
       9
       9
       5
      12
       7
       7
      10
       5
       7
      10
       9
       5
       7
       8
      10
      10
       6
       5
      10
       6
      10
       6
       6
       7
       4
       5
      12
       8
       3
       5
       8
       3
       4
       9
       5
       4
       7
       8
       7
       4
       5
       7
       5
       5
       6
       6
       8
       7
       7
      14
       7
       8
       9
       8
       6
       6
       4
       6
      10
       4
       8
       8
       5
      12
       2
       9
       4
       6
       6
       4
       8
       8
       5
       8
       7
      11
       8
       5
       6
      11
      10
       7
      10
       8
       6
       4
       3
       7
       1
       4
      12
       9
       5
       7
       6
       5
       5
       4
       6
       5
       4
       2
       7
       6
       9
       4
       8
       9
       2
       8
       4
       5
       9
       9
      11
       8
       6
       6
       9
       4
       6
       5
       9
       8
       2
       5
       9
      10
       9
       7
       5
       7
       8
       4
       9
       6
       6
       6
       7
       9
       5
       7
       6
      11
      11
       8
       6
      10
      11
       6
       6
       3
       6
       8
       8
       2
       5
       9
       6
       8
       4
      12
       7
       7
       6
       9
       7
       7
      11
       9
       8
       8
       9
       8
       6
       9
       4
       5
       5
       9
      11
       8
       5
       6
      12
       9
       6
      10
       9
       4
      11
       4
       5
       8
       7
       3
       9
       7
       5
       8
       4
       7
       4
       0
       7
       8
       4
       3
       4
       4
       6
       5
       7
       6
       5
       6
       8
       8
       3
       5
       6
       6
       9
       7
       3
       6
       4
       5
       6
       7
       6
      13
       3
       7
       6
       6
       6
      10
       6
      12
       5
       7
       3
       8
       7
       9
       6
       5
       8
       6
       9
      10
       8
       9
       9
       6
       5
       6
       8
      12
       4
      10
      11
       6
      11
       8
       4
       6
       4
      10
       4
       3
       4
       5
       8
       6
       4
       3
       3
       5
       6
       9
       6
       6
       7
       9
      13
       3
       5
       8
       5
       8
       5
       7
      11
       4
       2
       5
       5
       6
       7
       9
       8
       4
       8
       8
       5
       5
       5
       6
       7
       5
      11
       8
       9
       7
       6
      12
      11
       8
       5
       2
       7
       3
       5
       4
       6
       2
       9
       6
       2
       6
       5
       6
       4
       9
       2
       9
       5
       5
       3
       8
       7
       3
      12
       4
       5
      10
      10
       9
       9
       7
       9
       7
       8
       6
       5
       6
       6
       6
       6
       6
       4
       7
      13
       5
      11
       8
       6
       5
       5
       3
       9
       4
      13
       3
      10
       3
       5
       3
       7
       9
       8
       9
       6
       5
       6
       5
       4
       7
       7
       5
       4
       7
       3
       6
       4
       5
       7
       5
      10
      10
       4
       8
       4
       8
      10
       5
       3
       1
       7
       5
       6
       5
       5
       7
       7
       7
       9
       7
       7
       8
       9
       9
       9
       4
       4
       3
       7
       6
       4
       3
       5
       8
       4
       5
       3
       7
       5
       4
       6
       2
      10
       7
       8
       8
       9
       2
       8
       4
       5
       8
       2
       5
       4
       3
       6
       2
       9
       5
       4
       5
       5
       5
       6
       8
       4
       7
       5
       8
       4
       7
       5
       5
      12
       5
       2
       8
      11
       2
       9
       4
       5
       6
       6
       7
       4
       5
       6
       8
      11
       6
       6
       6
       8
       6
       3
       4
       4
       3
       9
       5
       2
       4
       2
       3
      10
      10
       4
       6
       3
       5
       4
       7
       7
      10
       9
      11
       3
       4
       7
       7
       5
       6
       7
       3
      11
      11
       6
       9
       4
       3
       8
       7
       8
       2
       5
       6
       5
       6
       7
       7
       4
      10
       4
      13
       4
       5
       5
       7
       3
       7
       7
       6
       4
       9
       6
       6
       2
       4
       9
       5
       5
       4
       6
       5
       2
       8
       8
       8
       4
       7
       3
       6
       5
       4
       3
       7
       3
       7
       3
       5
       4
       7
       6
       5
       3
       7
       6
       9
       7
       4
       3
       8
       6
       7
       5
       4
       8
       7
      10
       4
       2
       6
       7
       6
       8
       6
       4
       8
       4
       5
       8
       3
       0
       8
       5
      10
       5
       9
       5
       7
       8
       4
       3
       6
       4
       4
       3
       4
       8
       6
       6
       5
       0
      10
       7
       7
       2
       1
       5
       5
       9
       6
       5
       3
       8
       4
       2
       3
       2
       9
       1
       6
       6
      10
      10
       1
       0
       3
       7
       5
       6
       7
       4
      10
       5
       8
       8
       3
       8
       4
       8
       7
       7
       2
       9
       1
      11
       3
       7
       7
       3
       8
       4
       3
       9
       5
       7
       7
       4
       4
       8
       6
       8
       4
      10
       7
       4
       9
       3
       5
       3
       5
       5
       6
       5
       4
       5
       7
       3
       6
       0
       2
       6
       4
       3
       3
       6
       4
       9
       5
       2
       4
       2
       7
       6
       6
       3
       3
       7
       6
       7
       3
       6
       9
       3
       9
       9
       8
       6
       4
       4
       7
       6
       5
       9
       2
       3
       5
       3
       5
       8
       5
       6
       6
       4
       4
       5
       5
       9
       4
       8
      10
       2
       5
       4
       5
       6
       6
       2
       4
       4
       1
       2
      11
       2
       3
       2
       3
       4
       8
       6
       3
       5
       4
       4
       8
       6
       4
       6
       5
       3
       3
       4
       4
       6
       7
       4
       8
       4
       4
       5
       2
       7
       5
       4
       4
       5
       6
       7
       5
       6
       4
      11
       4
       5
       5
      10
       4
       9
       9
      10
       8
       4
       5
       5
       7
       3
       4
       5
       9
       6
       5
       8
       8
       6
       5
       4
      12
       8
       5
       7
       5
       4
       3
       1
       2
       2
       6
       6
       4
       9
       5
       3
       3
       4
       3
       6
      10
       3
       9
       5
       9
       7
       6
       6
       3
       5
       5
       9
       4
       6
       4
       6
       6
       5
       6
       4
       6
       3
       4
       3
       5
       8
       4
       7
       7
       0
       4
       3
       3
       6
       4
       8
       5
       8
      11
       0
       9
       2
       5
       9
       6
       1
      10
       5
       1
      12
       5
       9
       2
       2
       7
       4
       2
       5
       6
       4
       4
       5
       6
       1
       4
       0
       5
       5
       5
      10
       8
      12
       2
       7
       5
       3
       8
       6
       2
       7
       5
       9
       9
       4
       3
       1
       3
       2
       9
       4
       5
       6
      11
       9
       3
       6
       3
       3
       5
       4
       5
       3
       7
       3
       5
       9
       3
       4
       4
       1
       5
       8
       4
       6
       5
       4
       2
       8
       3
       4
       4
       7
       5
       9
       2
       4
       2
       4
       6
       7
       3
       7
       4
       5
       4
       7
       6
       4
       4
       3
       1
      12
      13
       3
       2
       3
       8
       2
       5
       6
       5
       8
       5
       6
       9
       2
       3
       4
       4
       6
       6
       5
       7
       6
       6
       6
       4
       4
       5
       6
       4
       9
       4
       7
       5
       2
       5
       8
       3
       5
       7
       3
       3
       5
       6
      12
       6
       3
       9
       4
       7
       8
       2
       5
       5
       3
       5
       5
       8
       6
       4
       4
       3
       3
       4
       6
       4
       7
       5
       6
       9
       2
       3
       8
       4
       8
       3
       3
       2
       1
       5
       3
       6
       2
       3
       6
       3
       3
       4
       9
       2
       3
       4
       7
       6
       4
       0
      10
       7
       7
       3
       3
       8
       3
       4
      11
       5
       5
       5
       3
       5
       7
       6
       2
       2
       4
       7
       4
       6
       3
       3
       1
       5
       7
       1
       9
       5
       4
       8
       5
       4
       6
       3
       4
       5
       3
       6
       4
       4
       7
       3
       6
       6
       4
       5
       5
       7
      10
       5
       5
       2
       3
       8
       7
       5
       3
       2
       2
       2
       8
       1
       8
       5
      10
       7
       6
       5
       7
       5
       5
       3
       3
       5
       5
       3
       4
       6
       5
       5
       3
       1
       4
       7
       3
       7
       5
       5
       3
       4
       6
       4
       2
       4
       6
       0
       3
       5
       5
       4
       7
       5
       7
       2
       1
       6
       5
      13
       4
       4
       4
      10
       4
       3
       8
       6
       4
       6
       5
       2
       3
       5
       6
       5
       5
       6
       4
       3
       6
       3
       2
       9
       1
       1
       1
       4
       4
       3
       7
       6
       3
       4
       3
       6
       4
       4
       2
       3
       7
       7
       5
       2
       4
       6
       6
       7
       5
       6
       3
       4
       7
       4
       2
       2
       7
       4
       6
       2
       6
       5
       6
       5
       3
       7
       8
       5
       6
       1
       6
       6
       4
       6
       2
       6
       5
       4
       2
       3
       8
       3
       8
       9
       6
       4
       3
       6
       5
       3
       5
       8
       4
       3
       3
       2
       4
       5
       5
       7
       7
       5
       3
       8
       0
       3
       7
       4
       4
       5
       5
       5
       2
       7
       6
       6
       6
       2
       4
      13
       5
       5
       5
       4
       8
       8
       8
       3
       3
       1
      10
       6
       5
       4
       6
       1
       7
       5
       5
       1
       4
       4
       5
       2
      12
       2
       5
      11
       7
       5
       6
       6
       6
       6
       4
       4
       6
       7
       7
       5
       5
       5
       5
       6
       2
       4
       1
       4
       9
       7
       5
       7
       3
       5
       4
      12
       5
       4
       3
       3
       4
       6
       5
       5
       2
       4
       4
       5
       3
       2
       9
       8
       5
       6
       5
       4
       4
       7
       6
       2
       4
       5
       4
       7
       3
       5
       6
       4
       7
       5
       3
       2
       5
       7
       2
       4
       7
       2
       5
      10
       4
       5
       6
       4
       7
       4
       5
       5
      11
       5
      10
       6
       7
       4
       4
       7
       0
       8
       6
       1
       3
       6
       4
       4
       5
       4
       8
       3
       4
       6
       3
       4
       5
       2
       5
       5
       8
       4
      10
       6
       3
       3
       5
       3
       3
       8
       3
       4
       6
       6
       3
       7
       4
       7
       5
       6
       3
       3
       3
       5
       4
       4
       2
       4
       4
       5
       3
       6
       7
       4
       3
       5
       5
       5
       6
       5
       5
       7
      10
       9
       9
      12
       4
       9
       3
       9
       4
      11
       6
       6
      10
       9
      14
      14
      15
      11
      14
      20
      18
      17
      17
      18
      21
      19
      17
      19
      10
       8
      14
       6
      10
       7
       8
       8
       3
       5
       4
       4
       5
       1
      10
      14
       7
       4
       5
       5
       4
       4
       5
       3
       5
       3
       4
       4
       6
       2
       5
       2
       7
       1
       7
       4
       1
       4
       7
       3
       4
       2
       5
       4
       4
       6
       2
       3
       3
       1
       6
       5
       6
       5
       7
       5
       6
       5
       3
       7
       7
       6
       7
       5
       9
       6
      10
       5
       3
       7
       6
       6
       2
       7
       4
       5
       4
       6
       8
       1
       6
       2
       7
       8
      12
       3
       5
       6
       2
       6
       7
       5
       2
       5
       2
       8
       5
       6
       4
       6
       8
       4
       6
       8
       7
       9
       5
       4
       5
       3
       3
       8
       4
       8
       5
       6
       6
       3
       5
       2
       2
       4
       6
       4
       4
       4
       2
       5
       2
       7
       1
       4
       8
       2
       3
       4
       5
       7
       1
       9
       6
       6
       3
       4
       5
       5
       6
       4
       6
       4
       2
       6
       6
       8
       2
       2
       6
       2
       7
       4
       9
       2
       8
       6
       3
       4
       6
       7
       4
       4
       4
       4
       3
       4
       4
       6
       7
       6
       3
       4
       7
       7
       2
       8
       4
       2
       8
       4
       5
       6
       7
       6
       5
       4
       6
       6
       6
       5
       3
       4
       7
       5
       5
       8
       7
       4
       2
       4
       8
       2
       6
       4
       5
       5
       5
       2
       2
       8
       3
       4
       4
       3
       4
       5
       7
       2
       6
       3
       5
       2
       1
       4
       1
       3
       1
       3
       7
       2
       7
       6
       4
       6
       7
       5
       4
       3
       9
       4
       5
       4
       5
       4
       9
       5
       5
       3
       2
       7
       3
       5
       4
       8
       3
       5
       5
       7
      14
       2
       8
       4
       3
       2
       4
       4
       3
       3
       5
       6
       0
       7
       6
       1
       5
       4
       6
       7
       2
       2
       2
       4
       6
       8
       5
       6
       4
       4
       3
       4
       2
       2
       4
       5
       4
       5
       6
       3
       4
       2
       7
       6
       5
       7
       4
       7
       4
       4
       3
       1
       5
       2
       3
       6
       3
       4
       6
       4
       6
       7
       2
       7
       5
       6
       3
       4
       3
       4
       4
       8
       5
       6
       2
       4
       3
       2
       6
       6
       5
       2
       4
       9
       3
       7
       2
       5
       8
       1
       9
       4
       4
       8
       0
       7
       5
       3
       3
       6
       7
       2
       6
       4
       4
       5
       5
       1
       2
       5
       3
       2
       5
       5
      11
       5
       7
       4
       7
       3
       3
       4
       2
       6
       4
       3
       5
       3
       4
       6
       4
       6
       4
       1
       8
       3
       2
       6
       6
       3
       2
       5
       3
       2
       3
       3
       3
       4
       7
       2
       4
       9
       7
       5
       4
       5
       6
       6
       3
       8
       5
       6
       2
       7
       4
       6
       2
       4
       5
       4
       5
       2
       6
       3
       5
       6
       2
       6
       6
       6
       3
       6
      10
       4
       3
       5
       6
       3
       3
       4
       1
       3
       7
       3
       8
       4
       8
       6
       3
       6
       5
       3
       3
       7
       5
       2
       6
       4
      10
       2
       8
       4
       4
       4
       1
       6
       4
       6
       4
       7
       4
       5
       6
       7
       3
       6
       4
       5
       3
       5
       4
       3
       7
       5
       7
       4
       6
       8
       6
       3
       2
       4
       4
       6
       6
       2
       5
       7
       4
       3
       6
       2
       6
       3
       9
       5
       5
       5
       6
       4
       2
       3
       6
       7
       7
       2
       3
       3
       5
       7
       3
       6
       3
       5
       5
       8
       3
       8
       6
       4
       3
       6
       6
       4
       3
       3
       1
       4
       7
       4
       3
       3
       5
       6
       5
       5
       6
       9
       3
       5
       2
       9
       6
       4
       9
       4
       3
       3
       7
       6
       2
       2
       3
       6
       4
       6
       2
       6
       2
       6
       1
       6
       4
       8
       1
       4
       1
       5
       5
       5
       6
       5
       4
       5
       3
       6
       6
       5
       6
       9
       7
       5
       5
       4
       4
       8
       4
       3
       4
      12
      10
       6
       7
       3
       8
       5
       2
       4
       2
       3
       3
       6
       4
       7
       2
       4
       5
       1
       5
       2
       5
      10
       6
       5
       6
       5
       3
       7
       6
       3
       4
       3
       5
       2
       7
       7
       4
       4
       4
       7
       7
       3
       5
       4
       4
       4
       6
       8
       8
       3
       6
       3
       7
       5
       3
       5
       2
       3
       2
       1
       3
       3
       2
       4
       5
       3
       5
       7
       3
       4
       6
       9
      10
       6
       5
       3
       2
       8
       6
       2
       0
       3
      13
       2
       6
       4
       5
       4
       4
       0
       2
       5
       5
       3
       7
       6
       3
       6
       3
       0
       4
       8
       9
       2
       9
       4
       6
       6
       5
       4
       4
       4
       4
       5
       7
       7
       7
       5
       2
       1
       4
       7
       2
       7
       4
       7
       4
       4
       3
       5
       5
       3
       1
       6
       5
       4
       0
       5
       5
       7
       2
       6
       8
       3
       4
       5
       6
       3
       8
       2
       9
       5
       1
       3
       5
       1
       3
       5
       5
       5
       3
       4
       5
       5
       6
       4
       5
       6
       4
       5
       5
       9
       5
       5
       5
       3
       3
       4
       4
       6
       8
       3
       2
       6
       5
       5
       4
       5
       7
       6
       4
       8
       3
       4
       8
       7
       5
       2
      10
       4
       6
       8
       7
       2
       6
       3
       7
       1
       2
       5
       4
       8
       3
       7
       3
       6
       8
       1
       3
      11
       3
       3
       7
       5
       3
       4
       7
       3
       9
       3
       5
       9
       5
       3
       4
       6
       0
       4
       1
       8
       5
       9
       1
       6
       2
       4
       3
       5
       3
       5
       3
       4
       4
       5
       3
       2
       2
       9
       4
       7
       4
       1
       7
       7
       6
       8
       6
       2
       4
       3
       4
       4
       5
       4
       7
       4
       8
       4
      12
       4
       5
       1
       1
       4
       5
       4
       4
       6
       6
       8
       3
       2
       7
       2
       4
       7
       7
       3
       7
       6
       8
       5
       7
       4
       3
       7
       2
       4
       5
       7
       2
       5
      10
       8
       7
       3
       7
       4
       3
       6
       8
       5
       3
       4
       6
       6
       7
       1
       6
       4
       6
       2
       3
       8
       4
       6
       5
       0
       3
       2
       7
       5
       6
       6
       5
       5
       5
       3
       2
       8
       3
       7
       7
       6
       2
       9
       5
       6
       6
       5
       5
       5
      10
       5
       5
       6
       6
       9
       6
       3
       1
       5
       2
       3
       5
       3
       5
       1
       3
       5
       8
       6
       5
       4
       7
       6
       5
       4
       7
       6
       3
       6
       8
       7
       6
       6
       3
       4
       5
       2
       6
       5
       6
       5
      10
       7
       9
       3
       6
       7
       7
       9
       9
       6
       5
       7
       4
       5
       3
       6
       2
       2
       3
       4
       6
       3
       3
       2
       4
       2
       5
       3
       3
       6
       3
       4
       7
       3
       5
       6
       5
      12
       6
       5
       6
       2
       7
       7
      10
       7
       5
       4
       7
       4
       3
       5
       6
       5
       5
       4
       5
       2
       3
       7
       9
       4
       4
       2
       5
       1
       6
       6
       4
       5
       6
       5
       2
       5
       6
       6
       9
       4
       1
       2
       2
       8
       4
       3
       3
       8
       9
       4
       9
       6
       3
       0
       2
       7
       3
       5
       1
       1
       5
       1
       5
       5
       4
       2
       4
       4
       3
       7
       5
       7
       4
       6
       3
       6
       2
       3
       2
       3
       3
       3
       4
       4
       3
       4
       5
       8
       7
       5
       8
       2
       7
       3
       8
       5
       1
       6
       4
       4
       5
       2
       6
       3
       8
       5
       4
       3
       7
       2
       3
       5
       3
       3
       5
       4
       3
       6
       1
       4
       3
       0
       7
       5
       5
       5
       6
       3
       4
       2
       0
       3
       4
       5
       4
       6
       4
       2
       5
       5
       2
       6
       4
       3
       4
       1
       3
       4
       5
       3
       3
       1
       3
       0
       2
       3
       4
       6
       2
       3
       4
       7
       3
       8
       4
       1
       4
       1
       5
       4
       4
       5
       3
       4
       6
       7
       5
       2
       5
       2
       2
       4
       1
       4
       2
       2
       5
       5
       4
       1
       3
       3
       3
       2
       6
       2
       6
       1
       6
       9
       6
       1
       4
       4
       2
       4
       3
       3
       2
       6
       5
       4
       1
       5
       3
       2
       2
       2
       3
       4
       5
       6
       7
       6
       7
       7
       5
       6
       8
       3
       3
       3
       4
       5
       8
       5
       3
       4
       3
       4
       4
       8
       2
       4
       6
       9
       4
       3
       3
       4
       6
       4
       7
       3
       7
       2
       5
       5
       2
       6
       6
       4
       6
       2
       4
       8
       4
       4
       3
       3
       5
       5
       3
       6
       8
       4
       6
       4
       5
       1
       2
       6
       6
       5
       5
       2
       5
       4
       7
       6
       6
       7
       5
       2
       4
       2
       1
       2
       3
       1
       5
       5
       6
       5
       3
       4
       3
       3
       4
       7
       1
       4
       2
       6
       3
       2
       2
       5
       3
       6
       4
       1
       5
      11
       2
       7
       8
       6
       1
       7
      10
       2
       3
       1
       4
       3
       7
       4
       1
       4
       3
      10
       5
       2
       1
       3
       3
       9
       5
       0
       3
       2
       3
       7
       5
       6
       1
       5
       4
       3
       9
       5
       6
       7
       4
       2
       3
       6
       1
       3
       4
       3
       1
       4
       2
      10
       5
       4
       1
       2
      12
       6
       5
       5
       5
       5
       4
       3
       3
       2
       5
       4
       4
       5
       5
       5
       4
       3
       4
       5
       2
       4
       2
       4
       2
       6
       1
       4
       3
       3
       5
       4
       3
       5
       2
       5
       4
       8
       3
       5
       5
       4
       4
       5
       4
       5
       1
       4
       1
       2
       3
       4
       4
       2
       4
       5
       2
       3
       4
       1
       5
       1
       3
       5
       1
       8
       1
       3
       2
       3
       2
       3
       5
       5
       1
       1
       4
       3
       6
       2
       4
       2
       0
       0
       0
       0
       0
       0
       0
       0
       0
       0
       0
       0
       0
       0
       0
       0
       0
       0
       0
       0
       0
       0
       0
       0
       0
       0
       0
       0
       0
       0
       0
       0
       0
       0
       0
       0
       0
       0
       0
       0
       0
       0
       0
       0
       0
       0
       0
       0
       0
       0
       0
       0
       0
       0
       0
       0
       0
       0
       0
       0
       0
       0
       0
       0
       0
       0
       0
       0
       0
       0
       0
       0
       0
       0
       0
       0
       0
       0
       0
       0
       0
       0
       0
       0
       0
       0
       0
       0
       0
       0
       0
       0
       0
       0
       0
       0
       0
       0
       0
       0
       0
       0
       0
       0
       0
       0
       0
       0
       0
       0
       0
       0
       0
       0
       0
       0
       0
       0
       0
       0
       0
       0
       0
       0
       0
       0
       0
       0
       0
       0
       0
       0
       0
       0
       0
       0
       0
       0
       0
       0
       0
       0
       0
       0
       0
       0
       0
       0
       0
       0
       0
       0
       0
       0
       0
       0
       0
       0
       0
       0
       0
       0
       0
       0
       0
       0
       0
       0
       0
       0
       0
       0
       0
       0
       0
       0
       0
       0
       0
       0
       0
       0
       0
       0
       0
       0
       0
       0
       0
       0
       0
       0
       0
       0
       0
       0
       0
       0
       0
       0
       0
       0
       0
       0
       0
       0
       0
       0
       0
       0
       0
       0
       0
       0
       0
       0
       0
       0
       0
       0
       0
       0
       0
       0
       0
       0
       0
       0
       0
       0
       0
       0
       0
       0
       0
       0
       0
       0
       0
       0
       0
       0
       0
       0
       0
       0
       0
       0
       0
       0
       0
       0
       0
       0
       0
       0
$ROI:
2
4852 5354
12587 12888
$PRESETS:
Live Time
10800
0
$ENER_FIT:
0.358687 0.099971
$MCA_CAL:
3
3.586871E-001 9.997089E-002 0.000000E+000 keV
$SHAPE_CAL:
3
3.638087E+001 -1.552510E-003 0.000000E+000
