$SPEC_ID:
JKL Model 927 SN 17053844 Input 1 HEC-Cr-HEC-Cr-T30-D100-HPGe1-2
$SPEC_REM:
DET# 2
DETDESC# BULK Model 927 SN 17053844 Input 1
AP# Maestro Version 6.08
$DATE_MEA:
05/11/2026 11:03:00
$MEAS_TIM:
251 355
$DATA:
0 16383
       0
       0
       0
       0
       0
       0
       0
       0
       0
       0
       0
       0
       0
       0
       0
       0
       0
       0
       0
       0
       0
       0
       0
       0
       0
       0
       0
       0
       0
       0
       0
       0
       0
       0
       0
       0
       0
       0
       0
       0
       0
       0
       0
       0
       0
       0
       0
       0
       0
       0
       0
       0
       0
       0
       0
       0
       0
       0
       0
       0
       0
       0
       0
       0
       0
       0
       0
       0
       0
       0
       0
       0
       0
       0
       0
       0
       0
       0
       0
       0
       0
       0
       0
       0
       0
       0
       0
       0
       0
       0
       0
       0
       0
       0
       0
       0
       0
       0
       0
       0
       0
       0
       0
       0
       0
       0
       0
       0
       0
       0
       0
       0
       0
       0
       0
       0
      24
     210
     529
     569
     554
     522
     530
     474
     523
     500
     451
     448
     464
     483
     462
     440
     460
     480
     477
     495
     465
     469
     442
     463
     451
     427
     468
     486
     446
     432
     433
     458
     483
     451
     476
     441
     443
     431
     468
     495
     471
     457
     434
     474
     438
     424
     425
     425
     455
     449
     448
     463
     457
     428
     475
     417
     409
     451
     389
     434
     413
     422
     423
     453
     440
     433
     422
     432
     418
     476
     408
     428
     419
     400
     412
     413
     408
     425
     411
     406
     405
     422
     426
     388
     444
     395
     427
     402
     417
     410
     400
     402
     410
     389
     412
     414
     442
     400
     406
     404
     397
     440
     423
     407
     393
     433
     408
     385
     409
     426
     375
     387
     405
     392
     361
     381
     396
     382
     392
     395
     389
     385
     419
     390
     380
     336
     401
     415
     385
     374
     385
     388
     374
     370
     421
     370
     413
     386
     372
     369
     387
     369
     390
     388
     389
     391
     400
     407
     390
     404
     360
     370
     363
     382
     340
     319
     359
     355
     374
     371
     360
     388
     351
     384
     335
     362
     370
     348
     347
     347
     351
     406
     381
     369
     352
     377
     391
     373
     382
     398
     359
     381
     368
     382
     347
     367
     402
     347
     355
     358
     379
     373
     383
     361
     406
     359
     327
     330
     352
     367
     368
     379
     344
     367
     380
     352
     350
     359
     351
     363
     356
     345
     364
     399
     357
     354
     326
     375
     351
     387
     362
     349
     326
     357
     379
     373
     341
     341
     361
     338
     338
     372
     335
     341
     354
     335
     392
     343
     346
     336
     389
     367
     324
     325
     355
     335
     351
     359
     321
     348
     372
     325
     354
     353
     353
     346
     306
     369
     319
     376
     344
     338
     329
     336
     356
     351
     355
     340
     341
     371
     325
     350
     338
     335
     342
     316
     354
     373
     327
     341
     333
     323
     407
     320
     346
     325
     358
     350
     384
     332
     352
     311
     296
     329
     345
     345
     321
     361
     324
     333
     329
     331
     319
     339
     324
     311
     335
     348
     346
     336
     352
     330
     344
     333
     341
     321
     315
     385
     333
     326
     339
     336
     354
     342
     354
     314
     335
     334
     332
     328
     333
     330
     358
     351
     329
     293
     302
     346
     324
     326
     343
     351
     357
     333
     323
     300
     327
     350
     335
     342
     348
     322
     334
     337
     322
     319
     315
     314
     346
     320
     345
     338
     336
     308
     324
     348
     320
     308
     357
     330
     328
     324
     316
     314
     320
     351
     331
     359
     335
     324
     319
     344
     354
     314
     366
     342
     303
     305
     324
     358
     297
     305
     314
     346
     347
     315
     315
     334
     329
     359
     314
     337
     355
     316
     313
     328
     320
     299
     337
     329
     355
     310
     324
     309
     326
     310
     357
     301
     331
     325
     336
     311
     318
     336
     332
     330
     327
     342
     331
     304
     347
     330
     315
     302
     319
     316
     325
     329
     340
     336
     326
     306
     339
     323
     323
     326
     324
     337
     327
     329
     325
     291
     348
     331
     341
     350
     301
     343
     304
     312
     342
     314
     337
     305
     329
     292
     295
     332
     294
     313
     321
     330
     325
     301
     322
     328
     328
     310
     325
     280
     314
     294
     301
     285
     319
     308
     306
     314
     344
     330
     286
     323
     336
     285
     310
     337
     335
     322
     328
     329
     306
     307
     356
     329
     281
     342
     309
     322
     342
     337
     295
     351
     327
     312
     329
     287
     305
     305
     344
     326
     313
     328
     332
     309
     306
     345
     329
     315
     329
     310
     296
     354
     309
     356
     328
     341
     302
     329
     330
     278
     345
     311
     323
     310
     316
     336
     316
     314
     329
     313
     341
     358
     313
     326
     331
     326
     281
     329
     302
     307
     350
     342
     301
     317
     309
     332
     330
     317
     308
     333
     317
     335
     344
     319
     314
     328
     336
     298
     320
     288
     350
     315
     304
     315
     321
     332
     354
     305
     328
     313
     304
     326
     319
     305
     321
     329
     326
     336
     355
     358
     325
     356
     327
     329
     338
     355
     327
     334
     353
     325
     331
     321
     338
     313
     320
     325
     330
     325
     308
     315
     336
     359
     345
     380
     377
     340
     389
     401
     384
     396
     381
     344
     331
     318
     330
     301
     333
     325
     305
     338
     339
     324
     334
     314
     305
     297
     306
     305
     329
     323
     321
     331
     295
     288
     319
     350
     325
     294
     315
     319
     330
     324
     300
     322
     343
     345
     299
     311
     310
     312
     306
     299
     320
     350
     314
     297
     306
     306
     277
     291
     324
     324
     348
     314
     332
     312
     357
     313
     306
     330
     314
     333
     339
     342
     284
     306
     306
     304
     312
     300
     309
     277
     348
     334
     343
     324
     320
     317
     313
     306
     300
     316
     300
     300
     300
     311
     315
     321
     331
     313
     336
     299
     339
     310
     292
     347
     329
     348
     366
     313
     292
     276
     321
     325
     297
     331
     322
     346
     311
     294
     309
     329
     317
     313
     320
     328
     318
     345
     330
     283
     317
     297
     316
     309
     305
     322
     307
     341
     312
     290
     346
     338
     309
     315
     329
     332
     341
     297
     347
     335
     325
     308
     305
     315
     316
     318
     294
     314
     285
     303
     297
     329
     285
     299
     330
     301
     305
     311
     335
     307
     337
     322
     330
     311
     331
     321
     306
     314
     326
     310
     332
     317
     349
     310
     291
     291
     326
     305
     335
     303
     313
     303
     293
     308
     310
     295
     342
     331
     319
     341
     317
     316
     305
     336
     322
     316
     309
     327
     299
     307
     316
     309
     319
     328
     300
     320
     282
     278
     283
     305
     328
     303
     336
     299
     294
     302
     315
     301
     308
     299
     304
     320
     303
     285
     342
     328
     331
     317
     306
     313
     301
     312
     305
     278
     289
     303
     326
     345
     303
     290
     301
     305
     337
     310
     296
     294
     295
     303
     326
     305
     305
     310
     321
     328
     326
     341
     326
     310
     300
     305
     360
     298
     306
     335
     316
     295
     341
     317
     297
     310
     318
     291
     321
     296
     318
     308
     320
     303
     323
     316
     318
     315
     282
     313
     318
     319
     312
     283
     353
     329
     307
     343
     324
     294
     295
     339
     294
     315
     287
     342
     332
     278
     301
     278
     321
     320
     321
     318
     332
     334
     337
     317
     338
     329
     312
     312
     275
     311
     326
     292
     298
     306
     284
     322
     309
     303
     299
     320
     324
     278
     304
     302
     338
     315
     323
     280
     289
     280
     311
     286
     300
     283
     316
     329
     310
     303
     325
     290
     340
     301
     318
     300
     329
     303
     333
     325
     323
     315
     319
     322
     315
     324
     314
     320
     323
     291
     311
     301
     291
     307
     313
     310
     311
     292
     323
     297
     306
     326
     289
     341
     322
     317
     321
     303
     350
     355
     310
     320
     310
     314
     321
     327
     287
     313
     314
     297
     312
     338
     295
     317
     308
     322
     335
     294
     329
     291
     326
     334
     305
     344
     329
     327
     316
     296
     333
     303
     292
     315
     301
     327
     313
     299
     303
     338
     269
     312
     288
     283
     277
     268
     318
     334
     325
     319
     313
     326
     278
     305
     313
     303
     335
     313
     318
     277
     291
     316
     314
     300
     347
     311
     290
     285
     327
     291
     311
     284
     304
     338
     273
     331
     318
     306
     303
     283
     314
     291
     332
     311
     295
     318
     333
     353
     337
     339
     311
     323
     313
     297
     307
     337
     342
     301
     287
     318
     283
     295
     300
     311
     304
     293
     318
     292
     311
     303
     307
     291
     295
     303
     312
     271
     310
     330
     294
     296
     298
     317
     274
     323
     307
     343
     316
     311
     311
     302
     315
     326
     312
     333
     313
     324
     284
     302
     302
     297
     323
     319
     285
     307
     346
     309
     318
     290
     298
     295
     351
     306
     295
     292
     308
     267
     314
     315
     309
     308
     303
     319
     294
     304
     294
     330
     306
     330
     297
     333
     294
     326
     315
     281
     296
     311
     312
     284
     321
     302
     317
     287
     326
     318
     302
     314
     337
     294
     320
     318
     292
     308
     314
     282
     293
     300
     259
     306
     295
     308
     283
     354
     283
     344
     310
     310
     289
     315
     284
     313
     314
     273
     314
     310
     297
     296
     299
     317
     270
     279
     300
     289
     302
     311
     327
     349
     295
     289
     306
     338
     304
     317
     290
     310
     315
     293
     291
     331
     292
     297
     285
     300
     300
     296
     363
     273
     291
     325
     310
     307
     317
     283
     288
     308
     314
     303
     326
     323
     302
     308
     329
     315
     316
     314
     316
     282
     292
     303
     327
     312
     271
     323
     305
     319
     296
     277
     323
     308
     330
     288
     338
     308
     283
     300
     319
     327
     302
     294
     294
     324
     306
     301
     315
     286
     323
     322
     312
     343
     297
     299
     303
     290
     305
     312
     283
     314
     281
     308
     284
     348
     304
     307
     303
     285
     311
     311
     284
     296
     328
     298
     334
     285
     284
     292
     318
     282
     320
     271
     293
     298
     326
     309
     280
     293
     339
     295
     293
     291
     312
     318
     294
     330
     277
     274
     286
     296
     311
     300
     294
     320
     318
     299
     279
     326
     292
     319
     254
     287
     303
     292
     290
     289
     333
     322
     321
     291
     271
     301
     321
     297
     346
     327
     334
     314
     286
     303
     316
     324
     247
     296
     351
     318
     313
     294
     298
     297
     301
     316
     304
     293
     286
     309
     328
     298
     293
     309
     302
     299
     312
     293
     306
     306
     282
     304
     316
     307
     322
     284
     320
     290
     300
     310
     303
     284
     326
     292
     288
     337
     289
     313
     334
     319
     308
     309
     277
     305
     274
     307
     345
     277
     314
     328
     294
     333
     301
     310
     321
     310
     270
     304
     331
     321
     315
     317
     312
     276
     268
     305
     298
     292
     303
     291
     321
     302
     312
     293
     299
     306
     314
     298
     269
     284
     308
     291
     292
     304
     291
     332
     266
     293
     318
     302
     296
     305
     328
     301
     315
     306
     313
     313
     298
     324
     278
     316
     341
     301
     324
     324
     308
     328
     339
     319
     345
     278
     289
     315
     316
     318
     317
     272
     295
     282
     339
     307
     312
     300
     320
     326
     337
     291
     325
     314
     316
     308
     312
     332
     322
     295
     320
     317
     311
     315
     310
     320
     307
     317
     307
     310
     298
     295
     325
     298
     322
     305
     327
     346
     336
     315
     316
     345
     311
     293
     332
     342
     326
     327
     319
     301
     341
     338
     328
     321
     366
     341
     306
     316
     333
     319
     325
     335
     322
     316
     338
     372
     324
     361
     353
     339
     340
     324
     316
     375
     374
     375
     342
     382
     390
     342
     370
     393
     334
     345
     354
     351
     353
     379
     358
     375
     343
     395
     354
     359
     351
     359
     351
     374
     358
     355
     378
     359
     376
     365
     359
     381
     344
     352
     375
     371
     370
     352
     341
     367
     362
     365
     378
     394
     362
     391
     341
     358
     344
     350
     380
     355
     367
     380
     348
     363
     385
     355
     349
     373
     349
     380
     348
     375
     387
     364
     336
     366
     325
     344
     360
     333
     383
     355
     375
     365
     350
     359
     387
     339
     348
     349
     385
     322
     374
     335
     349
     319
     362
     353
     355
     317
     328
     351
     358
     362
     340
     355
     357
     357
     335
     358
     343
     333
     340
     357
     362
     355
     361
     336
     384
     342
     346
     336
     347
     338
     361
     332
     344
     331
     317
     413
     355
     331
     345
     315
     308
     359
     356
     390
     358
     343
     355
     358
     340
     363
     341
     341
     321
     361
     392
     350
     355
     365
     348
     348
     359
     376
     359
     328
     332
     347
     362
     381
     351
     349
     333
     343
     317
     347
     354
     353
     327
     307
     331
     324
     364
     335
     340
     352
     325
     333
     362
     332
     345
     357
     306
     317
     345
     336
     331
     326
     361
     347
     366
     344
     341
     321
     328
     323
     348
     360
     354
     360
     342
     325
     347
     354
     335
     319
     334
     324
     351
     324
     328
     358
     363
     320
     344
     340
     349
     321
     385
     335
     347
     325
     323
     356
     330
     318
     359
     284
     356
     323
     331
     328
     311
     366
     345
     335
     298
     316
     300
     340
     319
     326
     322
     329
     319
     349
     362
     329
     365
     326
     319
     344
     300
     322
     335
     329
     326
     319
     352
     317
     320
     337
     289
     327
     334
     336
     323
     338
     329
     321
     298
     299
     314
     320
     321
     318
     319
     330
     321
     341
     336
     334
     327
     335
     321
     338
     321
     283
     330
     313
     312
     323
     317
     324
     335
     339
     343
     332
     357
     298
     362
     331
     318
     336
     294
     320
     327
     323
     344
     310
     305
     321
     351
     367
     287
     318
     330
     314
     326
     283
     319
     341
     307
     313
     309
     302
     300
     304
     334
     311
     316
     335
     292
     320
     330
     285
     329
     315
     351
     291
     303
     349
     318
     351
     300
     296
     319
     326
     357
     335
     284
     317
     290
     318
     337
     301
     336
     301
     324
     298
     337
     319
     316
     277
     322
     305
     282
     344
     325
     297
     346
     365
     302
     296
     295
     330
     332
     330
     359
     293
     303
     341
     342
     314
     306
     293
     346
     303
     285
     320
     319
     330
     323
     328
     326
     302
     348
     288
     298
     303
     338
     290
     292
     315
     315
     311
     303
     342
     284
     322
     349
     333
     318
     335
     336
     307
     331
     329
     299
     326
     314
     345
     307
     326
     313
     300
     332
     323
     295
     319
     317
     336
     340
     317
     325
     330
     295
     330
     313
     324
     323
     330
     349
     342
     315
     316
     323
     315
     325
     318
     353
     323
     351
     329
     319
     318
     327
     312
     336
     311
     336
     332
     306
     337
     324
     305
     308
     308
     326
     341
     317
     305
     333
     303
     294
     351
     313
     301
     299
     290
     305
     309
     299
     304
     299
     359
     301
     297
     316
     305
     317
     287
     322
     307
     328
     295
     293
     307
     304
     281
     312
     291
     346
     279
     301
     326
     309
     323
     336
     291
     274
     336
     295
     350
     308
     332
     327
     303
     325
     274
     316
     284
     318
     292
     343
     308
     298
     318
     319
     306
     296
     314
     321
     282
     288
     305
     309
     348
     282
     307
     316
     329
     321
     316
     298
     332
     320
     289
     258
     301
     302
     339
     302
     318
     338
     309
     315
     317
     290
     314
     303
     301
     351
     294
     305
     311
     281
     327
     303
     303
     336
     321
     290
     317
     297
     280
     300
     315
     301
     321
     303
     319
     300
     285
     318
     297
     279
     330
     331
     305
     301
     299
     295
     270
     314
     307
     289
     277
     285
     305
     310
     310
     299
     316
     318
     306
     337
     314
     253
     287
     296
     327
     330
     310
     293
     303
     315
     304
     316
     324
     268
     296
     332
     331
     344
     302
     280
     299
     287
     325
     289
     332
     318
     300
     327
     292
     306
     307
     291
     310
     317
     283
     278
     282
     323
     308
     305
     295
     303
     302
     314
     305
     272
     300
     309
     310
     290
     317
     292
     330
     318
     321
     289
     290
     301
     287
     327
     326
     277
     308
     296
     276
     304
     310
     311
     274
     281
     338
     281
     298
     291
     279
     309
     309
     329
     311
     291
     309
     299
     300
     304
     304
     267
     311
     310
     292
     299
     288
     327
     322
     304
     320
     308
     315
     290
     283
     327
     291
     273
     260
     286
     288
     320
     297
     312
     303
     287
     302
     283
     275
     296
     317
     264
     322
     309
     294
     301
     272
     265
     298
     320
     310
     274
     273
     273
     285
     298
     291
     279
     248
     293
     301
     285
     294
     301
     290
     302
     316
     292
     275
     304
     305
     292
     311
     314
     279
     291
     303
     264
     304
     273
     307
     283
     269
     304
     297
     283
     317
     273
     280
     285
     302
     284
     299
     294
     286
     265
     268
     281
     304
     262
     327
     295
     307
     292
     296
     267
     265
     299
     263
     282
     281
     296
     289
     298
     283
     294
     284
     298
     299
     278
     299
     279
     278
     269
     304
     266
     279
     264
     285
     274
     288
     289
     305
     284
     279
     285
     303
     279
     305
     314
     270
     284
     297
     264
     298
     283
     313
     273
     297
     317
     321
     264
     295
     294
     301
     283
     278
     283
     297
     291
     296
     264
     275
     315
     296
     282
     277
     275
     274
     275
     283
     325
     271
     283
     259
     269
     297
     287
     303
     275
     320
     286
     269
     292
     283
     287
     279
     304
     282
     278
     300
     280
     271
     251
     318
     319
     284
     275
     298
     305
     283
     273
     301
     302
     286
     253
     283
     289
     318
     270
     297
     294
     287
     309
     313
     324
     247
     298
     267
     256
     322
     288
     283
     294
     309
     301
     276
     304
     281
     317
     315
     282
     324
     278
     309
     312
     293
     279
     273
     287
     258
     322
     283
     289
     309
     274
     274
     285
     272
     267
     308
     297
     287
     258
     296
     295
     298
     326
     302
     272
     299
     290
     306
     320
     317
     294
     292
     269
     279
     314
     270
     284
     266
     267
     310
     279
     272
     283
     274
     323
     271
     313
     313
     287
     288
     298
     313
     311
     315
     294
     301
     281
     277
     277
     284
     299
     273
     298
     286
     289
     297
     281
     299
     261
     270
     294
     273
     282
     278
     289
     274
     298
     292
     267
     289
     321
     285
     273
     294
     252
     295
     268
     279
     285
     286
     302
     316
     283
     289
     310
     298
     288
     274
     313
     318
     290
     298
     307
     306
     291
     260
     274
     295
     314
     286
     309
     271
     286
     297
     297
     280
     275
     280
     269
     286
     289
     305
     303
     292
     289
     295
     305
     311
     306
     293
     281
     267
     303
     274
     270
     275
     311
     282
     312
     279
     314
     319
     285
     290
     278
     284
     273
     290
     302
     314
     316
     260
     278
     332
     294
     297
     310
     283
     298
     314
     289
     300
     296
     270
     286
     276
     307
     317
     308
     299
     291
     283
     251
     318
     289
     301
     301
     268
     281
     321
     288
     292
     281
     256
     278
     298
     287
     298
     296
     309
     297
     294
     278
     291
     286
     295
     292
     293
     292
     296
     297
     274
     304
     291
     321
     297
     278
     310
     284
     297
     313
     285
     315
     290
     302
     321
     298
     273
     291
     305
     283
     276
     291
     282
     275
     297
     290
     271
     296
     304
     294
     301
     302
     282
     297
     284
     273
     291
     284
     302
     302
     324
     309
     313
     297
     287
     333
     309
     282
     292
     320
     315
     305
     273
     305
     291
     303
     285
     321
     276
     297
     275
     302
     298
     296
     300
     321
     333
     302
     294
     296
     312
     286
     281
     311
     311
     292
     306
     282
     319
     313
     303
     314
     345
     299
     296
     327
     319
     306
     301
     278
     283
     313
     282
     322
     278
     319
     290
     285
     275
     294
     338
     317
     316
     299
     299
     300
     311
     296
     311
     310
     296
     299
     330
     334
     291
     282
     278
     318
     343
     311
     314
     328
     279
     312
     302
     290
     300
     329
     334
     299
     306
     288
     297
     323
     307
     323
     306
     317
     304
     300
     324
     309
     296
     331
     334
     292
     325
     330
     306
     337
     305
     311
     290
     305
     282
     329
     334
     353
     271
     356
     309
     311
     292
     312
     325
     327
     304
     289
     329
     325
     309
     307
     313
     339
     303
     315
     310
     334
     339
     315
     313
     297
     290
     308
     304
     335
     313
     315
     331
     304
     298
     266
     321
     310
     330
     293
     325
     310
     321
     320
     313
     323
     326
     326
     327
     329
     306
     316
     352
     361
     337
     318
     347
     315
     340
     292
     306
     328
     340
     312
     310
     318
     348
     329
     336
     360
     327
     336
     317
     359
     337
     327
     312
     331
     310
     346
     301
     316
     311
     351
     336
     331
     326
     316
     340
     344
     340
     332
     318
     336
     345
     297
     334
     342
     320
     328
     315
     331
     348
     343
     348
     297
     311
     324
     341
     322
     317
     341
     323
     352
     346
     341
     305
     352
     309
     337
     346
     335
     322
     375
     324
     341
     359
     330
     374
     333
     341
     320
     317
     329
     328
     285
     301
     315
     321
     330
     339
     334
     361
     346
     308
     344
     378
     305
     332
     336
     331
     321
     393
     349
     343
     346
     342
     361
     344
     334
     356
     369
     327
     352
     333
     341
     333
     354
     365
     362
     342
     328
     361
     357
     357
     356
     381
     343
     329
     321
     352
     332
     320
     367
     353
     387
     326
     379
     357
     354
     351
     355
     356
     340
     390
     354
     362
     362
     368
     331
     354
     362
     341
     362
     376
     354
     358
     320
     349
     352
     379
     327
     347
     371
     371
     347
     335
     375
     371
     357
     341
     365
     346
     383
     375
     392
     369
     376
     349
     374
     393
     356
     387
     364
     344
     381
     379
     356
     346
     339
     391
     352
     368
     376
     361
     383
     390
     349
     361
     388
     390
     371
     361
     348
     367
     397
     364
     363
     347
     393
     383
     374
     361
     348
     379
     356
     377
     393
     374
     378
     358
     371
     355
     381
     349
     409
     387
     367
     408
     387
     367
     390
     349
     409
     386
     349
     378
     350
     360
     384
     388
     376
     378
     391
     362
     384
     349
     427
     368
     373
     399
     370
     374
     395
     369
     424
     365
     379
     404
     367
     417
     382
     381
     398
     388
     374
     368
     397
     404
     333
     417
     379
     403
     364
     357
     399
     372
     389
     365
     380
     376
     375
     371
     410
     423
     383
     376
     359
     379
     390
     399
     373
     424
     376
     411
     357
     367
     346
     381
     326
     368
     403
     375
     363
     354
     382
     387
     385
     379
     407
     409
     374
     390
     373
     373
     366
     378
     383
     414
     407
     384
     379
     395
     396
     377
     387
     374
     364
     315
     388
     386
     364
     402
     410
     361
     368
     375
     355
     362
     380
     357
     360
     363
     336
     360
     390
     377
     357
     362
     357
     408
     355
     345
     347
     351
     366
     382
     375
     365
     349
     326
     326
     362
     340
     340
     347
     359
     367
     338
     349
     339
     351
     332
     339
     317
     323
     318
     307
     318
     312
     310
     333
     299
     301
     330
     321
     315
     275
     316
     314
     255
     276
     276
     281
     287
     305
     294
     283
     282
     268
     273
     290
     257
     301
     307
     265
     258
     266
     263
     295
     271
     251
     251
     268
     256
     259
     247
     249
     263
     247
     242
     261
     243
     263
     229
     225
     225
     256
     249
     250
     242
     239
     260
     211
     236
     209
     241
     221
     205
     226
     198
     228
     242
     231
     231
     235
     235
     208
     235
     246
     247
     220
     229
     240
     221
     225
     215
     228
     214
     225
     220
     241
     202
     230
     219
     232
     215
     219
     217
     220
     204
     234
     213
     250
     227
     208
     220
     200
     205
     232
     243
     245
     204
     219
     215
     200
     233
     239
     175
     233
     212
     226
     210
     245
     223
     233
     220
     225
     228
     204
     184
     234
     186
     218
     212
     199
     224
     212
     196
     213
     221
     199
     218
     209
     198
     233
     190
     199
     188
     187
     200
     184
     211
     212
     216
     209
     210
     204
     214
     212
     210
     209
     188
     188
     235
     184
     180
     198
     202
     203
     190
     218
     192
     205
     182
     204
     188
     214
     187
     189
     168
     170
     188
     204
     203
     181
     193
     183
     173
     177
     185
     195
     192
     211
     185
     214
     190
     188
     169
     192
     186
     185
     188
     204
     197
     170
     160
     186
     200
     172
     216
     172
     193
     203
     190
     185
     167
     179
     150
     183
     184
     201
     158
     188
     203
     201
     180
     189
     206
     196
     191
     168
     157
     171
     162
     205
     185
     196
     175
     196
     172
     177
     181
     184
     176
     179
     161
     165
     183
     171
     166
     178
     177
     153
     187
     194
     167
     156
     177
     162
     168
     165
     161
     165
     169
     170
     165
     169
     170
     162
     170
     151
     172
     164
     158
     152
     167
     173
     167
     162
     186
     167
     181
     154
     169
     164
     166
     147
     147
     161
     154
     144
     148
     173
     152
     154
     150
     139
     176
     140
     181
     156
     160
     153
     158
     152
     175
     185
     156
     154
     152
     147
     158
     156
     174
     149
     176
     154
     140
     164
     164
     159
     167
     151
     191
     172
     143
     150
     150
     156
     158
     165
     148
     170
     177
     139
     153
     156
     144
     155
     161
     166
     135
     145
     168
     150
     176
     149
     153
     126
     152
     175
     165
     134
     144
     166
     137
     134
     160
     149
     165
     173
     125
     134
     158
     148
     161
     127
     176
     123
     144
     147
     166
     163
     127
     149
     141
     136
     144
     145
     149
     135
     152
     142
     144
     138
     156
     137
     138
     168
     145
     134
     136
     157
     134
     117
     132
     146
     145
     170
     135
     142
     135
     126
     130
     143
     127
     139
     120
     143
     136
     140
     130
     158
     159
     151
     139
     143
     131
     128
     130
     147
     143
     135
     133
     125
     141
     127
     126
     150
     153
     145
     138
     123
     145
     117
     109
     138
     167
     128
     130
     128
     116
     139
     139
     135
     127
     139
     125
     135
     120
     146
     122
     120
     135
     134
     131
     123
     114
     120
     122
     117
     139
     117
     127
     112
     139
     124
     144
     126
     110
     141
     126
     125
     132
     117
     120
     119
     134
     125
     146
     122
     122
     123
     119
     128
     112
     133
     108
     136
     118
     107
     118
     116
     145
     110
     120
     105
     126
     106
     114
     139
     129
     132
     135
     116
     123
     139
     145
     116
     104
     117
     136
     122
     121
     125
     130
     121
     119
     122
     130
     114
     120
     127
      95
     126
     122
     130
     140
     125
     122
     122
     103
     102
     122
     112
     107
     131
     121
      94
     128
     110
     110
     120
     112
     105
      98
     121
     125
     120
     106
     120
     109
     119
     107
     108
     100
     113
     124
     103
     119
     117
     100
     118
     114
     104
     100
      94
     122
      87
     120
     117
     100
     106
     121
     108
     104
     108
      98
     125
     113
      95
     107
      96
     131
     103
     108
     142
     111
     113
     125
      91
     106
     120
     132
     100
     104
     102
      96
     117
     124
      94
     120
     103
      89
      97
     103
      95
     111
      99
     110
     102
     107
     111
     108
      93
      94
     122
     106
     105
     102
      86
     108
     106
     107
     119
     108
     126
     104
     111
     100
      97
     102
     101
     108
      99
     106
     101
      92
      97
     129
      88
     100
     102
      82
      90
     105
     116
     100
     131
     109
      89
     104
      92
     104
      94
     116
     105
      87
      93
      89
      98
     100
      85
      97
      93
      94
      80
     111
      94
     111
     108
      83
      99
     102
      92
     120
      85
     122
      84
      99
      84
      75
     112
     113
     113
      96
     102
      96
     114
     100
      99
      85
      92
      81
      88
      85
     107
      86
      89
      87
      99
      83
      85
      93
      96
     107
     103
      74
      95
     105
     103
      93
      97
     108
      99
     101
     101
      82
      81
      75
      98
      89
     102
      95
      97
     101
      96
      97
     102
      97
      81
      87
      94
      92
      96
      98
      90
      90
      82
     114
     101
      75
      90
     104
      83
      91
      90
      85
     100
      94
      95
      98
      81
      92
     107
      93
      90
      82
      85
      83
      94
      98
      83
     105
      95
      81
      66
      93
      86
      95
      91
      77
      97
      80
     105
      88
      76
      93
      93
      84
      78
      78
      99
      90
      84
      75
      91
     101
      88
      95
      92
     102
     103
      98
      72
      74
      79
      76
      89
      82
      70
      70
      92
      94
      91
      83
      84
      84
      72
      91
      78
      88
      66
      87
      87
      90
      96
      66
      89
      85
      78
      82
      87
      95
      82
      85
      77
      72
     102
      95
      87
      97
     103
      95
      82
      78
      94
      69
      86
      77
      90
      86
      96
      94
      80
      77
      89
     100
     100
      80
      76
      96
      78
      74
      74
      90
     109
      78
      88
     100
      88
      73
     110
     108
      89
      70
      78
      77
      68
      82
      80
      78
      74
      84
      85
      93
      62
      90
      82
      92
      88
      78
     107
      85
      64
      86
      73
      89
      88
      84
      84
      89
      83
      91
      73
      78
      96
      92
      62
      74
      83
     103
      90
      79
      90
      71
      87
      87
     100
      52
      67
      79
      90
      87
      75
      88
      87
      89
      89
      84
      85
      91
      79
      82
      70
      80
      89
      79
     107
      91
      83
      76
      84
     100
      60
      89
      91
      90
      85
      95
      86
      77
      82
      91
      90
      88
      82
      86
      82
      85
      90
      86
      83
      92
      90
      80
      92
      81
      93
      96
      91
     103
      73
      80
      98
      66
      76
      65
      80
      81
      90
      74
      79
      83
      92
      82
      84
      87
      73
      77
      94
      70
      69
      77
      78
      86
      96
     101
      86
      86
      91
      87
      82
      89
      77
      79
      82
      70
     102
      69
      77
      95
      81
      99
      87
      86
      95
      80
      84
      83
      93
      77
      80
      89
      88
      71
      89
      96
      87
      92
      84
      85
      84
      74
      80
      73
      83
      83
      97
      89
      86
      84
      95
      64
      90
     104
      82
     102
      94
      85
     105
      93
      80
      77
      99
      89
      91
      75
      77
      86
      89
      71
      71
      75
      81
      80
      79
      92
      78
      75
      91
      77
      85
      73
      81
      66
      82
      83
      71
      97
      84
      78
      71
      85
     106
      84
      88
      95
      88
      93
      77
      78
      88
      93
      85
      80
      75
      92
      74
      75
      83
      74
      85
      75
      90
      79
      78
      74
      95
      86
      91
      94
      79
      83
      71
      98
      85
      73
      88
      90
      75
      73
      86
      55
      76
      75
      74
      70
      79
      87
      83
      86
      74
      83
      83
      72
      68
     100
      83
      74
      94
      90
      81
      86
      92
      86
      87
      78
      82
      77
      81
      82
      88
      68
      88
      71
      68
      97
      74
      94
      81
      84
      84
      78
      71
      95
      71
      58
      92
      69
      74
      80
      71
      71
      87
      84
     119
      75
      71
      78
      90
      94
      90
      75
      72
      80
      76
      89
      69
      83
     102
      93
      75
      86
      93
      60
      91
      86
      82
      70
      77
      74
      67
      90
      65
      81
      92
      91
      91
      88
      74
      76
      80
     101
      79
      88
      90
      92
      88
      83
      96
      94
      80
      78
      76
      73
      78
      88
      82
      76
      86
      71
      86
      87
      92
      86
      77
      77
      85
      78
      85
      73
      73
      88
      81
      79
      79
      66
      86
     100
      79
      89
      79
      73
      85
      84
      82
      86
      64
      94
      99
      84
      75
      90
      91
      71
      66
      70
      86
      75
      77
      81
      85
      77
      72
      78
      86
      72
      76
      86
      87
      74
      71
      99
      71
      80
      86
      76
      82
      75
      71
      83
      89
      94
      85
      79
      65
      79
      82
      65
      79
      86
      66
      89
      77
      76
      90
      78
      69
      81
      67
      86
      95
      76
      82
      80
      86
      61
      68
      84
      75
      83
      78
      78
      84
      90
      84
      98
      83
      78
      86
      93
      73
      89
      70
      90
      85
      86
      82
      97
      78
      67
      97
      86
      78
      63
      87
      71
      96
      72
      83
      73
      86
      90
      67
      93
      80
      71
      74
      79
      79
      88
      67
      78
      84
      84
      83
      89
      76
      87
      91
      96
      65
      83
      79
      72
      91
      75
      86
      92
      77
      97
      74
      87
      91
      70
      85
      86
      89
      81
      64
      87
      96
     100
      72
      87
      76
      76
      74
      73
      87
      85
      77
      94
      78
      86
      77
      82
      99
      84
      81
      58
      87
      87
      72
      74
      76
      72
      99
      69
      65
     102
      79
      86
      75
      89
      69
      84
      78
      84
      78
      75
      74
      78
      85
      70
      71
      77
      92
      87
      88
      77
      73
     102
      66
     102
      65
      82
      83
      97
      85
      72
      74
      91
      68
      88
      86
      86
      97
      80
      80
      77
      74
      78
      82
      83
     104
      90
      88
      79
      81
      94
     101
      85
      76
      70
      75
      83
      92
      90
      71
      63
      91
      85
      81
      69
      82
      74
      79
      66
      71
      82
      87
      76
      80
      90
      80
      89
     106
      95
      85
      83
      86
      79
      81
      86
      90
      90
     102
      90
      92
      98
      75
      91
      72
      75
      85
      78
      82
      79
      84
      83
      94
      61
      81
      92
      84
      80
      87
      95
      92
      85
      77
      81
      98
      85
      84
      70
      92
      81
      86
     101
     100
      78
      81
      95
      74
      98
      75
     102
     114
      77
      79
      95
      92
      85
      90
      82
      98
      85
      88
      87
      73
      81
      79
      95
      96
      75
      85
      88
      91
      92
      80
      87
      97
      85
      89
      96
     117
      92
      96
      87
      75
      85
      86
      87
      97
      87
     106
      96
      97
      90
      94
      79
      80
     104
      98
      92
      87
     109
      87
      87
     103
      88
      82
      79
     106
     104
      90
      91
     103
     109
      89
      76
     103
      87
      95
      86
      94
      94
     100
     105
      89
     113
      97
     100
      91
      92
     115
      99
      90
      98
      99
     112
      85
     118
      88
     100
      99
      94
     103
      97
      87
     104
      95
     102
     100
     113
      97
     110
      96
     116
      96
     112
     105
     124
     110
     108
     103
     127
     102
     132
     134
     108
     133
     127
     120
     131
     110
     138
     134
     150
     146
     157
     178
     181
     197
     192
     208
     223
     230
     262
     241
     257
     303
     323
     397
     375
     426
     496
     511
     586
     644
     707
     864
     963
    1157
    1200
    1444
    1654
    1836
    2170
    2522
    3015
    3505
    4018
    4573
    5183
    5857
    6676
    7307
    7961
    8747
    9512
   10011
   10656
   11257
   11587
   11938
   12223
   12582
   12903
   12887
   13021
   12950
   12583
   12295
   12141
   11825
   11320
   10765
   10137
    9413
    8864
    8013
    7496
    6701
    5967
    5404
    4545
    4000
    3369
    2844
    2433
    1941
    1663
    1297
    1115
     878
     691
     644
     528
     482
     414
     404
     306
     298
     259
     239
     216
     206
     171
     172
     159
     160
     148
     158
     140
     126
     126
     125
     112
     109
      94
      95
     111
      87
      95
     100
      87
      79
     107
      75
      86
      78
      71
      80
      85
      74
      74
      60
      63
      61
      72
      95
      63
      78
      57
      64
      54
      69
      70
      62
      73
      62
      55
      72
      74
      63
      63
      56
      63
      57
      68
      57
      59
      55
      54
      69
      56
      62
      53
      65
      59
      54
      56
      55
      64
      50
      51
      65
      53
      48
      58
      51
      68
      57
      55
      56
      57
      55
      45
      55
      68
      40
      65
      55
      56
      57
      75
      51
      54
      52
      58
      49
      65
      54
      61
      47
      52
      50
      61
      58
      42
      57
      55
      53
      52
      46
      43
      66
      66
      59
      57
      49
      46
      69
      62
      40
      58
      47
      49
      48
      60
      55
      55
      54
      54
      54
      43
      41
      59
      53
      46
      46
      38
      47
      48
      50
      50
      55
      51
      43
      49
      51
      65
      51
      43
      58
      52
      44
      54
      48
      54
      54
      50
      45
      52
      39
      49
      54
      43
      51
      51
      51
      41
      47
      56
      43
      42
      51
      49
      62
      41
      42
      53
      46
      42
      54
      52
      41
      47
      48
      58
      37
      64
      51
      49
      49
      60
      45
      52
      50
      47
      45
      38
      33
      43
      55
      53
      50
      35
      37
      49
      56
      44
      53
      43
      45
      31
      64
      42
      33
      37
      41
      43
      51
      48
      37
      51
      43
      49
      32
      39
      36
      50
      44
      53
      53
      51
      50
      57
      40
      55
      52
      42
      37
      42
      38
      44
      42
      54
      42
      52
      37
      46
      53
      40
      46
      50
      47
      40
      50
      44
      49
      48
      46
      41
      33
      56
      55
      58
      31
      37
      37
      45
      32
      46
      38
      40
      49
      48
      37
      38
      38
      48
      43
      51
      40
      43
      40
      39
      51
      38
      50
      44
      50
      54
      37
      37
      42
      45
      43
      49
      58
      49
      47
      29
      39
      36
      37
      39
      42
      42
      47
      45
      44
      42
      41
      36
      51
      49
      44
      48
      39
      43
      37
      50
      48
      35
      37
      57
      43
      42
      44
      41
      40
      39
      35
      34
      34
      48
      43
      35
      46
      49
      43
      47
      36
      58
      53
      42
      43
      45
      43
      45
      40
      40
      40
      46
      39
      42
      41
      53
      38
      54
      43
      50
      35
      59
      33
      41
      41
      40
      37
      49
      37
      46
      39
      39
      35
      43
      34
      43
      36
      40
      41
      43
      35
      44
      49
      49
      51
      35
      48
      48
      45
      43
      44
      48
      35
      47
      34
      47
      41
      39
      41
      37
      32
      58
      27
      41
      43
      36
      33
      39
      45
      48
      45
      34
      45
      43
      37
      43
      43
      53
      52
      44
      38
      48
      46
      38
      47
      46
      38
      40
      38
      40
      26
      44
      45
      45
      44
      40
      40
      38
      49
      38
      42
      45
      39
      37
      36
      41
      35
      38
      43
      34
      36
      38
      45
      31
      41
      36
      42
      41
      39
      56
      45
      39
      43
      48
      42
      35
      48
      49
      39
      33
      35
      28
      40
      36
      40
      50
      36
      53
      29
      37
      51
      37
      56
      42
      38
      36
      44
      42
      38
      41
      35
      44
      46
      46
      45
      38
      46
      43
      29
      45
      39
      45
      33
      50
      47
      50
      47
      51
      49
      44
      44
      43
      47
      39
      45
      50
      38
      37
      43
      53
      39
      40
      40
      40
      38
      49
      32
      38
      49
      45
      29
      37
      37
      34
      26
      27
      28
      43
      37
      36
      39
      41
      50
      39
      40
      42
      54
      42
      37
      36
      39
      41
      29
      37
      44
      46
      42
      41
      41
      40
      42
      39
      37
      39
      44
      43
      53
      40
      42
      47
      38
      47
      32
      40
      39
      46
      44
      39
      41
      48
      36
      42
      39
      56
      28
      29
      39
      40
      41
      41
      38
      35
      43
      39
      43
      48
      39
      56
      41
      34
      48
      46
      42
      37
      31
      40
      49
      36
      52
      46
      40
      42
      26
      38
      23
      40
      36
      38
      38
      39
      34
      29
      48
      44
      35
      41
      33
      42
      33
      37
      40
      42
      40
      32
      45
      39
      44
      43
      39
      59
      49
      41
      46
      28
      34
      37
      39
      38
      44
      46
      38
      35
      40
      33
      37
      39
      43
      45
      48
      30
      25
      49
      41
      37
      34
      45
      46
      51
      42
      50
      35
      39
      33
      37
      47
      42
      37
      35
      37
      33
      27
      43
      38
      44
      33
      32
      43
      43
      42
      40
      41
      42
      31
      37
      35
      45
      47
      35
      46
      37
      46
      46
      39
      47
      37
      39
      43
      45
      43
      43
      37
      37
      45
      35
      38
      38
      47
      37
      24
      41
      54
      29
      42
      41
      36
      41
      38
      47
      36
      35
      35
      40
      39
      36
      38
      46
      53
      38
      39
      35
      46
      34
      38
      35
      47
      32
      53
      51
      34
      32
      35
      44
      41
      38
      42
      50
      31
      46
      31
      54
      32
      45
      41
      45
      41
      37
      41
      28
      42
      40
      43
      40
      35
      44
      49
      51
      34
      51
      38
      29
      29
      37
      40
      28
      37
      40
      40
      30
      39
      38
      27
      37
      42
      34
      46
      46
      32
      45
      32
      55
      40
      38
      39
      36
      40
      38
      37
      30
      51
      45
      37
      33
      42
      40
      34
      37
      51
      43
      35
      50
      35
      44
      44
      24
      41
      37
      50
      43
      36
      47
      38
      32
      44
      37
      44
      38
      30
      32
      46
      28
      31
      31
      41
      32
      52
      45
      37
      35
      40
      27
      32
      55
      37
      37
      38
      35
      28
      41
      44
      40
      33
      36
      45
      39
      34
      36
      40
      48
      46
      36
      40
      59
      47
      52
      30
      36
      41
      42
      44
      38
      41
      43
      36
      32
      39
      38
      40
      31
      42
      48
      30
      31
      38
      37
      31
      39
      33
      43
      32
      41
      37
      37
      31
      56
      44
      24
      30
      46
      30
      37
      39
      33
      40
      30
      40
      36
      47
      40
      35
      42
      31
      50
      35
      37
      34
      40
      43
      41
      45
      38
      36
      42
      35
      30
      38
      50
      37
      40
      46
      45
      44
      46
      37
      30
      50
      53
      51
      51
      48
      46
      51
      60
      43
      45
      44
      49
      43
      45
      45
      45
      29
      52
      34
      39
      32
      43
      41
      42
      34
      33
      30
      41
      35
      32
      48
      42
      39
      45
      46
      43
      37
      28
      36
      37
      34
      39
      38
      23
      37
      34
      25
      27
      33
      39
      46
      29
      35
      37
      45
      42
      31
      32
      37
      32
      31
      51
      29
      32
      40
      40
      31
      39
      36
      43
      34
      50
      33
      42
      34
      44
      37
      37
      40
      34
      45
      28
      38
      44
      43
      37
      27
      45
      36
      31
      41
      35
      48
      37
      49
      34
      49
      40
      36
      47
      41
      42
      39
      33
      42
      35
      45
      34
      34
      38
      40
      45
      41
      39
      30
      47
      39
      33
      35
      42
      42
      30
      39
      33
      39
      31
      36
      47
      45
      35
      36
      37
      46
      35
      36
      45
      47
      36
      35
      41
      39
      28
      37
      30
      39
      53
      32
      33
      40
      41
      28
      38
      31
      47
      36
      36
      35
      39
      47
      35
      47
      45
      43
      31
      50
      30
      44
      41
      24
      37
      35
      39
      38
      33
      44
      29
      35
      34
      38
      52
      43
      33
      31
      35
      37
      35
      29
      39
      36
      42
      43
      24
      36
      47
      36
      37
      36
      43
      28
      39
      44
      38
      36
      37
      35
      33
      32
      44
      39
      44
      49
      37
      40
      45
      33
      47
      31
      32
      27
      24
      42
      39
      36
      48
      47
      38
      32
      44
      41
      43
      55
      35
      34
      36
      39
      43
      48
      30
      40
      33
      41
      31
      42
      36
      29
      40
      42
      39
      37
      37
      37
      33
      48
      38
      46
      47
      30
      30
      39
      50
      24
      41
      34
      44
      37
      39
      36
      34
      36
      38
      38
      29
      29
      32
      27
      44
      42
      29
      29
      31
      47
      38
      35
      37
      46
      39
      39
      47
      38
      55
      37
      44
      29
      37
      34
      45
      35
      34
      52
      43
      41
      36
      46
      35
      31
      33
      48
      36
      41
      35
      34
      41
      37
      35
      44
      37
      34
      42
      40
      33
      38
      36
      34
      44
      34
      29
      33
      42
      42
      32
      35
      34
      42
      37
      36
      34
      27
      30
      33
      48
      37
      32
      38
      32
      47
      34
      28
      26
      42
      32
      34
      50
      19
      36
      48
      30
      37
      27
      40
      32
      42
      37
      39
      43
      58
      32
      46
      40
      32
      35
      48
      33
      40
      38
      33
      41
      38
      39
      42
      28
      40
      38
      35
      43
      44
      44
      50
      48
      33
      38
      39
      30
      47
      45
      38
      37
      45
      32
      41
      34
      36
      39
      43
      44
      41
      34
      50
      42
      34
      44
      41
      40
      36
      45
      45
      46
      33
      52
      40
      39
      30
      47
      36
      40
      36
      48
      42
      36
      43
      45
      44
      32
      39
      38
      31
      51
      39
      39
      41
      41
      38
      42
      48
      30
      44
      35
      36
      50
      39
      30
      33
      43
      33
      44
      35
      31
      38
      39
      37
      37
      41
      45
      34
      27
      34
      42
      44
      42
      43
      39
      29
      37
      25
      37
      36
      37
      45
      45
      43
      48
      29
      29
      42
      53
      27
      26
      33
      34
      36
      43
      32
      42
      30
      32
      29
      34
      38
      46
      28
      40
      31
      25
      42
      44
      45
      24
      46
      49
      34
      47
      48
      42
      40
      34
      35
      38
      53
      41
      31
      47
      37
      35
      38
      48
      47
      42
      43
      48
      47
      42
      58
      40
      31
      42
      32
      38
      29
      47
      35
      39
      47
      26
      36
      39
      33
      30
      34
      34
      40
      34
      32
      45
      43
      38
      41
      35
      30
      48
      29
      49
      45
      33
      45
      43
      39
      31
      39
      42
      46
      31
      39
      45
      49
      37
      45
      38
      26
      32
      37
      35
      31
      25
      37
      42
      44
      42
      39
      36
      38
      30
      38
      35
      34
      28
      46
      28
      24
      45
      25
      37
      40
      34
      32
      38
      42
      37
      34
      43
      32
      39
      38
      52
      36
      41
      37
      38
      32
      27
      43
      31
      41
      43
      41
      41
      42
      35
      42
      41
      35
      40
      32
      36
      50
      38
      35
      40
      48
      34
      58
      43
      39
      37
      32
      39
      31
      40
      35
      46
      40
      39
      29
      42
      45
      35
      37
      43
      43
      40
      33
      34
      30
      38
      31
      39
      45
      36
      26
      35
      41
      41
      29
      27
      34
      38
      40
      34
      32
      43
      32
      36
      35
      41
      35
      33
      30
      35
      41
      36
      36
      31
      37
      37
      37
      30
      40
      40
      47
      39
      47
      49
      39
      29
      32
      46
      31
      46
      38
      38
      48
      29
      49
      34
      35
      48
      32
      43
      32
      33
      41
      43
      36
      48
      44
      23
      38
      47
      51
      39
      32
      39
      37
      48
      48
      41
      43
      36
      36
      34
      36
      37
      41
      51
      46
      36
      43
      39
      35
      41
      45
      39
      46
      39
      38
      37
      44
      46
      48
      46
      33
      40
      47
      33
      43
      26
      44
      42
      46
      31
      44
      40
      43
      47
      58
      42
      38
      39
      25
      33
      32
      46
      33
      36
      44
      36
      35
      43
      24
      37
      41
      35
      45
      36
      29
      35
      39
      39
      35
      38
      34
      30
      36
      39
      41
      35
      48
      45
      38
      39
      34
      33
      36
      34
      46
      41
      31
      31
      41
      43
      37
      48
      33
      46
      41
      36
      38
      32
      40
      34
      38
      33
      38
      46
      30
      46
      44
      39
      37
      40
      46
      35
      34
      39
      40
      44
      40
      38
      35
      35
      33
      35
      29
      21
      32
      35
      36
      56
      41
      41
      39
      39
      45
      38
      34
      40
      32
      36
      27
      37
      42
      39
      38
      37
      35
      38
      29
      28
      40
      39
      45
      46
      42
      41
      39
      39
      37
      45
      45
      44
      33
      34
      31
      37
      30
      44
      38
      40
      44
      31
      36
      45
      39
      40
      47
      42
      32
      31
      41
      46
      27
      44
      36
      38
      28
      29
      27
      36
      45
      36
      41
      42
      37
      37
      37
      40
      40
      43
      39
      22
      35
      31
      40
      38
      50
      46
      29
      50
      42
      31
      42
      45
      45
      46
      40
      37
      33
      38
      37
      35
      34
      30
      32
      51
      30
      41
      41
      47
      45
      31
      45
      40
      37
      48
      44
      34
      26
      39
      32
      44
      45
      31
      37
      35
      36
      43
      38
      33
      37
      28
      41
      34
      33
      50
      24
      36
      47
      40
      38
      37
      39
      37
      45
      35
      39
      35
      29
      37
      35
      40
      37
      49
      43
      43
      38
      28
      40
      34
      39
      41
      41
      48
      36
      40
      37
      27
      41
      34
      37
      36
      27
      46
      35
      33
      35
      42
      36
      33
      33
      34
      40
      48
      32
      46
      45
      41
      40
      42
      44
      39
      36
      30
      36
      40
      45
      36
      37
      42
      41
      34
      44
      41
      32
      25
      27
      28
      34
      35
      45
      47
      51
      34
      35
      35
      36
      29
      39
      37
      44
      39
      34
      37
      46
      36
      45
      40
      38
      40
      44
      45
      36
      42
      53
      32
      44
      32
      37
      43
      48
      46
      29
      46
      42
      31
      34
      42
      32
      31
      39
      37
      34
      33
      28
      36
      33
      39
      42
      41
      24
      42
      40
      38
      50
      52
      51
      36
      29
      50
      40
      31
      48
      29
      35
      34
      39
      34
      34
      40
      28
      38
      34
      41
      39
      51
      29
      51
      46
      35
      27
      26
      42
      41
      55
      39
      36
      34
      43
      34
      51
      34
      44
      38
      41
      34
      39
      40
      38
      33
      41
      42
      36
      33
      51
      48
      36
      42
      30
      34
      36
      26
      40
      36
      32
      26
      54
      41
      48
      39
      38
      44
      47
      36
      37
      54
      58
      42
      35
      34
      42
      31
      57
      42
      37
      37
      35
      32
      29
      38
      40
      44
      51
      45
      43
      35
      44
      43
      42
      45
      37
      47
      47
      45
      31
      36
      39
      40
      40
      50
      48
      29
      33
      41
      40
      33
      42
      44
      38
      31
      44
      37
      28
      36
      46
      45
      31
      42
      31
      35
      36
      32
      32
      27
      38
      39
      44
      43
      50
      41
      38
      40
      32
      30
      38
      48
      34
      41
      48
      40
      39
      30
      33
      36
      43
      27
      41
      42
      39
      37
      37
      34
      38
      41
      51
      33
      36
      35
      41
      24
      29
      27
      43
      42
      41
      40
      37
      38
      44
      40
      37
      41
      36
      31
      39
      46
      29
      39
      34
      37
      37
      31
      35
      38
      30
      36
      48
      45
      42
      36
      43
      49
      41
      44
      34
      31
      35
      35
      46
      51
      44
      50
      33
      39
      34
      36
      36
      42
      44
      36
      39
      27
      36
      42
      44
      40
      24
      39
      40
      37
      44
      32
      33
      31
      31
      37
      41
      34
      49
      46
      47
      45
      37
      47
      45
      52
      50
      42
      48
      38
      42
      45
      44
      41
      44
      34
      42
      39
      39
      47
      45
      34
      47
      34
      41
      37
      29
      45
      34
      49
      49
      40
      36
      38
      38
      37
      33
      47
      45
      37
      39
      41
      38
      47
      40
      45
      43
      33
      52
      39
      44
      44
      43
      36
      39
      33
      39
      32
      57
      48
      53
      36
      41
      45
      29
      39
      35
      37
      45
      39
      41
      55
      44
      45
      47
      28
      33
      31
      43
      40
      43
      36
      33
      43
      39
      43
      51
      40
      38
      52
      32
      41
      43
      43
      35
      35
      44
      44
      35
      44
      34
      41
      47
      43
      42
      40
      46
      34
      31
      29
      41
      41
      33
      48
      43
      42
      43
      39
      37
      20
      43
      49
      42
      39
      39
      32
      47
      40
      27
      41
      40
      56
      30
      38
      33
      40
      42
      32
      40
      38
      29
      49
      28
      42
      42
      28
      48
      51
      49
      40
      37
      38
      48
      44
      40
      47
      44
      41
      33
      34
      47
      46
      36
      45
      54
      41
      37
      39
      44
      42
      33
      46
      40
      42
      53
      39
      41
      52
      42
      41
      44
      28
      40
      43
      39
      40
      47
      43
      52
      49
      46
      44
      44
      42
      44
      49
      38
      41
      40
      39
      43
      40
      41
      55
      51
      52
      44
      48
      51
      49
      48
      47
      48
      40
      48
      37
      48
      49
      42
      43
      42
      31
      42
      38
      52
      45
      32
      41
      46
      31
      41
      56
      32
      37
      50
      39
      47
      35
      39
      52
      39
      42
      36
      31
      50
      38
      42
      50
      40
      38
      36
      39
      46
      33
      52
      34
      47
      42
      43
      41
      46
      51
      25
      44
      39
      39
      37
      46
      49
      45
      41
      44
      42
      42
      35
      38
      50
      47
      52
      38
      46
      32
      44
      51
      47
      40
      50
      36
      34
      42
      41
      37
      41
      32
      40
      41
      37
      33
      49
      47
      47
      44
      39
      40
      41
      36
      31
      49
      47
      47
      44
      35
      48
      42
      30
      54
      44
      35
      47
      33
      38
      44
      39
      51
      48
      59
      32
      30
      47
      44
      46
      37
      33
      47
      40
      37
      38
      46
      35
      44
      35
      43
      42
      54
      47
      49
      30
      35
      37
      38
      43
      43
      36
      31
      37
      48
      43
      42
      35
      39
      45
      47
      55
      38
      41
      38
      46
      32
      49
      40
      35
      37
      40
      52
      35
      43
      35
      40
      52
      38
      40
      46
      34
      23
      38
      42
      36
      36
      42
      37
      42
      36
      32
      34
      49
      39
      33
      47
      44
      47
      39
      32
      36
      40
      43
      35
      50
      42
      34
      36
      49
      50
      33
      41
      32
      33
      39
      53
      32
      31
      37
      38
      34
      42
      26
      55
      34
      28
      38
      40
      34
      38
      33
      51
      40
      35
      32
      50
      46
      45
      37
      42
      37
      37
      34
      48
      42
      41
      28
      32
      47
      45
      36
      35
      41
      46
      34
      44
      47
      42
      41
      61
      34
      38
      35
      28
      23
      43
      35
      45
      42
      44
      33
      30
      46
      34
      43
      35
      30
      44
      33
      38
      48
      22
      24
      39
      38
      42
      49
      44
      45
      27
      37
      50
      43
      37
      27
      36
      39
      35
      45
      33
      57
      36
      34
      49
      30
      35
      48
      43
      41
      35
      53
      38
      42
      30
      48
      49
      48
      45
      49
      43
      37
      45
      56
      30
      42
      45
      39
      33
      30
      34
      39
      48
      37
      38
      54
      28
      45
      51
      46
      48
      46
      46
      47
      41
      42
      36
      45
      44
      38
      34
      40
      40
      32
      50
      35
      37
      31
      40
      36
      44
      44
      52
      45
      32
      52
      42
      32
      40
      40
      31
      31
      34
      50
      42
      44
      44
      40
      35
      40
      39
      45
      58
      41
      33
      40
      48
      32
      44
      36
      46
      43
      44
      43
      46
      45
      43
      37
      40
      37
      26
      36
      42
      36
      48
      39
      44
      38
      50
      36
      41
      29
      39
      53
      43
      43
      49
      51
      42
      42
      51
      50
      44
      45
      49
      46
      47
      53
      49
      31
      44
      38
      35
      42
      48
      31
      42
      44
      50
      43
      44
      48
      49
      34
      40
      39
      54
      51
      54
      41
      40
      43
      37
      44
      50
      50
      44
      46
      49
      41
      52
      30
      29
      37
      43
      34
      43
      40
      50
      46
      45
      38
      52
      42
      50
      42
      49
      34
      41
      38
      50
      48
      38
      46
      32
      48
      40
      38
      46
      45
      37
      34
      45
      46
      41
      45
      47
      31
      43
      44
      38
      42
      35
      48
      44
      41
      32
      48
      38
      45
      38
      44
      49
      29
      37
      40
      47
      44
      38
      58
      48
      43
      37
      35
      49
      47
      45
      40
      37
      44
      47
      44
      36
      40
      45
      39
      45
      45
      48
      49
      31
      42
      41
      41
      36
      47
      36
      47
      38
      25
      38
      35
      33
      42
      46
      34
      50
      37
      40
      39
      39
      34
      49
      46
      41
      42
      39
      46
      41
      43
      34
      40
      41
      44
      38
      45
      42
      52
      51
      53
      34
      40
      43
      45
      41
      49
      39
      41
      37
      46
      36
      44
      42
      45
      38
      37
      45
      42
      51
      48
      46
      51
      41
      50
      38
      44
      35
      53
      50
      40
      34
      41
      50
      36
      42
      40
      41
      32
      50
      47
      51
      43
      40
      43
      47
      40
      43
      51
      41
      40
      36
      37
      40
      35
      43
      49
      39
      38
      52
      48
      38
      46
      35
      33
      39
      29
      52
      53
      37
      52
      37
      41
      47
      47
      43
      53
      40
      48
      59
      38
      43
      43
      47
      54
      29
      41
      50
      51
      41
      39
      34
      51
      43
      50
      42
      32
      44
      40
      35
      41
      36
      47
      46
      36
      40
      48
      55
      45
      40
      42
      35
      41
      51
      44
      44
      43
      34
      47
      48
      38
      54
      43
      48
      47
      50
      44
      37
      36
      46
      40
      35
      41
      47
      41
      31
      43
      44
      40
      35
      48
      46
      54
      42
      39
      41
      40
      42
      38
      40
      44
      40
      48
      47
      46
      49
      52
      42
      36
      30
      40
      44
      38
      42
      42
      44
      42
      33
      47
      46
      41
      53
      48
      40
      42
      40
      41
      41
      48
      42
      52
      41
      48
      51
      41
      38
      55
      54
      34
      43
      37
      39
      46
      42
      45
      41
      40
      39
      44
      56
      45
      41
      49
      44
      42
      41
      43
      53
      42
      39
      39
      49
      33
      39
      49
      50
      51
      57
      49
      41
      45
      50
      50
      42
      49
      57
      50
      33
      30
      43
      40
      45
      47
      35
      42
      41
      34
      45
      47
      65
      52
      30
      39
      29
      50
      34
      44
      46
      37
      42
      40
      48
      48
      41
      49
      34
      52
      36
      52
      45
      39
      44
      44
      42
      37
      40
      48
      44
      46
      42
      42
      47
      60
      35
      43
      42
      40
      45
      45
      46
      39
      37
      44
      30
      38
      33
      35
      52
      52
      35
      49
      57
      44
      57
      41
      49
      37
      45
      40
      49
      43
      30
      46
      44
      50
      40
      39
      51
      38
      41
      41
      48
      56
      49
      47
      58
      38
      29
      39
      36
      34
      53
      29
      45
      51
      51
      43
      52
      36
      38
      46
      51
      48
      50
      44
      44
      39
      45
      34
      42
      50
      40
      43
      47
      40
      53
      55
      37
      48
      50
      44
      44
      43
      31
      48
      43
      46
      55
      36
      42
      47
      51
      44
      40
      43
      47
      56
      47
      42
      47
      49
      36
      48
      40
      47
      47
      35
      56
      45
      58
      43
      38
      34
      42
      41
      48
      46
      38
      52
      46
      49
      47
      46
      39
      50
      48
      50
      44
      43
      47
      40
      48
      45
      43
      34
      43
      50
      46
      39
      47
      42
      33
      43
      39
      47
      44
      38
      51
      43
      47
      39
      33
      47
      47
      43
      53
      36
      39
      50
      30
      43
      42
      42
      41
      34
      38
      31
      52
      36
      41
      39
      49
      51
      42
      43
      46
      53
      43
      54
      44
      46
      43
      43
      43
      36
      37
      42
      42
      48
      43
      47
      49
      48
      38
      41
      33
      42
      51
      43
      41
      41
      37
      59
      38
      50
      34
      50
      45
      44
      40
      42
      47
      42
      47
      41
      48
      43
      47
      50
      63
      45
      47
      49
      48
      29
      57
      38
      51
      51
      43
      36
      36
      65
      48
      48
      50
      38
      39
      45
      47
      49
      45
      44
      53
      42
      53
      48
      55
      50
      46
      51
      39
      39
      45
      60
      39
      38
      52
      45
      43
      46
      45
      49
      45
      41
      37
      41
      42
      36
      39
      39
      56
      50
      40
      50
      52
      52
      48
      53
      45
      42
      39
      51
      33
      37
      43
      45
      50
      33
      34
      45
      51
      48
      45
      43
      39
      43
      60
      40
      43
      52
      36
      47
      43
      47
      36
      39
      44
      45
      44
      40
      44
      54
      42
      40
      49
      42
      41
      49
      44
      64
      56
      34
      45
      41
      54
      42
      49
      48
      44
      44
      53
      51
      43
      48
      38
      35
      52
      49
      46
      44
      55
      51
      53
      57
      35
      43
      45
      51
      51
      45
      62
      52
      44
      54
      47
      50
      49
      52
      42
      53
      58
      41
      48
      41
      41
      49
      48
      38
      43
      38
      56
      54
      27
      50
      39
      51
      43
      49
      44
      47
      37
      39
      40
      36
      44
      55
      43
      40
      48
      57
      42
      38
      32
      51
      38
      48
      60
      46
      37
      36
      50
      43
      38
      46
      55
      50
      33
      50
      46
      48
      45
      45
      43
      42
      54
      38
      40
      50
      45
      54
      52
      57
      49
      52
      47
      54
      42
      34
      38
      47
      39
      50
      51
      47
      42
      56
      44
      55
      49
      52
      54
      40
      41
      54
      40
      61
      33
      36
      44
      52
      40
      49
      47
      45
      50
      52
      47
      50
      37
      48
      41
      51
      44
      44
      34
      45
      40
      48
      34
      51
      61
      44
      51
      54
      51
      47
      34
      43
      52
      48
      38
      45
      38
      61
      45
      32
      55
      43
      47
      39
      34
      46
      45
      65
      52
      44
      42
      39
      51
      41
      42
      48
      47
      47
      40
      50
      40
      54
      47
      48
      40
      56
      44
      56
      45
      47
      47
      43
      45
      46
      44
      48
      45
      55
      51
      43
      47
      50
      51
      46
      47
      72
      37
      44
      42
      53
      51
      53
      39
      43
      48
      40
      46
      57
      49
      47
      37
      38
      48
      52
      44
      37
      47
      42
      42
      50
      42
      41
      41
      35
      47
      56
      47
      57
      39
      53
      49
      37
      46
      59
      44
      61
      53
      41
      39
      43
      55
      33
      58
      54
      43
      38
      54
      55
      57
      37
      48
      43
      54
      46
      44
      38
      46
      48
      53
      46
      48
      48
      61
      65
      62
      49
      47
      39
      37
      40
      63
      61
      53
      41
      61
      48
      55
      59
      58
      46
      41
      56
      46
      47
      57
      52
      44
      46
      57
      60
      36
      51
      46
      35
      47
      61
      49
      49
      38
      50
      54
      43
      49
      53
      51
      45
      42
      50
      39
      52
      43
      48
      43
      61
      56
      58
      47
      39
      52
      54
      48
      58
      46
      36
      51
      38
      69
      51
      49
      61
      50
      58
      48
      51
      60
      36
      43
      48
      57
      65
      54
      46
      50
      45
      29
      59
      38
      52
      49
      41
      50
      48
      57
      44
      54
      41
      46
      40
      49
      51
      43
      51
      54
      51
      43
      41
      50
      45
      47
      43
      50
      49
      64
      49
      51
      43
      51
      52
      57
      40
      26
      46
      61
      39
      50
      49
      46
      51
      52
      42
      42
      44
      40
      53
      32
      36
      47
      50
      40
      45
      52
      49
      57
      41
      59
      58
      60
      52
      45
      63
      50
      45
      50
      48
      53
      53
      47
      44
      54
      43
      46
      54
      46
      52
      58
      45
      42
      42
      38
      50
      47
      55
      33
      58
      60
      44
      60
      55
      50
      54
      62
      43
      51
      44
      46
      61
      59
      61
      53
      44
      53
      57
      52
      44
      43
      60
      53
      54
      54
      52
      61
      53
      48
      57
      47
      45
      42
      52
      45
      57
      49
      40
      45
      57
      57
      46
      40
      50
      46
      48
      61
      44
      54
      47
      51
      50
      45
      56
      65
      55
      46
      54
      57
      64
      51
      49
      58
      44
      52
      50
      63
      55
      51
      47
      52
      37
      57
      46
      46
      41
      51
      38
      54
      48
      63
      41
      52
      48
      42
      56
      72
      53
      53
      50
      42
      53
      54
      48
      55
      47
      39
      48
      50
      50
      55
      44
      55
      45
      52
      53
      56
      47
      45
      38
      45
      49
      54
      54
      46
      49
      57
      62
      53
      55
      45
      51
      48
      53
      56
      49
      65
      41
      55
      58
      58
      50
      55
      63
      53
      46
      51
      53
      78
      56
      57
      52
      46
      54
      53
      56
      52
      49
      61
      59
      53
      53
      50
      57
      56
      42
      41
      50
      60
      48
      55
      53
      48
      57
      56
      68
      49
      65
      34
      57
      43
      53
      66
      60
      49
      48
      49
      55
      53
      38
      56
      59
      54
      70
      55
      57
      45
      59
      64
      64
      46
      56
      50
      58
      57
      47
      51
      49
      53
      48
      59
      63
      45
      53
      66
      53
      55
      41
      49
      48
      67
      50
      53
      58
      57
      45
      31
      46
      42
      55
      55
      43
      43
      47
      52
      52
      62
      64
      44
      51
      53
      56
      50
      60
      52
      57
      54
      56
      64
      57
      52
      63
      50
      56
      62
      63
      65
      52
      51
      47
      50
      56
      48
      55
      47
      64
      63
      63
      56
      48
      52
      47
      60
      53
      70
      44
      47
      65
      48
      57
      47
      53
      58
      62
      51
      54
      53
      47
      56
      45
      53
      48
      55
      64
      53
      51
      58
      62
      51
      48
      47
      51
      65
      48
      58
      57
      58
      65
      58
      45
      58
      52
      63
      56
      60
      53
      58
      62
      55
      64
      57
      42
      44
      48
      59
      55
      63
      48
      60
      61
      58
      47
      50
      36
      53
      48
      56
      56
      56
      42
      48
      50
      61
      54
      57
      57
      47
      43
      53
      68
      55
      65
      57
      52
      56
      44
      61
      46
      46
      56
      56
      57
      44
      66
      59
      57
      50
      52
      60
      51
      50
      61
      50
      53
      59
      48
      51
      47
      50
      57
      40
      62
      51
      66
      50
      44
      54
      43
      64
      69
      58
      60
      59
      53
      45
      70
      48
      48
      63
      58
      61
      65
      58
      48
      59
      61
      62
      56
      50
      62
      59
      53
      55
      64
      56
      55
      54
      59
      63
      58
      51
      48
      53
      57
      70
      60
      55
      60
      61
      52
      64
      62
      48
      52
      63
      63
      53
      63
      67
      56
      61
      61
      69
      60
      51
      62
      43
      52
      53
      53
      53
      50
      47
      64
      58
      56
      70
      62
      53
      55
      65
      36
      59
      63
      55
      62
      72
      55
      67
      56
      60
      69
      44
      53
      50
      57
      50
      54
      47
      55
      63
      70
      51
      58
      56
      57
      56
      60
      70
      42
      63
      50
      62
      63
      57
      78
      72
      53
      58
      61
      47
      68
      43
      61
      52
      69
      44
      42
      67
      51
      63
      60
      56
      56
      75
      51
      59
      57
      50
      62
      64
      52
      52
      58
      46
      65
      62
      63
      52
      66
      54
      52
      61
      60
      59
      41
      53
      62
      47
      51
      50
      64
      64
      56
      44
      57
      62
      61
      55
      49
      63
      76
      60
      64
      63
      68
      57
      66
      46
      57
      70
      61
      49
      54
      56
      68
      49
      63
      52
      55
      60
      66
      53
      52
      64
      58
      65
      61
      49
      55
      57
      45
      46
      54
      52
      62
      73
      57
      51
      62
      52
      55
      55
      59
      68
      57
      65
      66
      57
      65
      68
      66
      69
      60
      54
      61
      58
      67
      61
      60
      55
      49
      63
      52
      61
      66
      69
      64
      51
      69
      47
      58
      74
      73
      55
      61
      68
      67
      63
      63
      60
      69
      65
      60
      59
      70
      54
      65
      67
      65
      67
      52
      60
      74
      66
      58
      62
      55
      71
      62
      56
      53
      63
      71
      66
      63
      71
      54
      67
      60
      77
      67
      77
      76
      59
      59
      70
      62
      62
      65
      67
      52
      57
      63
      54
      53
      55
      60
      63
      67
      63
      48
      70
      64
      58
      48
      61
      62
      61
      71
      67
      68
      62
      69
      65
      57
      60
      74
      56
      77
      66
      73
      70
      68
      72
      58
      72
      65
      71
      65
      73
      53
      54
      63
      60
      66
      67
      69
      65
      71
      60
      69
      67
      67
      58
      62
      67
      74
      50
      71
      68
      70
      69
      70
      69
      62
      53
      64
      54
      63
      54
      80
      79
      65
      68
      66
      66
      52
      58
      79
      59
      71
      54
      76
      69
      58
      65
      66
      67
      53
      57
      74
      66
      82
      71
      67
      73
      58
      68
      69
      74
      63
      63
      60
      72
      69
      63
      65
      84
      74
      66
      66
      57
      64
      70
      64
      55
      73
      60
      58
      73
      64
      88
      50
      71
      69
      75
      60
      68
      69
      56
      68
      60
      63
      77
      87
      78
      68
      67
      74
      62
      49
      73
      58
      70
      70
      63
      68
      68
      78
      81
      65
      66
      66
      59
      74
      69
      74
      63
      79
      65
      64
      58
      74
      85
      45
      46
      59
      70
      77
      63
      58
      72
      56
      68
      64
      79
      60
      84
      74
      71
      59
      64
      65
      77
      67
      65
      64
      87
      77
      68
      64
      51
      66
      64
      68
      65
      71
      87
      64
      69
      74
      91
      73
      73
      54
      74
      74
      75
      61
      76
      72
      72
      84
      61
      68
      67
      76
      84
      59
      67
      76
      79
      66
      77
      89
      62
      67
      75
      73
      56
      57
      65
      67
      69
      75
      67
      73
      73
      88
      87
      71
      77
      86
      68
      71
      72
      82
      78
      85
      82
      81
      72
      66
      81
      69
      74
      83
      89
      67
      76
      64
      72
      69
      80
      60
      68
      66
      60
      85
      94
      69
      73
      83
      73
      81
      73
      72
      83
      80
      78
      96
      73
      96
      87
      88
      85
      76
      89
      82
      76
      90
      72
      76
      84
      78
      60
      76
     100
      92
      80
      87
      86
     104
      74
      82
      90
      82
      75
      79
      87
      78
      81
      68
      81
      73
      78
      70
      74
      98
     100
      77
      85
      69
      80
      68
      86
      80
      86
      77
      85
      65
      65
      92
      69
      72
      70
      69
      85
      81
      68
      79
      92
      81
      67
      87
      82
      74
      58
      72
      85
      78
      68
      78
      62
      75
      68
      84
      67
      86
      62
      70
      84
      84
      68
      76
      79
      84
      76
      78
      67
      84
      81
      76
      83
      76
      70
      77
      82
      93
      90
      76
      75
      90
      86
      91
      69
      71
      66
      71
      90
      67
      76
      62
      85
      87
      86
      81
      94
      75
      99
      66
      77
      76
      74
      87
      77
      84
     101
      69
      97
      62
      76
      72
      81
      74
      96
      70
      88
      68
      85
      72
      74
      70
      81
      65
      75
      80
      77
      87
      92
      68
      84
      82
      80
      80
      97
      68
      71
      74
      81
      83
      75
      68
      84
      75
      69
      83
      86
      81
      86
      86
      83
      73
      94
      97
      88
      89
      65
      60
      98
      84
      83
      74
      85
      92
      78
      85
      83
      60
      94
      74
      85
      82
      96
      76
      89
      87
      77
      76
      83
      66
      90
      83
      94
      89
      89
      73
      85
      87
      75
      79
      84
      74
     104
      88
      89
      86
      90
      84
      97
      84
      79
      71
      87
      90
      76
      67
      72
      85
      86
      90
      80
      88
      86
      81
      88
      87
      78
      84
     103
      85
     100
      96
      83
     100
      86
      82
      87
      99
      81
      84
     102
      84
      88
      79
      81
      78
      90
      92
      75
      77
      96
      91
      85
      84
      98
      79
      85
      75
      92
      92
      90
      97
      77
      86
      75
      90
      78
      78
      83
      97
      82
      81
      90
     101
      87
      82
      80
      71
      75
      92
      79
      97
      93
      84
      90
      78
      83
      82
      90
      86
      82
      80
      66
      96
      83
      87
      97
     108
      94
      76
      80
      77
     102
     100
      85
      76
      76
      81
      70
      88
      74
      86
      88
     105
      82
      82
      85
      89
      80
      85
      89
      92
      78
      80
      77
      84
      92
      74
      82
      89
      92
      98
      88
      81
      75
      83
      80
      92
      81
      96
      80
      84
      96
      86
      88
      75
      91
      67
      93
      76
      77
      67
      85
      81
      71
      85
      87
      73
      62
      89
      81
      88
      81
      92
      89
      76
      75
      85
      77
      83
      92
      76
      79
      81
      83
      90
      73
      78
      73
      83
      86
      90
      80
      67
      79
      86
      83
      76
      73
      92
      78
      96
      77
      84
      65
      75
      78
      70
      87
      67
      77
      77
      79
      69
      71
      73
      71
      69
      65
      73
      58
      70
      62
      67
      85
      66
      61
      74
      73
      68
      65
      70
      59
      62
      67
      69
      64
      63
      78
      76
      71
      64
      59
      62
      61
      68
      69
      51
      50
      64
      70
      64
      59
      59
      65
      69
      70
      85
      65
      58
      64
      69
      70
      64
      60
      59
      55
      52
      63
      56
      65
      51
      44
      53
      57
      67
      46
      49
      77
      52
      57
      43
      52
      54
      65
      55
      57
      48
      63
      45
      47
      51
      62
      52
      48
      59
      56
      63
      53
      63
      42
      40
      43
      50
      64
      53
      53
      47
      51
      63
      42
      61
      51
      65
      53
      52
      64
      59
      43
      52
      50
      60
      60
      44
      55
      50
      55
      51
      30
      56
      65
      59
      45
      53
      37
      47
      44
      45
      46
      51
      49
      41
      44
      45
      47
      46
      55
      47
      57
      39
      59
      40
      37
      41
      49
      53
      51
      48
      40
      54
      57
      52
      51
      58
      38
      43
      70
      50
      59
      50
      51
      60
      40
      49
      46
      45
      56
      40
      55
      42
      46
      47
      42
      49
      41
      40
      49
      54
      48
      48
      47
      50
      45
      46
      52
      36
      57
      46
      46
      45
      48
      42
      54
      42
      41
      47
      39
      44
      55
      55
      44
      46
      38
      47
      43
      62
      48
      44
      62
      45
      46
      54
      47
      47
      45
      51
      56
      55
      51
      51
      35
      60
      46
      44
      42
      62
      48
      43
      26
      45
      35
      46
      64
      63
      43
      55
      58
      39
      39
      50
      52
      42
      37
      53
      48
      42
      44
      44
      65
      58
      48
      36
      33
      43
      43
      46
      57
      40
      50
      31
      55
      45
      39
      51
      41
      41
      48
      44
      33
      46
      47
      46
      39
      35
      50
      41
      58
      53
      48
      38
      50
      55
      42
      40
      47
      43
      47
      47
      47
      57
      49
      44
      42
      37
      51
      42
      40
      44
      51
      37
      54
      36
      50
      50
      54
      37
      28
      46
      31
      49
      35
      54
      43
      41
      40
      49
      48
      40
      48
      44
      42
      41
      52
      54
      36
      50
      37
      31
      52
      42
      47
      40
      50
      42
      33
      43
      50
      33
      43
      44
      31
      36
      40
      43
      47
      43
      44
      36
      39
      54
      40
      50
      39
      33
      40
      33
      41
      25
      45
      43
      40
      35
      56
      48
      32
      43
      47
      59
      41
      43
      39
      48
      35
      45
      44
      42
      30
      40
      43
      43
      36
      36
      50
      36
      40
      47
      40
      47
      41
      35
      28
      37
      43
      53
      40
      36
      36
      38
      35
      39
      47
      51
      35
      33
      43
      38
      37
      27
      41
      46
      52
      49
      40
      40
      38
      41
      38
      46
      37
      38
      41
      50
      41
      54
      42
      40
      42
      38
      33
      36
      41
      39
      26
      37
      31
      36
      34
      38
      34
      47
      31
      30
      42
      45
      39
      34
      27
      31
      31
      39
      29
      45
      44
      35
      35
      48
      37
      35
      29
      41
      37
      42
      49
      32
      37
      39
      45
      37
      39
      35
      48
      33
      35
      39
      40
      32
      47
      31
      42
      33
      51
      41
      34
      41
      38
      43
      41
      45
      42
      32
      34
      46
      38
      29
      30
      35
      43
      46
      34
      37
      39
      35
      49
      45
      39
      33
      39
      41
      34
      46
      30
      45
      33
      20
      36
      33
      27
      38
      44
      39
      38
      37
      36
      41
      40
      40
      45
      27
      34
      36
      27
      45
      34
      34
      50
      38
      42
      41
      36
      35
      40
      25
      36
      36
      28
      43
      35
      31
      31
      41
      45
      35
      32
      32
      38
      32
      36
      29
      33
      24
      37
      31
      38
      34
      42
      32
      39
      27
      53
      36
      37
      42
      33
      31
      36
      37
      47
      33
      38
      33
      30
      35
      36
      33
      30
      48
      38
      43
      34
      40
      38
      32
      37
      36
      44
      39
      34
      38
      35
      30
      35
      33
      37
      31
      38
      42
      36
      41
      47
      28
      28
      27
      35
      39
      24
      38
      31
      35
      28
      31
      32
      28
      36
      34
      19
      31
      36
      45
      27
      27
      35
      29
      30
      42
      27
      37
      23
      31
      38
      36
      32
      28
      36
      29
      27
      26
      33
      36
      32
      39
      30
      38
      28
      30
      44
      40
      32
      33
      27
      35
      30
      35
      18
      32
      27
      29
      43
      31
      25
      34
      29
      32
      25
      40
      26
      27
      34
      28
      34
      30
      36
      40
      37
      29
      33
      31
      31
      34
      37
      23
      33
      24
      33
      37
      25
      26
      27
      32
      19
      18
      35
      31
      31
      25
      31
      36
      29
      15
      25
      21
      25
      33
      26
      29
      25
      22
      23
      28
      28
      28
      25
      34
      28
      34
      24
      27
      31
      22
      22
      32
      24
      29
      38
      33
      24
      25
      28
      19
      26
      41
      22
      26
      26
      27
      22
      31
      31
      28
      37
      22
      26
      28
      32
      26
      27
      25
      24
      22
      34
      38
      27
      28
      24
      22
      32
      21
      32
      29
      31
      26
      27
      24
      28
      30
      28
      23
      17
      18
      28
      22
      22
      36
      28
      25
      23
      26
      25
      23
      19
      33
      29
      20
      32
      22
      24
      17
      29
      27
      37
      14
      33
      33
      17
      29
      34
      30
      22
      33
      22
      22
      28
      27
      28
      34
      28
      23
      26
      25
      28
      34
      18
      28
      32
      24
      34
      14
      27
      24
      24
      28
      31
      25
      20
      32
      19
      29
      23
      28
      19
      22
      20
      30
      23
      22
      23
      34
      21
      24
      24
      26
      19
      26
      24
      30
      27
      27
      32
      25
      31
      22
      20
      27
      16
      26
      26
      22
      16
      29
      25
      27
      20
      24
      20
      19
      22
      25
      29
      27
      32
      19
      17
      20
      20
      21
      23
      14
      31
      25
      21
      23
      16
      20
      29
      28
      20
      22
      25
      16
      25
      18
      24
      32
      25
      27
      20
      27
      23
      20
      28
      17
      25
      11
      24
      23
      16
      30
      22
      23
      19
      17
      21
      17
      22
      24
      23
      25
      17
      26
      23
      16
      29
      18
      17
      22
      18
      18
      21
      18
      26
      26
      21
      18
      12
      26
      18
      20
      32
      22
      19
      27
      21
      19
      19
      25
      22
      25
      22
      22
      21
      21
      28
      16
      27
      22
      27
      36
      17
      18
      20
      14
      24
      24
      22
      26
      17
      14
      11
      20
      15
      27
      23
      18
      12
      23
      14
      20
      19
      11
      13
      19
      19
      21
      22
      16
      19
      22
      15
      23
      22
      23
      22
      13
      19
      16
      24
      14
      15
      14
      21
      17
      28
      18
      17
      11
      18
      27
      23
      16
      19
      26
      23
      17
      20
      28
      18
      13
      27
      17
      13
      17
      24
      24
      15
      17
      19
      16
      17
      22
      20
      14
       9
      13
      16
      18
      14
      13
      20
      16
      20
      16
      16
      25
      17
      27
      15
      21
      21
      22
      11
      10
      26
      13
      13
      13
      18
      15
      23
      12
      20
      14
      19
      16
      20
      14
      17
      10
      19
      18
      26
      24
      20
      17
      17
      10
      16
      19
      17
      19
      16
      19
      13
      16
      14
      18
      16
      18
      17
      16
      23
      17
      13
      17
      17
      23
      23
      11
      14
      18
      10
      25
      16
       9
      17
      18
      12
      21
      27
      16
      20
      16
      18
      18
      21
      18
      13
      14
      13
      21
      19
      24
      20
      13
      18
      11
      13
      10
      17
      24
      24
      11
      20
      19
      25
      13
      18
      17
      15
      14
      11
      19
      15
       7
      12
      18
       5
      13
      18
      18
      18
      15
      14
      11
      17
      18
      11
      11
      12
      14
      14
      12
      16
      13
      14
      21
      15
      22
       6
      13
      22
      15
      11
      11
      22
      11
      13
      13
      11
      18
      12
      20
      19
      15
      17
      14
      18
      15
      20
       7
       6
      15
      18
      11
      16
       7
      11
      17
      20
      13
      14
       9
      14
      13
      13
      10
      11
      15
      18
      21
      19
      14
      11
      15
      14
      19
      20
      15
      21
      13
      16
      17
      13
      17
      16
      17
      15
      21
      16
      15
      14
      14
      15
      12
      12
      11
      17
      15
      13
      18
      15
      17
      10
      17
      17
      19
      15
       9
      14
       9
      16
      11
      12
      13
      11
       8
       9
      18
       8
      16
      13
      20
      14
      15
      13
      13
      14
       5
      14
      10
       8
      18
      10
      15
      11
      10
      20
      17
      18
      18
      11
       6
      17
      11
      15
      13
      17
      18
      14
      13
      13
       8
      18
      12
      12
      10
      14
      13
      12
      17
      11
      15
      10
      19
      13
       9
      12
      18
      17
       9
      13
      15
      12
      14
      15
       9
       8
       9
       8
       8
      14
      13
      10
      10
      20
      17
      10
      17
      16
      19
       8
      11
       7
      12
      21
      13
       9
      18
       9
      16
      15
      14
      11
      14
       9
       9
      16
      20
      14
      18
      17
      11
      12
      12
      12
      15
      10
      15
      12
      15
       7
      10
       9
       9
       7
      12
      17
       8
      22
       6
      17
      12
      10
       9
      11
      17
      12
      12
      17
       9
      16
      11
       9
      12
      11
      12
      17
       5
      21
       7
       8
      16
      17
      16
      18
      17
       8
      18
       7
      18
      13
      12
      11
      13
      13
      12
      16
      12
       7
      11
      10
      10
      13
      14
      16
      19
      20
       8
       7
       7
      15
      15
       7
      18
      16
      12
      14
      18
      16
       9
      15
      16
      10
       8
      14
      10
      13
       9
       9
      13
      16
      10
       9
      14
      16
      16
       3
      17
      14
      11
      13
      14
      17
      11
       8
      13
      15
       9
      12
      11
      14
      12
      20
      20
      18
      15
      14
      15
      10
      12
      10
      11
       8
      12
      13
      14
      10
       9
      11
      10
      16
      11
      15
       9
      20
       6
       8
      11
      11
      13
      15
      13
      15
      13
      13
      16
      13
       8
      11
      21
      10
       7
      11
      19
      10
       9
      12
      15
      16
       8
      15
      12
      15
       3
      17
      12
      14
      16
      10
      19
      13
      13
       7
      13
      13
      17
      15
      13
       6
      24
      16
      10
      12
      18
       7
      13
      13
      15
      15
      13
      14
      16
      10
      11
       8
      12
      15
      12
      13
      14
      17
      13
      10
       7
       9
      11
      14
      10
      11
      14
      12
      11
       8
       6
      17
      13
      15
      18
      11
       8
      11
      14
      10
      13
      12
      11
      14
      17
      10
      13
      13
      11
      10
       8
       5
      13
       7
      11
      11
      10
      12
      12
      10
      13
      14
      12
       8
      12
      11
      12
      13
      13
      16
      23
      15
      11
      17
      18
      15
      15
      11
       9
      10
      10
       5
      12
      11
      18
      14
       9
       8
       9
      16
      11
      11
      10
      13
      11
       9
      12
       8
      17
      18
       9
      11
      11
       8
       8
      11
      13
      15
      11
      13
      18
      14
      19
      16
       8
      17
       9
      14
      14
      14
      14
      11
      10
      15
      10
       8
      19
      14
      10
       8
      14
      13
       9
      13
       9
      11
      14
      15
      11
       9
      13
      16
      10
      12
       9
      11
       9
      12
      22
      22
      16
       7
      13
      18
      14
      20
      15
       9
       7
      17
      21
      16
      15
      13
      10
      17
      11
      15
      12
      13
      10
      13
       6
      11
       8
      12
      11
      14
      12
      16
      12
      16
      13
      13
      12
      12
      11
       9
       8
      13
      12
      12
      12
      13
      14
      15
      10
       8
      16
      18
       9
      18
      13
      12
       9
      11
      12
      15
       5
       6
      15
      13
      14
      15
      15
      15
      12
      10
      13
      14
      10
      14
       7
       7
       6
      17
      16
      15
      17
      16
      12
      12
      13
      10
      17
      12
      13
      14
      17
      14
      10
      13
       9
      16
      15
      14
      18
      11
       9
      10
      12
       6
      10
      10
      10
      18
      19
      12
      15
      14
      16
      11
      12
      15
      20
      12
       9
      15
      10
      17
      20
      10
      11
      10
      13
      15
      14
      10
      13
      11
       8
      11
      14
      13
      20
      14
      12
      15
      11
      18
      11
      17
      12
      14
      13
      11
      16
      13
      11
      12
      10
       9
      14
      17
      15
      12
      13
      15
      13
      11
      10
      14
      11
      21
      15
      15
      10
      11
       9
      10
      17
      13
      14
      12
      14
      16
      12
      14
       3
      10
       9
      13
      13
      14
       9
      10
      12
       8
      14
      10
      10
      17
      13
      10
      14
      23
      13
       9
      12
      15
      15
      10
      17
       8
      15
      12
      13
       8
      10
      16
      11
      13
      12
       6
      11
      12
      10
      10
      11
      10
      14
      22
      10
      22
      11
      10
       8
      17
      11
       9
      13
      18
      12
      19
      11
      14
      13
      11
       9
      16
       8
      13
      12
       8
      10
      12
      16
      15
       7
      12
      13
      14
      18
       8
       9
      11
      10
      11
      16
      14
      16
      21
      17
      12
      18
      17
      13
      10
       7
       8
      14
      20
      15
      20
       9
      19
      22
      19
       9
      12
      10
      14
      23
       6
       8
      15
      12
       7
      17
      13
      14
      18
       8
      14
      13
      11
      12
      11
      18
      15
      12
      15
      12
      12
       8
      12
      12
      11
      18
      17
      12
      12
      13
      10
       8
       9
      13
      17
       9
      10
      17
      13
      16
      30
      15
      12
      13
      21
      15
      15
      17
       9
       9
      14
      21
      13
      19
      11
      19
      16
      14
      17
      16
      16
      18
      12
      16
      18
      14
      10
       9
      23
      15
      12
      22
      13
      11
      12
      17
      14
      10
      11
      24
      14
      21
      10
      15
      12
      21
      17
      16
      15
      15
      13
      12
      14
      14
      24
      15
      14
      17
      22
      10
      15
      22
      17
      23
      25
      21
      17
      12
      17
      16
      17
      23
      22
      17
      24
      29
      20
      26
      24
      21
      26
      28
      26
      29
      19
      28
      31
      36
      45
      50
      51
      60
      68
      78
      82
      95
     121
     127
     162
     172
     211
     228
     275
     339
     452
     535
     617
     751
     907
    1007
    1253
    1417
    1738
    2013
    2196
    2577
    2710
    3189
    3448
    3716
    3835
    4078
    4131
    4170
    4214
    3978
    3883
    3601
    3282
    3042
    2656
    2405
    2056
    1659
    1404
    1102
     841
     726
     503
     457
     289
     259
     174
     116
      98
      76
      59
      48
      39
      29
      29
      20
      17
      15
      14
      18
      20
      20
      13
      17
      16
      18
      14
      12
      22
      12
      15
      12
      19
      16
      15
      16
      14
       9
      13
      13
      18
      11
      17
       7
      19
      12
       5
       8
      16
       6
      12
      10
      16
      11
      15
      15
      19
      12
       8
      12
      12
       9
      16
      11
      14
      12
      11
      11
      13
      14
      14
      12
      13
      12
      10
      11
      10
      12
      11
       8
      13
      12
      18
      10
      10
      12
       9
       7
       7
      11
      10
       7
      11
      10
      14
      14
      12
      12
      13
       6
      11
       9
      11
      11
       6
       9
      10
      12
       8
       8
      10
      15
      15
      11
       6
      11
       7
      16
      11
      11
      10
      10
      13
       8
       8
      10
      11
       9
      13
       4
       8
      17
       7
      13
       9
       7
       7
       6
       7
       7
      16
       8
       7
       8
       7
      11
      14
       5
      13
      11
      11
       8
      12
       6
       7
      11
      15
       9
       6
       7
      10
       6
      12
       7
       8
       7
       8
      11
      13
      10
      13
      11
      10
       9
      15
       6
      13
      11
       9
       4
      10
       6
       5
       8
       7
       6
       9
      10
       1
       8
       5
       6
      17
      12
       5
      11
       6
      11
       9
      10
      10
       8
      13
      11
       8
       5
      11
       4
       5
       4
       6
       8
      14
      10
      14
       7
       9
      12
       5
      11
       7
      10
      11
       6
      11
      10
      10
       9
       9
       8
       8
       3
       7
      10
       7
      12
      10
      14
       7
      12
      10
      11
       4
       5
      10
       7
      15
      10
       6
       7
       9
       7
       5
       9
      12
       8
       7
       5
       9
      10
      10
       8
       6
      10
       2
       8
       7
       7
       5
       6
       7
       7
       9
       4
      12
       5
       6
       9
       7
       8
      11
      12
       3
       9
       5
       7
       7
       6
       6
       6
       8
       3
       9
       2
       8
       1
      10
       4
       7
       7
       6
       8
       7
       4
       9
       5
       6
       3
       9
      13
       5
       6
       6
       5
       9
       9
       9
       9
       6
       6
       5
       7
       4
       5
       7
       9
       8
       6
       3
       5
       3
       5
       7
       4
       9
      10
       5
       6
       5
      11
       8
       5
      10
       7
       5
      11
       5
       5
      10
       7
       9
       6
       7
       2
      10
       7
       7
       8
      12
       9
       5
      12
       4
      13
       8
       5
       4
       8
       6
       4
       4
       6
       8
      12
       5
      11
      11
       7
       7
       7
       9
       4
       7
       6
       9
       6
       5
       8
       7
      11
      10
       3
       9
       5
      11
       9
       7
       4
       9
       9
      10
      12
       8
       7
      10
       7
       6
       8
      12
       7
       4
       9
       5
       9
       8
       8
       8
      10
       3
       7
       8
      13
       8
       6
       6
       6
       4
       6
      10
       4
       7
       3
      10
       7
       5
       6
       4
       5
       9
       4
       8
       5
       6
       9
       5
       9
       6
       7
       9
       8
       8
       5
       8
       6
       7
       5
       7
       6
       7
       8
       9
       4
       4
       6
       5
      10
       9
       6
       4
       8
       4
       6
      11
       6
       9
       8
       2
       8
       9
       4
       8
       9
       6
      10
       4
      13
       7
       6
       4
       7
       5
       6
      10
       8
       5
       8
       3
       9
      10
      13
       8
       2
       5
       8
       7
       8
       7
       4
       5
       9
       5
       5
      10
       8
       2
       6
       4
       8
       5
       4
       9
       4
       7
       6
      10
       6
       6
       7
       4
       3
       4
       7
      11
       5
       7
       4
       6
       4
      11
       4
       7
      10
       7
       7
       4
       5
       2
       6
       6
      10
       9
       5
       7
       7
       6
       7
       4
      12
       4
       8
       9
       7
      10
       1
       5
       9
       5
       6
       6
       6
       5
       9
      12
      10
      12
       3
       7
      13
       4
      10
       5
      10
       5
       7
       7
      11
       4
       6
       5
       5
      10
       9
      10
       4
       5
       5
       8
       5
       6
      10
       9
       2
      12
       8
       5
       6
       8
       5
       2
       4
       7
      11
       9
      12
       6
       9
       6
      10
       4
       4
       7
       6
       3
       5
       7
       7
       4
       5
       7
       5
       7
       5
       7
       7
       9
       8
       6
       5
       5
       9
       4
       9
      12
       6
       4
       1
       2
       9
       2
       3
       8
       2
       1
       8
       3
       5
       6
       5
       5
       5
       7
       8
       7
       2
       7
      10
       4
       6
       8
       9
       4
       7
       1
       2
       4
       2
       8
       8
       4
       9
       7
       6
       6
       2
       3
       2
       6
       9
      12
       2
       8
       6
       4
       8
       2
       5
       9
       5
       8
       9
       4
       4
       6
       6
       4
       3
       6
       2
       7
       6
       7
       3
       7
       4
       8
       7
       5
      10
       2
       6
       1
       4
       5
       5
       6
       7
       5
       9
       4
       7
       8
       6
       8
       5
       6
       4
       2
       2
       2
       6
       5
       8
       5
       6
      10
       8
       6
       2
       9
       7
       4
       3
       3
       2
       8
       5
       7
       9
       6
       4
       9
      10
       6
       5
       5
       9
       1
       7
       8
       6
       7
       6
      11
       3
       6
       9
       3
       2
       4
       8
       5
       3
       6
       5
       4
       2
       4
       8
       9
       3
       6
       8
      10
       8
       6
       4
       4
       6
       6
       6
       5
       3
       4
       5
       7
       8
       7
       3
      12
       4
       7
       5
       7
       9
       2
       9
       7
       2
       6
       2
       3
       5
       8
       8
       5
       4
       5
       3
       2
       8
       4
       9
       6
       2
       4
       2
       1
       5
       4
       3
       9
       2
       5
       3
       6
       5
       5
       6
       4
      10
       6
       5
       6
       3
       5
       3
       9
       3
       4
       3
      10
       7
       6
       1
      14
       4
       6
      11
       5
       7
       3
       6
       5
       5
       3
       9
       5
       7
       6
       7
       4
       3
       4
       2
       6
       7
       3
       3
       6
       3
       6
       8
       4
       4
       9
       6
       5
       5
       4
       8
       7
       1
       4
       9
       1
       5
      12
       8
       1
       7
       8
       6
       6
       3
       7
       6
       6
       4
       3
       5
       8
       2
       7
       5
       7
       4
       6
       5
       6
       4
      10
       3
       6
       5
       7
       7
       4
       9
       4
       7
       2
       7
       3
       4
       4
       5
       5
       7
       4
       6
       4
       5
       5
      10
       3
       7
       4
       8
       3
       6
       6
       9
       5
       8
       5
       4
       5
       5
       5
       5
      10
       9
       3
       8
      10
       3
       1
       6
       8
       6
       4
       4
       4
       5
       6
       6
       5
       3
       7
       5
       5
       4
       8
       8
       5
       6
       7
       7
       8
       3
       3
       6
       2
       3
       6
       5
       4
       7
       7
       5
       3
       7
       4
       9
       9
       6
       9
       4
       7
       8
       9
       7
       7
       5
       4
      10
      11
       6
       6
       8
       9
       5
       8
       6
       9
       5
       4
       3
       2
       8
       4
       3
       4
       4
       6
       8
       9
       8
       8
       4
       5
       6
       6
       6
       9
       8
       7
       8
       4
       5
       8
       5
       7
      10
       7
       6
       2
       5
       4
       2
       5
       4
       8
       5
       3
       1
       8
       7
       8
       3
       5
       8
       2
      11
       7
       5
       4
       8
       6
       5
       5
       2
       6
       4
       6
       3
      11
       8
       6
       4
       4
       7
       2
       6
       5
       4
       2
       8
       6
       4
       2
      10
       7
       3
       4
       2
       4
       7
       5
       3
       5
       7
       7
       6
       5
       4
       5
       6
       6
       6
       4
       7
       9
       5
      10
       8
       7
       5
       2
       4
       6
       6
       5
       4
       7
       5
       5
       6
       9
       6
       5
       8
       3
       8
       2
       3
       4
       5
       8
       5
       7
       6
       5
       4
       5
       3
       4
       8
       4
       6
       8
       2
       8
       2
       8
       5
       7
      12
       1
       4
       5
      10
       3
       4
       4
       9
       5
       4
       9
       3
       8
       7
       5
       6
       8
       8
       3
       5
       6
       5
       8
       6
       2
       2
       6
       5
       7
       7
       7
       4
       2
       5
       4
       2
       3
       2
       5
       6
       3
       7
       4
       3
       8
       6
       1
       9
       1
       4
       6
       2
       3
       3
       5
       3
       5
       4
       3
       4
       6
       5
       5
       7
       5
       6
       4
       6
       7
       5
       9
       5
       3
       5
       7
       9
       9
       9
       8
       8
       8
      11
       5
       4
       7
       3
       4
       7
       7
       6
       6
       6
       6
       9
       6
       3
       4
      10
       2
       3
       5
       4
       8
       7
       4
       5
       6
       8
       5
      10
       7
       1
       7
       4
       3
       3
       8
       5
      10
       6
       7
       2
       5
       2
       6
       3
       8
       4
       5
       3
       8
       8
       5
       6
       6
       3
       5
       2
       7
       4
       8
       5
       5
       2
       8
       5
       7
       4
       7
       7
       4
       7
       6
       3
       3
       3
       4
       6
       5
       4
       9
       5
       7
       5
      11
       5
       7
       3
       3
       4
       8
       2
       5
       1
       4
       4
       5
       4
       5
       5
       8
       6
      15
       3
       4
       3
       4
       3
       9
       6
       4
       7
       3
       1
       4
       8
       6
       6
       1
       4
       5
       5
       3
       6
       6
       5
       4
       5
      10
       8
       3
       2
       4
       3
       5
       6
       9
       5
       1
       7
       2
       8
       2
       8
       2
       3
       3
       5
       4
      12
       3
       4
       9
       5
       7
       5
       5
       1
       5
       2
       5
       2
       3
       5
       4
       5
       6
       4
       2
       7
       4
       7
       6
       3
       6
       1
       2
       0
       4
       4
       4
       2
       5
       4
       3
       6
       7
       6
       2
       1
       5
       4
       6
       8
       3
       8
       6
       3
       6
       3
      10
       4
       8
       7
       5
       2
       5
       5
       4
       5
       4
       3
       3
       5
       9
       2
       3
       5
       3
       5
       5
       3
       3
       6
       2
       7
       5
       6
       4
       4
       4
       5
       3
       4
       3
       6
       3
       5
       4
       3
       5
       4
       6
       3
       4
       7
       4
       3
       4
       5
       3
       1
       7
       2
       8
       5
       5
       3
       8
       7
       3
       5
       1
       7
       5
       6
       7
       1
       5
       3
       3
       7
       3
       7
       7
       6
       5
       5
       6
       5
       5
       2
       5
       4
       3
       7
       5
       7
       2
       1
       6
       5
       4
       1
       4
       5
       8
       7
       4
       2
       2
       8
       8
       2
       4
       1
       0
       5
      10
       4
       2
       6
       8
       5
       5
       1
       4
       6
       5
       9
       3
       4
       4
       7
       2
       5
       1
       5
       6
       6
       4
       6
       7
       5
       4
       5
       3
       4
       4
       3
       6
       9
       7
       4
       6
       2
       4
       5
       4
       4
       3
       2
       3
       7
       7
       5
       2
       6
       8
       5
       6
       0
       5
       4
       3
       2
       6
       3
       5
       5
       5
       3
       2
       1
       6
       2
       3
       4
       9
       2
       6
       2
       3
       4
       4
       2
       3
       2
       6
       6
       7
       4
       4
       3
       5
       7
       5
       2
       3
       6
       5
       7
       4
       5
       7
       4
       6
       4
       5
       3
       2
       2
       5
       8
       5
       6
       6
       5
       5
       4
       5
       3
       5
       2
       3
       6
       6
       2
       3
       3
       6
       4
       6
       4
       2
       5
       7
       7
       8
       7
       3
       4
       6
       2
       7
       5
       5
       6
       4
       4
       7
       4
       3
       8
       1
       3
       4
       4
      10
       6
       6
       5
       6
       5
       1
       9
       9
       5
       3
       3
       3
       3
       7
       5
       7
       8
       6
       9
       4
       2
       3
       3
       6
       4
       8
       6
       5
       3
       1
       6
       3
       4
       7
       6
       5
       4
       4
       7
       6
       7
       3
       9
       4
       1
       4
       2
       7
       5
       2
       8
       8
       7
       4
       5
       7
       5
       3
       3
       6
       3
       2
       5
       3
       8
       5
       6
       1
       2
       4
       2
       9
       7
       4
       7
       6
       6
       5
       6
      10
       2
       5
       0
       4
       6
       8
       5
       8
       6
       3
       5
       4
       5
       8
       5
       7
       7
      11
       2
       3
       4
       4
       9
       6
       5
       6
       6
       0
       2
       6
       6
       3
       5
       9
       6
      10
       3
       8
       5
       8
      12
      11
      11
      13
      11
      11
       9
       9
      14
      16
      16
      22
      19
      19
      17
      16
      16
      15
      14
       9
      13
      14
       6
      13
      13
       8
       6
       1
       5
      10
       8
       5
       4
       5
       3
       8
      11
       1
       5
       4
       3
       4
      11
       3
       7
       8
       2
       3
       5
       7
       3
       4
       2
       2
       0
       2
       6
       8
       8
       3
       5
       9
       3
       3
       6
       4
       5
       1
       4
       6
       8
       4
       5
       2
       9
       8
       5
       4
       5
       4
       6
       5
       5
       5
       4
       4
       4
       6
       4
       8
       6
       7
       2
       4
       5
       5
       0
       5
      11
       1
       4
       3
       5
       2
       7
       3
       6
       2
       4
       5
       4
       4
       3
       2
       3
       8
       2
       1
       4
       6
       5
       5
       5
       5
       7
       6
       3
       5
       3
       5
       3
       3
       3
       8
       1
       3
       3
       5
       7
       3
       4
       5
       5
       6
       8
       8
      10
       1
       1
       5
       1
       3
       2
       2
       7
       2
       5
       4
       5
       6
       4
       3
       3
       3
       3
       4
       2
       4
       3
       5
       4
       2
       4
       3
       3
       7
       6
       5
       3
       5
       3
       5
       1
       3
       7
      10
       6
       6
       4
       3
       4
       5
       2
       4
       6
       9
       4
       8
       5
       6
       8
       2
       6
       5
       8
       4
       4
       3
       5
       5
       5
       8
       5
       3
       6
       3
       2
       5
       8
       5
       7
       5
       2
       5
       4
       3
       3
       5
       8
       3
       4
       6
       6
       5
       1
       3
       4
       2
       4
       4
       4
       6
       4
       4
       0
       6
       5
       3
       4
       2
       7
       7
       3
       5
       3
       3
       1
       5
       6
       4
       2
       7
       5
       4
       5
       8
       1
       2
       3
       1
       9
       6
       9
       6
       1
       3
       3
       4
       3
       0
       4
       7
       4
       5
       5
       4
       8
       5
       1
       4
       5
       5
       1
       3
       6
       5
       6
       5
       3
       3
       6
       2
       2
       5
       7
       5
       6
       6
       3
       1
       5
       5
       6
       4
       3
       5
       4
       3
       2
       5
       1
       4
       7
       3
       5
       8
       5
       4
       9
       6
       5
       6
       4
       4
       2
       5
       3
       7
       6
       6
       6
       4
       6
       7
       2
       7
       5
       4
       1
       5
       1
       5
       4
       3
      10
       4
       6
       3
       3
       4
       2
       3
       5
       3
       7
       3
       1
       3
       2
       5
       5
       6
       4
       5
       2
       3
       6
       2
       5
       6
      11
       7
       3
       2
       3
       8
       4
       3
       3
       3
       5
       3
       3
       3
       3
       5
       6
       4
       3
       4
       1
       4
       4
       7
      10
       4
       6
       5
       4
       3
       7
       7
       3
       6
       5
       3
       8
       3
       4
       8
       5
       6
       3
       4
       1
       4
       2
       4
       5
       6
       8
       8
       2
       2
       3
       5
       0
      10
       1
       5
       3
       3
       5
       6
       5
       6
       6
       1
       3
       7
       6
      10
       5
       4
       8
       4
       3
       2
       6
       1
       6
       8
       3
       5
       6
       6
       4
       3
       3
       2
       7
      10
       3
       7
      11
       4
      11
       4
       5
       2
       6
       3
       9
       3
       4
       3
       2
       2
       6
       5
       4
       2
       5
       8
       5
       6
       5
       5
       4
       2
       5
       3
       9
       6
       3
       8
       7
       2
       5
       7
       3
       6
       2
       3
       4
       2
       4
       3
       5
       4
       5
       5
       5
       2
       5
       5
       2
       5
       4
       6
       4
       4
       3
       2
       4
       6
       2
       3
       3
       2
       5
       4
       4
       3
       1
       4
       6
       4
       4
       6
      12
       5
       5
       5
       3
       5
       3
       4
       5
       3
       7
       2
       6
       6
       0
       4
       8
       3
       6
      10
       7
       6
       2
       3
       2
       3
       3
       4
       4
       5
       3
       5
       4
       6
       6
       3
       3
       3
       3
       6
       5
       4
       7
      13
       8
       4
       2
       4
       4
       4
       6
      10
       4
       4
       6
       6
       8
       5
       5
       3
       6
       3
       7
       5
       0
      12
       3
       5
       2
      10
       3
       4
       1
       7
       4
       7
       3
       5
       4
       6
       7
       6
       5
       4
       5
       4
       2
       7
       5
       3
       8
       4
       6
       2
       6
       3
       7
      12
       7
       6
       4
       5
       5
       4
       4
       3
       0
       2
       4
       7
       5
       4
       6
       3
       2
       3
       7
       7
       9
       4
       3
       4
       5
       2
       6
       4
       7
       4
       1
       3
       4
       8
       0
       2
       8
       7
       6
       2
      10
       5
       6
       4
       7
       1
       9
       3
       3
       1
       5
       5
       5
       3
       5
      10
       4
       4
       5
       5
       8
       4
       4
       4
       5
      11
       2
       3
       5
       7
       3
       5
       8
       7
      10
       2
       5
      10
       8
       5
       2
       3
       4
       1
       3
       3
       7
       8
       4
       2
       6
       8
       6
       5
       5
       5
       2
       5
       4
       1
       8
       6
       3
       4
       7
       3
       3
       7
       5
       6
       5
       6
       1
       3
       8
       4
       0
       2
       2
       5
       5
       4
       3
       5
      10
       8
       7
       2
       1
       7
       7
       3
       5
       5
       5
       3
       9
       7
      10
       5
       3
       6
       7
       5
       7
       5
       7
       7
       6
       3
       4
       8
       6
       8
       5
       7
       1
       4
       4
       1
       2
       4
       3
       5
       5
       3
       3
       2
       4
       4
       6
       6
       3
       5
       5
       5
       5
       3
       5
       5
       3
       7
       4
      10
       4
       7
       5
       5
       8
       5
       5
       3
       7
       3
       4
       7
       6
       8
       4
       2
       7
       5
       3
      10
       4
       4
       6
       2
       7
       7
       5
       1
       3
       8
       5
       5
       5
       6
       4
       5
       5
       4
       5
       5
       2
       3
       8
       8
       7
       4
       2
       4
       6
       1
       6
       9
       2
       4
       3
       8
       3
       6
       3
       6
       5
       4
       4
       3
       1
       4
       4
       3
       5
       4
       3
       8
       6
       0
       4
       6
       6
       6
       2
       6
       5
       4
       9
       4
       2
       4
       8
       5
       5
       7
       4
       2
       6
       4
      10
       7
       7
      12
       7
       0
       6
       6
       4
       2
       3
      10
       3
       4
       7
       5
       5
       3
       3
       0
       6
       6
       6
       8
       3
       3
       2
       8
       4
       7
       5
       6
       3
       4
       5
       7
       6
       2
       4
       4
       5
       4
       8
       8
       3
       5
       2
       6
       6
       2
       2
       4
       5
       3
       4
       3
       5
       3
       5
       4
       4
       3
       5
       3
       8
       9
       5
       5
       7
       7
       6
       3
       4
       3
       4
       7
       3
       4
       7
       1
       3
       8
       5
       7
       6
       3
       8
       4
       3
       9
       7
       1
       8
       5
      11
       6
       5
       6
       6
       4
       5
       7
       1
       5
       1
       7
       5
       5
       7
       3
       8
       7
       4
       6
       3
       4
       4
       4
       3
       6
       5
       5
       3
       4
       4
       5
       7
       8
       9
       8
       3
       8
       9
       4
       4
       7
       3
       2
       6
       4
       3
       6
       2
       6
       4
       6
       6
       3
       4
       4
       5
       9
       7
       7
       1
       9
       6
       5
       7
       9
       5
       5
       6
       3
       5
       4
       3
       3
       2
       4
       4
       5
       6
       4
       1
       8
      10
       4
       5
       2
       6
       1
       4
       5
       6
       2
       5
       7
       7
       4
       3
       3
       2
       6
       3
       7
       7
       8
       5
       5
       3
       5
       2
       5
       5
       8
       2
       4
       0
      10
       3
       2
       2
       3
       6
       4
       1
       3
       5
       3
       3
       4
       6
       5
       2
       7
       4
       3
       7
       6
       3
       3
       2
       4
       4
       2
       5
       6
       2
       4
       6
       8
       3
       1
       3
       6
       1
       6
       4
       2
       9
       5
       4
       5
       2
       7
       4
       0
       8
       6
       3
       5
       2
       2
       4
       5
       6
       1
       0
       2
       2
       6
       4
       5
       5
       4
       3
       2
       4
       5
       3
       1
       5
       3
       0
       2
       3
       6
       5
       4
       4
       8
       3
       6
       5
       4
       7
       3
       5
       4
       4
       7
       3
       6
       2
       3
       3
       3
       6
       2
       3
       5
       5
       6
       5
       1
       2
       2
       5
       4
       5
       6
       3
       2
       0
       0
       2
       8
       3
       6
       2
       1
       1
       2
       1
       1
       2
       3
       2
       7
       4
       5
       5
       1
       6
       6
       2
       3
       5
       6
       4
       4
       4
       5
       3
       7
       3
       6
       6
       6
       4
       2
       2
       4
       9
       3
       5
       5
       2
       3
       4
       3
       5
       5
       3
       5
       4
       3
       3
       3
       3
       7
       2
       4
       3
       4
       6
       2
       4
       4
       5
       2
       5
       0
       3
       2
       3
       3
       5
       2
       4
       2
       6
       5
       4
       4
       4
       2
      10
       6
       2
       3
       4
       3
       3
       2
       3
       8
       6
       4
       4
       3
       7
       3
       5
       4
       7
       4
       1
       4
       2
       5
       4
       6
       6
      11
       4
       3
       5
       3
       5
       1
       6
       4
       4
       4
       7
       5
       5
       2
       6
       7
       4
       0
       2
       3
       2
       5
       1
       8
       3
      11
       2
       6
       4
       4
       5
       3
       6
       4
       4
       4
       3
       1
       1
       3
       5
       1
       4
       5
       7
       2
       2
       4
       4
       1
       1
       8
       5
       7
       3
       6
       2
       2
       4
       6
      11
       3
       4
       3
       7
       6
       3
       4
       6
       2
       4
       4
       4
       6
       3
       4
       3
       3
       2
       2
       4
       8
       5
       5
       6
       4
       4
       4
       6
       5
       2
      10
       3
       4
       4
       4
       4
       5
       8
       6
       4
       4
       6
       2
       1
       1
       5
       6
       5
       3
      10
       2
       7
       6
       1
       5
       3
       3
       4
       1
       3
       4
       6
       1
       4
       3
       1
       6
       5
       2
       4
       1
       3
       9
       2
       6
       5
       3
       7
       1
       3
       5
       5
       5
       1
       3
       5
       5
      10
       3
       4
       2
       2
       3
       5
       4
       6
       6
       5
       4
       5
       6
       4
       3
       4
       3
       4
       4
       3
       5
       0
       2
       4
       4
       3
       2
       1
       3
       0
       0
       0
       0
       0
       0
       0
       0
       0
       0
       0
       0
       0
       0
       0
       0
       0
       0
       0
       0
       0
       0
       0
       0
       0
       0
       0
       0
       0
       0
       0
       0
       0
       0
       0
       0
       0
       0
       0
       0
       0
       0
       0
       0
       0
       0
       0
       0
       0
       0
       0
       0
       0
       0
       0
       0
       0
       0
       0
       0
       0
       0
       0
       0
       0
       0
       0
       0
       0
       0
       0
       0
       0
       0
       0
       0
       0
       0
       0
       0
       0
       0
       0
       0
       0
       0
       0
       0
       0
       0
       0
       0
       0
       0
       0
       0
       0
       0
       0
       0
       0
       0
       0
       0
       0
       0
       0
       0
       0
       0
       0
       0
       0
       0
       0
       0
       0
       0
       0
       0
       0
       0
       0
       0
       0
       0
       0
       0
       0
       0
       0
       0
       0
       0
       0
       0
       0
       0
       0
       0
       0
       0
       0
       0
       0
       0
       0
       0
       0
       0
       0
       0
       0
       0
       0
       0
       0
       0
       0
       0
       0
       0
       0
       0
       0
       0
       0
       0
       0
       0
       0
       0
       0
       0
       0
       0
       0
       0
       0
       0
       0
       0
       0
       0
       0
       0
       0
       0
       0
       0
       0
       0
       0
       0
       0
       0
       0
       0
       0
       0
       0
       0
       0
       0
       0
       0
       0
       0
       0
       0
       0
       0
       0
       0
       0
       0
       0
       0
       0
       0
       0
       0
       0
       0
       0
       0
       0
       0
       0
       0
       0
       0
       0
       0
       0
       0
       0
       0
       0
       0
       0
       0
       0
       0
       0
       0
       0
       0
       0
       0
       0
       0
       0
       0
       0
       0
$ROI:
2
4852 5354
12587 12888
$PRESETS:
Live Time
10800
0
$ENER_FIT:
0.358687 0.099971
$MCA_CAL:
3
3.586871E-001 9.997089E-002 0.000000E+000 keV
$SHAPE_CAL:
3
3.638087E+001 -1.552510E-003 0.000000E+000
