$SPEC_ID:
JKL Model 927 SN 17053844 Input 1 HEC-Cr-HEC-Cr-T30-D100-HPGe1-2
$SPEC_REM:
DET# 2
DETDESC# BULK Model 927 SN 17053844 Input 1
AP# Maestro Version 6.08
$DATE_MEA:
05/11/2026 15:30:22
$MEAS_TIM:
251 356
$DATA:
0 16383
       0
       0
       0
       0
       0
       0
       0
       0
       0
       0
       0
       0
       0
       0
       0
       0
       0
       0
       0
       0
       0
       0
       0
       0
       0
       0
       0
       0
       0
       0
       0
       0
       0
       0
       0
       0
       0
       0
       0
       0
       0
       0
       0
       0
       0
       0
       0
       0
       0
       0
       0
       0
       0
       0
       0
       0
       0
       0
       0
       0
       0
       0
       0
       0
       0
       0
       0
       0
       0
       0
       0
       0
       0
       0
       0
       0
       0
       0
       0
       0
       0
       0
       0
       0
       0
       0
       0
       0
       0
       0
       0
       0
       0
       0
       0
       0
       0
       0
       0
       0
       0
       0
       0
       0
       0
       0
       0
       0
       0
       0
       0
       0
       0
       0
       0
       1
      19
     199
     485
     531
     574
     535
     522
     495
     469
     496
     465
     485
     435
     423
     462
     432
     460
     471
     461
     481
     461
     469
     458
     437
     440
     465
     432
     451
     445
     448
     480
     427
     456
     445
     479
     462
     450
     424
     460
     453
     438
     470
     465
     425
     451
     438
     397
     449
     442
     439
     473
     431
     447
     466
     440
     444
     424
     441
     420
     415
     420
     399
     402
     462
     438
     397
     445
     446
     417
     430
     444
     412
     432
     424
     443
     401
     431
     421
     409
     426
     365
     365
     414
     408
     391
     415
     414
     430
     431
     412
     399
     418
     425
     434
     427
     387
     397
     413
     401
     405
     366
     414
     425
     405
     386
     394
     420
     410
     405
     410
     356
     426
     403
     430
     398
     381
     415
     374
     399
     420
     400
     378
     384
     404
     418
     419
     389
     359
     413
     378
     403
     414
     371
     366
     350
     358
     414
     382
     397
     351
     389
     357
     377
     358
     365
     402
     356
     392
     368
     327
     372
     406
     347
     383
     385
     392
     357
     396
     368
     377
     362
     386
     367
     416
     366
     379
     409
     391
     358
     367
     377
     348
     326
     363
     365
     373
     359
     377
     383
     384
     374
     381
     361
     350
     363
     383
     368
     367
     354
     353
     394
     365
     383
     312
     389
     377
     367
     403
     352
     373
     349
     369
     392
     323
     365
     343
     354
     348
     376
     366
     359
     342
     363
     381
     380
     349
     363
     356
     334
     358
     348
     379
     352
     364
     339
     372
     342
     355
     386
     356
     348
     355
     349
     320
     389
     373
     376
     332
     358
     367
     359
     366
     363
     351
     320
     321
     352
     339
     380
     353
     371
     365
     369
     390
     313
     337
     310
     321
     351
     371
     345
     334
     345
     365
     342
     340
     331
     330
     324
     355
     337
     351
     316
     343
     344
     344
     337
     347
     365
     337
     366
     350
     337
     312
     350
     324
     334
     310
     338
     334
     383
     336
     310
     332
     360
     329
     333
     349
     372
     356
     328
     315
     344
     355
     339
     340
     346
     362
     329
     357
     308
     342
     322
     344
     358
     306
     310
     320
     307
     333
     354
     328
     321
     349
     357
     366
     357
     320
     316
     341
     344
     313
     301
     367
     335
     326
     349
     345
     323
     356
     350
     320
     342
     329
     352
     329
     302
     325
     330
     307
     312
     355
     303
     320
     340
     305
     313
     325
     334
     329
     358
     345
     319
     320
     338
     330
     294
     343
     336
     317
     342
     324
     318
     339
     354
     331
     317
     330
     302
     297
     319
     343
     353
     377
     280
     336
     337
     312
     339
     312
     335
     316
     341
     334
     373
     297
     340
     324
     320
     318
     333
     321
     309
     313
     321
     288
     345
     345
     319
     302
     335
     319
     327
     342
     316
     309
     331
     321
     320
     326
     343
     320
     353
     315
     319
     365
     368
     320
     343
     340
     318
     309
     341
     335
     320
     340
     340
     308
     284
     297
     330
     296
     327
     362
     340
     294
     324
     304
     336
     306
     316
     302
     364
     291
     331
     343
     295
     339
     316
     318
     358
     322
     307
     322
     314
     299
     326
     311
     358
     338
     312
     346
     313
     326
     328
     313
     311
     340
     344
     327
     328
     300
     304
     296
     323
     341
     329
     299
     320
     312
     325
     325
     358
     313
     328
     334
     330
     311
     320
     315
     298
     327
     282
     313
     326
     327
     338
     332
     330
     304
     308
     322
     290
     319
     302
     293
     296
     304
     336
     327
     327
     313
     326
     310
     313
     304
     320
     311
     334
     288
     333
     352
     307
     322
     332
     321
     332
     305
     328
     318
     306
     345
     299
     314
     311
     326
     349
     316
     320
     317
     317
     310
     322
     323
     343
     315
     328
     321
     297
     334
     312
     333
     313
     329
     291
     306
     320
     295
     358
     327
     343
     309
     319
     330
     306
     353
     324
     339
     356
     324
     320
     316
     320
     321
     301
     337
     301
     318
     364
     340
     332
     328
     376
     318
     333
     313
     310
     335
     352
     344
     373
     347
     354
     336
     356
     372
     337
     374
     367
     347
     289
     356
     345
     311
     342
     328
     301
     309
     341
     322
     341
     380
     380
     335
     401
     384
     380
     358
     364
     355
     355
     334
     340
     322
     333
     311
     336
     295
     319
     307
     320
     342
     327
     331
     330
     315
     293
     295
     291
     312
     332
     346
     294
     303
     333
     301
     320
     292
     354
     310
     320
     309
     322
     352
     303
     323
     307
     368
     292
     318
     336
     300
     284
     305
     360
     338
     334
     314
     335
     288
     314
     333
     321
     338
     282
     327
     345
     317
     298
     326
     304
     321
     300
     334
     324
     318
     330
     318
     307
     322
     317
     313
     316
     327
     307
     328
     324
     342
     284
     315
     352
     317
     319
     343
     306
     316
     310
     319
     352
     331
     347
     348
     325
     361
     362
     325
     307
     369
     339
     333
     339
     315
     287
     326
     348
     312
     324
     347
     333
     328
     311
     329
     343
     308
     297
     306
     309
     307
     317
     337
     329
     348
     337
     313
     327
     305
     347
     332
     318
     307
     297
     316
     312
     297
     310
     315
     274
     312
     293
     329
     303
     298
     320
     323
     312
     309
     319
     312
     319
     324
     339
     298
     327
     339
     323
     288
     319
     348
     331
     338
     342
     315
     323
     307
     313
     340
     310
     305
     304
     309
     345
     349
     277
     313
     317
     333
     314
     301
     286
     352
     338
     331
     340
     310
     300
     307
     299
     311
     306
     335
     281
     283
     287
     343
     308
     307
     314
     310
     296
     280
     280
     321
     311
     334
     322
     363
     333
     314
     336
     308
     305
     339
     315
     301
     314
     293
     315
     295
     299
     324
     285
     291
     312
     285
     321
     303
     293
     318
     302
     299
     318
     311
     339
     338
     339
     333
     358
     312
     285
     293
     304
     307
     293
     303
     324
     300
     339
     322
     345
     329
     316
     259
     302
     300
     296
     302
     333
     338
     350
     331
     300
     320
     319
     280
     337
     313
     326
     293
     298
     333
     328
     299
     304
     311
     328
     299
     318
     327
     302
     268
     310
     304
     306
     309
     352
     294
     317
     304
     347
     320
     307
     319
     307
     315
     319
     290
     315
     293
     316
     330
     307
     290
     318
     278
     340
     298
     320
     273
     291
     290
     346
     325
     281
     318
     303
     298
     345
     328
     301
     308
     326
     337
     307
     320
     311
     318
     291
     307
     310
     306
     342
     330
     302
     304
     301
     328
     340
     310
     283
     322
     311
     346
     326
     326
     262
     355
     335
     309
     309
     295
     316
     309
     313
     301
     313
     311
     315
     300
     291
     293
     314
     301
     328
     286
     301
     320
     307
     308
     307
     289
     271
     315
     300
     287
     336
     329
     294
     327
     329
     317
     338
     322
     293
     312
     302
     290
     312
     297
     336
     307
     324
     326
     312
     352
     299
     291
     303
     278
     311
     319
     333
     319
     295
     318
     316
     301
     293
     311
     287
     312
     260
     322
     326
     328
     309
     311
     321
     298
     310
     295
     338
     306
     314
     345
     290
     319
     304
     323
     312
     326
     331
     300
     337
     324
     315
     307
     335
     342
     316
     324
     332
     335
     315
     311
     311
     286
     330
     328
     279
     323
     334
     294
     300
     309
     319
     312
     315
     321
     292
     299
     297
     313
     330
     295
     301
     283
     310
     311
     288
     314
     300
     343
     300
     332
     289
     325
     311
     333
     296
     314
     295
     301
     341
     318
     334
     311
     324
     289
     297
     277
     297
     303
     292
     305
     306
     328
     298
     299
     306
     315
     281
     336
     305
     279
     297
     305
     348
     317
     311
     303
     327
     305
     322
     290
     326
     307
     319
     289
     296
     305
     316
     290
     333
     295
     308
     306
     305
     315
     287
     328
     310
     283
     319
     330
     315
     324
     324
     325
     323
     306
     294
     301
     334
     316
     359
     292
     312
     296
     299
     304
     312
     300
     311
     307
     302
     295
     320
     297
     349
     277
     307
     306
     300
     305
     294
     329
     291
     264
     329
     303
     315
     295
     313
     304
     314
     301
     299
     294
     327
     338
     329
     313
     296
     314
     313
     335
     293
     327
     306
     308
     351
     314
     293
     288
     309
     301
     305
     287
     306
     296
     332
     293
     307
     326
     322
     333
     325
     300
     304
     290
     320
     344
     327
     278
     323
     291
     339
     280
     286
     321
     302
     320
     332
     307
     304
     310
     310
     307
     308
     284
     321
     285
     298
     298
     290
     290
     285
     287
     326
     292
     353
     303
     308
     310
     302
     288
     300
     326
     296
     299
     304
     299
     311
     319
     308
     308
     291
     299
     362
     288
     322
     313
     309
     330
     319
     310
     294
     320
     298
     306
     296
     312
     301
     325
     312
     278
     270
     311
     321
     293
     306
     308
     284
     313
     311
     319
     331
     285
     306
     315
     319
     296
     319
     311
     324
     296
     296
     337
     300
     315
     288
     321
     317
     312
     301
     307
     303
     315
     287
     324
     301
     305
     284
     302
     286
     317
     284
     325
     280
     291
     291
     318
     327
     280
     302
     287
     281
     279
     283
     318
     281
     314
     269
     279
     343
     330
     294
     345
     298
     331
     274
     312
     304
     299
     293
     326
     303
     315
     261
     322
     304
     311
     276
     333
     306
     304
     337
     296
     304
     309
     314
     319
     288
     305
     274
     293
     326
     302
     282
     302
     361
     345
     300
     304
     253
     282
     322
     284
     265
     303
     301
     279
     298
     306
     309
     290
     302
     290
     284
     286
     319
     267
     269
     298
     312
     297
     296
     315
     313
     286
     339
     295
     310
     313
     282
     276
     280
     317
     338
     325
     308
     307
     317
     293
     292
     337
     314
     299
     326
     290
     301
     290
     291
     277
     306
     296
     314
     286
     277
     306
     293
     302
     292
     289
     284
     319
     308
     297
     318
     304
     303
     309
     293
     328
     310
     321
     289
     299
     316
     326
     279
     305
     301
     302
     294
     287
     301
     297
     286
     293
     280
     264
     325
     292
     285
     294
     329
     321
     303
     311
     296
     294
     285
     302
     302
     295
     280
     319
     302
     332
     289
     337
     308
     318
     303
     258
     288
     286
     337
     292
     315
     271
     288
     320
     323
     320
     294
     276
     310
     331
     292
     297
     313
     323
     302
     336
     311
     302
     329
     299
     328
     305
     264
     317
     307
     323
     329
     292
     317
     297
     317
     312
     327
     338
     330
     315
     321
     296
     320
     305
     323
     310
     320
     312
     318
     329
     350
     316
     337
     302
     315
     334
     331
     328
     346
     354
     345
     320
     382
     320
     339
     355
     385
     372
     380
     342
     376
     379
     377
     373
     397
     377
     361
     338
     371
     379
     362
     413
     378
     351
     348
     359
     346
     358
     349
     345
     340
     394
     368
     356
     310
     348
     383
     376
     369
     381
     384
     344
     380
     352
     361
     368
     362
     374
     351
     370
     359
     348
     370
     370
     355
     352
     362
     367
     359
     336
     378
     355
     351
     387
     346
     365
     335
     340
     371
     335
     350
     393
     355
     347
     368
     364
     364
     350
     354
     341
     357
     370
     366
     359
     366
     325
     359
     358
     343
     344
     401
     291
     353
     347
     380
     332
     369
     338
     366
     373
     362
     352
     348
     368
     342
     357
     372
     354
     347
     341
     361
     355
     380
     356
     363
     344
     342
     377
     354
     338
     319
     344
     336
     361
     365
     376
     355
     375
     334
     366
     327
     358
     361
     399
     374
     317
     373
     338
     377
     352
     385
     344
     348
     328
     387
     317
     353
     318
     395
     371
     340
     357
     346
     331
     350
     339
     349
     393
     372
     346
     367
     363
     348
     348
     365
     361
     363
     347
     350
     338
     347
     342
     362
     344
     340
     326
     336
     342
     352
     360
     337
     351
     342
     358
     375
     361
     349
     360
     358
     330
     347
     334
     298
     334
     349
     341
     379
     330
     353
     326
     320
     364
     335
     342
     348
     343
     346
     340
     356
     303
     324
     359
     333
     335
     357
     345
     351
     321
     324
     321
     335
     373
     335
     328
     372
     311
     317
     311
     327
     331
     333
     379
     351
     326
     356
     334
     301
     366
     368
     329
     355
     331
     323
     317
     328
     345
     343
     317
     387
     334
     368
     326
     318
     367
     342
     335
     326
     296
     336
     321
     344
     337
     329
     321
     375
     327
     330
     323
     328
     315
     324
     332
     335
     286
     332
     317
     366
     317
     310
     375
     336
     329
     333
     318
     316
     347
     371
     322
     313
     347
     346
     336
     347
     334
     336
     365
     328
     311
     358
     301
     324
     335
     331
     337
     307
     336
     333
     345
     307
     317
     356
     312
     340
     323
     322
     275
     305
     308
     319
     329
     338
     308
     342
     352
     344
     288
     342
     340
     348
     325
     339
     350
     325
     323
     336
     320
     330
     321
     299
     291
     337
     331
     315
     286
     312
     306
     300
     315
     332
     341
     338
     293
     300
     307
     327
     356
     276
     346
     351
     355
     367
     331
     306
     328
     338
     311
     294
     338
     306
     334
     331
     311
     308
     331
     309
     346
     302
     305
     330
     363
     318
     365
     353
     335
     325
     325
     323
     329
     344
     302
     327
     309
     287
     306
     324
     309
     331
     332
     317
     323
     316
     279
     331
     327
     316
     308
     290
     281
     299
     327
     340
     331
     311
     345
     317
     338
     294
     343
     333
     342
     326
     297
     328
     346
     303
     296
     335
     284
     323
     297
     297
     328
     317
     323
     287
     316
     349
     341
     316
     313
     310
     319
     365
     324
     339
     308
     298
     336
     326
     314
     327
     327
     321
     344
     346
     274
     339
     340
     296
     342
     311
     350
     343
     302
     337
     297
     311
     303
     292
     329
     322
     348
     364
     292
     333
     329
     275
     322
     353
     299
     304
     321
     344
     323
     311
     294
     313
     302
     326
     299
     332
     347
     331
     310
     308
     309
     297
     335
     320
     318
     291
     334
     315
     322
     297
     318
     309
     275
     315
     305
     344
     328
     302
     301
     294
     301
     334
     314
     289
     323
     324
     333
     316
     302
     298
     328
     334
     350
     348
     286
     320
     314
     326
     307
     315
     315
     303
     309
     330
     308
     328
     312
     303
     294
     337
     304
     337
     281
     288
     317
     303
     297
     303
     306
     327
     316
     306
     323
     301
     300
     318
     273
     339
     318
     289
     336
     345
     302
     319
     345
     290
     297
     335
     322
     312
     299
     287
     325
     328
     302
     311
     294
     295
     299
     299
     310
     331
     280
     313
     312
     331
     313
     301
     288
     331
     297
     291
     318
     292
     326
     326
     302
     306
     329
     318
     343
     286
     295
     329
     318
     319
     292
     340
     296
     325
     288
     324
     282
     299
     328
     266
     303
     300
     302
     264
     285
     321
     304
     306
     303
     271
     341
     319
     336
     298
     282
     279
     309
     301
     290
     326
     293
     281
     318
     301
     319
     293
     312
     310
     280
     292
     316
     306
     324
     293
     306
     310
     316
     288
     317
     288
     289
     288
     286
     279
     290
     325
     325
     342
     306
     278
     291
     303
     322
     294
     331
     295
     300
     289
     304
     328
     301
     322
     301
     300
     290
     273
     314
     327
     303
     281
     313
     282
     273
     305
     343
     295
     328
     308
     315
     293
     312
     278
     307
     325
     325
     306
     317
     318
     290
     286
     354
     275
     312
     276
     266
     270
     303
     334
     305
     295
     293
     305
     296
     284
     276
     300
     312
     277
     331
     278
     293
     302
     294
     312
     291
     302
     289
     315
     270
     325
     290
     332
     288
     305
     290
     290
     265
     290
     307
     277
     274
     269
     295
     257
     292
     276
     293
     275
     303
     297
     302
     296
     284
     312
     293
     285
     304
     278
     311
     288
     289
     282
     297
     304
     285
     286
     308
     272
     306
     282
     291
     282
     301
     313
     295
     300
     287
     286
     309
     327
     290
     317
     305
     301
     267
     310
     299
     284
     292
     310
     306
     289
     291
     299
     287
     303
     266
     275
     275
     316
     283
     291
     292
     285
     307
     297
     290
     286
     298
     303
     317
     287
     301
     283
     298
     278
     295
     324
     334
     318
     284
     291
     288
     284
     289
     276
     307
     312
     276
     330
     291
     292
     284
     308
     274
     288
     309
     268
     296
     282
     306
     308
     287
     316
     294
     277
     283
     306
     286
     301
     288
     277
     281
     267
     310
     291
     272
     272
     312
     276
     295
     279
     286
     289
     258
     292
     265
     273
     292
     323
     315
     263
     296
     287
     269
     275
     280
     289
     293
     291
     284
     281
     303
     277
     282
     302
     309
     276
     320
     280
     297
     266
     292
     294
     309
     262
     311
     285
     304
     287
     246
     311
     329
     293
     280
     275
     274
     311
     290
     305
     292
     312
     294
     280
     271
     295
     288
     280
     295
     301
     272
     297
     294
     304
     314
     264
     299
     306
     278
     288
     260
     287
     286
     309
     267
     278
     286
     265
     282
     288
     290
     317
     284
     306
     299
     277
     307
     278
     292
     288
     276
     304
     287
     300
     276
     280
     271
     295
     287
     298
     291
     284
     272
     324
     289
     285
     307
     252
     291
     277
     298
     304
     298
     299
     264
     312
     306
     275
     289
     257
     309
     279
     288
     276
     282
     294
     283
     281
     253
     293
     316
     273
     293
     291
     278
     289
     306
     290
     300
     263
     309
     286
     265
     266
     308
     287
     330
     302
     281
     286
     309
     294
     314
     266
     314
     304
     305
     280
     294
     274
     299
     302
     277
     300
     262
     303
     298
     303
     290
     332
     288
     290
     298
     305
     284
     307
     294
     304
     296
     291
     307
     315
     299
     304
     288
     306
     285
     278
     293
     318
     287
     326
     293
     286
     262
     300
     288
     294
     331
     302
     327
     284
     283
     319
     306
     282
     358
     308
     307
     310
     330
     321
     284
     284
     273
     292
     340
     294
     305
     300
     294
     310
     309
     276
     296
     304
     320
     269
     285
     275
     299
     306
     285
     307
     284
     289
     286
     293
     304
     335
     289
     286
     297
     293
     292
     287
     301
     270
     288
     330
     292
     286
     353
     287
     294
     308
     303
     307
     284
     300
     289
     286
     333
     314
     288
     309
     327
     282
     319
     290
     305
     271
     306
     299
     315
     276
     291
     289
     281
     299
     288
     299
     313
     321
     292
     331
     279
     307
     277
     332
     300
     321
     314
     317
     324
     308
     286
     284
     302
     299
     292
     319
     269
     282
     303
     301
     293
     291
     284
     273
     292
     313
     268
     300
     290
     311
     320
     286
     308
     313
     307
     287
     318
     293
     260
     288
     292
     273
     289
     308
     296
     290
     312
     304
     280
     323
     296
     341
     288
     347
     295
     330
     316
     310
     293
     301
     330
     275
     346
     296
     319
     260
     293
     287
     294
     304
     330
     287
     275
     302
     274
     295
     308
     303
     306
     292
     312
     295
     317
     313
     307
     305
     303
     323
     312
     347
     316
     321
     325
     311
     281
     328
     309
     351
     292
     341
     314
     305
     315
     315
     340
     294
     315
     309
     323
     347
     333
     296
     319
     295
     294
     307
     278
     293
     284
     329
     297
     297
     303
     337
     351
     301
     319
     294
     327
     352
     295
     324
     301
     284
     319
     308
     346
     328
     322
     327
     298
     310
     317
     328
     321
     349
     322
     313
     340
     293
     317
     346
     356
     373
     313
     329
     349
     337
     308
     346
     309
     347
     348
     339
     314
     315
     342
     336
     338
     306
     333
     334
     324
     355
     330
     351
     344
     319
     293
     285
     326
     349
     318
     352
     326
     332
     319
     325
     345
     353
     326
     320
     297
     329
     346
     334
     328
     299
     331
     301
     334
     325
     320
     318
     354
     319
     335
     354
     335
     327
     350
     317
     323
     346
     318
     326
     320
     333
     354
     357
     333
     325
     329
     321
     340
     340
     313
     333
     331
     366
     342
     334
     332
     323
     321
     349
     367
     343
     330
     332
     334
     333
     329
     358
     329
     351
     355
     335
     331
     313
     319
     325
     337
     353
     338
     316
     333
     339
     371
     330
     339
     356
     345
     333
     359
     344
     376
     361
     360
     340
     364
     306
     365
     358
     352
     325
     354
     382
     356
     331
     327
     324
     350
     314
     319
     359
     316
     374
     345
     339
     371
     349
     370
     359
     354
     332
     358
     334
     357
     358
     358
     368
     382
     369
     357
     353
     311
     371
     374
     364
     375
     354
     344
     380
     358
     360
     352
     334
     357
     346
     361
     380
     360
     355
     355
     376
     345
     378
     377
     355
     353
     407
     367
     349
     354
     361
     359
     358
     351
     359
     376
     388
     382
     354
     381
     383
     368
     365
     372
     401
     394
     358
     374
     388
     325
     379
     319
     387
     342
     366
     366
     371
     357
     357
     362
     363
     354
     381
     356
     374
     371
     374
     353
     387
     345
     382
     363
     382
     360
     383
     375
     374
     373
     367
     374
     373
     394
     382
     353
     397
     375
     395
     390
     385
     383
     380
     394
     373
     364
     407
     391
     359
     368
     355
     407
     375
     377
     345
     335
     400
     371
     393
     385
     352
     367
     370
     372
     407
     371
     396
     369
     366
     343
     382
     395
     363
     381
     363
     377
     392
     371
     394
     362
     388
     414
     415
     386
     373
     380
     367
     404
     372
     363
     384
     402
     422
     361
     371
     362
     371
     390
     354
     391
     352
     395
     393
     369
     400
     364
     384
     364
     378
     340
     380
     392
     377
     359
     397
     375
     359
     344
     361
     358
     380
     389
     386
     414
     382
     364
     387
     380
     407
     390
     400
     400
     376
     359
     399
     382
     371
     395
     390
     426
     361
     372
     362
     380
     369
     396
     371
     351
     388
     383
     342
     373
     383
     381
     364
     342
     369
     337
     398
     377
     328
     398
     378
     366
     381
     341
     371
     379
     341
     379
     332
     348
     389
     376
     364
     357
     365
     351
     330
     364
     347
     354
     354
     339
     346
     351
     335
     348
     366
     354
     341
     328
     330
     322
     316
     306
     319
     349
     298
     354
     329
     313
     286
     286
     321
     309
     310
     303
     257
     318
     279
     305
     275
     287
     290
     308
     303
     267
     267
     277
     309
     307
     273
     281
     296
     284
     248
     289
     267
     282
     228
     252
     239
     242
     268
     234
     223
     249
     253
     247
     256
     241
     255
     227
     239
     247
     246
     251
     230
     255
     241
     243
     232
     225
     243
     241
     262
     241
     234
     211
     222
     239
     220
     232
     248
     237
     211
     212
     226
     245
     251
     221
     235
     247
     228
     234
     244
     250
     213
     224
     228
     206
     226
     212
     216
     221
     205
     234
     216
     217
     247
     235
     238
     222
     239
     192
     226
     201
     222
     217
     216
     211
     228
     235
     220
     205
     216
     232
     221
     212
     212
     200
     206
     241
     224
     221
     256
     202
     220
     223
     217
     210
     199
     199
     207
     189
     197
     189
     187
     205
     201
     183
     213
     196
     206
     183
     183
     196
     188
     190
     206
     210
     207
     194
     195
     196
     192
     204
     179
     187
     195
     184
     181
     198
     211
     181
     204
     204
     191
     198
     183
     184
     210
     206
     205
     201
     177
     186
     201
     193
     211
     195
     198
     179
     178
     176
     204
     207
     198
     174
     167
     185
     179
     178
     166
     178
     180
     186
     180
     177
     200
     200
     175
     179
     191
     187
     165
     198
     169
     188
     179
     162
     203
     184
     180
     179
     185
     179
     187
     173
     188
     189
     195
     190
     172
     178
     170
     193
     186
     187
     200
     167
     154
     190
     165
     161
     183
     159
     176
     169
     161
     158
     178
     187
     189
     204
     196
     181
     154
     171
     157
     180
     195
     165
     162
     171
     182
     175
     149
     173
     180
     181
     176
     171
     186
     158
     155
     166
     173
     167
     161
     152
     163
     181
     167
     160
     181
     158
     157
     178
     152
     137
     160
     155
     147
     169
     151
     168
     161
     161
     160
     175
     177
     177
     157
     142
     146
     159
     164
     165
     165
     162
     176
     177
     168
     141
     157
     152
     161
     142
     135
     123
     167
     160
     172
     154
     152
     151
     149
     130
     164
     158
     166
     149
     171
     125
     176
     146
     165
     147
     147
     147
     147
     166
     162
     145
     171
     164
     163
     139
     155
     146
     148
     170
     166
     154
     142
     148
     147
     138
     142
     171
     149
     144
     162
     161
     163
     135
     164
     126
     143
     127
     161
     138
     157
     148
     144
     150
     152
     141
     128
     162
     161
     124
     128
     148
     132
     155
     142
     141
     157
     151
     137
     150
     139
     142
     141
     151
     132
     151
     155
     131
     130
     145
     142
     135
     171
     150
     133
     157
     124
     145
     122
     138
     147
     130
     165
     144
     144
     150
     149
     131
     161
     134
     132
     119
     131
     135
     135
     126
     141
     126
     142
     132
     145
     132
     131
     160
     133
     145
     128
     121
     121
     122
     133
     126
     136
     125
     149
     126
     115
     122
     125
     139
     137
     123
     132
     134
     152
     123
     143
     130
     122
     110
     124
     140
     124
     132
     139
     129
     136
     131
     142
     121
     142
     125
     123
     121
     118
     125
     126
     132
     111
     135
     126
     112
     164
     141
     140
     126
     126
     136
     138
     126
     142
     128
      96
     122
     110
     117
     140
     127
     124
     127
     131
     126
     127
     140
     128
     118
      99
     123
     117
     126
     129
     110
     117
     134
     116
     129
     100
     117
     113
     134
     113
     123
     129
     136
     120
     114
     116
     129
     121
     114
     116
     114
     117
     105
     143
     113
     113
     145
     137
     116
     107
     120
     101
     126
     117
     108
     113
     118
     117
     116
     143
     112
      97
     113
     116
     115
     116
     109
     112
     104
     103
     111
     105
     125
     117
     116
     110
      99
     121
     127
      96
     119
      95
     101
     117
     120
     118
     117
     116
     126
     118
     102
     113
     118
     109
     134
     124
     121
     108
     115
     106
     111
     108
      99
     104
      96
     104
     102
     101
     111
     115
     115
     104
     103
      96
     113
     104
     101
     120
     109
     108
     110
      99
     112
      93
     116
     100
     109
     121
     100
     112
     110
     110
     103
     110
      92
     103
     102
      95
     111
     111
     104
     115
      94
     116
     112
     109
     103
     104
      86
     109
     107
      88
     129
     111
      86
     103
     103
     112
     112
     102
     104
      97
      93
      99
     100
      96
      96
     111
      92
      97
      95
     107
      92
     100
      94
      92
     101
     103
      80
      89
     101
      88
      91
      93
      94
      88
      98
     101
      96
      83
      79
     103
      96
     101
     101
      96
      91
      89
     106
      84
      96
     109
      95
      86
     107
     101
     109
      82
     110
      99
      84
      83
     100
      86
      98
      93
      98
      99
      92
     100
      98
      88
      95
      94
     109
      92
     106
      78
      87
      86
      88
      98
      91
     105
      94
      90
      88
      94
      87
      69
      92
      76
      90
      77
     106
     105
      97
      87
      84
      70
      97
      82
      89
      90
      83
     109
      93
      91
      84
      88
      97
      88
      93
      91
      83
      73
      99
      77
      84
      87
      91
      77
      78
      83
      90
      87
      71
     104
      97
      97
      97
      82
     108
      91
      92
      85
      75
      84
      86
      95
      98
     101
      82
      84
     100
      89
      93
      78
      89
      93
     100
      94
      96
      76
      75
      99
      90
      99
      80
      89
      82
     103
     102
      99
      94
      82
      80
      86
     106
      91
      92
      84
      87
      79
      87
      96
      85
      84
      90
      97
      83
      94
      82
      87
      83
      78
      62
      95
      84
      79
      96
      79
     101
      95
      71
      91
      87
      80
      75
      88
     103
      88
      77
     100
      94
      82
      80
      95
      95
      97
      73
     100
      78
      80
      90
      82
      77
      91
      86
      82
      84
      89
      75
      85
      76
      78
      86
     107
      80
      70
      74
      82
      80
     104
     108
      84
      87
      89
      92
      89
      79
      84
      91
      67
      91
      93
      90
      84
      95
      66
      82
      82
      96
      87
      84
      86
      79
      95
      74
      81
      83
      89
      80
      89
      83
     102
      79
      84
      96
      78
      89
      89
      76
      86
      81
      70
      88
      99
      85
      76
      79
      95
      89
      90
      71
      77
      90
      86
      85
      75
      87
      86
      93
      71
      76
      81
      85
      78
      83
      89
      80
      71
     103
      89
      65
      97
      92
      81
      85
      96
      91
      85
      88
      89
      81
      84
      92
      87
     100
      77
      89
      80
      76
      81
      94
      99
      88
      87
      86
      66
      94
      66
      73
      85
      81
      76
      75
      93
     100
      84
      84
     108
      73
      74
      55
      77
      74
      84
      78
      85
      72
     107
      82
      87
      84
      74
      95
      79
      87
      91
      87
      89
      72
      83
      65
      68
      82
      76
      71
      80
      74
      95
      84
      80
      75
      73
      86
      79
      84
      74
      85
      96
      76
      90
      70
      93
      85
     103
      69
      73
      88
      77
      85
      83
      71
      89
      69
      81
      77
      63
      98
      82
      93
      76
      79
      74
      92
      80
      76
      72
      92
      82
      85
      75
      73
      90
      81
      84
      79
      90
      83
      77
      82
      76
      80
      72
     101
      87
      89
      85
      84
      62
      84
      83
      80
      78
      89
      78
      94
      77
      83
      87
      86
      98
      77
      73
      78
      76
      84
      85
      84
      99
      73
      65
      82
      83
      89
      89
      76
      85
      68
      87
      82
      80
      82
      76
      65
      88
      93
      83
      88
      76
      86
      73
      75
      80
     100
      86
      78
      82
      79
      70
      57
      69
      94
      66
      74
      90
      81
      81
      86
      71
      89
      77
      97
      95
      91
      73
      66
      96
      96
     129
      74
      88
      94
      88
      83
      76
      74
      90
      80
      77
      87
      66
      75
      80
      69
      83
      71
      89
      78
      79
      78
      95
      69
     106
     103
      91
      84
      81
      78
      81
      73
      80
      82
      70
      77
      95
      87
      87
      81
      71
      73
      69
      87
      75
      73
      92
      73
      83
      95
      85
      85
      80
      75
      90
      85
      81
      87
      88
      97
      71
      80
      75
      74
      79
      94
      79
      85
      91
      81
      72
      90
      73
      64
      69
      92
      79
      89
      85
      93
      80
      84
      78
      73
      84
      76
      83
      90
      90
      79
      98
      82
      78
      79
      77
      81
      89
      78
      86
      90
     103
      98
      89
      81
      94
      66
      80
      80
      84
      81
      89
      71
      81
      74
      88
      78
      73
      68
      94
      77
      83
      85
      59
      84
      83
      75
      86
      68
      81
      71
      79
      95
      89
      63
      85
     100
      78
      88
      77
      92
      85
      84
      84
      67
      94
      70
      68
      79
      96
      85
      81
      85
      65
      66
      80
      87
      80
      91
      80
      81
      87
      94
     101
      79
      78
      86
      77
      75
      75
      96
      80
      82
      82
      82
      81
      72
      87
      84
      72
      80
      87
      90
      86
      87
      70
      90
      73
      84
      84
      82
      88
      71
      74
      88
      82
      95
      77
      83
      75
      76
      88
      83
      88
      73
      82
      76
      89
      79
      89
      79
      87
      81
      85
      64
      72
      95
      81
      80
      80
      83
      74
      95
      93
      73
      86
      66
      78
      80
      66
      92
      66
      94
      84
      72
      82
      83
      89
      68
      68
      79
      91
      74
      78
      76
      89
      83
      84
      93
      87
      85
      89
      73
      62
      72
      93
      69
      95
      84
      83
      90
      81
      77
      80
      79
      88
      82
      69
      92
      82
      77
      97
      81
      85
      91
      88
      84
      75
      82
      71
      75
      91
     105
      79
      78
      80
      96
      84
      71
      92
      87
      81
      89
      85
      89
      83
      81
      84
      88
      90
      69
      83
      91
      96
      78
      83
      85
      72
      86
      72
      82
      86
      80
      97
      76
      89
      88
      81
      91
      92
      58
      84
      87
      85
      74
      84
      69
      81
      78
      96
      89
     102
      96
      89
      72
      54
      93
      83
      97
      87
     100
      71
      90
      93
      82
      80
     101
      91
      84
      97
     103
      82
      87
      75
      80
      91
      73
     109
      90
      83
      83
      95
      93
      76
      77
      67
      94
      94
      94
      79
      87
      75
      87
      70
      94
      73
      75
      97
      82
      83
      83
      99
     104
     111
      72
      85
      89
      78
      81
      86
      85
      91
      76
      89
     100
      81
      90
     101
      92
     108
      69
      86
     101
     102
      85
      87
      77
      95
      89
      84
      88
      99
      71
      92
      74
      80
      93
     101
      72
      91
      91
      93
      85
      81
      92
      86
      73
      88
      89
     108
      87
      97
      89
      87
     102
      93
      87
      89
      91
     102
     103
      83
      79
      89
      97
      87
      87
      76
      71
      90
      89
      85
     106
      87
     101
      80
     112
      98
      97
     104
      77
      98
      92
     102
      91
     104
      87
      95
     104
     107
      92
      91
      95
      86
     106
      97
      78
     112
     107
     111
     100
      85
      94
     109
      98
      99
     107
     108
     101
      96
     107
     115
      88
      98
     114
     119
     109
     105
     118
     101
      85
      86
     101
     128
     108
     114
     105
     106
     102
     126
     127
     121
     125
     134
     134
     136
     110
     133
     120
     126
     137
     156
     136
     135
     134
     151
     169
     154
     171
     158
     179
     191
     214
     188
     220
     238
     260
     276
     296
     330
     400
     393
     445
     420
     540
     612
     644
     748
     848
     997
    1130
    1278
    1512
    1737
    1955
    2293
    2668
    3110
    3598
    4022
    4743
    5269
    6064
    6951
    7489
    8141
    8971
    9637
   10115
   10760
   11292
   11913
   12004
   12479
   12582
   12791
   12810
   12873
   12691
   12409
   12231
   12111
   11539
   11212
   10768
    9949
    9368
    8711
    7995
    7382
    6491
    5852
    5126
    4471
    3784
    3313
    2751
    2230
    1878
    1504
    1259
    1008
     909
     709
     606
     512
     436
     354
     345
     300
     279
     257
     199
     221
     212
     166
     146
     160
     128
     132
     130
     124
     122
     113
     109
      96
     111
      79
      97
      88
      98
      72
      89
      79
      87
      82
      77
      81
      78
      78
      65
      74
      58
      76
      70
      74
      61
      56
      75
      61
      69
      89
      76
      64
      57
      56
      53
      81
      76
      59
      59
      80
      76
      51
      47
      70
      69
      59
      53
      66
      50
      53
      63
      50
      54
      62
      46
      63
      52
      65
      50
      63
      47
      73
      60
      45
      63
      57
      64
      55
      61
      72
      62
      67
      52
      49
      57
      62
      67
      82
      60
      71
      51
      48
      50
      65
      53
      56
      58
      60
      57
      55
      49
      56
      53
      52
      60
      56
      59
      59
      50
      55
      58
      45
      53
      66
      64
      48
      62
      51
      48
      49
      53
      56
      42
      43
      38
      37
      51
      50
      52
      67
      56
      50
      55
      52
      41
      46
      53
      55
      42
      51
      42
      39
      42
      55
      48
      65
      48
      56
      38
      54
      57
      60
      46
      45
      51
      43
      62
      54
      47
      48
      45
      37
      50
      62
      57
      40
      55
      45
      43
      43
      59
      53
      58
      49
      51
      36
      57
      50
      61
      34
      37
      56
      59
      55
      42
      47
      35
      41
      54
      66
      62
      47
      47
      40
      49
      36
      43
      41
      52
      46
      42
      43
      44
      46
      46
      36
      32
      43
      38
      43
      45
      38
      52
      50
      37
      52
      56
      41
      42
      46
      45
      51
      43
      53
      44
      46
      46
      46
      49
      46
      45
      50
      38
      50
      55
      51
      37
      52
      45
      40
      48
      43
      36
      41
      48
      43
      45
      40
      44
      48
      39
      33
      46
      41
      45
      41
      48
      50
      53
      41
      34
      29
      38
      38
      44
      36
      59
      45
      46
      36
      58
      41
      47
      51
      39
      36
      39
      45
      37
      67
      48
      31
      39
      37
      39
      47
      47
      41
      43
      56
      39
      37
      37
      57
      46
      41
      42
      41
      42
      47
      39
      33
      47
      42
      44
      37
      45
      49
      44
      35
      42
      34
      36
      48
      41
      43
      50
      48
      47
      56
      42
      41
      42
      33
      38
      38
      39
      41
      53
      39
      33
      48
      32
      43
      39
      50
      36
      40
      34
      35
      50
      42
      48
      33
      31
      46
      51
      49
      42
      30
      43
      37
      38
      34
      45
      41
      46
      45
      32
      48
      53
      41
      47
      47
      43
      37
      42
      25
      33
      35
      51
      39
      32
      53
      39
      49
      43
      37
      45
      47
      35
      42
      45
      35
      42
      42
      39
      38
      35
      41
      36
      53
      33
      36
      46
      40
      40
      42
      41
      42
      37
      41
      52
      57
      37
      56
      52
      42
      48
      43
      43
      40
      42
      42
      41
      38
      48
      50
      43
      38
      36
      49
      51
      37
      47
      39
      30
      40
      47
      54
      36
      40
      42
      28
      36
      43
      53
      35
      32
      43
      46
      44
      47
      51
      45
      37
      38
      41
      34
      40
      40
      21
      40
      43
      43
      45
      59
      42
      31
      41
      43
      31
      47
      42
      27
      41
      48
      40
      33
      42
      44
      41
      40
      39
      42
      56
      35
      47
      41
      43
      35
      37
      42
      47
      31
      42
      47
      46
      46
      44
      32
      44
      38
      37
      38
      41
      34
      33
      58
      40
      37
      45
      40
      46
      45
      42
      33
      45
      37
      44
      39
      40
      42
      40
      55
      36
      36
      35
      50
      40
      52
      39
      41
      44
      34
      34
      47
      34
      52
      39
      33
      46
      39
      37
      36
      47
      44
      39
      38
      37
      34
      46
      48
      55
      29
      43
      38
      33
      41
      36
      44
      35
      43
      48
      40
      39
      39
      48
      37
      56
      44
      43
      46
      51
      36
      46
      38
      49
      43
      43
      35
      36
      42
      38
      29
      48
      42
      41
      52
      45
      51
      36
      38
      41
      40
      44
      24
      47
      38
      50
      38
      50
      44
      40
      46
      38
      51
      22
      42
      42
      40
      32
      46
      37
      35
      52
      31
      38
      35
      32
      43
      37
      40
      37
      38
      42
      45
      28
      35
      46
      42
      29
      44
      46
      40
      47
      37
      43
      39
      36
      44
      42
      47
      29
      44
      41
      49
      44
      39
      39
      42
      43
      33
      38
      45
      43
      39
      40
      35
      38
      38
      51
      40
      41
      56
      51
      44
      30
      33
      36
      38
      33
      45
      35
      49
      42
      40
      38
      38
      37
      48
      48
      39
      37
      54
      29
      35
      43
      46
      43
      32
      33
      46
      41
      48
      46
      47
      58
      51
      51
      41
      48
      39
      36
      40
      43
      38
      46
      37
      37
      32
      37
      36
      38
      54
      40
      48
      38
      61
      45
      38
      50
      28
      34
      46
      39
      38
      52
      38
      32
      39
      37
      47
      39
      38
      35
      32
      41
      46
      35
      33
      31
      39
      34
      41
      36
      30
      33
      40
      51
      37
      41
      46
      26
      42
      36
      44
      39
      35
      33
      40
      37
      43
      49
      39
      34
      34
      46
      38
      40
      41
      38
      30
      42
      41
      39
      34
      42
      39
      35
      35
      39
      34
      33
      53
      48
      38
      42
      36
      44
      22
      45
      40
      40
      35
      38
      33
      38
      38
      47
      55
      43
      44
      36
      33
      43
      37
      36
      35
      35
      47
      40
      52
      43
      45
      26
      25
      42
      43
      40
      43
      42
      53
      38
      48
      34
      31
      43
      45
      35
      31
      45
      43
      45
      41
      47
      36
      36
      36
      38
      28
      46
      37
      43
      36
      44
      31
      32
      41
      42
      38
      42
      41
      48
      39
      39
      23
      36
      38
      43
      47
      34
      47
      24
      37
      33
      40
      43
      37
      34
      32
      35
      41
      33
      44
      44
      53
      36
      48
      34
      46
      39
      40
      43
      41
      42
      34
      41
      35
      34
      49
      39
      46
      39
      34
      42
      37
      38
      36
      28
      45
      34
      41
      38
      46
      34
      47
      35
      39
      32
      38
      43
      33
      48
      34
      37
      35
      40
      35
      40
      49
      33
      36
      50
      31
      49
      37
      43
      44
      38
      39
      49
      31
      47
      46
      45
      36
      32
      36
      40
      37
      36
      33
      39
      48
      35
      41
      38
      42
      48
      42
      29
      49
      42
      43
      50
      53
      48
      49
      52
      41
      50
      44
      63
      40
      41
      39
      37
      44
      33
      35
      38
      41
      41
      48
      47
      41
      46
      32
      44
      34
      36
      31
      40
      24
      35
      34
      35
      32
      38
      48
      36
      38
      34
      34
      39
      42
      40
      41
      42
      40
      43
      34
      49
      33
      31
      46
      44
      40
      40
      41
      44
      46
      37
      41
      32
      44
      38
      34
      32
      38
      31
      34
      33
      39
      47
      33
      43
      34
      30
      28
      31
      49
      43
      37
      31
      52
      46
      42
      40
      41
      36
      41
      41
      43
      32
      33
      31
      38
      31
      38
      30
      38
      36
      35
      49
      40
      34
      33
      41
      35
      41
      33
      42
      37
      42
      36
      33
      37
      41
      34
      46
      29
      38
      33
      36
      44
      44
      31
      35
      37
      33
      40
      37
      29
      39
      41
      30
      30
      49
      33
      45
      30
      35
      33
      43
      35
      44
      37
      30
      29
      37
      48
      42
      40
      48
      40
      32
      35
      35
      35
      33
      31
      29
      36
      34
      39
      41
      50
      32
      40
      36
      46
      24
      44
      45
      42
      36
      48
      41
      39
      25
      42
      40
      37
      28
      40
      40
      28
      38
      38
      34
      37
      28
      46
      44
      48
      29
      39
      40
      30
      40
      43
      33
      41
      34
      53
      29
      36
      44
      34
      42
      33
      38
      36
      37
      32
      31
      43
      33
      33
      34
      35
      37
      47
      52
      25
      29
      42
      38
      35
      28
      33
      49
      33
      27
      38
      45
      37
      42
      41
      32
      31
      49
      36
      26
      34
      35
      42
      40
      41
      30
      41
      45
      44
      40
      36
      36
      32
      41
      33
      30
      42
      41
      32
      30
      26
      31
      35
      41
      48
      39
      36
      48
      47
      43
      40
      37
      39
      40
      36
      51
      37
      45
      30
      48
      43
      43
      31
      28
      29
      30
      38
      32
      34
      37
      35
      33
      30
      36
      30
      36
      44
      41
      41
      35
      32
      39
      35
      36
      47
      37
      31
      38
      28
      41
      43
      44
      44
      42
      26
      41
      29
      38
      29
      38
      46
      42
      26
      34
      42
      32
      48
      34
      45
      40
      38
      50
      34
      45
      34
      48
      49
      35
      32
      35
      36
      51
      43
      30
      37
      39
      50
      42
      49
      49
      37
      46
      37
      30
      36
      52
      36
      36
      48
      40
      35
      43
      35
      39
      47
      39
      41
      34
      48
      44
      35
      33
      34
      38
      37
      36
      42
      44
      33
      49
      24
      38
      36
      27
      34
      47
      35
      44
      41
      36
      27
      26
      35
      35
      46
      42
      42
      38
      30
      33
      33
      33
      38
      33
      55
      31
      35
      37
      34
      28
      35
      39
      41
      43
      34
      43
      36
      38
      33
      32
      32
      46
      38
      36
      41
      33
      42
      37
      31
      37
      35
      36
      33
      39
      34
      48
      46
      42
      39
      36
      48
      40
      35
      55
      34
      44
      37
      43
      37
      44
      39
      37
      31
      44
      45
      33
      32
      38
      40
      39
      37
      44
      37
      49
      40
      47
      39
      43
      43
      44
      33
      37
      39
      34
      28
      41
      44
      40
      28
      38
      43
      30
      31
      35
      53
      35
      45
      26
      31
      30
      36
      37
      43
      38
      43
      36
      45
      41
      45
      37
      36
      39
      41
      38
      46
      36
      53
      38
      42
      51
      37
      33
      46
      38
      46
      36
      52
      43
      36
      34
      34
      45
      51
      36
      33
      37
      49
      43
      43
      50
      43
      45
      38
      37
      51
      39
      41
      29
      33
      53
      47
      42
      49
      45
      45
      37
      41
      36
      42
      41
      33
      36
      30
      50
      41
      40
      32
      28
      38
      46
      46
      40
      34
      50
      31
      35
      41
      37
      35
      46
      42
      30
      33
      32
      46
      34
      34
      34
      46
      32
      42
      36
      34
      41
      40
      39
      37
      40
      29
      39
      39
      36
      40
      37
      40
      32
      34
      35
      38
      39
      26
      40
      39
      32
      52
      41
      37
      48
      30
      39
      48
      38
      46
      48
      49
      35
      34
      28
      28
      34
      31
      36
      36
      31
      34
      37
      38
      49
      37
      41
      50
      44
      39
      33
      38
      39
      42
      27
      37
      44
      34
      31
      48
      49
      42
      34
      46
      46
      41
      47
      34
      39
      46
      26
      45
      34
      39
      39
      31
      33
      30
      49
      45
      25
      40
      38
      39
      28
      45
      39
      30
      41
      41
      40
      53
      47
      34
      37
      26
      45
      33
      35
      41
      32
      42
      32
      52
      41
      35
      44
      46
      39
      34
      34
      35
      41
      37
      38
      35
      41
      40
      44
      42
      43
      43
      37
      37
      39
      44
      27
      42
      43
      53
      45
      24
      35
      38
      44
      33
      49
      51
      35
      33
      46
      32
      43
      38
      31
      34
      26
      30
      39
      35
      37
      35
      40
      32
      41
      40
      41
      38
      44
      44
      47
      45
      40
      36
      43
      33
      35
      28
      40
      35
      35
      43
      53
      45
      47
      35
      35
      34
      36
      33
      36
      52
      37
      43
      34
      42
      30
      38
      33
      46
      32
      37
      29
      41
      41
      52
      34
      38
      29
      30
      28
      43
      47
      30
      34
      34
      35
      42
      42
      42
      40
      26
      49
      38
      40
      20
      40
      45
      41
      36
      45
      37
      46
      37
      39
      35
      40
      33
      46
      41
      46
      48
      33
      37
      39
      37
      36
      39
      44
      37
      41
      26
      30
      38
      42
      46
      48
      39
      38
      31
      40
      45
      40
      49
      46
      35
      36
      46
      44
      48
      43
      39
      37
      33
      40
      41
      42
      35
      36
      44
      39
      36
      37
      35
      35
      37
      47
      35
      28
      37
      43
      40
      35
      34
      40
      38
      40
      43
      48
      39
      54
      39
      34
      49
      32
      41
      37
      30
      44
      32
      48
      37
      36
      40
      37
      31
      43
      44
      33
      47
      41
      35
      37
      49
      46
      34
      40
      39
      34
      35
      51
      35
      38
      43
      36
      41
      36
      39
      41
      53
      47
      43
      31
      39
      43
      40
      42
      37
      40
      50
      41
      43
      40
      52
      28
      36
      35
      44
      30
      44
      33
      45
      33
      42
      38
      34
      30
      46
      33
      38
      38
      50
      44
      43
      51
      45
      37
      38
      44
      38
      36
      34
      40
      33
      38
      47
      31
      36
      53
      37
      42
      38
      24
      41
      35
      36
      47
      42
      30
      26
      42
      47
      34
      39
      49
      40
      34
      37
      36
      34
      39
      31
      57
      45
      34
      30
      48
      31
      33
      41
      31
      32
      39
      39
      56
      31
      41
      40
      40
      50
      45
      43
      42
      39
      46
      45
      38
      36
      34
      40
      38
      33
      51
      28
      29
      38
      37
      45
      48
      26
      49
      39
      45
      34
      31
      34
      31
      32
      36
      38
      38
      51
      44
      44
      27
      32
      39
      42
      31
      37
      36
      44
      46
      52
      39
      37
      33
      38
      48
      38
      38
      35
      39
      38
      38
      42
      38
      44
      32
      43
      38
      33
      41
      37
      38
      39
      40
      62
      37
      44
      36
      54
      43
      31
      35
      40
      30
      48
      37
      40
      29
      35
      40
      36
      40
      44
      46
      28
      52
      39
      49
      35
      39
      53
      35
      24
      36
      27
      41
      43
      43
      40
      45
      37
      32
      46
      50
      21
      34
      43
      49
      33
      44
      36
      42
      35
      34
      46
      51
      46
      38
      46
      31
      28
      45
      28
      46
      44
      47
      44
      43
      33
      51
      46
      35
      42
      38
      37
      37
      40
      43
      49
      45
      41
      52
      37
      35
      32
      32
      20
      41
      42
      41
      41
      35
      46
      29
      36
      37
      39
      48
      45
      36
      42
      36
      40
      28
      40
      38
      51
      43
      44
      40
      40
      38
      30
      40
      42
      28
      46
      51
      26
      32
      38
      38
      44
      36
      45
      38
      41
      31
      37
      37
      37
      52
      47
      40
      34
      41
      36
      42
      32
      42
      45
      47
      43
      39
      41
      43
      37
      38
      35
      33
      34
      42
      33
      48
      39
      53
      37
      32
      28
      44
      43
      47
      40
      21
      25
      43
      34
      42
      39
      35
      45
      52
      47
      38
      44
      47
      39
      38
      42
      54
      41
      29
      44
      35
      39
      34
      40
      47
      32
      37
      35
      38
      42
      34
      49
      39
      39
      42
      46
      33
      29
      48
      46
      40
      48
      39
      32
      38
      43
      37
      42
      29
      27
      38
      35
      47
      50
      41
      46
      32
      47
      38
      39
      30
      37
      44
      27
      39
      39
      35
      43
      46
      36
      43
      48
      46
      27
      34
      35
      36
      41
      52
      37
      34
      35
      45
      51
      38
      39
      37
      50
      45
      39
      38
      46
      33
      38
      38
      44
      35
      31
      49
      44
      47
      38
      34
      41
      30
      30
      35
      43
      47
      39
      49
      38
      35
      43
      34
      44
      47
      48
      37
      34
      40
      38
      40
      57
      41
      33
      40
      45
      27
      40
      41
      35
      35
      30
      32
      35
      47
      31
      43
      31
      45
      44
      29
      35
      42
      53
      35
      31
      38
      46
      37
      43
      28
      48
      31
      37
      34
      42
      50
      40
      48
      36
      40
      39
      46
      48
      23
      38
      57
      55
      49
      38
      44
      39
      41
      32
      45
      42
      28
      47
      44
      47
      45
      39
      40
      36
      41
      37
      42
      28
      40
      35
      34
      42
      53
      27
      45
      42
      39
      35
      31
      49
      30
      44
      40
      38
      38
      36
      36
      39
      32
      34
      32
      44
      41
      28
      51
      37
      34
      42
      53
      39
      36
      37
      41
      44
      39
      42
      33
      40
      42
      49
      45
      43
      36
      49
      44
      36
      40
      45
      44
      33
      40
      37
      43
      35
      46
      45
      41
      37
      38
      36
      44
      46
      44
      44
      42
      36
      33
      40
      38
      37
      40
      37
      40
      39
      30
      37
      36
      43
      51
      48
      37
      40
      31
      35
      43
      41
      35
      39
      49
      45
      43
      41
      30
      46
      43
      44
      51
      45
      38
      40
      42
      44
      44
      53
      38
      50
      45
      38
      35
      52
      42
      41
      42
      54
      48
      44
      53
      42
      49
      44
      58
      43
      50
      46
      49
      51
      47
      41
      46
      54
      47
      42
      50
      41
      31
      33
      50
      34
      48
      39
      42
      45
      46
      47
      48
      49
      42
      37
      34
      36
      32
      36
      48
      36
      43
      46
      44
      40
      45
      42
      42
      37
      28
      53
      44
      29
      47
      42
      33
      39
      50
      49
      39
      39
      46
      54
      39
      34
      42
      46
      41
      49
      50
      29
      38
      43
      27
      40
      42
      37
      35
      51
      44
      28
      44
      36
      31
      34
      50
      42
      36
      39
      43
      37
      44
      44
      33
      38
      26
      28
      43
      33
      44
      37
      34
      39
      47
      44
      30
      49
      39
      30
      29
      40
      34
      30
      41
      33
      32
      47
      40
      42
      46
      36
      37
      33
      44
      44
      40
      34
      43
      31
      41
      41
      46
      42
      49
      38
      49
      37
      31
      31
      36
      40
      35
      41
      52
      32
      45
      34
      42
      44
      44
      54
      37
      39
      42
      40
      37
      49
      37
      35
      35
      44
      40
      33
      37
      48
      42
      41
      48
      37
      51
      33
      33
      43
      36
      39
      47
      39
      33
      37
      43
      49
      34
      40
      33
      43
      41
      37
      46
      37
      47
      34
      50
      38
      37
      35
      37
      41
      56
      34
      43
      48
      37
      44
      42
      47
      36
      44
      31
      31
      39
      37
      39
      53
      27
      32
      34
      29
      45
      45
      44
      38
      38
      39
      52
      38
      40
      45
      44
      43
      42
      38
      41
      38
      39
      27
      52
      29
      41
      29
      29
      41
      41
      47
      51
      38
      33
      56
      38
      56
      43
      35
      44
      46
      39
      43
      31
      45
      52
      33
      45
      39
      40
      24
      38
      44
      42
      36
      39
      30
      38
      42
      51
      47
      30
      38
      31
      36
      38
      41
      47
      42
      30
      49
      38
      31
      43
      47
      40
      35
      37
      47
      42
      38
      30
      41
      55
      40
      46
      37
      37
      35
      35
      44
      35
      48
      39
      45
      52
      31
      36
      54
      42
      30
      56
      26
      47
      42
      48
      29
      32
      32
      46
      46
      42
      37
      43
      37
      45
      27
      41
      37
      44
      40
      39
      40
      46
      50
      54
      44
      42
      50
      39
      44
      35
      44
      50
      55
      49
      34
      31
      40
      41
      35
      39
      45
      40
      51
      36
      45
      41
      31
      40
      46
      46
      52
      47
      37
      40
      42
      50
      47
      37
      33
      34
      42
      35
      42
      38
      39
      36
      42
      46
      31
      56
      40
      46
      48
      43
      48
      41
      45
      45
      33
      40
      37
      42
      42
      35
      49
      41
      40
      34
      33
      36
      44
      45
      41
      47
      33
      44
      41
      41
      39
      50
      43
      43
      56
      47
      45
      51
      25
      43
      53
      31
      39
      38
      38
      50
      40
      47
      46
      35
      45
      41
      41
      39
      44
      40
      41
      41
      43
      46
      48
      52
      49
      35
      37
      46
      42
      37
      42
      48
      46
      27
      53
      31
      44
      47
      45
      37
      47
      45
      40
      52
      41
      41
      35
      41
      39
      52
      48
      37
      52
      32
      41
      41
      45
      39
      35
      40
      42
      37
      52
      32
      39
      56
      46
      42
      38
      52
      55
      45
      43
      38
      51
      43
      40
      39
      42
      51
      58
      36
      45
      45
      43
      26
      48
      43
      50
      45
      46
      44
      35
      41
      50
      49
      30
      39
      43
      39
      37
      38
      31
      37
      45
      28
      42
      42
      39
      40
      44
      39
      36
      45
      31
      35
      49
      45
      42
      37
      36
      53
      44
      44
      41
      56
      40
      38
      39
      45
      26
      47
      39
      44
      36
      44
      41
      41
      44
      32
      34
      47
      49
      41
      53
      45
      42
      45
      41
      38
      45
      39
      38
      38
      45
      49
      47
      36
      52
      35
      43
      44
      43
      34
      59
      27
      46
      60
      43
      44
      45
      38
      41
      34
      50
      51
      46
      46
      49
      39
      41
      42
      41
      40
      48
      41
      30
      40
      55
      39
      42
      45
      41
      38
      36
      36
      34
      39
      52
      44
      41
      42
      44
      47
      31
      51
      36
      42
      38
      32
      45
      30
      44
      44
      46
      39
      36
      50
      37
      54
      37
      40
      52
      50
      45
      41
      46
      52
      43
      46
      45
      38
      37
      51
      50
      40
      39
      35
      39
      37
      39
      38
      27
      45
      45
      36
      36
      51
      38
      35
      44
      30
      54
      46
      46
      45
      48
      36
      42
      43
      33
      49
      46
      46
      51
      43
      41
      48
      38
      39
      40
      42
      47
      37
      50
      37
      36
      49
      31
      32
      53
      30
      38
      38
      45
      45
      43
      53
      44
      34
      42
      34
      53
      44
      40
      37
      37
      32
      42
      45
      49
      34
      41
      37
      37
      47
      47
      53
      42
      56
      42
      29
      47
      32
      50
      37
      37
      34
      52
      47
      33
      50
      35
      39
      43
      44
      46
      49
      49
      56
      40
      42
      44
      59
      43
      56
      34
      47
      46
      49
      34
      38
      48
      40
      56
      44
      44
      41
      41
      52
      39
      43
      54
      42
      46
      37
      43
      48
      51
      61
      43
      46
      42
      39
      40
      48
      41
      38
      43
      39
      49
      58
      31
      41
      46
      31
      57
      52
      36
      36
      46
      37
      51
      41
      54
      44
      51
      50
      51
      48
      45
      56
      44
      45
      45
      41
      38
      51
      46
      51
      48
      48
      33
      43
      36
      49
      44
      47
      27
      47
      53
      42
      47
      42
      52
      46
      34
      45
      47
      36
      44
      37
      44
      41
      32
      38
      43
      51
      49
      35
      45
      55
      42
      42
      41
      42
      37
      29
      56
      48
      52
      45
      33
      35
      48
      47
      53
      44
      39
      46
      41
      40
      37
      49
      43
      39
      38
      39
      45
      36
      40
      36
      52
      45
      51
      39
      51
      49
      43
      40
      42
      44
      42
      37
      45
      48
      42
      36
      53
      40
      49
      41
      38
      39
      46
      39
      51
      56
      43
      39
      44
      53
      41
      45
      42
      46
      42
      39
      51
      33
      48
      48
      57
      42
      37
      36
      42
      47
      40
      48
      56
      36
      31
      54
      47
      45
      47
      42
      42
      45
      50
      37
      49
      53
      39
      44
      42
      51
      43
      43
      33
      44
      52
      36
      47
      46
      51
      56
      41
      42
      30
      36
      47
      38
      38
      36
      47
      60
      41
      29
      36
      56
      51
      34
      47
      34
      43
      52
      44
      58
      44
      37
      35
      48
      47
      48
      49
      47
      51
      50
      30
      54
      52
      40
      43
      52
      42
      49
      41
      56
      52
      40
      33
      33
      47
      53
      41
      39
      40
      43
      33
      44
      41
      51
      41
      40
      38
      51
      43
      44
      43
      44
      54
      50
      39
      55
      46
      36
      41
      41
      41
      48
      50
      48
      62
      42
      42
      42
      41
      39
      44
      47
      37
      49
      39
      41
      47
      46
      40
      53
      39
      41
      43
      48
      41
      38
      43
      41
      54
      42
      44
      35
      45
      55
      58
      42
      34
      60
      55
      53
      46
      38
      44
      43
      43
      38
      40
      49
      44
      47
      52
      44
      62
      33
      42
      45
      45
      39
      53
      50
      46
      50
      43
      50
      45
      44
      51
      43
      49
      50
      36
      47
      43
      56
      44
      47
      51
      34
      35
      46
      46
      33
      36
      43
      31
      45
      54
      49
      50
      51
      38
      46
      38
      45
      39
      44
      39
      54
      52
      42
      50
      49
      44
      44
      53
      51
      56
      40
      40
      40
      47
      52
      48
      60
      38
      49
      46
      48
      50
      40
      37
      47
      48
      41
      44
      43
      47
      40
      45
      51
      41
      48
      50
      41
      46
      47
      51
      47
      38
      49
      52
      51
      44
      59
      59
      43
      40
      45
      51
      51
      57
      58
      55
      46
      37
      51
      41
      44
      44
      53
      46
      57
      38
      49
      46
      38
      51
      55
      45
      38
      39
      43
      43
      52
      42
      43
      49
      54
      54
      48
      39
      46
      53
      42
      60
      41
      45
      61
      52
      44
      46
      42
      44
      31
      44
      40
      48
      39
      48
      40
      50
      52
      43
      41
      43
      39
      59
      65
      57
      61
      39
      50
      40
      39
      41
      40
      52
      45
      49
      49
      40
      45
      45
      37
      51
      39
      50
      41
      33
      43
      50
      42
      45
      49
      43
      38
      50
      38
      34
      39
      46
      53
      51
      48
      44
      45
      61
      40
      51
      42
      51
      42
      34
      41
      35
      57
      39
      46
      59
      46
      44
      42
      47
      55
      48
      34
      51
      40
      41
      55
      58
      50
      54
      35
      58
      42
      44
      56
      55
      44
      37
      50
      36
      42
      55
      56
      46
      51
      41
      53
      50
      50
      40
      47
      43
      50
      59
      50
      56
      56
      53
      47
      51
      50
      49
      60
      37
      50
      45
      47
      58
      41
      49
      46
      45
      41
      66
      58
      50
      49
      53
      41
      50
      48
      44
      45
      47
      40
      47
      39
      41
      62
      64
      50
      47
      37
      43
      50
      46
      52
      40
      48
      41
      76
      42
      57
      33
      49
      48
      45
      57
      45
      51
      46
      42
      45
      41
      59
      54
      38
      42
      38
      56
      44
      44
      56
      45
      50
      49
      46
      53
      46
      46
      49
      36
      50
      50
      48
      41
      58
      45
      38
      54
      44
      42
      40
      35
      39
      53
      58
      40
      43
      51
      40
      55
      47
      40
      50
      52
      52
      49
      52
      40
      36
      54
      46
      40
      43
      46
      50
      38
      53
      45
      49
      65
      43
      50
      58
      42
      54
      57
      54
      41
      45
      49
      40
      51
      45
      57
      49
      57
      44
      47
      47
      43
      32
      51
      45
      43
      38
      50
      53
      47
      48
      46
      48
      40
      60
      44
      55
      41
      46
      48
      45
      49
      58
      40
      52
      51
      56
      61
      63
      52
      41
      42
      43
      47
      38
      60
      48
      53
      50
      58
      50
      46
      47
      45
      43
      48
      53
      54
      39
      44
      45
      41
      48
      75
      41
      55
      53
      51
      48
      46
      35
      45
      59
      51
      53
      58
      54
      60
      35
      51
      50
      55
      41
      48
      54
      37
      57
      52
      42
      39
      48
      58
      37
      56
      57
      55
      58
      55
      50
      43
      48
      55
      54
      56
      65
      54
      48
      55
      61
      51
      44
      38
      47
      46
      47
      51
      54
      53
      45
      52
      57
      46
      52
      52
      42
      44
      41
      44
      48
      58
      41
      56
      50
      49
      48
      34
      48
      53
      53
      49
      45
      43
      54
      58
      41
      60
      37
      42
      63
      43
      41
      42
      42
      46
      48
      53
      43
      59
      58
      44
      54
      48
      66
      46
      50
      62
      56
      59
      52
      48
      43
      57
      49
      41
      46
      54
      50
      47
      45
      61
      45
      43
      57
      52
      62
      54
      54
      60
      58
      61
      49
      54
      59
      50
      52
      44
      53
      48
      52
      43
      52
      47
      63
      63
      54
      49
      59
      49
      54
      48
      50
      53
      52
      46
      47
      48
      47
      56
      45
      62
      59
      59
      42
      42
      45
      46
      45
      54
      53
      59
      58
      53
      47
      46
      44
      54
      48
      44
      54
      50
      53
      64
      38
      61
      39
      51
      61
      39
      48
      40
      46
      40
      47
      41
      62
      49
      53
      51
      62
      43
      55
      57
      43
      49
      54
      61
      54
      51
      51
      54
      53
      58
      50
      39
      44
      49
      52
      42
      47
      51
      49
      56
      68
      49
      46
      55
      53
      55
      53
      48
      42
      55
      44
      55
      59
      48
      47
      39
      62
      49
      47
      50
      44
      52
      52
      59
      47
      57
      49
      45
      46
      55
      53
      55
      49
      56
      56
      53
      54
      65
      43
      46
      44
      47
      51
      56
      65
      58
      46
      37
      58
      55
      58
      56
      44
      60
      55
      51
      43
      46
      55
      49
      57
      49
      54
      52
      57
      56
      54
      49
      40
      64
      43
      51
      43
      58
      44
      45
      48
      51
      46
      54
      64
      50
      54
      48
      40
      58
      61
      64
      45
      58
      55
      53
      53
      59
      53
      55
      56
      56
      47
      60
      57
      60
      53
      48
      54
      52
      65
      35
      44
      54
      61
      47
      44
      47
      66
      50
      48
      54
      43
      58
      57
      69
      74
      57
      50
      63
      64
      53
      53
      69
      49
      61
      58
      53
      67
      59
      55
      61
      61
      51
      47
      56
      58
      45
      55
      49
      45
      50
      40
      53
      59
      43
      53
      58
      64
      30
      42
      63
      60
      58
      52
      59
      41
      65
      59
      44
      49
      51
      66
      55
      44
      60
      63
      47
      59
      54
      54
      54
      55
      53
      40
      58
      55
      44
      56
      54
      56
      49
      51
      58
      52
      43
      53
      60
      56
      58
      64
      52
      44
      60
      47
      55
      53
      63
      40
      61
      42
      58
      60
      53
      61
      54
      57
      49
      57
      54
      60
      59
      43
      56
      57
      51
      62
      45
      56
      57
      48
      46
      55
      54
      52
      57
      58
      54
      46
      57
      55
      49
      54
      64
      46
      49
      44
      59
      56
      70
      58
      49
      63
      55
      56
      61
      67
      52
      60
      60
      68
      57
      58
      52
      68
      43
      58
      46
      64
      65
      55
      53
      53
      63
      60
      40
      53
      53
      52
      65
      50
      49
      59
      56
      62
      67
      55
      65
      56
      52
      60
      50
      71
      65
      66
      55
      63
      60
      59
      56
      54
      68
      58
      59
      62
      63
      64
      56
      44
      53
      57
      50
      63
      46
      50
      52
      59
      50
      60
      67
      52
      63
      65
      65
      57
      67
      54
      71
      46
      68
      66
      61
      56
      62
      56
      54
      74
      65
      57
      46
      54
      66
      48
      60
      55
      60
      55
      58
      49
      61
      42
      54
      65
      58
      73
      54
      69
      61
      76
      47
      53
      69
      45
      62
      60
      67
      55
      56
      48
      55
      54
      55
      60
      63
      76
      50
      47
      63
      45
      47
      59
      64
      76
      47
      57
      54
      65
      66
      56
      70
      70
      44
      47
      53
      52
      58
      73
      57
      65
      56
      56
      46
      47
      56
      54
      70
      51
      68
      50
      65
      54
      61
      53
      66
      52
      70
      70
      66
      70
      65
      70
      52
      57
      46
      58
      52
      64
      71
      48
      66
      55
      57
      64
      58
      63
      69
      66
      69
      70
      59
      55
      60
      61
      49
      65
      47
      52
      71
      69
      58
      62
      78
      49
      71
      55
      84
      63
      70
      60
      58
      67
      74
      63
      46
      62
      62
      47
      67
      53
      65
      67
      67
      68
      60
      55
      54
      68
      59
      67
      52
      63
      53
      63
      63
      55
      71
      62
      63
      65
      65
      59
      72
      66
      55
      57
      60
      61
      64
      73
      62
      65
      66
      57
      59
      57
      68
      59
      57
      57
      56
      59
      69
      58
      57
      58
      63
      73
      48
      67
      66
      67
      62
      69
      48
      58
      60
      83
      50
      59
      65
      69
      62
      55
      48
      58
      72
      67
      83
      67
      62
      65
      49
      74
      62
      63
      66
      80
      68
      83
      56
      63
      70
      78
      76
      67
      62
      72
      52
      63
      83
      77
      67
      54
      62
      61
      73
      73
      70
      64
      70
      59
      69
      62
      72
      69
      53
      70
      54
      82
      57
      68
      56
      61
      62
      70
      71
      67
      45
      67
      79
      70
      60
      68
      64
      65
      68
      81
      72
      67
      65
      72
      58
      75
      69
      69
      74
      57
      55
      62
      66
      62
      74
      65
      53
      57
      67
      77
      59
      58
      63
      80
      62
      60
      59
      66
      62
      68
      71
      57
      53
      67
      52
      58
      65
      53
      51
      58
      61
      63
      56
      58
      68
      63
      59
      69
      58
      55
      81
      65
      61
      56
      73
      77
      63
      63
      69
      62
      75
      58
      55
      76
      65
      68
      80
      65
      69
      68
      50
      68
      74
      79
      64
      68
      74
      72
      58
      56
      68
      50
      66
      64
      81
      79
      62
      73
      81
      62
      64
      82
      69
      74
      73
      66
      57
      68
      64
      91
      61
      74
      57
      84
      68
      66
      76
      68
      87
      61
      73
      89
      57
      71
      80
      67
      66
      58
      70
      68
      70
      70
      56
      66
      69
      66
      74
      83
      59
      78
      61
      76
      52
      66
      74
      81
      52
      63
      79
      61
      80
      74
      77
      65
      63
      74
      65
      67
      68
      57
      63
      77
      76
      63
      60
      71
      86
      82
      82
      69
      71
      66
      67
      70
      69
      80
      69
      78
      92
      71
      85
      72
      69
      57
      70
      54
      72
      71
      81
      56
      65
      74
      70
      88
      69
      77
      70
      65
      75
      59
      72
      75
      75
      68
      67
      81
      69
      70
      73
      74
      79
      73
      90
      62
      73
      78
      71
      76
      70
      75
      77
      74
      70
      81
      75
      64
      63
      75
      67
      89
      74
      70
      62
      73
      65
      63
      83
      74
      88
      77
      78
      84
      85
      98
      70
      67
      87
      71
      74
      70
      69
      70
      80
      77
      77
      74
      83
      81
      90
      82
      79
      87
      82
      75
      86
      82
     100
      64
      84
      67
      94
      86
      70
      80
     101
      97
      87
      91
      84
      74
      90
      81
      80
     100
      67
      80
      86
      84
      71
      88
      73
      73
      92
      61
      74
      86
      98
      88
      80
      82
      78
      86
      83
      77
      73
      68
      78
      75
      70
      84
      81
      69
      70
      90
      70
      53
      66
      70
      71
      78
      88
      76
      82
      82
      66
      85
      88
      81
      73
      77
      72
      62
      64
      72
      79
      87
      69
      78
      59
      72
      90
      73
      81
      77
      71
      79
      78
      83
      63
      69
      66
      70
      67
      49
      69
      64
      68
      88
      88
      79
      94
      71
      71
      83
      77
      75
      78
      74
      86
      89
      94
      79
      94
      91
      73
      80
      69
      98
      72
      83
     116
      83
      87
      70
      72
      85
      78
      69
      76
      88
      81
      78
      84
      72
      79
      86
      81
      93
      87
      69
      82
      66
      72
      84
      73
      76
      70
      61
      79
      82
      68
      68
      70
      84
      78
      95
      73
      85
      78
      71
      97
      69
      83
      84
      81
      79
      77
      78
      79
      82
      95
      91
      89
      75
      75
      75
      84
      83
      69
      83
      89
      88
      95
      80
      82
      84
      70
      89
      70
      85
      90
     101
      86
      83
      89
      59
      88
      73
      79
      86
      71
      69
      67
      83
     102
      84
      80
      74
      81
      92
      83
      70
      75
      77
      95
      79
      74
      74
      80
      89
      95
      83
      76
      84
      79
      83
      87
      98
      78
      88
      90
      72
      73
      88
      78
      81
      85
      81
      95
      83
      80
      97
      84
      93
      76
      91
      76
      85
     102
      96
      84
     103
      71
      87
      91
      89
      99
      82
      84
      89
     102
      88
      71
      80
      85
      88
      91
      81
      96
      87
      76
      86
      82
      78
      79
      67
      83
      85
      96
      86
      83
      84
      93
      81
      82
      68
      87
     101
      86
      88
      71
      88
      80
      94
      84
      87
      81
      74
      95
      92
      86
     112
      88
      69
      76
      92
      89
      96
      96
      74
      98
      97
      81
      82
      89
      88
      87
      90
      75
      77
      70
      84
      88
      81
      95
      94
      94
      87
      94
      84
      93
      84
      94
      81
      83
      73
      90
      83
      74
      74
      96
      95
      98
      90
      86
      90
      93
      90
      88
      85
     101
      69
      71
      79
      81
      74
      82
      89
      87
      78
      79
      96
      96
      72
      74
      81
      85
      99
      94
      79
      66
      89
      71
      81
      84
      71
     102
      64
      80
      82
      81
      88
      72
      71
     107
      84
      81
      62
      88
      82
      75
      73
      84
      84
      77
      83
      83
      81
      74
      74
      78
      78
      75
      78
      63
      87
      70
      58
      70
      82
      65
      79
      74
      63
      55
      70
      77
      80
      74
      63
      47
      63
      82
      82
      63
      68
      75
      72
      61
      55
      64
      68
      66
      57
      62
      62
      54
      64
      44
      66
      71
      57
      62
      67
      56
      52
      51
      74
      62
      55
      62
      47
      68
      60
      55
      55
      61
      71
      56
      53
      61
      62
      65
      48
      48
      45
      61
      64
      57
      54
      50
      56
      56
      54
      52
      47
      54
      55
      62
      53
      53
      60
      54
      47
      47
      46
      50
      64
      51
      53
      48
      55
      50
      47
      63
      44
      47
      49
      56
      61
      55
      49
      53
      53
      45
      57
      52
      62
      71
      54
      57
      47
      60
      57
      48
      53
      66
      55
      52
      55
      58
      51
      66
      50
      49
      46
      61
      44
      45
      47
      49
      47
      49
      58
      40
      46
      47
      59
      52
      48
      42
      59
      48
      40
      52
      50
      53
      65
      45
      50
      52
      46
      52
      50
      49
      51
      48
      44
      41
      45
      51
      44
      51
      51
      48
      40
      54
      45
      48
      59
      42
      46
      44
      42
      47
      58
      40
      37
      43
      38
      48
      62
      48
      51
      60
      48
      54
      49
      53
      46
      64
      56
      39
      62
      45
      54
      45
      53
      61
      48
      42
      45
      49
      48
      57
      44
      40
      39
      44
      35
      46
      45
      45
      41
      49
      59
      57
      57
      51
      56
      49
      53
      43
      49
      47
      44
      46
      53
      48
      40
      39
      41
      45
      45
      39
      51
      44
      43
      47
      44
      47
      55
      56
      51
      56
      47
      39
      42
      37
      46
      41
      42
      44
      45
      47
      45
      41
      49
      50
      52
      44
      41
      47
      45
      48
      41
      41
      48
      51
      45
      47
      42
      44
      42
      35
      43
      56
      32
      43
      56
      57
      43
      49
      58
      46
      43
      35
      37
      43
      54
      42
      48
      38
      51
      48
      53
      49
      40
      45
      57
      46
      40
      43
      43
      51
      58
      52
      41
      36
      33
      54
      43
      47
      60
      39
      43
      48
      51
      46
      47
      58
      39
      36
      41
      44
      44
      40
      46
      36
      59
      50
      35
      53
      50
      41
      46
      39
      53
      49
      46
      50
      43
      51
      44
      47
      38
      50
      42
      42
      49
      45
      43
      48
      32
      51
      37
      35
      37
      45
      47
      46
      53
      41
      49
      44
      43
      38
      38
      60
      42
      32
      38
      43
      45
      50
      60
      35
      40
      48
      44
      37
      42
      50
      43
      43
      37
      39
      41
      52
      45
      30
      41
      42
      44
      36
      43
      43
      59
      38
      58
      42
      36
      36
      37
      35
      39
      41
      37
      34
      43
      37
      44
      27
      45
      49
      37
      41
      37
      40
      45
      30
      38
      26
      50
      43
      48
      46
      38
      29
      52
      31
      36
      45
      44
      40
      48
      41
      47
      42
      40
      29
      38
      33
      41
      34
      44
      43
      38
      41
      33
      40
      41
      32
      40
      40
      32
      30
      52
      44
      42
      34
      39
      38
      36
      51
      31
      42
      37
      37
      38
      38
      42
      35
      46
      41
      40
      37
      31
      33
      38
      30
      47
      45
      28
      33
      37
      23
      34
      38
      41
      40
      47
      36
      34
      43
      38
      39
      32
      36
      35
      36
      33
      32
      37
      33
      43
      37
      30
      31
      39
      42
      41
      38
      34
      37
      33
      31
      54
      50
      31
      46
      47
      40
      38
      35
      38
      41
      37
      47
      29
      35
      32
      35
      32
      36
      52
      47
      35
      24
      36
      39
      29
      42
      41
      32
      28
      34
      35
      36
      38
      32
      53
      29
      38
      37
      42
      44
      34
      30
      44
      37
      38
      43
      36
      28
      25
      34
      33
      45
      36
      33
      45
      39
      29
      41
      27
      34
      45
      30
      28
      37
      31
      35
      25
      32
      36
      38
      39
      28
      37
      27
      38
      35
      39
      38
      39
      29
      34
      32
      30
      36
      56
      35
      40
      32
      37
      37
      40
      44
      38
      32
      36
      32
      26
      34
      30
      34
      25
      45
      29
      25
      26
      29
      33
      27
      30
      32
      31
      23
      35
      44
      32
      36
      30
      32
      37
      30
      37
      22
      30
      30
      41
      35
      35
      32
      30
      29
      37
      28
      31
      27
      39
      39
      36
      31
      31
      28
      23
      32
      37
      36
      36
      34
      24
      33
      50
      20
      34
      26
      23
      30
      32
      23
      39
      25
      34
      32
      27
      31
      31
      29
      31
      25
      20
      31
      29
      34
      23
      31
      30
      30
      32
      29
      34
      24
      24
      26
      24
      26
      32
      24
      22
      34
      36
      29
      30
      27
      36
      39
      30
      23
      24
      32
      36
      22
      27
      24
      25
      36
      24
      37
      27
      29
      31
      26
      34
      28
      24
      36
      35
      27
      33
      32
      25
      41
      17
      26
      24
      28
      25
      27
      33
      41
      31
      26
      28
      27
      30
      25
      32
      24
      32
      27
      28
      29
      27
      29
      24
      24
      36
      26
      39
      18
      35
      39
      36
      33
      20
      27
      25
      36
      30
      30
      29
      28
      27
      26
      29
      26
      30
      32
      37
      29
      27
      26
      27
      28
      29
      21
      31
      29
      23
      29
      24
      22
      26
      20
      29
      23
      30
      30
      33
      22
      22
      33
      27
      23
      29
      28
      23
      30
      22
      22
      36
      18
      33
      27
      32
      36
      31
      26
      21
      28
      25
      26
      31
      20
      22
      26
      22
      30
      29
      26
      30
      14
      21
      24
      30
      26
      38
      23
      16
      19
      25
      22
      15
      24
      32
      28
      19
      25
      25
      25
      34
      25
      34
      34
      27
      25
      17
      16
      25
      24
      27
      23
      23
      17
      29
      29
      13
      26
      23
      30
      27
      16
      28
      20
      24
      20
      31
      29
      23
      17
      25
      29
      23
      27
      18
      26
      20
      19
      22
      21
      26
      20
      24
      17
      21
      24
      19
      21
      21
      29
      24
      20
      21
      15
      20
      17
      20
      22
      25
      23
      20
      19
      20
      23
      28
      24
      24
      28
      14
      23
      16
      26
      21
      20
      27
      23
      14
      29
      11
      24
      19
      23
      19
      20
      20
      18
      28
      16
      11
      20
      12
      24
      24
      23
      17
      23
      19
      22
      23
      23
      23
      27
      15
      18
      24
      29
      22
      14
      12
      19
      21
      17
      26
      19
      22
      29
      18
      23
      17
      25
      18
      24
      21
      16
      36
      30
      20
      17
      23
      23
      24
      17
      22
      19
      12
      14
      16
      15
      14
      20
      11
      17
      25
      27
      16
      17
      18
      20
      16
      23
      20
      18
      21
      22
      18
      22
      10
      14
       7
      13
      13
      24
      19
      19
      24
      21
      18
      22
      13
      22
      27
      21
      27
      19
      12
      19
      27
      24
      20
      11
      15
      31
      17
      13
      15
      18
      16
      14
      12
      20
      14
      26
      19
      16
      23
      15
      16
      21
      11
      17
      14
      19
      11
      14
      10
      14
      11
      13
      12
      21
      17
       8
      21
      17
      12
      15
      16
      19
      23
      18
      22
      16
      12
      14
      22
      18
      15
      25
      15
      18
      15
      13
      19
      17
      19
      21
      16
      19
      16
      14
      13
      12
      17
       8
      19
      18
      14
      11
      22
      10
      13
      13
      13
      22
      16
      15
      10
      14
      23
      12
      20
      17
      22
      17
      13
      12
      13
      10
      16
      21
      14
      16
      18
      16
      18
      11
      12
      12
      20
      15
      13
      15
      13
      15
      19
      17
      11
       8
      11
      19
      14
       7
      18
      16
      18
      19
      15
      18
      14
      13
      10
      13
      23
      15
      13
      16
      14
      17
      18
      16
      20
       9
      14
      10
      17
      17
      23
      15
      11
      18
      16
      16
      16
      15
      18
       8
       9
      17
      12
      11
      14
      13
      15
      14
      15
      20
      14
      13
      18
      13
      23
      15
      11
      18
      15
      16
      14
       5
       8
       9
      10
      11
      13
      11
      20
      15
      17
      15
      16
      10
      14
      11
      15
      13
      14
      14
      23
      11
      12
      16
      11
      17
      13
      11
      10
      11
      17
      15
      15
      11
      19
      14
      13
      12
      14
      12
      13
      14
      14
      11
      20
      18
      17
      15
      18
      14
      16
      10
      15
      17
      20
      18
      13
      16
      13
      14
      11
      20
      13
      19
      11
      12
      16
       7
      14
      16
      19
       9
      17
      15
      17
      11
      12
       7
       9
      17
      18
      12
       7
      12
      12
      12
      16
      17
      23
       9
      10
      12
      14
       7
       8
      14
       6
       8
      18
      13
       8
      15
      17
      11
      13
       9
      10
       7
      16
      13
      22
      14
      10
      14
      14
      11
      10
      10
      16
      10
       8
      14
      16
      16
      14
      18
      13
      21
      20
      10
      14
      15
       7
      10
      19
      14
      12
      10
      17
      13
       7
      18
      19
      13
      13
      13
       8
      10
       7
      10
      17
      14
      12
      13
      10
      13
      15
       6
       7
      15
      13
      10
      19
       7
      16
      15
      12
      11
      18
      15
      13
       8
      15
      14
      17
      13
      11
      11
      15
      10
      19
       7
      10
      14
       9
      10
       8
      17
       9
      15
      15
      13
      14
      11
      12
      20
      10
      14
      14
      20
      15
      10
       9
      10
      13
      11
      17
       9
      16
      11
      12
      12
       9
      11
      14
      13
      15
      10
      12
      14
      11
      14
      21
      13
      13
      12
      16
      11
       9
      19
      13
       8
      13
      12
      12
      11
      12
      13
      13
      16
      14
      17
      14
      11
      16
      12
      11
      13
       7
       5
       7
      15
      11
      16
      16
       7
      12
      18
      15
      10
       9
       7
      14
      12
      13
      13
      16
      20
       7
      19
      17
      15
      14
      12
      13
      14
      10
       7
      14
      14
      14
       8
      11
      17
      14
      17
      13
       5
       7
       8
      20
      18
      16
      14
      19
      14
      13
      12
      13
      12
      12
      11
       6
      10
      18
       9
      10
       8
       9
      15
      10
      14
      10
      15
      14
      13
      11
      10
      11
      24
      22
      15
      10
       9
      13
      17
      10
      16
       8
      12
      20
      11
       7
      14
      11
      14
       7
      13
      13
      14
      11
      14
       9
      12
      25
      17
      18
      11
       7
      15
      12
      13
       8
       9
       4
       5
      10
      14
      14
      13
      11
      14
      16
      13
      11
      18
      11
      10
      15
      14
       8
      13
      18
      10
      11
      16
      11
      10
      14
       8
      13
      12
      17
      17
      10
      11
      16
       8
      12
       8
      10
      10
      10
       8
      13
      13
       7
      15
      14
       9
      16
      18
      13
      10
      18
      15
      13
       9
      15
       7
      28
      12
      12
      12
      10
      10
      11
      10
      11
       9
      11
       9
      11
      15
       5
      10
       8
      18
      13
      14
      11
      11
       2
      15
      12
      12
      21
      10
      14
      15
      13
      16
       6
      12
      15
      10
      12
      16
      11
      10
      13
      14
      18
      11
       9
       8
      14
      10
      18
      11
      10
      10
      10
      11
      17
       9
      10
       7
      14
      12
      17
       8
      13
      12
      14
       8
      14
      14
       9
      11
      11
       8
      10
      14
      11
      14
      10
      10
      25
      16
      11
      20
       8
      13
       7
      13
       7
      11
       8
       9
      17
       8
      18
      15
      13
      13
      17
      12
      19
      11
      13
       9
      12
      11
      13
      19
      14
      19
      14
      13
      16
      16
      10
       8
       9
      14
       9
       9
       3
       8
      13
      13
      12
      11
       8
      14
       9
      15
      12
      15
      11
      16
       7
      11
      23
       8
      12
      13
      12
      15
      10
      13
      10
      16
      15
      12
      15
      18
      13
      20
       9
      12
      15
      12
      10
      12
      11
       7
      13
       8
       7
       7
      19
       9
       4
       8
      16
      14
      20
      15
      17
      12
      19
      14
      18
      15
      15
      10
      10
       8
      15
      18
      14
      13
       7
      20
      16
       9
       5
      13
       9
       6
      14
      18
      11
      14
       8
      13
      10
       8
      13
      12
      10
       8
       9
       8
       7
      17
      13
      14
      23
      14
      19
       8
      19
      16
       6
      15
      19
      15
       7
      15
       9
      13
      15
      19
       8
      13
      11
      12
      11
      11
      14
      18
      18
      13
      13
      22
      15
      10
      15
      13
      11
      14
      21
      17
      14
      14
      11
      19
      12
      11
      14
      10
      12
       2
      15
      16
      16
      15
      16
      14
      17
      18
      10
      12
      12
      17
      14
      11
      12
      15
      12
      14
      16
      12
      12
       8
      11
       9
      15
      10
       9
       9
      15
       6
      14
      20
      22
      13
       8
      17
      19
      13
      10
      11
      14
      11
       8
      15
      13
      14
       9
      11
      11
      15
      23
      15
      17
      13
      10
      11
      14
      13
      14
      15
      17
      14
      10
      19
      10
      13
      12
       7
      14
      13
       6
      12
      15
      17
      12
      14
      10
      13
      19
      23
       7
      16
       6
      17
      15
      13
       8
      14
      17
      22
      18
      12
      13
      16
       8
      15
      11
      13
       9
      11
      15
       9
      14
       7
      10
      10
       8
      13
      16
      11
       7
      12
      15
      11
      11
      15
       7
      13
      10
      11
      11
       7
       7
      17
      13
      15
      19
      23
      15
      16
      18
      21
      12
      17
      11
       9
      18
      18
      15
      17
      12
      14
      11
      12
      19
      10
      11
      10
      16
      19
      14
      14
      23
      18
      16
      15
       9
      12
       6
       9
      15
       9
      17
      20
      14
      14
      13
      15
      11
      11
      18
      17
      12
      14
      13
      12
       9
      15
      10
      15
      20
      15
      21
      22
       9
      15
      19
      19
      12
      15
       5
      14
      13
      13
      19
      14
      20
      17
      14
      16
      12
      13
      11
      18
      15
      16
      13
      15
      18
      25
      17
      16
      17
      10
      19
      21
      20
      19
      17
      20
      20
      20
      10
      25
      13
      20
      29
      20
      24
      17
      18
      22
      15
      15
      27
      27
      41
      21
      32
      28
      36
      37
      42
      41
      51
      52
      55
      65
      81
      91
      95
     121
     140
     157
     199
     220
     271
     306
     364
     466
     511
     617
     705
     886
    1034
    1284
    1400
    1771
    2063
    2363
    2747
    2942
    3212
    3625
    3721
    4010
    4059
    4099
    4239
    4156
    3936
    3750
    3533
    3320
    2940
    2630
    2284
    1946
    1574
    1273
    1094
     874
     639
     499
     394
     292
     217
     156
     106
      87
      84
      48
      43
      30
      29
      21
      25
      15
      19
      17
      19
      13
      23
      10
      10
      21
      24
      12
      15
      27
      21
      19
      19
      24
      15
      17
      13
      17
      16
      12
      16
      16
      16
      14
       7
      20
      10
      12
      12
      12
      13
      12
      11
      11
      14
      11
      23
      11
      15
      15
       7
      19
      15
      14
      19
      11
      24
      11
      10
      12
       7
      13
      15
      11
      12
      14
       7
      11
       9
       8
       7
      11
       9
       9
      12
       7
       9
      21
       6
      11
       9
      11
      10
      10
       8
       8
       8
      13
       8
      10
       8
      11
      13
       9
       9
      13
      12
      16
      12
       8
      13
      14
      10
       9
      11
      11
      12
      11
      10
       5
       8
      10
      16
      12
       6
      15
      14
      11
       6
       9
      10
      13
      10
       6
       8
       8
       6
       6
       8
       9
      12
      15
       7
       8
       6
      10
       9
      12
       7
      10
      13
      16
       7
      14
      15
       7
      10
      14
      11
      14
      10
      16
      10
       8
       7
       8
      11
       5
       6
       9
       6
       9
       9
      10
       7
      10
      16
       7
      10
      10
      12
      14
       5
       8
      11
      11
       9
       6
      14
      10
      11
       7
      12
      11
       5
       4
       5
      10
       8
       7
      11
      13
      13
       5
       7
       7
      12
       8
       7
       4
       7
      16
      12
       6
       8
       8
       7
       7
       8
       7
       3
      15
      10
      11
       7
       7
       8
       8
       6
       4
      13
       5
       7
       8
       5
       6
       6
       7
      12
       6
      11
       5
       6
       9
       7
       3
      10
       9
       8
       6
      10
       8
      10
       5
       5
       8
       9
       5
       6
      10
       7
       5
      10
       9
      11
       8
       4
      11
       8
      12
       5
       9
      10
       8
      12
       6
       7
       6
       3
      15
       9
      10
       4
       7
       9
       9
       6
       5
      13
       2
       8
       8
       8
       6
       7
      14
       4
       6
      13
       4
       7
       7
      11
       4
       2
       9
      13
       7
       6
       3
       6
       4
       6
       6
       8
       6
       5
       8
       3
       5
      10
       4
       4
       4
      10
       7
       7
       7
      10
       7
      11
       8
       9
       6
       6
       3
       4
      10
       9
       8
       9
       6
       8
      11
       6
       6
       5
       4
       9
       8
      10
       9
       3
       6
       5
       5
       6
      10
       8
       8
       8
       6
      10
      10
       9
      12
      10
       5
       9
       6
       7
       3
       2
       6
      11
      11
       7
       5
       9
       6
       5
       8
       4
      11
       6
       2
       5
       8
       4
      11
      14
       9
       2
       9
       8
      12
       6
      10
       6
       9
       6
       2
       7
       7
       4
       8
      11
       9
       9
      10
       9
       9
       9
       7
       7
       5
      12
       9
       6
       4
      12
       8
      10
       3
       4
       6
       7
       4
       4
      18
       3
       5
       9
       8
       6
       7
      11
       7
       5
       5
       3
       5
       5
       3
       2
      10
       8
       9
       6
       6
       5
       4
       5
       6
      10
       8
      10
       7
      15
       9
       7
      10
      12
      10
       5
       5
       8
       9
       9
       2
       6
      10
      12
       7
      10
       4
      12
       6
       2
       9
       4
       6
       9
       4
       7
       8
       6
       3
       9
       5
       6
       7
       8
       7
       3
       6
       5
      11
       9
       3
       6
       9
       5
       5
       5
       6
       5
       6
       8
       4
      14
       6
       8
       9
       9
       5
      13
       6
       7
       5
       6
       4
       7
       4
       5
       6
       5
       6
       6
       8
      10
       7
       7
       6
       7
       9
       5
       5
      11
       7
      11
       6
      11
       2
       6
       7
       6
       7
       7
      13
      12
       5
       8
       7
       7
       8
       8
       4
      10
       7
       8
       7
       4
      10
       4
       3
       6
      10
      10
       5
       5
       4
       5
       3
       5
       9
       8
       6
       8
       5
      14
       2
       8
       7
       7
       8
       5
       6
       6
       4
       2
       4
       4
       7
       5
       6
      13
       6
      10
       9
       7
       4
      10
       6
       5
       8
       7
       8
       5
       3
       6
       5
       7
      12
      10
       5
       8
       8
       6
       7
       7
       8
       6
      10
      10
       5
      10
       3
       8
       8
       7
       4
       4
       4
       8
       8
       6
       5
       1
       5
       6
       5
       5
       8
       8
       6
       9
       4
       7
       3
       5
      11
       5
       4
       9
       6
       9
       4
       9
       7
       6
       6
       3
       7
      11
       5
       3
       6
      10
       5
      10
       5
      11
      10
       9
       7
       6
       4
       9
       4
       7
       5
       5
       5
       8
       6
       3
       5
      13
       2
       8
       7
       7
       8
       7
      11
       6
       2
       5
       7
       7
       7
       7
       9
       2
      14
       7
       7
       6
       4
       7
       4
       5
       3
       7
       1
       3
       5
       6
      11
       8
       2
       9
       7
       4
       2
       6
       7
       6
       8
       5
       5
       5
       1
       9
       8
       9
       2
       7
       7
       7
       4
       5
       1
       5
       7
       8
      10
       6
       6
       5
       5
       3
       7
       6
       8
       1
       4
       4
       4
       6
       5
       8
       7
       4
       7
       7
       4
      11
       5
       7
       6
       5
       8
       4
       5
       6
       8
      10
       4
       5
       4
       8
       4
       5
       5
       7
       6
       7
       9
       5
       3
       5
       4
       8
       4
       4
       9
       8
       6
       8
       7
       6
       6
       9
       6
       3
       4
       7
       5
       6
       2
       2
       7
       8
       9
       4
       8
       2
       4
       5
       3
       9
       5
       3
       3
       7
       2
       6
       8
       7
       3
       7
       1
       5
       3
      12
       8
       4
       5
       5
       4
       6
       9
       5
       3
       3
       6
       7
       6
      12
       3
       2
       6
       7
       6
       1
       7
       4
       6
       4
       8
       3
       8
       3
       3
       5
       4
       7
       9
       7
       4
       4
       3
       5
       4
       8
       2
       4
       4
       6
       4
       8
       8
       8
       5
       5
       7
       8
       5
       5
       7
       5
       9
       5
       7
       5
       8
       4
       4
       4
       4
       3
       3
       7
       8
       5
       7
       7
       6
       4
      11
       4
       3
       7
       5
       4
       6
       5
       6
       5
       3
       8
       8
       5
       7
       6
       6
       6
       7
       8
       7
       5
       5
       2
       4
       5
       4
      10
       2
       5
       5
       2
       4
       3
       6
       4
       7
       5
       6
       2
       8
       5
       4
       6
       4
       4
       2
       6
       2
       7
       5
       3
       4
       5
       5
       4
       5
       3
       6
       3
       7
       6
       5
       9
       5
       5
       3
       5
       6
       9
       2
       4
       5
       9
       6
       4
       3
      10
       3
       2
       2
       4
       3
       4
       4
       9
       4
       3
       4
      14
       7
       5
       9
       9
       5
       7
       3
       4
       5
       8
       5
       4
       4
       8
      10
       7
       6
       8
       5
       7
       7
       3
       6
       5
       5
       7
       4
       6
       4
       7
       5
       3
       6
       6
       6
       5
       7
      12
       5
       8
       2
       3
       8
       3
       7
       5
       5
       4
       7
       2
       6
       6
       5
       6
       4
       5
       3
       6
       6
       8
       7
       4
       5
       5
       5
       6
       7
       5
       7
       6
       5
       7
       5
       7
       4
       6
      10
       7
       6
       2
       3
      10
       5
       9
       7
       4
       4
       6
       3
       8
       8
       1
       6
       3
       4
       5
       4
       1
       5
       6
       8
      12
       7
       5
       4
       5
       7
       6
       5
       2
       8
       7
       8
       5
       2
       9
       9
       8
       4
      10
       3
       2
       6
       5
       5
       4
       5
       7
       4
       5
       4
       3
       8
       8
       1
       5
       6
       8
       5
       5
       7
       6
       9
       3
       6
       4
      11
       4
       7
       4
       4
       1
       7
       2
       4
       4
       5
       5
       6
       4
       4
       7
       4
       7
       7
       3
       2
       2
       6
       4
      11
       8
       2
       6
       5
       9
       5
       8
       5
       5
       4
       9
       8
       4
       3
       6
       4
       6
       4
       3
       4
       4
       7
       4
       4
       6
      10
       3
       4
       4
       4
       5
       2
       6
       7
       3
       6
       6
       6
       5
       3
       8
       6
       8
       8
       6
       1
      11
       4
       8
       7
       3
       3
       8
       4
       7
       6
       7
       2
       7
       5
       6
       6
       5
      10
       7
      10
       7
       5
       4
       4
       5
       1
       5
       8
       5
       4
       2
       5
       4
       7
       8
       8
       2
       3
       6
       2
       5
       5
       6
       5
       4
       7
       3
       3
       1
       8
       5
       2
      10
       8
       4
       7
       8
       8
       8
       6
       5
       6
       6
       7
       4
       7
       4
       4
       4
       5
       4
       8
       6
       8
       5
       4
       7
       3
       0
       5
      10
       9
       7
       5
       3
       3
       3
       7
       5
       4
       1
       8
       8
       7
       9
       3
       7
       4
       4
       7
       1
       4
       9
       3
       8
       5
       1
      13
       3
       4
       9
       5
       4
       1
       5
       6
       3
       5
       6
       9
       5
       3
       5
       5
       8
       7
       5
       5
      10
       4
       4
       8
       1
       7
       5
       7
       7
       3
       3
       7
       7
       7
       7
       5
       4
       4
       6
       4
       5
       6
       5
       5
       1
       4
       9
       5
       3
       4
       6
       6
       5
       2
       7
       2
       5
       8
       4
       8
       6
       3
       9
       2
       3
       6
       8
       4
       4
       3
       5
       8
       5
       7
       7
       5
       1
       9
       8
       5
       4
       9
       6
       4
       6
       2
      11
       3
       9
       2
       8
       6
       2
       3
       8
       5
       5
       8
      10
       5
       4
       5
       1
       3
       1
       4
       1
       3
       5
       6
       3
       2
      10
       1
       3
      10
       6
       7
       7
       6
       5
       4
       4
      11
       5
       2
       7
       3
       6
       4
       7
       5
       8
      10
       1
       6
       3
       4
       3
       6
       5
       2
       5
       5
       7
       5
       9
       7
       2
       5
       7
       4
       5
       4
       7
       5
       8
       2
       3
       2
       8
       2
       7
       3
       5
       4
       8
      11
       6
       3
       6
       4
       6
       6
       4
       7
       6
       4
       4
       7
       2
       6
       8
       6
       3
       4
       4
       9
       3
       5
       4
       6
       7
       3
       0
       6
       8
       4
       6
       1
       8
       7
       7
       6
       5
       5
       3
       5
       2
       4
       3
       9
       8
       3
       5
       5
       4
       4
       6
       1
       5
       5
       6
       2
       8
       1
       4
       3
       4
       4
       5
       7
       6
       6
       7
       1
       5
       6
       6
       3
       3
       3
      10
       4
       5
       6
       6
       5
       4
       9
       4
       2
       6
       1
       9
       4
       5
       4
       8
       4
       4
       6
       7
       8
       4
       5
       5
       6
       0
       3
      10
       2
       5
       5
       6
       2
      10
       4
       5
       3
       3
       5
       5
      10
       4
       6
       3
       5
       7
      10
       5
       2
       8
       6
       4
       7
       4
       4
       5
       6
       5
       7
       8
       5
       6
       6
       3
       4
       2
       2
       5
       7
       7
       2
       2
       2
       3
       6
       4
       6
       3
       4
       4
       5
       7
       4
       3
       5
       8
       6
       3
       6
       5
       5
       3
      11
       5
       6
       4
       5
       4
       6
       8
       3
       4
       8
       7
       5
       5
       6
       6
       1
       6
       6
       4
       4
       4
       5
       9
      11
       9
       4
       2
       2
       4
       6
       5
       3
       4
       6
       6
       7
       2
       6
       8
       4
       8
       4
       3
       2
       3
       6
       7
       6
       3
       3
       8
       5
       6
       6
       3
       6
       6
       7
       3
       3
       5
       4
       2
       6
       4
       6
       3
       5
       4
       4
       3
       5
      10
       9
       3
       6
       7
       3
       4
       7
      11
       2
       4
       5
       9
       4
       5
       4
       7
       2
       5
       9
       7
       7
       6
       3
       6
       6
       4
       3
       6
       6
       6
       4
       7
      11
       7
       6
       6
       6
       6
       6
      12
       4
       6
       3
       2
       8
       9
       7
       5
       4
       5
       7
       4
       3
       5
       4
       6
       7
       2
       6
       4
       4
       1
       7
       6
       5
       3
      10
       8
       4
       8
       3
       4
       5
       3
       4
       6
       2
       6
       6
       5
       7
       4
       5
      11
       2
       5
       4
       2
       4
       6
       6
       7
       5
      13
       3
       5
       5
       5
       9
       6
       5
      12
       4
      16
      10
      14
      12
      11
      14
      20
      13
      19
      23
      18
      22
      17
      21
      14
      24
      16
      18
      13
      17
       8
      12
      16
       5
       6
      13
       5
       6
       5
       5
       5
       2
       7
       8
       8
       2
       4
       8
       4
       2
       6
       4
       7
       4
       3
       8
       6
       7
       4
       4
       6
       8
       9
       3
       5
       5
       6
       5
       5
       3
       7
       3
       0
       4
       7
       6
       7
       2
       5
       4
       5
       4
       5
       2
       7
       4
       7
       9
       2
       5
       2
       8
       0
       3
       9
       0
       5
       4
       4
       1
       3
      11
       4
       6
       3
       3
       4
       3
       5
       6
       8
       7
       6
       4
       4
       5
       6
       6
       4
       2
       8
       5
       6
       5
       3
       1
       3
       3
       4
       3
       4
       3
       4
       4
       1
       6
       4
       7
       3
       3
       8
       3
       5
       7
       5
       5
       3
       6
       4
       5
       5
       8
       5
       4
       4
       5
       3
       3
       3
       3
       8
       5
       4
       5
       7
       4
       4
       3
       6
       5
       1
       1
       4
       7
       5
       6
       7
       3
       1
       7
       8
       2
       4
       7
       5
       6
       8
       5
      10
       5
       6
       3
       4
       1
       5
       8
       2
       6
       2
       4
       1
       3
       2
       8
       7
       6
       8
       3
       8
       9
       5
       6
       2
       1
       7
       4
       6
       8
       3
       5
       5
       6
       8
       5
       7
       4
      10
       5
       1
       3
       5
       4
       6
       4
       2
       2
       8
       7
       3
       3
       3
       3
       2
       7
       6
       3
       4
       3
       1
       5
       5
       4
       8
       6
       4
       5
       3
       1
       5
       6
       2
       3
       4
       1
       3
       5
       4
       4
       5
       6
       5
       2
       3
       2
       4
       3
       4
       5
       7
       5
       4
       3
       4
       6
       7
       5
       5
       5
       9
       3
       4
       4
       2
       4
       3
       3
       3
       7
       5
       7
       5
       5
       5
       7
       5
       6
       4
       3
       3
       6
       5
       6
       7
       2
       5
       4
       4
       4
       7
       3
       1
       4
       3
       6
       5
       1
       5
       6
       4
       4
       3
       5
       3
       6
       5
       5
       9
       4
       3
       4
       6
       5
       5
       2
       6
       3
       4
       6
       9
       0
       2
      12
       5
       4
       3
       3
       7
       2
       5
       3
       8
       3
       5
       4
       8
       3
       6
       4
       2
       7
       3
       4
       6
       6
       4
       3
       2
       5
       5
       6
       2
       3
       3
       4
       4
       3
       2
       6
       3
       6
       9
       3
       3
       7
       9
       3
       6
       5
       7
       3
       2
       9
       3
       2
       3
       3
       2
       2
      10
       5
       3
       3
       3
       3
       3
       7
       6
       3
       3
      11
       5
       3
       5
       8
       5
       2
       7
       5
       5
       7
       4
       5
       6
       4
       4
       3
       2
       2
       2
       3
       5
       4
      10
       5
       3
       1
       3
       5
       6
       4
       3
       5
       8
       6
       4
       4
       5
       4
       6
       2
       2
       5
       7
       2
       9
       4
       6
       4
       6
       7
       6
       8
       4
       4
       4
       3
       5
       6
       6
       6
       6
       5
       5
       5
       3
       5
       2
       3
       6
       3
       6
       8
       4
       4
       6
       6
       3
       9
      10
       8
       5
       4
       5
       5
       6
       6
       4
       6
       4
       6
       2
       8
       3
       0
       6
      12
       4
       4
       3
       4
       6
       3
       3
       5
       4
       5
       6
       5
       2
       3
       7
       7
       5
       6
       3
       5
       3
       4
       3
       6
       7
       4
       6
       6
       4
       4
       7
       3
       2
       3
       1
       2
       7
       6
      11
       9
       5
       6
       1
       1
       5
       4
       5
       8
       4
       6
       5
       5
       4
       4
       6
       1
       5
       5
      11
       2
       4
       2
       5
       4
       2
       4
       6
       6
       5
       1
       4
       6
       1
       3
       7
       1
       9
       5
       7
       8
       5
       6
       3
       6
       4
       4
       6
       2
       6
       5
       4
      11
       9
       4
       2
       9
       1
       4
       2
       4
       4
       6
       5
       5
       2
       6
       3
       4
       5
       5
       3
       4
       7
       4
       3
       4
       7
       7
       6
       5
       6
       6
       9
       4
       6
       3
       8
       5
       2
       2
       2
       5
       9
       4
       6
       4
       2
       1
       4
       8
       5
       6
       9
       4
       6
       1
       2
       7
       4
       7
       5
       5
       5
       3
       9
       2
       1
       3
       3
       3
       6
       8
       7
       4
       3
       3
       2
       7
       4
       5
      13
       1
       7
       7
       8
       4
       5
       6
       3
       7
       5
       5
       6
       4
       1
       3
       6
       6
       3
       6
       1
       1
       5
       4
       4
       4
       7
       3
       3
       6
       3
       9
       3
       7
       3
       2
       3
       2
      12
       3
       3
       8
       6
       5
       4
       5
       4
       3
       9
       9
       6
      11
       6
       2
       2
       4
       1
       5
       8
       3
       6
       4
       8
       2
       5
       5
       4
       8
       9
       8
       4
       1
       2
       8
       7
       7
       5
      11
       7
       3
       5
       7
       4
       5
       1
       5
       3
       7
       5
       3
       7
       5
       5
       6
       6
       2
       6
       7
       4
       4
       4
       8
       4
       4
       3
       1
       2
       3
       5
       7
       3
       6
       5
       5
       7
       8
       8
       9
       6
       4
       5
       4
       1
       4
       4
       6
       5
       3
       4
       9
       4
       4
       7
       7
       2
       6
       3
       9
       4
       4
       5
       6
       7
       2
       5
       8
       1
       3
       2
       4
       5
       7
       3
       6
       5
       5
       6
       6
       4
       2
       8
       3
       1
       5
       4
       4
       7
       3
       2
       3
       5
       4
       3
       7
       8
       5
       9
       6
       7
       8
       3
       3
       7
       6
       4
       3
       9
       7
       7
       0
       3
       5
       5
       4
       4
       5
       7
       6
       3
       4
       5
       3
       5
       6
       9
       5
       4
       2
       5
       5
       4
       6
       6
       2
       3
       9
      10
       5
       5
       1
       3
       6
       3
       3
       4
       2
       7
       9
       6
       3
       2
       3
       4
      10
       5
       5
       8
       6
       9
       2
       7
       2
       8
       4
       5
       6
       5
       3
      12
       1
       8
       6
       1
       4
       3
       6
      10
       4
       2
       4
       5
       2
       4
       7
       6
       4
       6
       3
       5
       2
       1
       3
       7
       3
       8
       5
       2
       0
       2
       5
       7
       6
       7
       3
       4
       4
       5
       4
       2
       3
       6
       5
       1
       3
       3
       6
       5
       4
       8
       6
       3
       4
       7
       2
       6
       2
       3
       2
       6
       4
       5
       4
       3
       7
       4
       4
       3
       5
       9
       3
       4
       8
       0
       5
       3
       5
       7
       3
       4
       4
       4
       7
       4
       2
       5
       5
       9
       6
       4
       4
       2
       4
       5
       3
       3
       8
       5
       9
       3
       4
       5
       2
       5
       5
       4
       7
       6
       6
       3
       2
       4
       3
       4
       3
       7
       2
       5
       3
       5
       3
       4
       5
       5
       5
       4
       4
       2
       4
       0
       3
       6
       5
       4
       6
       3
       2
       5
       5
       8
       7
      10
       5
       3
       5
       2
       8
       9
       4
       9
       3
       4
       4
      10
       6
       6
       3
       7
       7
       5
       7
       5
       8
       5
       7
       6
       2
       4
       5
       7
       7
       5
       4
       6
       4
       7
       3
       2
       5
       2
       6
       5
       1
       3
       5
       6
       2
       7
       2
       5
       3
       5
       4
       4
       9
       2
       4
       5
       5
       4
       9
       2
       2
       3
       3
       3
       2
       3
       5
       6
       1
       4
       5
       4
       5
       7
       3
       2
       6
       6
       4
      10
       4
       4
       6
       4
       4
       7
       4
       7
       4
       5
       3
       4
       3
       4
       6
       3
       2
       2
       4
       5
       2
      10
       6
       2
       7
       8
       3
       3
       4
       4
       5
       3
       1
       2
       1
       5
       6
       5
       5
       2
       5
       2
       3
       2
       3
       6
       4
       6
       3
       6
       3
       4
       1
       3
       3
       4
       6
       3
       2
       7
       3
       4
       6
       5
       4
       6
       4
       2
       5
       3
       4
       6
       2
       1
       5
       2
       5
       2
       8
       6
       4
       0
       3
       8
       5
       6
       5
       4
       5
       7
       6
       3
       1
       1
       2
       2
       5
       5
       2
       3
       3
       8
       6
       5
       4
       7
       3
       3
       3
       4
       4
       4
       3
       6
       4
       6
       4
       6
       2
       1
       1
       3
       7
       7
       5
       1
       4
       6
       2
       3
       7
       6
       3
       5
       2
       3
       4
       5
       2
       2
       5
       4
       5
      11
       8
       7
       4
       3
       8
       4
       2
       1
       3
       6
       5
       6
       5
       7
       6
       7
       6
       7
       3
       4
       4
       1
       7
       2
       0
       2
       5
       4
       1
       6
       4
       9
       6
       4
       4
       2
       3
       4
       2
       4
       5
       4
       1
       4
       3
       5
       5
       5
       2
       6
       7
       4
       5
       4
       2
       5
       4
       3
       1
       2
       6
       2
       3
       2
       3
       6
       4
       3
       2
       4
       4
       3
       1
       6
       3
       1
       2
       4
       5
       4
       2
       4
       5
       3
       2
       4
       6
       7
       1
       5
       4
       5
       5
       2
       4
       2
       3
       1
       4
       3
       1
       8
       5
       5
       4
       6
       2
       3
       5
       4
       2
       5
       5
       4
       7
       1
       3
       1
       3
       7
       3
       2
       5
       3
       3
       4
       2
       5
       3
       3
       6
       5
       5
       3
       5
       2
       3
       3
       2
       6
       6
       3
       3
       3
       9
       5
       3
       5
       3
       7
       2
       7
       4
       0
       5
       3
       4
       4
       2
       1
       7
       2
       2
       2
       2
       4
       5
       3
       6
       5
       1
       2
       5
       5
       1
       6
       9
       2
       1
       3
       2
       4
       2
       1
       8
       4
       3
       2
       9
       5
       5
       6
       4
       3
       0
       2
       2
       3
       5
       7
       5
       2
       4
       6
       6
       5
       0
       6
       3
       1
       4
       6
       4
       8
       8
       6
       2
       5
       4
       3
       5
       1
       6
       3
       7
       4
       6
       1
       6
       3
       1
       1
       5
       4
       3
       6
       5
       5
       3
       3
       5
       4
       7
       6
       6
       3
       4
       0
       0
       0
       0
       0
       0
       0
       0
       0
       0
       0
       0
       0
       0
       0
       0
       0
       0
       0
       0
       0
       0
       0
       0
       0
       0
       0
       0
       0
       0
       0
       0
       0
       0
       0
       0
       0
       0
       0
       0
       0
       0
       0
       0
       0
       0
       0
       0
       0
       0
       0
       0
       0
       0
       0
       0
       0
       0
       0
       0
       0
       0
       0
       0
       0
       0
       0
       0
       0
       0
       0
       0
       0
       0
       0
       0
       0
       0
       0
       0
       0
       0
       0
       0
       0
       0
       0
       0
       0
       0
       0
       0
       0
       0
       0
       0
       0
       0
       0
       0
       0
       0
       0
       0
       0
       0
       0
       0
       0
       0
       0
       0
       0
       0
       0
       0
       0
       0
       0
       0
       0
       0
       0
       0
       0
       0
       0
       0
       0
       0
       0
       0
       0
       0
       0
       0
       0
       0
       0
       0
       0
       0
       0
       0
       0
       0
       0
       0
       0
       0
       0
       0
       0
       0
       0
       0
       0
       0
       0
       0
       0
       0
       0
       0
       0
       0
       0
       0
       0
       0
       0
       0
       0
       0
       0
       0
       0
       0
       0
       0
       0
       0
       0
       0
       0
       0
       0
       0
       0
       0
       0
       0
       0
       0
       0
       0
       0
       0
       0
       0
       0
       0
       0
       0
       0
       0
       0
       0
       0
       0
       0
       0
       0
       0
       0
       0
       0
       0
       0
       0
       0
       0
       0
       0
       0
       0
       0
       0
       0
       0
       0
       0
       0
       0
       0
       0
       0
       0
       0
       0
       0
       0
       0
       0
       0
       0
       0
       0
       0
       0
       0
       0
       0
       0
       0
       0
$ROI:
2
4852 5354
12587 12888
$PRESETS:
Live Time
10800
0
$ENER_FIT:
0.358687 0.099971
$MCA_CAL:
3
3.586871E-001 9.997089E-002 0.000000E+000 keV
$SHAPE_CAL:
3
3.638087E+001 -1.552510E-003 0.000000E+000
