$SPEC_ID:
JKL Model 927 SN 17053844 Input 1 HEC-Cr-HEC-Cr-T30-D100-HPGe1-2
$SPEC_REM:
DET# 2
DETDESC# BULK Model 927 SN 17053844 Input 1
AP# Maestro Version 6.08
$DATE_MEA:
05/11/2026 09:39:54
$MEAS_TIM:
250 355
$DATA:
0 16383
       0
       0
       0
       0
       0
       0
       0
       0
       0
       0
       0
       0
       0
       0
       0
       0
       0
       0
       0
       0
       0
       0
       0
       0
       0
       0
       0
       0
       0
       0
       0
       0
       0
       0
       0
       0
       0
       0
       0
       0
       0
       0
       0
       0
       0
       0
       0
       0
       0
       0
       0
       0
       0
       0
       0
       0
       0
       0
       0
       0
       0
       0
       0
       0
       0
       0
       0
       0
       0
       0
       0
       0
       0
       0
       0
       0
       0
       0
       0
       0
       0
       0
       0
       0
       0
       0
       0
       0
       0
       0
       0
       0
       0
       0
       0
       0
       0
       0
       0
       0
       0
       0
       0
       0
       0
       0
       0
       0
       0
       0
       0
       0
       0
       0
       0
       1
      25
     228
     524
     564
     506
     552
     494
     487
     443
     429
     498
     458
     476
     489
     446
     483
     505
     441
     459
     469
     439
     502
     494
     471
     453
     455
     449
     444
     439
     472
     463
     448
     435
     511
     436
     419
     459
     455
     430
     457
     442
     403
     456
     447
     467
     448
     434
     439
     457
     430
     436
     415
     421
     461
     463
     406
     428
     401
     396
     413
     409
     440
     453
     415
     420
     397
     418
     431
     420
     375
     430
     431
     425
     420
     400
     428
     429
     417
     402
     414
     413
     409
     415
     419
     376
     427
     440
     390
     409
     400
     408
     436
     404
     402
     399
     398
     401
     408
     430
     398
     380
     406
     401
     431
     383
     397
     378
     410
     392
     398
     393
     405
     375
     415
     407
     397
     446
     409
     400
     384
     384
     408
     368
     402
     368
     424
     351
     391
     400
     365
     415
     420
     396
     394
     392
     347
     389
     392
     389
     399
     401
     383
     388
     368
     379
     377
     424
     384
     376
     373
     382
     382
     355
     389
     364
     365
     395
     359
     360
     400
     376
     382
     370
     368
     352
     377
     367
     355
     350
     376
     382
     362
     364
     383
     349
     352
     393
     373
     366
     383
     374
     367
     356
     354
     406
     408
     322
     357
     379
     381
     383
     335
     355
     339
     346
     359
     352
     333
     336
     349
     355
     382
     390
     338
     403
     313
     373
     373
     337
     350
     365
     373
     357
     405
     406
     330
     367
     315
     367
     342
     317
     366
     371
     343
     315
     357
     340
     360
     339
     358
     347
     359
     308
     375
     317
     342
     319
     333
     347
     358
     376
     359
     343
     355
     375
     344
     344
     366
     361
     339
     339
     324
     319
     339
     315
     363
     369
     345
     335
     378
     353
     346
     350
     304
     335
     359
     353
     358
     312
     347
     339
     361
     350
     335
     360
     375
     345
     345
     335
     315
     358
     360
     333
     354
     333
     316
     338
     354
     357
     335
     344
     345
     331
     324
     334
     300
     345
     358
     353
     328
     307
     339
     350
     335
     342
     343
     353
     319
     329
     346
     330
     345
     335
     332
     331
     330
     304
     359
     353
     317
     342
     343
     331
     312
     346
     337
     290
     322
     354
     330
     384
     330
     303
     347
     337
     320
     315
     291
     333
     353
     327
     351
     318
     338
     332
     326
     333
     316
     348
     350
     291
     353
     317
     325
     332
     330
     309
     312
     296
     342
     343
     339
     343
     320
     339
     327
     328
     333
     320
     342
     360
     324
     339
     312
     293
     329
     343
     381
     340
     330
     312
     305
     358
     339
     297
     356
     334
     341
     310
     352
     353
     307
     281
     352
     332
     310
     326
     334
     312
     328
     302
     319
     332
     307
     302
     311
     300
     319
     317
     328
     301
     307
     308
     344
     311
     313
     349
     276
     313
     320
     319
     321
     299
     320
     356
     306
     330
     285
     330
     307
     332
     329
     310
     320
     328
     327
     304
     335
     313
     313
     299
     322
     298
     299
     299
     348
     317
     314
     295
     313
     309
     289
     339
     324
     332
     344
     338
     305
     309
     337
     304
     319
     343
     346
     303
     315
     288
     346
     317
     328
     343
     330
     294
     337
     305
     331
     343
     321
     301
     328
     270
     322
     308
     325
     319
     331
     323
     294
     312
     337
     298
     338
     277
     295
     299
     304
     312
     327
     296
     336
     329
     316
     315
     312
     323
     278
     303
     341
     317
     333
     325
     344
     295
     342
     329
     350
     318
     331
     321
     333
     324
     292
     316
     279
     333
     357
     307
     318
     283
     298
     311
     324
     328
     291
     335
     323
     302
     327
     311
     329
     294
     316
     308
     299
     321
     292
     303
     312
     319
     331
     308
     301
     325
     311
     296
     305
     300
     323
     307
     303
     314
     317
     341
     319
     307
     318
     325
     326
     347
     328
     311
     320
     346
     293
     280
     316
     309
     319
     326
     320
     331
     334
     290
     320
     321
     294
     311
     325
     338
     317
     320
     302
     312
     315
     300
     319
     357
     300
     357
     305
     368
     340
     347
     343
     361
     361
     339
     342
     353
     335
     354
     319
     316
     337
     348
     337
     325
     333
     312
     326
     369
     367
     370
     428
     379
     376
     348
     409
     337
     397
     337
     356
     365
     343
     344
     313
     321
     325
     314
     325
     333
     297
     325
     283
     365
     304
     313
     326
     303
     332
     307
     324
     313
     328
     323
     331
     358
     324
     304
     324
     316
     356
     300
     317
     320
     306
     337
     303
     331
     308
     324
     316
     332
     299
     312
     297
     302
     348
     306
     318
     330
     290
     327
     307
     315
     319
     319
     286
     312
     305
     317
     339
     341
     340
     306
     291
     323
     293
     316
     343
     310
     327
     327
     331
     287
     336
     300
     295
     335
     335
     334
     337
     328
     314
     332
     313
     321
     320
     319
     350
     299
     367
     350
     332
     335
     343
     344
     317
     307
     358
     348
     353
     320
     319
     322
     334
     298
     327
     286
     326
     299
     323
     312
     302
     336
     309
     305
     306
     289
     305
     349
     329
     370
     322
     310
     345
     315
     339
     308
     298
     285
     299
     315
     325
     335
     298
     317
     292
     307
     332
     309
     298
     300
     279
     316
     308
     258
     298
     295
     333
     316
     326
     289
     344
     309
     305
     321
     317
     301
     309
     315
     308
     324
     314
     325
     317
     320
     311
     327
     320
     298
     291
     313
     301
     301
     302
     298
     315
     313
     337
     330
     286
     341
     301
     330
     301
     275
     308
     327
     277
     317
     299
     306
     321
     305
     333
     304
     317
     295
     303
     301
     309
     311
     329
     268
     315
     296
     301
     319
     309
     317
     303
     306
     312
     312
     295
     294
     304
     272
     312
     310
     304
     320
     312
     319
     321
     304
     288
     313
     316
     294
     310
     298
     309
     339
     349
     300
     295
     313
     316
     320
     303
     306
     304
     328
     306
     294
     291
     309
     288
     309
     286
     310
     311
     312
     307
     282
     325
     316
     312
     307
     313
     318
     332
     298
     303
     304
     319
     323
     307
     324
     319
     321
     293
     328
     305
     319
     305
     303
     317
     325
     322
     302
     309
     297
     292
     306
     325
     283
     280
     319
     321
     316
     326
     305
     304
     304
     280
     308
     308
     307
     318
     302
     328
     297
     302
     318
     302
     300
     302
     336
     285
     327
     311
     316
     301
     276
     290
     322
     309
     308
     333
     309
     306
     324
     312
     288
     273
     321
     317
     301
     285
     315
     255
     291
     308
     320
     292
     290
     279
     320
     307
     309
     309
     327
     312
     334
     309
     314
     294
     301
     285
     323
     344
     319
     317
     303
     297
     314
     301
     325
     302
     317
     303
     312
     291
     335
     326
     322
     278
     295
     298
     294
     296
     303
     329
     291
     319
     313
     298
     298
     331
     285
     315
     317
     286
     343
     306
     293
     326
     291
     323
     292
     303
     325
     336
     328
     298
     290
     306
     325
     328
     332
     318
     290
     318
     306
     314
     333
     307
     290
     311
     310
     319
     299
     312
     298
     316
     300
     300
     299
     296
     324
     295
     325
     318
     276
     314
     304
     315
     346
     310
     309
     297
     299
     315
     293
     332
     315
     306
     314
     330
     276
     327
     305
     293
     312
     296
     292
     328
     289
     311
     295
     296
     284
     305
     329
     293
     313
     311
     307
     322
     296
     266
     290
     275
     345
     265
     292
     286
     313
     290
     340
     322
     302
     329
     318
     305
     303
     297
     306
     312
     301
     341
     325
     325
     301
     314
     317
     335
     300
     340
     300
     353
     337
     299
     295
     294
     291
     300
     312
     305
     304
     319
     300
     296
     308
     329
     315
     321
     281
     296
     313
     319
     325
     294
     329
     308
     316
     295
     325
     278
     333
     317
     311
     300
     292
     303
     308
     308
     308
     292
     326
     300
     325
     302
     293
     296
     274
     327
     307
     298
     311
     290
     296
     307
     300
     302
     317
     298
     292
     303
     304
     291
     337
     274
     317
     319
     334
     319
     307
     317
     311
     327
     297
     274
     304
     309
     320
     312
     292
     289
     295
     289
     295
     296
     264
     319
     293
     300
     338
     287
     287
     325
     311
     313
     295
     291
     308
     298
     289
     330
     282
     307
     306
     314
     278
     313
     274
     314
     289
     292
     309
     279
     288
     318
     308
     305
     304
     315
     322
     310
     355
     292
     314
     301
     320
     282
     289
     290
     295
     321
     300
     284
     300
     299
     317
     324
     294
     286
     331
     314
     305
     299
     306
     279
     319
     292
     298
     341
     329
     304
     278
     312
     309
     313
     313
     342
     309
     305
     294
     285
     275
     322
     291
     282
     323
     269
     297
     296
     272
     310
     330
     301
     315
     270
     297
     311
     304
     350
     294
     315
     297
     289
     265
     279
     286
     283
     300
     293
     304
     298
     281
     325
     311
     294
     302
     285
     278
     286
     286
     329
     318
     308
     308
     325
     300
     315
     303
     320
     327
     298
     312
     301
     284
     309
     308
     304
     297
     269
     289
     318
     273
     313
     300
     319
     332
     275
     274
     269
     314
     296
     302
     277
     305
     300
     292
     289
     278
     292
     326
     308
     274
     290
     294
     316
     303
     282
     323
     333
     288
     300
     285
     291
     283
     316
     316
     273
     292
     282
     310
     291
     294
     313
     305
     303
     310
     299
     304
     308
     297
     312
     285
     285
     324
     301
     285
     282
     321
     293
     304
     304
     288
     286
     293
     287
     318
     339
     324
     296
     318
     281
     291
     313
     313
     295
     305
     316
     293
     306
     291
     296
     305
     312
     285
     306
     308
     309
     296
     278
     349
     312
     320
     290
     314
     307
     305
     334
     288
     287
     307
     298
     307
     265
     271
     292
     333
     321
     308
     291
     298
     320
     280
     302
     285
     315
     287
     293
     310
     334
     298
     310
     300
     316
     347
     301
     300
     308
     322
     318
     299
     332
     290
     313
     307
     306
     330
     308
     352
     314
     301
     293
     321
     324
     284
     314
     313
     291
     310
     291
     312
     327
     310
     349
     303
     294
     312
     295
     310
     313
     299
     285
     295
     321
     304
     276
     325
     314
     328
     345
     323
     327
     278
     297
     304
     312
     295
     358
     289
     294
     280
     306
     289
     305
     302
     316
     301
     288
     292
     351
     279
     298
     270
     309
     279
     309
     342
     290
     280
     293
     329
     339
     309
     293
     318
     292
     316
     277
     321
     324
     299
     292
     348
     297
     315
     289
     325
     312
     364
     355
     291
     348
     314
     309
     325
     308
     330
     341
     340
     333
     332
     325
     311
     364
     334
     381
     343
     375
     332
     342
     345
     341
     331
     369
     356
     334
     343
     348
     346
     374
     380
     380
     343
     352
     374
     344
     339
     356
     357
     387
     354
     379
     381
     365
     380
     376
     358
     354
     343
     363
     411
     364
     396
     381
     360
     342
     350
     373
     351
     370
     342
     360
     347
     398
     388
     371
     390
     349
     383
     349
     339
     372
     339
     360
     356
     384
     339
     291
     364
     347
     380
     340
     345
     381
     360
     387
     358
     353
     364
     368
     365
     357
     347
     363
     316
     393
     331
     343
     373
     399
     370
     394
     405
     363
     376
     350
     364
     398
     342
     355
     354
     364
     364
     352
     362
     375
     367
     372
     345
     343
     351
     351
     375
     360
     386
     318
     347
     347
     355
     342
     366
     363
     372
     340
     358
     339
     385
     353
     375
     358
     338
     383
     334
     312
     322
     366
     377
     369
     329
     342
     368
     363
     341
     346
     321
     352
     372
     346
     339
     359
     339
     360
     368
     340
     380
     369
     341
     329
     354
     320
     322
     333
     343
     375
     341
     354
     351
     325
     348
     345
     334
     355
     334
     352
     335
     315
     355
     370
     323
     372
     355
     369
     311
     352
     345
     338
     335
     322
     333
     362
     341
     356
     346
     371
     341
     324
     351
     348
     340
     314
     377
     362
     350
     343
     319
     347
     349
     365
     353
     334
     329
     326
     334
     330
     341
     336
     331
     292
     326
     348
     368
     356
     337
     363
     338
     317
     356
     350
     348
     355
     350
     318
     307
     332
     310
     356
     321
     332
     334
     336
     339
     343
     338
     313
     330
     339
     359
     380
     345
     342
     345
     355
     324
     329
     288
     344
     326
     350
     308
     362
     327
     332
     336
     367
     310
     348
     300
     317
     321
     333
     325
     322
     315
     353
     339
     336
     343
     325
     352
     366
     328
     303
     344
     310
     364
     331
     336
     320
     317
     370
     343
     338
     317
     334
     353
     305
     341
     351
     341
     309
     375
     354
     340
     335
     304
     320
     332
     346
     294
     346
     317
     332
     310
     323
     334
     313
     377
     328
     333
     308
     294
     279
     311
     333
     320
     310
     316
     335
     312
     317
     315
     331
     318
     300
     324
     290
     329
     353
     336
     316
     297
     321
     310
     295
     332
     340
     331
     305
     309
     330
     334
     310
     334
     308
     311
     294
     348
     320
     327
     317
     317
     334
     309
     294
     343
     338
     309
     322
     285
     323
     316
     314
     331
     326
     307
     329
     316
     301
     315
     298
     291
     297
     342
     307
     319
     300
     310
     296
     324
     317
     317
     325
     356
     340
     320
     344
     309
     347
     323
     320
     320
     338
     337
     307
     317
     324
     310
     301
     335
     308
     317
     327
     304
     323
     292
     279
     318
     309
     316
     316
     297
     340
     343
     349
     311
     326
     328
     299
     324
     267
     321
     334
     304
     325
     332
     311
     305
     326
     327
     319
     302
     302
     326
     322
     340
     322
     307
     318
     328
     345
     301
     313
     350
     335
     298
     311
     347
     323
     304
     318
     319
     321
     335
     287
     308
     323
     297
     371
     376
     326
     292
     294
     319
     311
     326
     288
     316
     333
     310
     291
     307
     309
     333
     289
     310
     335
     303
     341
     330
     300
     324
     317
     323
     302
     313
     310
     321
     342
     313
     316
     304
     303
     291
     281
     352
     340
     326
     319
     307
     314
     297
     313
     313
     294
     327
     297
     298
     291
     302
     334
     316
     296
     326
     308
     330
     323
     348
     313
     335
     324
     280
     310
     320
     287
     298
     293
     285
     296
     308
     354
     350
     315
     314
     292
     285
     307
     312
     322
     280
     322
     295
     308
     304
     304
     325
     293
     343
     300
     327
     324
     296
     322
     320
     303
     303
     348
     320
     334
     324
     298
     332
     321
     293
     306
     322
     307
     283
     315
     322
     311
     313
     326
     332
     295
     301
     316
     331
     289
     322
     307
     301
     339
     306
     361
     294
     285
     315
     306
     306
     321
     316
     301
     293
     273
     332
     280
     306
     295
     299
     293
     275
     275
     290
     272
     323
     320
     292
     311
     301
     297
     317
     257
     295
     310
     301
     320
     294
     287
     283
     271
     300
     302
     279
     314
     310
     291
     294
     300
     330
     298
     316
     308
     315
     296
     301
     251
     309
     303
     300
     288
     310
     297
     289
     287
     335
     298
     309
     296
     328
     324
     291
     306
     288
     339
     322
     304
     292
     302
     274
     308
     283
     319
     331
     321
     309
     291
     321
     273
     300
     299
     297
     303
     284
     309
     307
     311
     312
     335
     305
     296
     299
     321
     299
     302
     333
     331
     346
     307
     275
     296
     295
     271
     314
     306
     299
     288
     293
     305
     294
     311
     313
     286
     266
     311
     293
     287
     285
     302
     281
     333
     287
     276
     297
     295
     272
     287
     290
     320
     314
     312
     312
     306
     276
     290
     273
     330
     274
     303
     308
     294
     295
     318
     319
     301
     290
     302
     291
     294
     306
     279
     315
     278
     318
     303
     293
     284
     287
     270
     304
     311
     283
     306
     299
     270
     270
     287
     276
     306
     262
     288
     299
     289
     296
     291
     290
     335
     314
     283
     272
     298
     274
     279
     315
     306
     262
     291
     298
     291
     298
     291
     273
     306
     300
     326
     294
     276
     305
     317
     291
     284
     291
     262
     287
     299
     309
     314
     303
     281
     311
     292
     305
     281
     282
     295
     269
     288
     293
     289
     296
     281
     281
     321
     278
     292
     288
     295
     327
     330
     313
     310
     287
     318
     278
     268
     278
     310
     318
     271
     301
     294
     294
     279
     248
     300
     275
     278
     296
     289
     292
     307
     302
     314
     304
     307
     300
     302
     293
     306
     299
     298
     307
     298
     296
     289
     280
     272
     271
     299
     296
     289
     298
     302
     314
     305
     305
     248
     253
     310
     320
     311
     273
     312
     282
     288
     277
     289
     266
     298
     273
     299
     304
     285
     272
     270
     280
     303
     293
     312
     302
     283
     279
     315
     315
     289
     269
     299
     281
     283
     280
     299
     299
     271
     263
     267
     282
     264
     283
     272
     294
     306
     285
     326
     303
     297
     281
     285
     283
     301
     277
     266
     299
     284
     300
     266
     314
     310
     323
     294
     304
     273
     284
     298
     311
     253
     295
     289
     299
     280
     271
     278
     262
     261
     287
     292
     280
     264
     287
     318
     298
     304
     247
     245
     292
     286
     283
     259
     292
     276
     286
     293
     279
     314
     284
     304
     307
     287
     297
     298
     282
     295
     304
     312
     296
     299
     309
     270
     284
     292
     298
     331
     305
     260
     285
     318
     250
     316
     311
     286
     287
     314
     314
     292
     283
     294
     275
     300
     293
     267
     297
     262
     285
     286
     306
     297
     287
     278
     280
     313
     265
     301
     281
     306
     303
     294
     296
     295
     301
     257
     304
     296
     290
     278
     277
     314
     284
     283
     279
     268
     295
     310
     291
     321
     284
     286
     293
     277
     287
     288
     324
     278
     325
     296
     292
     263
     298
     292
     303
     263
     283
     290
     292
     321
     275
     258
     271
     304
     263
     288
     285
     287
     264
     308
     255
     288
     295
     277
     303
     265
     302
     290
     303
     296
     295
     300
     298
     303
     281
     285
     328
     318
     282
     280
     339
     315
     259
     283
     291
     269
     299
     304
     301
     319
     288
     289
     298
     306
     300
     304
     289
     300
     273
     283
     273
     279
     332
     267
     308
     288
     287
     295
     282
     276
     287
     296
     322
     303
     298
     296
     298
     266
     297
     285
     301
     283
     291
     316
     307
     289
     308
     302
     296
     332
     312
     297
     296
     266
     312
     287
     282
     280
     308
     281
     295
     277
     270
     309
     286
     324
     302
     289
     299
     287
     301
     322
     292
     292
     302
     280
     303
     298
     292
     269
     261
     265
     318
     290
     282
     299
     295
     290
     269
     329
     284
     299
     310
     318
     280
     281
     313
     300
     319
     290
     314
     273
     323
     306
     311
     308
     315
     296
     306
     287
     320
     289
     297
     305
     293
     302
     308
     313
     307
     281
     313
     281
     307
     290
     275
     293
     275
     313
     282
     313
     339
     306
     306
     310
     340
     302
     291
     314
     297
     294
     319
     314
     313
     303
     323
     313
     313
     319
     274
     291
     302
     295
     335
     337
     314
     294
     312
     323
     313
     347
     302
     293
     319
     319
     297
     314
     332
     325
     334
     307
     319
     333
     316
     338
     270
     321
     315
     299
     299
     327
     305
     330
     321
     325
     323
     308
     324
     339
     324
     294
     320
     312
     337
     332
     305
     285
     310
     305
     329
     317
     280
     300
     302
     301
     324
     297
     309
     302
     303
     341
     326
     300
     331
     323
     341
     319
     318
     313
     312
     300
     301
     338
     341
     315
     308
     340
     338
     326
     333
     319
     322
     320
     318
     297
     339
     305
     334
     324
     326
     321
     351
     295
     349
     312
     320
     302
     346
     333
     355
     338
     348
     292
     328
     330
     326
     327
     323
     328
     321
     341
     327
     307
     331
     296
     339
     329
     332
     316
     323
     351
     321
     334
     313
     317
     328
     353
     340
     337
     318
     327
     319
     330
     317
     326
     340
     312
     331
     320
     332
     360
     356
     296
     353
     328
     333
     333
     330
     338
     341
     310
     289
     337
     332
     323
     337
     322
     298
     339
     311
     330
     329
     339
     342
     329
     375
     348
     370
     339
     349
     349
     342
     348
     342
     355
     354
     336
     324
     382
     299
     349
     354
     330
     383
     341
     288
     352
     343
     344
     341
     317
     352
     339
     336
     347
     356
     395
     317
     359
     336
     364
     369
     348
     351
     352
     340
     367
     301
     344
     320
     355
     360
     351
     367
     358
     346
     335
     344
     348
     331
     298
     343
     333
     361
     357
     340
     389
     353
     355
     352
     351
     340
     327
     354
     369
     375
     357
     369
     321
     347
     370
     366
     364
     379
     347
     339
     344
     360
     357
     373
     377
     363
     358
     370
     352
     329
     367
     356
     358
     359
     328
     371
     352
     387
     323
     374
     368
     358
     382
     370
     353
     380
     384
     380
     382
     393
     355
     347
     350
     388
     384
     364
     338
     365
     362
     339
     341
     367
     350
     367
     396
     418
     351
     381
     361
     368
     398
     360
     360
     397
     343
     374
     378
     358
     377
     351
     364
     366
     370
     341
     374
     397
     383
     402
     338
     366
     355
     375
     345
     336
     374
     360
     332
     386
     349
     395
     384
     368
     380
     361
     368
     354
     376
     365
     338
     348
     393
     356
     365
     384
     380
     385
     363
     389
     392
     387
     353
     383
     336
     368
     365
     361
     365
     432
     390
     431
     373
     380
     390
     362
     340
     398
     383
     370
     422
     349
     390
     378
     370
     396
     363
     392
     386
     367
     356
     387
     377
     409
     387
     407
     401
     380
     409
     375
     366
     334
     377
     376
     399
     360
     396
     376
     353
     384
     399
     382
     416
     364
     365
     344
     356
     383
     376
     369
     392
     418
     378
     387
     388
     390
     381
     381
     380
     364
     351
     373
     363
     384
     368
     363
     364
     373
     370
     394
     374
     426
     396
     362
     390
     352
     390
     333
     371
     374
     393
     383
     342
     377
     366
     372
     344
     320
     349
     372
     388
     349
     367
     340
     349
     345
     359
     386
     312
     378
     323
     331
     326
     337
     338
     333
     360
     349
     341
     315
     312
     323
     303
     317
     364
     306
     301
     313
     324
     324
     340
     290
     299
     290
     320
     283
     300
     281
     316
     305
     263
     274
     258
     284
     318
     317
     305
     292
     269
     265
     254
     298
     258
     265
     268
     253
     261
     273
     249
     227
     252
     303
     257
     265
     239
     248
     220
     237
     243
     249
     232
     233
     227
     252
     235
     254
     239
     248
     204
     248
     215
     240
     241
     204
     229
     233
     239
     249
     234
     227
     203
     244
     219
     217
     259
     250
     221
     230
     231
     233
     239
     222
     248
     224
     260
     221
     238
     211
     213
     222
     204
     232
     227
     211
     223
     229
     220
     205
     210
     226
     213
     208
     221
     221
     212
     229
     191
     225
     222
     234
     210
     206
     221
     199
     202
     220
     193
     198
     239
     211
     212
     215
     220
     231
     215
     230
     219
     202
     210
     217
     215
     195
     210
     225
     231
     209
     196
     194
     203
     195
     187
     189
     209
     190
     195
     190
     191
     188
     204
     197
     195
     203
     197
     192
     193
     180
     184
     214
     212
     180
     210
     188
     211
     191
     176
     196
     228
     185
     186
     180
     210
     178
     176
     164
     223
     191
     221
     211
     179
     187
     179
     190
     204
     199
     188
     170
     199
     191
     174
     190
     189
     174
     184
     188
     225
     176
     162
     181
     201
     168
     188
     164
     184
     173
     184
     160
     183
     174
     175
     203
     186
     168
     166
     178
     200
     173
     170
     180
     164
     192
     161
     185
     185
     168
     156
     182
     149
     179
     208
     171
     152
     174
     190
     154
     180
     160
     168
     160
     173
     166
     199
     161
     175
     179
     192
     161
     182
     160
     180
     179
     153
     194
     146
     157
     172
     180
     163
     173
     169
     171
     177
     162
     162
     150
     171
     198
     184
     191
     141
     189
     176
     159
     173
     156
     147
     164
     170
     152
     160
     157
     153
     156
     153
     163
     145
     168
     156
     160
     160
     162
     145
     170
     159
     167
     166
     196
     153
     163
     165
     156
     159
     154
     172
     150
     175
     177
     182
     162
     150
     150
     149
     152
     161
     153
     156
     181
     174
     153
     133
     158
     139
     133
     159
     146
     160
     145
     137
     134
     161
     148
     149
     178
     146
     147
     150
     170
     169
     158
     154
     154
     142
     153
     153
     119
     140
     158
     127
     159
     153
     161
     149
     145
     169
     156
     128
     145
     160
     157
     142
     154
     156
     149
     135
     155
     116
     148
     147
     148
     163
     153
     128
     150
     146
     134
     162
     141
     152
     162
     147
     141
     143
     136
     125
     122
     159
     127
     144
     139
     134
     141
     138
     145
     127
     150
     138
     168
     146
     176
     145
     153
     142
     145
     143
     123
     152
     146
     135
     142
     144
     143
     132
     152
     124
     138
     127
     146
     136
     152
     151
     143
     127
     123
     149
     119
     132
     122
     131
     141
     150
     135
     123
     124
     112
     137
     138
     139
     159
     131
     153
     138
     132
     122
     136
     135
     130
     136
     132
     128
     138
     123
     142
     135
     149
     120
     116
     133
     135
     122
     113
     129
     122
     135
     150
     132
     131
     133
     105
     118
     127
     125
     131
     120
     129
     122
     121
     128
     105
     145
     140
     119
     138
     133
     135
     117
     139
     116
     123
     130
     130
     129
     144
     100
     143
     135
     113
     125
     146
     124
     119
     135
     106
     127
     113
     128
     129
     125
     121
     124
     113
     132
     116
     121
     125
     134
     119
     124
     118
     123
     112
     133
     103
     124
      98
     107
     104
     113
     124
     120
     128
     110
     130
     128
     114
     120
     124
     116
     114
     137
     141
     111
     107
     112
     108
     103
     129
     122
     115
     112
      85
     117
     122
     106
     123
     124
     127
      99
     110
     117
     106
     106
     128
     112
     136
     118
      96
     110
      93
     121
     115
     122
     111
     131
     102
     111
      79
     118
     102
     121
     104
     102
     112
     101
     106
     119
     106
     107
     119
     112
      91
     122
     119
     120
     118
     105
      99
     104
     112
     102
     120
     114
      95
     114
      96
      98
      93
     102
     117
     105
     110
     106
      98
      88
     107
     107
      98
      97
     108
     100
     103
     101
     112
      88
     118
     100
     111
      96
     118
      98
     101
     109
      93
     106
     111
     103
     110
     105
     107
     114
      89
      99
      97
     109
     107
     106
     111
     101
      87
      80
     104
      94
      97
      93
     114
     115
     100
     101
     122
     106
      92
      98
      75
      90
      95
      96
      88
      88
      90
     100
      84
      99
     100
      86
     126
     107
     104
      98
     116
      98
      94
     107
      82
      76
      93
      90
      87
      94
      79
      87
      78
     112
      96
      97
     108
     101
      99
      81
      93
     119
      78
      87
      88
     101
      98
      97
     104
     108
      98
      92
      98
     100
      80
      98
     101
      80
     101
     118
      99
     101
      94
     109
     113
      92
      91
      83
      96
      78
      93
      86
     102
      88
      72
      94
      78
      87
      98
      94
      84
      96
      90
      78
      80
      89
      81
      93
      92
      97
     107
      95
      90
      74
      79
      73
      84
      87
     105
      64
      77
      89
      82
      94
      87
      75
      87
      92
      84
     100
      78
     100
      87
      90
      95
      76
      92
      86
      94
     112
      88
     101
      67
      87
      94
     102
      85
      78
      89
      86
      89
      85
      73
      90
      89
      90
      91
      83
      75
      95
      78
      86
      69
      96
      87
      90
      95
     112
      77
      87
      85
      75
      79
      89
     100
      86
      94
      85
      96
      75
      86
      95
      94
      97
      88
      86
      91
      97
      97
     114
      63
      79
      76
     100
      76
      92
      87
      88
      67
      87
      89
      78
      80
      86
      87
      94
      82
      87
      91
      87
      84
      83
      83
      79
      79
      89
      69
      76
      90
      91
      82
      89
      80
      87
      98
      81
      69
      84
      78
      90
      79
      95
     107
      80
     102
      82
      93
      78
      83
      78
      79
      90
      81
      90
      83
      95
      82
      73
      81
      82
      85
      95
      77
      94
      86
      73
      77
      72
      87
      74
      72
      75
      76
      81
      86
      89
      80
      72
      89
      77
     101
      74
      89
      83
      86
      92
      92
     100
      86
      77
      90
      94
      81
      82
      83
      85
      89
      87
      77
      77
      75
      78
      69
      74
      82
      96
      88
      94
      80
      82
      75
      64
      73
      75
      99
      74
      98
      86
      87
      73
      70
      96
      93
      96
      71
      80
      85
      81
      76
      73
      82
      74
      87
      89
      78
      94
      75
      84
      91
      96
      72
      71
      74
      84
      60
      72
      79
      75
      87
      87
      88
      70
      84
      81
      69
      85
      86
      79
      88
      91
      73
      85
      79
      87
      88
      74
      93
      75
      88
      86
      84
      93
      62
      94
      95
      80
      97
      96
      86
      73
      86
      76
      94
      77
      84
     104
      87
      68
      89
      84
      85
      87
      85
      84
     100
      92
      83
      90
      93
     106
      79
      65
      81
      79
      82
      71
      78
      92
      76
      69
      79
      61
      79
      79
      68
      79
      85
      81
      62
      92
      77
      91
      69
      85
      80
      86
      77
      84
      83
      94
      79
      74
      85
      97
      70
      98
      95
      74
      74
      93
      79
      80
      88
      76
      88
      84
      87
      59
      71
      86
      85
      70
      86
      72
      72
      67
      87
      73
      64
      74
      81
      84
      65
      94
      65
      96
      71
      75
      71
      83
      74
      72
      86
      91
      85
      74
      81
      97
     102
      83
      77
      73
      89
      95
      80
      66
      75
      87
      74
      79
      81
      87
     100
      85
      87
      69
      89
     116
      75
      83
      82
      86
      86
      85
      92
      75
      73
      75
      74
      74
      69
      84
      83
      68
      73
      99
      85
      85
      79
      95
      71
      82
      75
     105
      75
      81
      71
      77
      78
      89
      86
      88
      86
      75
      74
      84
      85
      91
      87
      69
      81
      86
      79
      88
      87
      99
     106
      75
      98
      74
      69
      78
      80
      85
      79
      72
      86
      78
      92
      82
      79
      60
      69
      61
      68
      85
      90
      81
      92
      85
      69
      79
      73
      78
      74
      87
      86
      67
      74
      82
      68
      80
      79
      81
      88
      97
      84
      75
      80
     101
      87
      61
      92
      83
      89
      83
      79
      84
      87
      80
      80
      74
      89
      87
      91
      62
      86
      80
      66
      86
      90
      89
      90
      90
      85
      72
      80
      98
      73
      75
      72
      69
      78
      80
      71
      75
      74
      75
      83
      86
      66
      90
      82
      85
      74
      65
      85
      75
      81
      74
      76
      96
      81
      69
      83
      77
      95
      79
      78
      76
      85
      79
      86
      70
      85
      78
      77
      74
      75
      99
      86
      90
      77
      77
      59
      75
      88
      85
      66
      73
      86
      75
      79
      73
      85
      64
      82
      74
      82
      66
      73
      81
      75
      86
      72
      83
      75
      72
      87
      88
      66
      79
      77
      80
      86
      70
      88
      90
      66
      99
      75
      77
     100
      81
      75
      84
      79
      96
      71
      66
      85
      82
      71
      96
      79
      61
      73
      69
      78
      78
      74
      95
      92
      70
      77
      65
      85
      69
      88
      69
      73
      87
     102
      62
      72
      76
      81
      82
      83
      73
      89
      84
      66
      84
      84
      81
      76
      98
      94
      68
      84
      78
      83
      84
      74
      88
      71
      72
      77
      75
      75
      79
      88
      83
      88
      85
      71
      86
      84
      84
      90
      76
      76
      69
      90
      90
      89
      81
      67
      92
      69
      79
      97
      91
      75
      83
      61
      79
      87
      81
      88
      85
      75
      68
      83
      71
      79
      86
      88
      76
      93
      69
      73
      78
      77
      90
      81
      60
      83
      75
      85
      84
      78
      82
      74
      73
      83
      94
      78
      85
      67
      87
      90
      85
      71
      99
      79
      91
      77
      81
      86
      80
      91
      80
      87
      93
      73
      73
      88
      84
      88
      77
      88
      92
      75
      92
      87
      90
      70
      71
      65
      67
      70
      93
      86
      88
      83
      76
      85
      74
      76
      84
      77
      89
      67
      70
      76
      69
      87
      92
      84
      91
      66
      78
      90
      85
      89
      87
      77
      79
     102
      80
      87
      86
      79
      87
      87
      85
      78
      76
      85
      81
      93
      75
      79
      83
      89
      96
      92
      82
      76
      93
      85
     104
      86
      83
      87
      98
      97
      80
      87
      84
      98
      89
     106
      72
      95
      84
      87
      76
      76
      83
      76
      87
      93
      83
      80
      96
      90
      79
      92
      92
     106
      81
      82
      88
      84
      79
      85
      77
      73
      85
      91
      86
      83
      89
      90
     109
     102
      83
      83
      84
      85
     109
     105
      83
      81
      86
      79
      82
     101
     101
     106
     106
      94
      86
     120
      83
      82
      82
      78
     102
     109
      96
      93
      96
      90
     110
     100
     106
      85
      80
      93
      92
      91
      95
      91
      98
     110
     104
      92
     100
     109
      86
     100
     104
     112
      94
     105
      87
      93
      99
      93
      97
     104
     105
     115
      91
     112
     101
      89
      97
      88
     123
     113
     104
      95
     120
     109
     108
     111
     109
     119
     117
     128
     129
     116
      99
     122
     139
     142
     145
     144
     115
     139
     152
     144
     149
     168
     191
     174
     204
     222
     243
     258
     261
     291
     342
     349
     383
     405
     493
     522
     551
     631
     699
     838
     943
    1047
    1226
    1348
    1548
    1776
    2170
    2399
    2858
    3233
    3738
    4421
    4945
    5633
    6232
    7123
    7755
    8389
    9218
    9958
   10591
   11031
   11312
   11892
   12530
   12494
   12635
   12795
   12787
   12799
   12444
   12313
   12169
   11623
   11310
   11125
   10246
    9768
    9231
    8359
    7745
    6980
    6365
    5579
    4902
    4224
    3510
    3149
    2609
    2146
    1735
    1467
    1179
     976
     782
     649
     582
     500
     435
     397
     330
     280
     251
     231
     190
     198
     201
     163
     136
     159
     144
     141
     136
     129
     129
     116
     108
      98
     101
     102
      80
      75
      99
      78
      81
      91
      72
      82
      85
      74
      71
      73
      71
      74
      72
      65
      75
      61
      68
      71
      59
      80
      63
      64
      62
      64
      74
      65
      67
      56
      53
      72
      60
      65
      50
      65
      51
      68
      63
      62
      59
      73
      61
      61
      63
      62
      67
      55
      55
      55
      66
      52
      54
      71
      59
      68
      65
      62
      67
      62
      52
      55
      45
      75
      64
      55
      65
      57
      53
      61
      61
      65
      53
      51
      59
      53
      48
      61
      56
      45
      67
      63
      42
      60
      58
      52
      41
      52
      43
      68
      50
      50
      54
      61
      41
      45
      52
      53
      55
      54
      60
      59
      55
      29
      49
      53
      57
      38
      67
      60
      57
      47
      41
      57
      52
      49
      47
      49
      50
      54
      53
      54
      41
      46
      67
      59
      63
      53
      52
      47
      46
      49
      53
      54
      43
      41
      51
      46
      47
      43
      58
      58
      53
      36
      52
      49
      48
      48
      51
      54
      37
      58
      49
      51
      43
      52
      57
      56
      53
      53
      51
      57
      53
      46
      37
      53
      42
      43
      46
      46
      52
      43
      63
      47
      44
      46
      49
      52
      51
      42
      55
      56
      51
      54
      51
      47
      47
      52
      51
      53
      46
      42
      41
      36
      50
      46
      56
      43
      57
      52
      36
      48
      57
      50
      47
      45
      43
      56
      35
      43
      39
      48
      54
      40
      49
      38
      53
      59
      53
      57
      41
      48
      41
      45
      41
      47
      37
      38
      43
      50
      54
      46
      46
      52
      61
      52
      37
      52
      54
      43
      39
      41
      48
      37
      43
      38
      40
      43
      52
      46
      34
      57
      47
      41
      47
      41
      35
      39
      39
      43
      37
      27
      47
      46
      39
      46
      48
      37
      47
      38
      42
      56
      33
      40
      64
      34
      40
      42
      50
      47
      37
      40
      51
      50
      48
      51
      44
      32
      39
      30
      49
      43
      43
      48
      48
      41
      47
      57
      49
      38
      38
      33
      49
      45
      41
      38
      51
      41
      37
      52
      53
      33
      38
      54
      46
      50
      48
      43
      44
      46
      42
      45
      43
      49
      53
      34
      44
      43
      46
      36
      43
      36
      42
      39
      56
      51
      44
      45
      56
      45
      55
      38
      42
      38
      43
      34
      34
      38
      40
      41
      46
      44
      36
      46
      44
      47
      48
      32
      51
      38
      46
      39
      35
      45
      44
      45
      36
      52
      54
      34
      37
      41
      47
      36
      29
      49
      46
      43
      46
      38
      48
      36
      46
      45
      26
      45
      42
      38
      45
      51
      44
      43
      41
      41
      47
      54
      50
      44
      33
      44
      37
      33
      41
      50
      39
      42
      39
      40
      38
      45
      39
      51
      24
      44
      40
      49
      33
      51
      44
      43
      43
      36
      51
      51
      52
      57
      46
      48
      54
      36
      40
      40
      44
      44
      47
      55
      38
      42
      40
      32
      41
      39
      38
      40
      23
      38
      41
      32
      32
      43
      40
      48
      47
      32
      33
      33
      38
      36
      50
      42
      47
      38
      43
      37
      33
      43
      47
      48
      32
      44
      46
      53
      27
      45
      44
      47
      36
      36
      45
      53
      43
      47
      39
      45
      45
      32
      42
      41
      40
      44
      45
      38
      42
      32
      47
      38
      38
      38
      46
      41
      34
      41
      35
      54
      46
      45
      36
      43
      44
      41
      40
      33
      42
      33
      28
      47
      36
      43
      34
      32
      46
      40
      42
      45
      45
      37
      34
      43
      39
      30
      38
      46
      31
      37
      46
      50
      50
      18
      56
      55
      36
      36
      42
      38
      42
      39
      37
      29
      39
      42
      38
      36
      44
      48
      38
      51
      33
      37
      41
      41
      38
      41
      36
      27
      32
      52
      44
      34
      42
      40
      44
      53
      33
      38
      33
      42
      47
      50
      46
      34
      46
      53
      44
      28
      47
      45
      49
      42
      33
      38
      44
      38
      45
      40
      46
      32
      36
      33
      43
      47
      36
      42
      43
      41
      46
      40
      33
      44
      47
      28
      49
      31
      37
      45
      41
      31
      42
      31
      44
      44
      40
      49
      40
      28
      38
      41
      53
      35
      34
      29
      34
      52
      48
      36
      39
      38
      47
      38
      39
      49
      39
      36
      41
      40
      39
      41
      47
      39
      48
      49
      33
      37
      43
      39
      32
      26
      35
      35
      46
      36
      38
      38
      37
      38
      39
      45
      37
      40
      38
      37
      41
      46
      40
      35
      43
      38
      34
      49
      31
      33
      41
      44
      37
      43
      46
      35
      39
      57
      42
      43
      37
      40
      38
      50
      39
      37
      34
      32
      35
      34
      33
      48
      35
      39
      35
      44
      56
      42
      43
      43
      40
      35
      37
      37
      46
      38
      52
      28
      44
      40
      45
      41
      37
      34
      43
      44
      37
      39
      59
      38
      42
      33
      30
      31
      47
      48
      37
      42
      46
      46
      39
      34
      36
      40
      39
      38
      31
      35
      36
      31
      42
      38
      27
      49
      33
      44
      36
      26
      35
      33
      30
      37
      42
      37
      46
      45
      34
      47
      34
      46
      41
      39
      42
      42
      41
      30
      60
      36
      38
      35
      37
      35
      32
      37
      40
      42
      38
      47
      37
      39
      36
      34
      35
      40
      40
      33
      43
      40
      38
      41
      37
      40
      46
      46
      28
      30
      47
      40
      36
      44
      43
      34
      33
      33
      52
      46
      36
      36
      28
      47
      35
      36
      36
      30
      37
      50
      34
      41
      46
      42
      37
      36
      44
      40
      27
      41
      35
      37
      33
      26
      54
      44
      51
      35
      44
      36
      36
      37
      33
      45
      49
      41
      39
      40
      34
      40
      42
      44
      54
      29
      38
      35
      31
      30
      40
      39
      38
      33
      44
      38
      27
      38
      36
      45
      39
      27
      37
      24
      43
      35
      42
      41
      40
      41
      41
      37
      41
      37
      36
      39
      35
      45
      42
      50
      46
      33
      45
      41
      35
      44
      41
      48
      43
      39
      39
      45
      41
      45
      35
      41
      39
      60
      47
      33
      38
      40
      49
      32
      42
      47
      46
      36
      52
      44
      40
      46
      39
      46
      42
      58
      53
      51
      47
      52
      46
      58
      48
      40
      54
      47
      41
      49
      47
      26
      37
      34
      31
      44
      35
      33
      37
      35
      33
      39
      35
      50
      36
      32
      41
      43
      39
      38
      47
      49
      37
      34
      31
      35
      31
      36
      42
      45
      39
      37
      48
      32
      43
      36
      37
      38
      43
      44
      31
      28
      36
      50
      36
      40
      47
      42
      28
      41
      39
      38
      38
      33
      38
      35
      36
      44
      32
      37
      45
      38
      45
      23
      36
      43
      52
      41
      33
      41
      40
      35
      47
      42
      37
      35
      40
      37
      43
      39
      45
      35
      40
      47
      46
      26
      42
      33
      30
      42
      42
      46
      43
      42
      39
      42
      42
      42
      35
      42
      30
      41
      50
      41
      35
      37
      37
      44
      47
      40
      43
      39
      34
      34
      35
      40
      36
      26
      31
      36
      37
      35
      37
      37
      26
      30
      33
      46
      36
      40
      48
      29
      32
      32
      52
      49
      31
      41
      31
      39
      28
      38
      30
      35
      39
      37
      43
      36
      31
      37
      29
      46
      40
      29
      32
      47
      38
      26
      46
      41
      45
      32
      36
      38
      44
      34
      39
      37
      38
      40
      29
      53
      43
      38
      37
      44
      28
      35
      40
      36
      24
      36
      40
      54
      44
      38
      31
      44
      32
      42
      28
      40
      32
      45
      28
      38
      48
      40
      42
      39
      35
      30
      37
      32
      45
      32
      41
      36
      45
      35
      35
      40
      38
      26
      46
      38
      41
      49
      29
      42
      40
      38
      34
      35
      49
      28
      35
      40
      33
      44
      37
      47
      38
      47
      40
      50
      45
      48
      42
      33
      44
      40
      40
      46
      39
      42
      36
      40
      25
      44
      34
      45
      38
      49
      39
      33
      41
      47
      40
      33
      37
      31
      32
      37
      43
      42
      34
      38
      41
      47
      30
      45
      41
      38
      39
      40
      41
      43
      38
      43
      38
      54
      40
      39
      42
      39
      38
      32
      41
      47
      35
      37
      34
      34
      42
      35
      33
      44
      39
      32
      41
      40
      44
      42
      27
      32
      33
      33
      50
      38
      26
      31
      51
      37
      37
      39
      35
      34
      43
      39
      35
      51
      36
      30
      24
      40
      31
      32
      49
      34
      36
      35
      42
      39
      30
      38
      39
      39
      31
      40
      28
      39
      33
      42
      40
      36
      47
      41
      45
      36
      37
      50
      32
      35
      39
      32
      35
      38
      37
      44
      41
      42
      42
      37
      47
      41
      40
      34
      52
      35
      47
      43
      32
      30
      32
      38
      33
      23
      26
      30
      29
      34
      35
      35
      35
      42
      38
      37
      38
      41
      33
      32
      39
      43
      35
      43
      30
      43
      54
      39
      37
      47
      36
      41
      32
      47
      28
      31
      32
      36
      45
      43
      42
      44
      47
      42
      36
      38
      31
      48
      33
      38
      46
      36
      44
      40
      45
      34
      37
      34
      36
      42
      35
      43
      37
      43
      45
      50
      42
      34
      45
      38
      42
      42
      34
      31
      33
      37
      55
      35
      32
      35
      37
      36
      48
      31
      40
      44
      34
      40
      31
      42
      42
      30
      36
      38
      37
      40
      42
      39
      42
      51
      44
      30
      36
      40
      37
      43
      44
      36
      46
      38
      40
      45
      37
      32
      48
      40
      40
      42
      45
      34
      41
      44
      38
      46
      40
      33
      43
      46
      39
      38
      29
      35
      35
      45
      43
      46
      33
      43
      37
      38
      28
      48
      42
      35
      39
      49
      41
      35
      36
      38
      50
      39
      37
      40
      39
      40
      44
      35
      43
      40
      34
      46
      30
      41
      31
      40
      32
      43
      41
      28
      32
      28
      49
      41
      27
      39
      34
      37
      42
      30
      41
      40
      49
      40
      35
      27
      34
      46
      33
      39
      47
      36
      34
      39
      38
      41
      40
      38
      40
      37
      35
      33
      35
      30
      35
      38
      40
      50
      43
      31
      37
      43
      39
      52
      43
      41
      34
      37
      35
      38
      37
      25
      31
      40
      29
      43
      43
      40
      32
      43
      39
      38
      27
      36
      47
      37
      44
      40
      35
      42
      42
      36
      42
      42
      28
      41
      36
      35
      42
      34
      36
      40
      37
      44
      38
      31
      40
      33
      42
      38
      36
      34
      33
      41
      37
      50
      40
      37
      47
      26
      39
      39
      40
      35
      36
      47
      49
      36
      41
      41
      33
      29
      29
      46
      46
      39
      37
      37
      30
      42
      46
      36
      41
      34
      42
      47
      40
      31
      34
      32
      45
      39
      33
      47
      36
      31
      55
      36
      38
      37
      39
      46
      48
      41
      43
      41
      28
      35
      48
      40
      42
      47
      38
      38
      32
      35
      44
      38
      34
      41
      37
      45
      37
      40
      23
      30
      39
      46
      42
      29
      43
      40
      42
      41
      45
      32
      49
      36
      43
      30
      46
      44
      35
      39
      38
      44
      36
      46
      37
      37
      38
      38
      39
      33
      41
      42
      38
      47
      39
      34
      40
      47
      40
      42
      28
      32
      31
      36
      58
      42
      29
      40
      48
      44
      45
      53
      29
      36
      35
      37
      36
      44
      42
      43
      41
      41
      39
      41
      40
      38
      34
      48
      40
      41
      35
      40
      40
      47
      36
      32
      46
      38
      41
      32
      40
      36
      26
      46
      34
      32
      33
      41
      37
      33
      42
      49
      40
      40
      30
      44
      31
      30
      31
      34
      38
      37
      36
      45
      48
      32
      32
      39
      37
      49
      39
      39
      35
      45
      37
      42
      22
      37
      36
      40
      36
      33
      38
      35
      37
      41
      37
      45
      38
      38
      50
      38
      36
      31
      39
      29
      39
      46
      35
      34
      36
      48
      41
      40
      31
      38
      39
      33
      47
      37
      44
      34
      32
      31
      42
      42
      38
      31
      41
      38
      34
      33
      44
      39
      47
      53
      49
      38
      30
      36
      40
      35
      30
      42
      43
      34
      41
      43
      32
      32
      43
      31
      39
      35
      32
      45
      42
      37
      37
      37
      38
      33
      36
      42
      40
      43
      32
      30
      43
      23
      34
      45
      36
      33
      27
      28
      26
      37
      36
      37
      30
      35
      47
      43
      40
      38
      40
      42
      31
      28
      36
      31
      36
      38
      43
      32
      35
      43
      30
      45
      40
      42
      32
      31
      31
      39
      44
      37
      33
      40
      46
      22
      38
      49
      41
      32
      51
      33
      39
      34
      35
      42
      30
      27
      41
      33
      37
      46
      40
      46
      50
      36
      32
      34
      43
      39
      30
      41
      34
      42
      45
      41
      41
      42
      36
      41
      55
      55
      31
      36
      37
      43
      41
      36
      34
      36
      41
      40
      34
      44
      30
      32
      41
      35
      47
      48
      43
      44
      32
      35
      42
      48
      40
      43
      42
      27
      44
      32
      33
      34
      47
      29
      41
      29
      41
      47
      38
      38
      43
      41
      33
      36
      41
      48
      41
      34
      32
      33
      41
      48
      30
      41
      45
      25
      39
      35
      42
      45
      33
      41
      38
      37
      32
      40
      41
      48
      44
      45
      25
      38
      41
      40
      39
      41
      31
      28
      42
      32
      41
      32
      45
      38
      48
      38
      32
      34
      36
      39
      33
      60
      39
      52
      42
      32
      40
      52
      32
      45
      47
      45
      26
      35
      47
      41
      41
      37
      37
      32
      37
      39
      45
      35
      38
      36
      38
      27
      34
      34
      39
      39
      30
      35
      33
      41
      50
      33
      43
      45
      41
      38
      33
      51
      27
      40
      36
      25
      36
      35
      38
      35
      45
      42
      47
      44
      53
      31
      45
      34
      36
      43
      31
      31
      39
      39
      47
      39
      42
      41
      40
      31
      35
      41
      33
      39
      38
      35
      45
      27
      30
      51
      40
      36
      32
      49
      50
      33
      44
      30
      35
      38
      41
      49
      40
      35
      40
      30
      30
      43
      44
      28
      41
      32
      36
      37
      35
      31
      35
      31
      42
      36
      37
      44
      59
      52
      30
      29
      39
      33
      46
      46
      36
      37
      33
      38
      42
      51
      42
      35
      40
      43
      35
      27
      43
      42
      40
      34
      38
      39
      33
      40
      35
      46
      27
      47
      33
      46
      28
      46
      37
      38
      37
      43
      44
      40
      34
      51
      45
      31
      41
      35
      41
      31
      43
      44
      33
      29
      33
      36
      49
      42
      34
      38
      42
      27
      40
      36
      37
      42
      32
      40
      50
      41
      35
      32
      41
      29
      47
      37
      43
      44
      38
      38
      40
      39
      46
      37
      37
      26
      33
      46
      42
      37
      29
      35
      37
      43
      39
      41
      45
      26
      36
      46
      41
      38
      43
      40
      32
      42
      30
      37
      31
      36
      47
      35
      35
      32
      35
      34
      37
      44
      44
      32
      42
      57
      37
      37
      39
      49
      39
      32
      37
      36
      46
      42
      38
      49
      51
      40
      41
      35
      52
      41
      37
      37
      42
      41
      46
      48
      37
      37
      52
      28
      37
      49
      30
      28
      34
      45
      49
      43
      53
      46
      30
      35
      42
      38
      34
      31
      42
      37
      41
      41
      20
      48
      40
      35
      46
      37
      39
      43
      38
      44
      43
      38
      41
      33
      40
      35
      38
      43
      41
      35
      44
      40
      36
      42
      26
      40
      36
      37
      38
      33
      36
      41
      41
      45
      50
      33
      42
      29
      34
      33
      36
      41
      42
      35
      31
      34
      40
      39
      42
      34
      43
      50
      25
      45
      35
      32
      36
      44
      33
      38
      42
      44
      35
      35
      45
      39
      34
      40
      51
      38
      52
      37
      45
      40
      38
      47
      34
      37
      41
      39
      41
      40
      41
      57
      43
      46
      36
      33
      42
      43
      45
      38
      46
      27
      54
      41
      34
      38
      45
      59
      38
      39
      32
      32
      34
      27
      45
      39
      43
      40
      34
      37
      40
      43
      39
      41
      32
      40
      31
      48
      30
      46
      45
      33
      35
      40
      39
      34
      42
      35
      40
      36
      44
      40
      41
      46
      30
      44
      42
      45
      44
      46
      48
      35
      46
      30
      43
      39
      39
      46
      42
      37
      41
      51
      38
      49
      40
      41
      47
      51
      43
      43
      45
      34
      40
      36
      62
      52
      41
      59
      48
      54
      43
      48
      38
      43
      44
      44
      44
      47
      54
      46
      37
      41
      58
      47
      42
      36
      52
      43
      33
      46
      33
      33
      45
      41
      38
      42
      37
      47
      41
      42
      40
      39
      34
      45
      32
      49
      43
      48
      42
      40
      47
      35
      34
      43
      47
      40
      31
      48
      35
      38
      51
      33
      55
      43
      36
      41
      38
      40
      52
      46
      41
      37
      36
      44
      40
      37
      43
      31
      44
      43
      42
      45
      54
      34
      44
      35
      49
      43
      35
      36
      36
      37
      47
      49
      35
      49
      50
      41
      43
      29
      36
      40
      43
      42
      36
      36
      31
      43
      35
      45
      24
      37
      42
      35
      38
      39
      39
      45
      33
      39
      38
      40
      49
      39
      26
      52
      50
      46
      39
      35
      44
      44
      44
      36
      33
      50
      46
      41
      47
      52
      47
      41
      42
      40
      44
      44
      45
      42
      41
      34
      35
      59
      41
      44
      52
      33
      40
      31
      49
      30
      42
      34
      47
      37
      40
      39
      39
      44
      40
      40
      56
      35
      33
      36
      42
      42
      51
      43
      41
      42
      46
      54
      42
      32
      47
      47
      45
      46
      35
      34
      32
      37
      41
      53
      36
      31
      46
      38
      53
      42
      46
      40
      34
      37
      38
      47
      49
      43
      42
      35
      43
      42
      37
      45
      36
      34
      35
      46
      26
      47
      48
      46
      40
      43
      34
      40
      46
      47
      30
      46
      41
      40
      39
      31
      44
      41
      37
      43
      42
      46
      46
      35
      41
      38
      38
      36
      38
      35
      37
      38
      39
      46
      54
      29
      33
      37
      42
      42
      46
      46
      37
      45
      47
      50
      48
      41
      39
      31
      38
      46
      30
      45
      41
      40
      34
      42
      38
      46
      40
      35
      42
      33
      40
      42
      29
      35
      35
      46
      42
      44
      37
      44
      37
      44
      30
      38
      36
      50
      33
      53
      38
      42
      48
      45
      43
      35
      46
      30
      48
      55
      35
      48
      57
      41
      39
      53
      50
      40
      44
      44
      44
      48
      29
      28
      48
      36
      47
      37
      29
      40
      42
      41
      46
      46
      34
      48
      40
      35
      44
      40
      35
      56
      33
      56
      45
      34
      45
      39
      43
      44
      38
      34
      41
      39
      47
      41
      48
      56
      48
      32
      52
      41
      45
      42
      45
      29
      30
      47
      47
      51
      45
      46
      36
      34
      42
      45
      41
      42
      37
      47
      38
      23
      32
      38
      41
      46
      45
      38
      51
      38
      36
      44
      38
      41
      46
      45
      34
      51
      39
      50
      40
      38
      36
      33
      40
      52
      45
      49
      38
      38
      31
      45
      42
      43
      43
      39
      31
      47
      54
      40
      50
      37
      41
      44
      38
      44
      38
      38
      60
      43
      37
      43
      45
      43
      45
      50
      50
      43
      49
      42
      35
      46
      36
      39
      50
      49
      26
      49
      44
      36
      47
      34
      36
      28
      49
      49
      41
      34
      38
      50
      49
      42
      37
      35
      43
      43
      37
      35
      30
      47
      35
      51
      44
      51
      43
      42
      47
      39
      40
      43
      48
      29
      30
      44
      42
      55
      47
      43
      49
      41
      46
      44
      42
      53
      46
      42
      35
      57
      35
      37
      43
      44
      39
      39
      31
      46
      35
      40
      56
      43
      36
      46
      44
      39
      43
      36
      39
      43
      40
      41
      47
      44
      43
      46
      47
      51
      35
      50
      44
      37
      41
      49
      40
      50
      46
      46
      41
      52
      37
      28
      32
      47
      39
      54
      34
      52
      44
      41
      34
      43
      42
      33
      48
      35
      37
      35
      40
      44
      33
      38
      31
      34
      42
      31
      42
      47
      42
      28
      40
      50
      45
      41
      47
      48
      46
      41
      41
      49
      43
      38
      50
      40
      39
      32
      31
      51
      34
      47
      31
      38
      39
      41
      32
      40
      41
      46
      54
      38
      44
      41
      42
      47
      49
      35
      44
      44
      39
      48
      37
      38
      48
      40
      34
      44
      50
      34
      34
      36
      30
      51
      43
      56
      35
      36
      57
      43
      36
      46
      48
      46
      50
      44
      44
      41
      40
      31
      39
      46
      49
      48
      43
      40
      40
      49
      42
      49
      36
      60
      42
      44
      37
      51
      46
      38
      49
      38
      30
      53
      33
      41
      42
      49
      54
      47
      55
      39
      47
      26
      42
      34
      36
      47
      43
      39
      37
      45
      43
      41
      38
      41
      36
      43
      47
      39
      49
      48
      48
      41
      35
      41
      52
      47
      47
      36
      47
      40
      45
      39
      42
      48
      56
      38
      36
      36
      42
      36
      37
      45
      32
      42
      38
      41
      37
      37
      43
      54
      37
      44
      43
      39
      29
      44
      47
      39
      38
      35
      42
      26
      54
      35
      40
      41
      44
      31
      45
      54
      39
      42
      38
      52
      39
      35
      46
      40
      38
      43
      43
      41
      42
      45
      54
      31
      32
      48
      47
      51
      37
      49
      44
      46
      43
      39
      39
      37
      36
      51
      38
      42
      30
      47
      23
      46
      47
      38
      45
      39
      43
      33
      44
      49
      34
      35
      39
      27
      53
      46
      51
      36
      46
      35
      59
      40
      38
      33
      39
      39
      43
      43
      50
      46
      45
      35
      52
      32
      41
      36
      33
      45
      43
      35
      32
      46
      51
      36
      49
      47
      51
      36
      45
      45
      52
      42
      50
      46
      50
      53
      56
      29
      45
      33
      41
      37
      39
      41
      36
      42
      40
      41
      30
      44
      45
      29
      38
      38
      52
      33
      38
      45
      51
      47
      42
      34
      33
      43
      52
      47
      39
      42
      53
      47
      37
      52
      38
      50
      43
      53
      41
      43
      38
      45
      38
      47
      33
      48
      57
      50
      50
      49
      41
      54
      40
      43
      49
      50
      44
      33
      43
      46
      41
      43
      45
      51
      51
      55
      47
      53
      45
      56
      50
      53
      51
      32
      50
      36
      50
      44
      45
      33
      47
      42
      50
      48
      48
      39
      44
      54
      46
      38
      42
      45
      50
      51
      56
      47
      40
      36
      51
      45
      37
      36
      39
      45
      49
      50
      48
      40
      45
      36
      51
      43
      50
      47
      56
      37
      42
      44
      48
      45
      44
      54
      47
      31
      54
      47
      34
      33
      51
      45
      47
      51
      53
      56
      43
      28
      39
      40
      56
      57
      54
      44
      36
      40
      43
      44
      39
      51
      50
      52
      40
      53
      49
      44
      43
      40
      36
      42
      35
      43
      34
      53
      40
      50
      46
      47
      48
      32
      45
      44
      38
      39
      44
      45
      41
      41
      37
      39
      49
      39
      54
      37
      50
      42
      60
      42
      52
      48
      46
      44
      46
      54
      37
      52
      41
      38
      58
      36
      47
      51
      34
      38
      57
      38
      49
      56
      45
      40
      49
      52
      47
      54
      44
      48
      39
      43
      38
      45
      49
      40
      54
      39
      43
      48
      45
      44
      32
      42
      53
      43
      42
      41
      35
      32
      46
      48
      49
      58
      40
      32
      28
      41
      46
      38
      41
      38
      34
      53
      37
      44
      57
      54
      47
      51
      37
      58
      37
      50
      52
      47
      31
      40
      42
      46
      45
      43
      48
      44
      43
      45
      52
      45
      46
      47
      37
      50
      62
      39
      43
      52
      40
      38
      49
      42
      46
      44
      60
      38
      36
      40
      37
      42
      42
      54
      46
      38
      45
      46
      29
      42
      47
      39
      56
      59
      47
      55
      43
      51
      41
      38
      52
      36
      35
      39
      36
      61
      50
      52
      34
      44
      52
      45
      43
      43
      49
      48
      43
      41
      47
      54
      53
      37
      51
      51
      56
      33
      48
      43
      60
      50
      48
      49
      50
      45
      60
      39
      51
      42
      48
      45
      50
      45
      49
      48
      55
      40
      41
      44
      52
      43
      47
      45
      60
      37
      54
      47
      43
      35
      37
      48
      47
      40
      45
      50
      38
      40
      49
      61
      52
      54
      53
      40
      48
      53
      45
      39
      46
      60
      41
      52
      49
      55
      48
      43
      58
      32
      37
      55
      46
      54
      59
      45
      59
      47
      50
      39
      42
      52
      47
      47
      47
      40
      58
      38
      54
      41
      57
      43
      42
      41
      50
      45
      44
      49
      45
      40
      48
      42
      43
      47
      45
      48
      49
      38
      50
      41
      43
      38
      46
      50
      53
      38
      49
      48
      46
      59
      43
      48
      31
      39
      39
      47
      53
      42
      48
      48
      48
      31
      49
      42
      52
      57
      32
      37
      37
      49
      40
      45
      52
      51
      46
      56
      42
      47
      47
      52
      54
      42
      52
      39
      57
      55
      42
      54
      47
      45
      41
      53
      48
      64
      59
      46
      42
      45
      44
      47
      45
      45
      42
      36
      54
      40
      49
      44
      59
      45
      51
      50
      55
      43
      63
      42
      39
      49
      42
      49
      52
      48
      48
      48
      47
      55
      47
      62
      56
      41
      46
      47
      49
      40
      37
      42
      59
      30
      45
      53
      45
      56
      42
      49
      48
      52
      45
      57
      46
      39
      57
      36
      39
      43
      47
      58
      55
      35
      42
      48
      50
      60
      41
      50
      44
      46
      46
      51
      40
      32
      56
      47
      40
      44
      64
      39
      39
      39
      36
      58
      56
      54
      44
      42
      48
      53
      48
      53
      42
      48
      56
      39
      43
      39
      59
      59
      47
      37
      61
      48
      43
      45
      47
      45
      44
      43
      42
      57
      43
      57
      45
      47
      44
      45
      40
      55
      43
      39
      50
      49
      62
      48
      49
      56
      48
      51
      46
      38
      51
      53
      59
      49
      52
      41
      42
      52
      53
      49
      50
      36
      38
      44
      43
      39
      43
      63
      47
      50
      43
      48
      34
      47
      41
      45
      43
      49
      61
      48
      53
      45
      52
      46
      54
      45
      49
      57
      45
      48
      43
      51
      59
      47
      51
      61
      44
      55
      42
      55
      49
      50
      58
      56
      49
      58
      42
      61
      33
      43
      55
      60
      47
      45
      50
      58
      39
      57
      26
      47
      32
      47
      41
      47
      50
      50
      43
      49
      42
      49
      50
      47
      45
      49
      55
      41
      63
      45
      61
      49
      46
      45
      45
      51
      54
      49
      43
      50
      47
      56
      43
      45
      51
      36
      54
      48
      53
      54
      43
      49
      45
      61
      58
      47
      38
      54
      46
      56
      59
      46
      49
      57
      46
      30
      52
      45
      46
      46
      39
      47
      45
      54
      57
      57
      61
      53
      45
      60
      48
      71
      50
      57
      54
      41
      47
      39
      53
      41
      56
      56
      51
      51
      45
      57
      67
      62
      46
      45
      45
      48
      49
      55
      39
      43
      49
      49
      47
      54
      51
      47
      48
      49
      46
      46
      56
      65
      45
      45
      47
      46
      46
      51
      41
      51
      48
      69
      48
      40
      55
      38
      48
      46
      57
      47
      40
      51
      59
      51
      44
      51
      57
      47
      43
      58
      57
      53
      44
      39
      61
      50
      48
      50
      46
      37
      57
      56
      52
      48
      49
      49
      57
      59
      57
      52
      50
      46
      55
      55
      54
      54
      52
      44
      59
      59
      48
      59
      50
      52
      52
      54
      56
      60
      51
      49
      35
      59
      41
      48
      52
      49
      56
      60
      45
      49
      44
      37
      53
      55
      46
      54
      61
      66
      49
      62
      51
      52
      59
      60
      50
      57
      49
      60
      40
      42
      54
      56
      49
      56
      52
      42
      44
      42
      50
      54
      42
      51
      44
      49
      56
      52
      54
      66
      61
      43
      57
      52
      52
      49
      49
      50
      56
      53
      46
      40
      54
      41
      45
      44
      47
      47
      48
      57
      66
      53
      57
      45
      60
      48
      59
      67
      60
      56
      51
      48
      63
      48
      46
      58
      59
      58
      52
      49
      57
      60
      51
      50
      63
      54
      43
      58
      46
      50
      55
      48
      39
      54
      54
      56
      55
      47
      52
      61
      41
      48
      42
      49
      48
      62
      44
      56
      44
      52
      53
      41
      52
      55
      42
      51
      40
      54
      41
      40
      63
      53
      61
      43
      59
      45
      46
      53
      55
      48
      62
      54
      48
      53
      51
      63
      54
      61
      47
      55
      64
      60
      57
      51
      61
      61
      57
      58
      63
      56
      55
      40
      50
      54
      41
      54
      64
      40
      65
      57
      63
      51
      34
      55
      55
      51
      66
      60
      60
      65
      50
      50
      55
      55
      64
      56
      62
      59
      49
      48
      57
      52
      53
      56
      45
      61
      40
      47
      50
      54
      50
      59
      68
      61
      51
      43
      45
      61
      45
      49
      60
      52
      60
      52
      46
      62
      53
      41
      54
      50
      49
      56
      67
      69
      62
      48
      59
      48
      48
      51
      59
      49
      53
      50
      52
      52
      60
      64
      56
      50
      51
      64
      63
      57
      49
      54
      39
      46
      50
      36
      51
      61
      57
      50
      59
      55
      61
      46
      53
      62
      73
      60
      52
      38
      62
      40
      61
      59
      61
      64
      54
      58
      67
      61
      55
      46
      61
      43
      47
      42
      55
      65
      67
      43
      54
      52
      63
      53
      56
      70
      57
      52
      53
      50
      62
      66
      52
      57
      59
      51
      57
      65
      54
      59
      71
      66
      57
      70
      67
      63
      53
      69
      59
      57
      43
      59
      55
      48
      45
      59
      38
      57
      45
      43
      61
      46
      47
      51
      52
      55
      58
      52
      53
      54
      74
      63
      56
      40
      75
      56
      68
      55
      57
      62
      55
      59
      50
      60
      52
      52
      74
      61
      60
      56
      68
      41
      64
      57
      58
      54
      63
      51
      55
      44
      60
      51
      59
      52
      56
      64
      54
      58
      57
      68
      63
      59
      42
      61
      63
      52
      54
      57
      58
      67
      57
      47
      62
      69
      52
      51
      52
      50
      59
      50
      57
      55
      49
      74
      67
      55
      67
      50
      62
      63
      72
      58
      53
      59
      51
      62
      67
      65
      62
      54
      61
      72
      60
      62
      64
      50
      49
      53
      77
      76
      71
      59
      70
      62
      60
      49
      61
      56
      70
      57
      59
      66
      65
      69
      55
      64
      55
      59
      56
      52
      68
      61
      55
      47
      52
      69
      55
      53
      45
      59
      59
      75
      54
      61
      63
      67
      57
      58
      68
      72
      57
      63
      64
      59
      76
      58
      58
      63
      59
      80
      67
      82
      73
      58
      66
      53
      56
      61
      46
      68
      70
      44
      54
      62
      64
      52
      48
      63
      71
      54
      65
      49
      61
      59
      53
      53
      47
      68
      48
      48
      67
      70
      48
      55
      55
      56
      52
      58
      51
      76
      60
      65
      58
      55
      66
      56
      61
      56
      62
      63
      49
      75
      54
      50
      54
      62
      63
      68
      69
      59
      63
      54
      68
      51
      63
      69
      60
      54
      63
      65
      65
      60
      87
      67
      70
      49
      68
      64
      52
      69
      80
      78
      69
      56
      56
      58
      71
      65
      58
      54
      78
      64
      65
      62
      67
      74
      50
      55
      62
      63
      73
      65
      67
      60
      46
      47
      65
      60
      48
      63
      64
      62
      72
      66
      56
      71
      56
      61
      58
      75
      60
      66
      61
      57
      58
      60
      60
      66
      62
      75
      60
      76
      57
      80
      72
      83
      66
      57
      77
      90
      57
      75
      63
      65
      57
      56
      66
      59
      57
      61
      52
      67
      60
      62
      40
      62
      59
      62
      60
      60
      51
      70
      79
      65
      67
      62
      66
      60
      76
      59
      71
      64
      65
      58
      60
      58
      63
      64
      63
      69
      77
      55
      65
      73
      74
      76
      73
      67
      67
      58
      67
      75
      74
      65
      51
      64
      52
      68
      65
      62
      73
      50
      66
      63
      80
      60
      67
      68
      50
      59
      65
      75
      55
      75
      62
      71
      67
      75
      69
      59
      63
      53
      57
      76
      65
      67
      54
      59
      64
      42
      65
      68
      66
      62
      70
      72
      67
      62
      61
      58
      67
      70
      64
      81
      61
      56
      54
      71
      71
      83
      70
      75
      74
      73
      59
      75
      61
      60
      71
      77
      76
      57
      67
      71
      78
      79
      73
      73
      68
      54
      61
      63
      64
      69
      71
      58
      55
      58
      76
      64
      66
      77
      77
      69
      63
      77
      64
      71
      69
      86
      79
      66
      54
      67
      60
      80
      88
      63
      61
      52
      63
      66
      72
      74
      54
      71
      68
      71
      62
      65
      79
      76
      68
      56
      72
      67
      65
      76
      75
      84
      72
      82
      78
      76
      62
      61
      70
      71
      64
      80
      68
      76
      75
      70
      79
      65
      77
      54
      72
      78
      76
      74
      75
      76
      81
      65
      78
      84
      74
      80
      76
      63
      62
      83
      64
      78
      79
      67
      63
      70
      73
      78
      73
      66
      80
      67
      80
      69
      81
      85
      89
      75
      66
      64
      78
      75
      66
      71
      75
      68
      72
      70
      73
      85
      83
      66
      59
      85
      78
      72
      75
      77
      69
      73
      83
      83
      76
      70
      68
      74
      70
      86
      82
      82
      72
      76
      80
      78
      81
      78
      62
      79
      78
      92
      78
      75
      73
      83
      84
      86
      58
      96
      95
      85
      87
      90
      73
      99
      78
      81
      77
      69
      91
     105
      75
      74
      94
      68
      78
      86
      76
      70
      62
      68
      63
      85
      74
      81
      85
      68
      81
      88
      82
      87
      71
      74
      65
      86
      72
      99
      75
      73
      70
      80
      68
      76
      85
      81
      73
      83
      76
      73
      84
      89
      73
      73
      73
      69
      71
      84
      89
      98
      81
      74
      71
      71
      80
      94
      91
      86
      63
      76
      86
      77
      63
      69
      62
      82
      80
      81
      80
      75
      73
      76
      76
      75
      79
      75
      72
      93
      85
      87
      70
      90
      68
      89
      77
      85
      90
      72
      89
      73
      82
      81
      77
      82
      70
      75
      78
      74
      87
      99
      78
      84
      84
      73
     104
      77
      78
      74
      81
      65
      76
      95
      74
      79
      73
      79
      70
      84
      65
      87
      81
      87
      73
      86
      87
      72
      76
      82
      90
      79
      86
      81
      77
      85
      69
      88
      67
      92
      80
      79
      81
      77
      84
      66
      77
      73
      82
      72
      71
      82
      82
      90
      77
      89
      74
      86
      93
      71
      82
      92
     100
      65
      79
      92
      75
      90
      83
      78
      95
      93
      89
      68
      90
      96
      75
      75
      77
      94
      79
      80
      81
      73
      86
      82
      88
      87
      97
     101
      81
      78
      87
      88
      92
      80
      80
      87
      94
      85
      80
      84
      92
      92
      86
      74
      86
      79
      83
      87
      96
     106
      87
      87
      84
      72
      98
      82
      74
      88
      87
      75
      79
      75
      71
      86
      81
      89
      86
     105
      82
      90
      74
      91
      97
     102
      78
      86
      84
      86
      92
      89
     108
      77
      77
     114
     104
     105
      81
      90
      87
      84
      80
      75
      73
      78
      95
      94
      76
      93
      75
      88
      77
      82
      80
      89
      94
      86
      79
      80
      79
      77
      87
      75
      72
      76
     100
      83
      96
     105
      92
     104
      77
      74
      82
      93
      89
      85
      86
      84
      89
      85
     101
      79
     111
     100
      89
      90
      89
      89
     102
      87
      95
      67
     112
      66
      93
     107
      91
      74
      86
      82
      89
     100
      95
      79
      74
      98
      83
      83
      80
      66
      75
      83
     108
      84
      82
      79
      84
      86
      73
      80
      77
      84
      94
      96
     100
      81
      93
      90
      85
      73
      93
      83
      75
     103
      85
      75
      77
      88
      81
      91
      78
      76
      82
      66
      76
      87
      89
      76
      80
      75
      83
      87
      71
      96
      74
      76
      68
      68
      87
      90
      77
      95
      70
      83
      86
      81
      67
      85
      69
      89
      73
      73
      68
      69
      74
      69
      73
      57
      90
      83
      61
      67
      65
      80
      49
      63
      58
      62
      65
      62
      73
      71
      79
      57
      61
      69
      53
      64
      65
      66
      70
      73
      69
      73
      67
      67
      56
      66
      69
      55
      40
      55
      66
      57
      74
      55
      55
      54
      69
      49
      63
      61
      65
      67
      55
      66
      63
      47
      64
      51
      45
      52
      63
      37
      80
      50
      76
      63
      43
      52
      62
      47
      63
      58
      56
      56
      54
      51
      64
      44
      50
      46
      50
      56
      44
      54
      57
      42
      75
      56
      51
      65
      46
      57
      61
      41
      58
      54
      39
      47
      57
      69
      46
      56
      49
      49
      45
      62
      52
      55
      57
      49
      51
      54
      49
      44
      52
      50
      49
      38
      57
      45
      45
      52
      45
      46
      45
      57
      55
      56
      49
      37
      47
      44
      55
      44
      44
      51
      51
      44
      53
      43
      53
      51
      51
      51
      46
      54
      38
      46
      51
      55
      40
      42
      51
      47
      32
      51
      38
      40
      37
      51
      44
      61
      51
      55
      43
      52
      52
      65
      41
      54
      46
      37
      43
      54
      57
      39
      49
      51
      48
      52
      45
      43
      53
      37
      49
      54
      44
      55
      59
      46
      51
      38
      47
      53
      45
      46
      42
      38
      44
      45
      52
      48
      43
      36
      44
      44
      47
      48
      44
      54
      47
      44
      50
      55
      49
      46
      54
      55
      38
      33
      48
      47
      48
      59
      49
      45
      49
      51
      37
      37
      43
      40
      42
      55
      50
      53
      40
      51
      44
      55
      48
      56
      65
      51
      55
      45
      44
      47
      40
      36
      31
      55
      44
      47
      34
      45
      44
      46
      49
      39
      48
      53
      47
      43
      51
      41
      44
      41
      47
      38
      29
      47
      44
      44
      38
      45
      45
      40
      46
      52
      55
      52
      41
      35
      47
      44
      45
      43
      42
      52
      42
      38
      46
      46
      42
      35
      34
      32
      47
      32
      59
      40
      37
      47
      40
      39
      52
      44
      47
      48
      41
      32
      38
      46
      36
      40
      43
      33
      39
      32
      36
      36
      45
      41
      49
      37
      34
      35
      38
      49
      46
      40
      44
      52
      40
      33
      36
      27
      40
      50
      40
      46
      45
      37
      44
      36
      31
      44
      46
      39
      51
      38
      42
      48
      47
      30
      45
      44
      40
      47
      41
      42
      40
      35
      43
      51
      46
      32
      42
      41
      40
      48
      44
      45
      41
      50
      45
      32
      41
      42
      35
      37
      32
      35
      36
      54
      50
      36
      46
      49
      47
      39
      48
      42
      52
      28
      45
      49
      41
      51
      43
      45
      39
      49
      34
      44
      47
      36
      46
      43
      46
      25
      39
      57
      34
      44
      45
      47
      30
      33
      39
      46
      46
      44
      42
      41
      44
      37
      32
      35
      37
      44
      40
      37
      45
      30
      45
      43
      35
      50
      42
      48
      32
      34
      39
      34
      42
      38
      36
      38
      36
      34
      36
      33
      40
      38
      38
      51
      41
      32
      36
      42
      45
      25
      31
      34
      32
      39
      41
      35
      25
      44
      44
      35
      34
      34
      46
      39
      43
      42
      46
      41
      44
      42
      46
      28
      35
      37
      37
      35
      34
      41
      41
      32
      35
      45
      34
      35
      39
      43
      33
      33
      31
      39
      36
      25
      25
      38
      26
      37
      27
      36
      33
      37
      36
      32
      42
      33
      37
      30
      41
      33
      30
      39
      40
      39
      38
      37
      34
      32
      44
      39
      31
      36
      36
      48
      28
      31
      29
      36
      36
      44
      37
      34
      43
      34
      28
      29
      43
      27
      30
      38
      48
      39
      28
      37
      20
      36
      17
      44
      36
      29
      42
      31
      42
      35
      45
      40
      26
      46
      39
      33
      24
      37
      33
      29
      40
      41
      27
      24
      36
      36
      22
      36
      35
      33
      35
      37
      32
      30
      44
      30
      27
      32
      41
      47
      38
      31
      43
      47
      37
      27
      38
      32
      44
      41
      28
      36
      32
      21
      39
      29
      32
      39
      27
      29
      26
      39
      34
      33
      25
      31
      33
      35
      27
      33
      33
      21
      29
      32
      32
      35
      28
      32
      26
      27
      28
      28
      32
      31
      29
      35
      26
      35
      42
      28
      35
      32
      32
      41
      25
      29
      31
      28
      31
      35
      37
      28
      35
      33
      43
      27
      32
      30
      41
      21
      29
      30
      27
      27
      22
      32
      41
      32
      39
      31
      33
      42
      21
      34
      27
      26
      33
      27
      25
      30
      28
      22
      30
      31
      23
      40
      27
      32
      33
      30
      28
      28
      22
      31
      30
      31
      28
      24
      35
      29
      41
      31
      31
      30
      38
      34
      38
      31
      24
      31
      42
      35
      16
      27
      38
      23
      37
      24
      29
      23
      32
      24
      32
      33
      37
      33
      28
      27
      27
      24
      34
      32
      27
      15
      29
      27
      24
      22
      24
      24
      30
      28
      26
      27
      34
      28
      28
      33
      14
      23
      35
      31
      30
      39
      30
      23
      33
      35
      31
      17
      22
      30
      28
      27
      30
      29
      24
      23
      31
      33
      28
      26
      27
      26
      29
      32
      28
      23
      28
      27
      28
      25
      27
      24
      19
      31
      23
      22
      27
      33
      22
      21
      27
      28
      27
      35
      28
      32
      38
      28
      28
      35
      27
      29
      28
      23
      30
      26
      19
      26
      24
      21
      19
      23
      31
      29
      25
      16
      22
      25
      22
      12
      23
      25
      25
      21
      27
      33
      37
      19
      26
      33
      18
      27
      25
      28
      24
      20
      25
      21
      22
      23
      19
      31
      22
      22
      27
      25
      28
      20
      21
      20
      23
      27
      22
      28
      27
      25
      18
      28
      27
      24
      33
      27
      24
      30
      22
      25
      31
      28
      30
      14
      14
      26
      19
      17
      28
      31
      22
      20
      21
      28
      24
      17
      23
      26
      22
      22
      21
      23
      23
      29
      20
      22
      20
       9
      30
      20
      22
      16
      22
      27
      15
      21
      28
      24
      30
      26
      15
      14
      32
      22
      15
      19
      15
      26
      19
      26
      16
      16
      20
      26
      18
      22
      14
      24
      25
      19
      22
      22
      24
      18
      25
      20
      15
      28
      24
      15
      22
      23
      14
      20
      23
      20
      30
      14
      17
      18
      22
      33
      21
      16
      25
      21
      23
      16
      19
      19
      23
      16
      23
      22
      22
      16
      16
      17
      18
      26
      23
      24
      18
      27
      21
      19
      18
      33
      19
      16
      19
      22
      11
      21
      13
      16
      19
      15
      13
      13
      17
      23
      15
      20
      20
      27
      21
      17
      23
      14
      13
      20
      12
      18
      17
      29
      12
      14
      10
      17
      20
      20
      15
      21
      13
      12
      14
      17
      11
      14
      18
      20
      27
      13
      27
      24
      19
      18
      13
      23
      16
      16
      19
      14
      17
      16
      24
      17
      20
      12
      20
      14
      17
      22
      11
      24
      26
      20
      13
      12
      16
      18
      12
      11
      16
      17
      12
      15
      15
      19
      19
      18
      27
      13
      14
      20
      19
      18
      14
      21
      12
      13
      14
      16
      16
      13
      25
      20
      12
      14
      12
      13
      10
      17
      17
      17
      20
      19
      23
      15
      14
      13
      18
      15
      13
      19
      14
      15
      21
      25
      12
      13
      14
       9
      12
      16
      15
      13
       9
      23
      18
      16
      17
      29
      16
      21
      18
      13
      15
      15
      19
      20
      17
      15
      12
      20
      15
      22
      14
      14
      18
      13
      20
      13
      22
      13
      12
      23
      17
      11
      20
      17
      27
       8
      16
      17
      16
      12
      17
      13
       9
      26
      15
      11
      22
      24
      18
      28
       8
       7
      20
      12
      10
      18
      17
      24
      18
      14
       8
      12
      18
      19
      15
      10
      18
       7
      12
      11
      16
       9
      13
      17
      19
      15
      20
      19
      10
       8
      12
      17
      12
      13
      16
      17
       8
      17
      10
      18
      10
      17
      18
      16
      19
      11
      12
      14
      15
      12
      13
      11
      16
       8
      19
       9
      21
      16
      12
      20
      17
      12
      13
      12
      11
       7
      15
      10
      13
      12
      18
      17
      13
      15
       9
      21
      21
      15
      14
      17
      13
      20
      10
      19
      17
      10
      11
      14
      14
      15
       9
      15
      19
      11
      14
      12
       8
      15
      17
      11
      11
      11
      21
      14
      13
      11
      13
      14
      17
      13
      16
      12
      18
      13
      13
      14
      17
      11
      13
      18
       7
      11
      13
      19
      16
      15
      16
      16
      21
      18
      10
      12
       9
      16
      18
      22
      20
      22
      18
      11
      11
      13
      21
      11
      12
      15
      11
       8
      14
       9
      14
      12
       9
      18
      11
      12
      17
      13
      13
      18
       9
      11
      11
      15
      13
      10
      20
      11
      10
      20
      20
      11
      12
      18
      10
      17
      16
       9
      11
      13
      12
      18
      17
      13
      13
      12
      16
      12
      11
      12
      12
       7
      17
      14
      15
      15
      18
       5
       8
      13
      15
      15
      15
      16
      10
      17
       9
      11
      13
      12
      11
      15
      10
      10
      13
      18
       9
      17
       9
      10
      17
      21
      16
      10
      17
      11
      17
      11
      12
      11
       9
      11
      14
      14
       9
       9
      16
       6
      11
      11
      13
      11
      10
      15
       7
      14
      13
      19
      14
      19
      18
      13
      12
       5
      17
      13
      13
       8
      16
       9
      11
      12
      11
      15
      13
      11
      19
      10
      11
      15
      11
      10
      16
      11
       7
      12
      15
      10
      12
      11
      17
      13
       8
      20
       9
      10
      12
      14
      12
      16
      16
      11
      15
      13
      11
      14
      15
      22
      15
      11
      15
      15
       9
       7
      15
      16
      18
       9
       7
       8
      13
      12
      11
      15
      17
      19
      10
      12
      15
       8
      15
       8
      10
      12
       9
      13
      13
       8
      13
      14
      14
      14
       8
      12
       5
      10
       8
      16
      15
      14
      16
       9
      13
      15
      10
      20
       9
      12
       9
      11
       9
      15
      14
      15
      10
      13
      16
      11
       6
      13
      17
      19
      12
      12
      15
       4
      14
      12
       8
      10
      21
      19
      12
      13
      18
      10
      16
      11
       8
      14
       9
      11
      14
      11
      13
       9
      18
       9
       9
      11
      12
       6
      11
      14
       7
      11
      15
      12
      15
       8
      16
       8
       7
      16
      13
      11
       7
       8
      13
      15
      12
      13
      18
      15
      12
      10
      10
      12
      15
      15
      16
      10
      16
      16
       8
      13
      11
       9
       7
      13
      13
      10
      16
      11
      15
      15
      15
      14
      12
      10
      14
       7
      15
      12
      15
      13
      13
      15
       7
      14
      12
      13
      18
      10
      12
      11
      19
       8
      12
      11
       8
      18
      10
      14
      12
      12
      15
      10
      12
      18
       8
       9
      11
      11
      17
      16
      15
      10
      10
      17
      12
      14
       8
      15
       8
      15
       9
      11
      12
      17
      16
      17
      10
       8
      16
      19
       8
      13
      11
       7
       8
      12
       8
      13
      19
      11
      11
      13
       8
       7
      16
      14
      10
      10
       7
       8
      10
      17
      19
      12
      13
      20
      14
      10
       9
       5
      16
      13
      16
      12
      21
      16
      15
      14
      14
      10
      16
      10
      11
      15
      10
      15
       9
      12
      11
      12
       9
       5
      12
      15
      10
      18
      18
      11
      10
      11
       7
      14
       9
      14
       8
      14
      13
      25
      18
      11
      14
      14
       7
      14
      11
      11
      13
       9
       9
      18
      13
      17
      11
      14
      16
      18
      10
       9
      21
       9
      12
      10
      14
      11
       6
       9
      11
      15
      13
      12
       9
      17
      21
      14
      18
      12
      16
      19
      11
      10
       7
      10
      12
      12
       9
      10
      19
      16
      13
      13
       6
      15
      16
      19
      18
       9
       9
      17
      13
      17
       7
      12
      20
      13
       9
      10
       6
      15
      12
       8
      11
       8
       9
       9
      20
      13
      12
      13
      11
      14
      11
      15
      10
      10
      14
       7
       8
      10
      10
       8
      12
       8
      11
      10
      15
      11
       9
      13
      11
      13
       4
      10
      10
      10
      17
      15
      11
      12
      15
      12
      11
      16
       7
       9
      11
       9
      17
      11
       6
      11
      16
      13
       7
      17
       6
      10
       8
      14
      16
      12
      12
      20
      12
      10
       7
      14
      17
      13
       9
      11
      11
       7
      15
      14
      10
      17
      18
      17
       9
      11
      11
      10
      10
      14
      10
       9
      17
      11
      13
      18
      10
      13
      15
      10
      11
      13
      15
      15
       6
      12
      14
      18
      16
      15
       9
      15
       9
      15
      10
      17
      11
      16
      14
       5
      13
      15
      12
       9
       8
       8
      10
      14
      14
      10
      13
      10
       7
       7
       9
       8
      17
       7
       9
      15
       9
      10
       9
      12
      12
      13
      15
      12
      15
      16
      18
      14
      16
      13
      21
       8
      10
      18
      15
      14
      14
      11
      15
      10
      14
      15
      24
       9
       6
      16
       9
      12
      21
       8
      13
      12
      10
      14
      14
      12
      15
      15
      12
       9
      17
       8
      15
      16
      13
      17
      15
      10
      14
      13
      17
      22
      20
      13
      14
      11
      11
      17
      11
      16
      15
      15
      11
      16
      14
      12
      17
      15
       6
      17
      10
      16
      11
      18
      12
      10
      18
      13
      17
      16
      15
      13
      15
      11
      13
      21
      11
      18
       9
      16
      13
      14
      17
      19
      20
      16
      12
      15
      18
      11
      12
      16
      26
       9
      13
      13
      16
      16
      13
      15
      23
      22
       9
      15
      26
      16
      14
      17
      15
      10
      22
      15
      11
      21
      18
      19
      23
      10
      12
      20
      25
      22
      18
      23
       6
      22
      16
       9
      19
      16
      13
      16
      14
      11
      21
      15
      17
      17
      13
      20
      11
      17
      18
      22
      11
      17
      28
      21
      25
      17
      27
      28
      34
      25
      33
      44
      23
      49
      53
      53
      59
      70
      73
      76
     106
     114
     132
     140
     161
     229
     250
     337
     366
     430
     506
     623
     752
     864
     971
    1235
    1436
    1636
    1854
    2109
    2348
    2831
    3052
    3386
    3560
    3871
    4043
    4166
    4192
    4122
    4186
    3999
    3751
    3436
    2991
    2784
    2395
    2170
    1834
    1502
    1165
     948
     761
     602
     452
     335
     234
     212
     122
     106
      63
      63
      49
      38
      29
      31
      27
      19
      23
      27
      23
      22
      11
      19
      16
      21
      15
      19
      17
      14
      27
      21
      17
      17
       9
      11
      14
      18
       8
      20
      12
      16
      11
      19
      17
      13
      21
      18
      17
      14
      11
      12
      11
      11
      13
      15
      13
      11
      12
      11
      12
      22
      20
      13
      17
      13
       9
       7
      18
      16
       6
       8
       9
      10
      18
       7
      11
      12
      14
       9
      13
       8
      19
       9
      15
      18
      11
      11
      14
      12
      15
      12
      13
       4
       6
      10
      15
       7
      14
       9
       8
      13
       9
      16
       7
       9
      13
      10
      15
       6
       9
      12
      12
       5
       9
       7
      10
      15
       9
      11
       7
       8
      10
      15
      11
       9
       7
      13
       8
      10
      12
      12
       8
       9
       5
      12
      13
      13
       8
      10
      17
      20
       5
      11
       7
       8
       6
      20
      12
       9
      15
       6
       5
      14
      12
      10
       9
       7
       7
      13
      11
      12
       6
       6
      13
      10
      14
      11
      11
       8
       8
      10
       6
      10
      10
       5
       3
       9
      11
       8
      13
      11
       6
       7
       5
       9
       5
       9
      12
       3
      10
       8
       7
       6
       6
      11
      12
       7
       9
       9
      10
       8
      14
       7
       5
       9
      10
       9
      15
       5
       7
       6
       4
       8
       6
       7
       9
       3
      12
       7
       9
       5
       3
      13
       9
      12
      12
       6
       8
       6
      10
      13
       6
       3
       7
       9
       4
       6
      12
      10
       7
       9
       5
       7
      14
       6
       9
       6
       7
      10
       6
       3
       9
       5
      12
      12
       5
       6
       8
       9
       9
       3
       6
       3
       7
       4
       7
       5
       7
       7
      10
       6
       9
       9
       6
       7
       8
      11
       9
       8
      11
       7
       6
      12
       7
       6
       7
       6
       9
       7
       7
       6
       7
      10
      11
       4
       3
       7
       7
       6
      11
       6
       7
       8
       3
       4
       9
       2
       9
      11
       7
       9
       8
      12
       7
       5
      10
       8
      10
      13
       7
      10
       7
       1
       9
       3
       6
       9
       8
       4
       4
       4
       7
      12
      13
       7
       7
       9
       7
      10
       4
       9
       4
       6
       7
       5
       7
       6
       5
       9
       6
       5
      10
       3
       8
       8
       4
       2
       7
      11
       7
       6
      10
       6
       6
       7
       5
       8
       5
      10
       9
       4
       6
      12
       5
       9
       3
       9
       8
       7
       7
       6
      12
      13
       5
       9
       4
       7
       3
       6
      12
       7
      11
       6
       7
       6
       8
       8
      10
       6
      10
       6
       3
       8
       8
       8
       8
       5
       5
       7
       4
       8
       8
      10
       3
      12
       2
       7
       8
       5
       5
       8
       7
       2
       7
       5
       6
       9
       4
      10
       7
       3
       6
       7
       8
       8
       9
       5
       7
       9
       5
       4
       5
       8
       5
       7
       6
       8
       8
      12
       5
       8
       4
      12
       5
       8
       8
       2
       9
       3
       4
       5
       4
       7
       6
      10
      11
       2
       4
      10
       7
       6
       7
       7
       9
       9
       8
       9
      13
       6
       4
       4
       6
       8
       9
       8
      14
      12
       5
       8
      11
       6
       9
       6
       6
       5
       3
       8
       5
       5
       4
       5
      16
       9
       3
       8
       3
       4
       8
       7
       7
      10
       8
       7
       6
       6
      10
       5
      10
       6
      12
       6
       3
       6
       6
       5
       7
       5
       6
       8
       7
       3
       5
      11
       8
       8
       6
       7
       7
       7
      10
       9
       3
       5
       3
       6
       4
       6
       2
       5
       9
       8
       6
       7
       7
      11
       9
      12
       1
       5
       5
       6
       2
       7
       5
       8
       5
       8
       5
       9
       5
       6
       8
      12
       9
       4
       9
       7
      10
       6
       5
       6
       9
       7
       3
       6
       9
       5
       9
       4
       6
       9
       6
       9
       8
       5
       8
       6
       6
       5
       9
       3
       4
       4
       8
      10
       6
       5
       9
       5
       5
       6
       4
       6
       5
       4
       8
       5
       3
       5
      11
       6
       7
       7
      12
       7
       4
       9
       2
       9
       8
       6
       7
      12
       5
       4
       7
       4
      10
       9
       4
       2
       3
      10
       8
       4
       7
       3
       3
      10
       5
       8
      11
       4
       7
       5
       5
       6
       5
       5
      12
       8
       5
       3
       3
       7
       8
       3
       4
       8
       6
       7
       6
      12
       6
       5
       5
       9
       5
       7
       7
       9
       6
       5
       3
       5
       6
       8
       3
       2
       6
       5
       7
       5
       9
       8
      13
       5
       7
       6
       7
       6
      10
       4
       5
       4
       4
       7
       3
       7
       5
      11
       4
       9
       8
       3
       7
       6
       8
       9
       8
       8
       3
       7
       3
       7
       6
       4
       4
       6
      10
      13
       6
       5
       2
       1
       7
       7
       9
       5
      11
       5
       2
       8
       1
       5
       4
       7
      10
       6
       4
       6
       8
       4
      10
       6
      11
       7
       6
       2
       8
       6
       1
       5
       2
       5
       4
       5
       6
       6
       5
       4
      12
       2
       4
       7
       7
       8
       5
       5
       4
       4
       3
       5
       6
       5
       3
       9
       7
       3
       7
       3
       7
       6
       7
       2
       2
       8
       5
       1
       5
       8
       5
       7
       3
       7
       4
       7
       7
       4
       7
       5
       6
       4
       2
       9
      10
       6
       5
       7
       5
       3
       4
       4
       5
       5
       7
      10
       4
       3
       9
       5
       1
       8
       6
       5
       6
       9
       4
       5
       7
       8
       7
       5
       3
       2
       7
       4
       5
      10
       4
       3
       6
       0
       8
       4
       8
       3
       8
       7
       8
       6
       4
       3
       6
       8
       5
       3
       8
       8
       4
       4
       4
       7
       8
       7
       6
       8
       6
       5
       9
       5
       5
       3
       2
       6
       6
       6
       4
       4
       2
       7
       6
      11
       3
       3
       4
      10
       6
       4
       7
       4
       7
       4
       8
       7
       4
       7
       5
       4
       9
       9
      11
       7
       8
       3
       9
       7
       8
       4
       6
       6
       2
       8
       9
       5
       4
       4
       7
       3
       4
       5
       6
       5
       4
       6
       4
       5
       5
       2
       7
       4
       5
       5
       5
       6
      13
       9
       5
       6
       4
       6
       8
       3
       3
       3
       2
       5
       8
       4
       5
       3
       5
       2
       6
       4
       6
       3
       5
       2
       4
       3
       5
       5
       6
       3
      13
       4
       5
       4
       4
       8
       4
       6
       2
       8
       2
       4
       2
       4
       8
       6
       3
       3
       5
       6
       7
       9
       7
       5
       4
      10
       3
       7
       6
       5
       6
      12
       3
       6
       7
       5
       4
       6
       5
       8
       5
       9
       8
       8
       4
       8
       4
      10
       7
       4
       4
       9
       6
       7
       5
       9
       7
       2
       8
       5
      13
       3
      12
       4
       4
       8
       4
       4
       5
       3
       7
       3
       8
       8
       4
       3
       3
       3
       5
       5
       3
       3
       4
       5
       7
      11
       5
       6
       3
       7
       4
       4
       4
       4
       6
       4
       7
       5
       5
       6
       5
       7
       4
       3
       2
       2
       5
       4
       6
       5
       5
       5
       7
       6
       5
       4
       8
       3
       5
       4
       6
       6
       3
       7
       9
       8
       6
       5
       4
       9
       8
       3
       2
       4
       9
       4
       3
       5
       3
       3
       3
       8
       5
       6
       6
       3
      12
       8
       6
       9
       3
       5
       3
       7
       5
       2
      12
       3
       5
       4
       3
       3
       7
       5
       4
       7
       4
       2
       3
       5
       2
       5
       7
       2
       5
       4
       7
       3
       2
       2
       6
       3
       5
       3
       8
       3
       6
       6
       4
       8
       1
       5
       8
       4
       7
       5
       8
       3
       4
       4
       6
       1
       9
       5
       7
       6
       4
       5
       4
       4
       5
       4
       8
       5
       5
       7
       4
       4
       7
       4
       4
       6
       8
       7
       6
       6
       7
       7
       5
       5
       1
       3
       4
       2
      11
       5
       6
       8
       7
       1
       9
       4
       5
       5
      10
       4
       7
       8
       7
       2
      10
       6
       9
       2
       8
       3
       2
       6
       8
       2
       1
       4
       5
       7
       6
       6
       2
       2
       6
       5
       5
       6
       2
       8
       7
       4
       4
       9
       3
       4
       6
       6
      12
       5
       4
       6
       6
       2
       4
       8
       2
       6
       8
       3
       3
       9
       9
       5
       8
       1
       6
       6
       6
       4
       3
       4
       5
       4
       5
       4
       9
       4
       4
       6
       5
       3
       4
       3
       6
       6
       5
       3
       5
       5
       5
       2
       2
       5
       2
       4
       5
       3
       3
       8
       6
       7
       7
       5
       4
       3
       0
       4
       4
       4
       8
       5
       7
       5
       8
       4
       2
       3
       8
       9
       3
       8
       3
       6
       4
       3
       8
       6
       4
       5
       7
       9
       5
       3
       6
       6
       5
       3
       9
       4
       2
       9
       2
       2
       2
       6
       1
       6
       5
       3
       7
       3
       3
       4
       8
      10
       4
       3
       7
       7
       4
       3
       4
       7
       5
       5
       5
      12
       5
       2
       7
       7
       3
       3
       5
       9
       7
       5
       9
       4
      10
       5
       3
      10
       3
       2
       7
       3
       7
       4
       1
       3
       6
       5
       7
       7
       5
       3
       5
       6
       6
       7
       5
       4
       5
       5
       3
       4
       3
       8
       4
       8
       3
       6
       6
       3
       7
       5
       6
       4
       7
       3
      13
       4
       3
       2
       6
       9
       5
       9
       8
       5
       3
       6
       2
       4
       7
       3
       4
       6
       5
       6
       5
       6
       4
       7
       6
       6
       5
       1
       3
       5
       9
       7
       3
       6
       5
       9
       3
       7
       7
       5
       0
       7
       7
       6
       6
       1
       7
       3
       6
       7
       3
       5
       3
       3
       8
       5
       7
       7
       4
       2
       6
       5
       4
       6
       4
       5
       4
       4
       6
       3
       1
       6
      12
       7
       5
       3
       3
       6
       7
       3
       1
       6
       5
       4
       8
       0
       3
       2
       6
       8
       7
       4
       4
       2
       3
       4
       2
       1
       7
       6
       4
       5
       4
       6
       6
       4
       4
       6
       7
       3
       2
       4
       6
       5
       6
       4
       2
       8
       7
       2
       4
       3
       7
       1
       2
       4
       2
       6
       5
       3
       3
       6
       3
       8
       2
       3
       2
       8
       6
       9
       4
       3
       6
       5
       7
       1
       9
       9
       4
       5
       4
       4
       3
       6
       5
       8
       8
       5
       3
       2
       3
       6
       4
       1
       4
       2
       9
       4
       5
       7
       3
       1
       6
       4
       6
       6
       7
       4
       7
       2
       4
       1
       5
       4
       7
       8
      10
       2
       1
       9
       6
       6
       5
       3
       5
       5
       3
       9
       6
       8
       3
       7
       4
       5
       2
       5
       3
       2
       7
       2
       8
       1
       4
       6
       2
       3
       9
       5
       4
       7
       7
       2
       4
       1
       6
       8
       2
       2
       1
       2
       9
       6
       7
       2
       1
       5
       6
       6
       0
       7
       7
       6
       7
       3
       0
       6
       2
       3
       6
       3
       6
       3
       7
       7
       2
       4
       7
       5
       3
       5
       3
       4
       6
       4
       4
       4
       7
       3
       9
       4
      11
       5
       3
       4
       6
       6
       5
       5
       1
       7
       8
       3
       8
       6
       5
       8
       4
       4
       6
       4
       6
       3
       5
       8
       3
       5
       5
       4
       2
       8
       3
       7
       4
       3
       8
       6
       8
       6
       2
       4
       7
       9
       8
       6
       5
       4
       2
       7
       1
       6
       4
       4
       3
       7
       3
       6
       8
       7
       2
       9
       1
       6
       5
       4
       5
       7
       5
       4
       5
       4
       6
      10
       6
       2
       7
       5
       4
       5
       1
       8
       5
       6
       4
       7
       5
       7
       7
       3
       5
       1
       4
       8
       2
       5
       5
       7
       4
       2
       4
       4
       4
       5
       3
      11
       2
       3
       8
       3
       7
       3
       4
       5
       2
       5
       9
       2
       5
       5
       7
       9
       9
       4
       6
       7
       8
       6
       6
       5
       6
       6
       7
       8
      10
      14
       5
       8
      10
       6
      12
       8
      15
      23
      14
      15
      12
      20
      12
      13
      21
      18
      20
      14
      14
      12
      13
      18
       9
       8
       9
      12
       6
       9
       7
       7
       5
       6
       4
       5
       4
       6
       5
       8
       5
       6
       8
       3
       3
       2
       5
       3
       5
       6
       2
       9
       3
       7
       5
       3
       5
       5
       3
       4
       2
       5
      10
       6
       3
       4
       8
       4
       4
       4
       1
       8
       1
       3
       4
       5
       5
       0
       5
       5
       5
       2
       2
       6
       8
       7
       7
       7
       4
       4
       9
       8
       3
       3
       4
       9
       3
       2
       7
       7
       4
       4
       6
       5
       6
       7
       6
       4
       1
       5
       4
       2
       4
       4
       4
       5
       3
       3
       4
       4
       5
       5
       7
       6
       4
       6
       3
       1
       6
       1
       6
       6
       6
       2
       3
       3
       2
       4
       9
       1
       7
       3
       4
       2
       3
       6
       2
       4
       3
       4
       1
       6
       1
       5
       7
       7
       6
       5
       5
       6
       3
       6
       2
       2
       3
       5
       8
       5
       9
       5
       4
       4
       5
       2
       3
       2
       3
       8
       5
      10
      11
       2
       3
       7
       2
       5
       8
       2
       5
       7
       3
       4
       4
       2
       7
       8
       4
      14
       4
       1
       5
       5
       6
       6
       4
       2
       6
       5
       4
       5
       4
       5
       0
       2
       7
       6
       4
       6
       3
       8
       2
       2
       8
       4
       4
       6
       5
       6
       5
       7
       4
       3
       2
       6
       4
       4
       5
       3
       2
       2
       3
       7
       6
       8
       4
       4
       5
       6
       2
       5
       6
       4
       9
       6
       2
       7
       2
       3
       8
       7
       4
       4
       3
       4
       2
       2
       6
       2
       3
       4
       4
       5
       5
       4
       4
       8
       5
       4
       8
       4
       2
       1
       9
       2
       3
       4
       7
       6
       3
       0
       5
       6
       4
       3
       5
       5
       3
       5
       5
       4
       4
       4
       5
       2
       5
       3
       3
       7
       2
       1
       3
       7
       6
       1
       2
       5
      11
       6
       7
       1
       1
      11
       3
       5
       4
       4
       8
       5
       9
       7
       3
       6
       6
       2
       3
       5
       8
       3
       7
       5
       4
       6
       3
       5
       6
       7
       3
       7
       3
       5
       1
       3
       8
       6
       6
       6
       8
       5
       6
       6
       8
       2
       1
       5
       4
       1
       2
       4
       2
       9
       4
       5
       5
       6
       7
       6
       6
       8
       0
       8
       3
       1
       6
       5
       3
       4
       4
       8
       2
       6
       5
       8
       4
       2
       4
       1
       3
       7
       2
       7
       5
       2
       7
       6
       4
       2
       3
       5
       3
       5
       4
       8
       6
       4
       3
      12
       6
       5
       1
       7
       4
       9
       2
       6
       7
       2
       5
       4
       5
       6
       3
       7
       9
       5
       5
      10
       5
       5
       5
       6
       1
       0
       3
       3
       4
       4
       2
       4
       3
       0
       3
       3
       6
       4
       3
       6
       5
       4
       6
       4
       9
       8
       2
       4
       4
       5
       6
       7
       8
       5
       6
       2
       7
       7
       3
       3
       2
       9
       8
       7
       4
       3
       6
       5
       5
       7
       3
       6
       6
       2
       5
       8
       7
       7
       2
       5
       3
       6
       4
       3
       3
       4
       2
       7
       4
       8
       8
       3
       3
       5
       7
       4
       6
       5
       3
       5
       9
       5
       5
       0
       5
       0
       7
       5
       4
       3
       4
       3
       3
       6
       4
       4
       2
       5
       2
       4
       7
       4
       6
       3
       1
       7
       5
       4
       5
       5
       4
       4
       4
       6
       7
       1
       9
       4
       2
       1
       4
       5
       4
       4
       3
       4
       2
       6
      11
      11
       5
       4
       3
       2
       4
       5
       3
       7
       0
       5
       4
       2
       7
       4
       3
       4
       2
      12
       3
       6
       6
       7
       2
       8
       4
       6
       5
       6
       2
       6
       3
       4
       3
       5
       4
       5
       4
       5
       5
       5
       7
       7
       3
       5
       2
       2
       4
       5
       9
       3
       5
       1
       4
       5
       3
       3
       5
       7
       9
       3
       4
       3
       6
       4
       2
       7
       2
       4
       4
       4
       4
       4
       3
       7
       5
       2
       3
       4
       6
       7
       5
       6
       5
       2
       6
       2
       6
       4
       3
       1
       2
       5
       5
      11
       6
       3
       8
       5
       5
       2
       4
       3
       3
       7
       5
       3
       2
       4
       2
       7
       8
       6
       3
       2
       4
       5
       2
       4
       2
       5
       3
       2
       9
       4
       7
       5
       3
       7
       8
       5
       5
       3
      10
       5
       2
       2
       5
       4
       3
       2
       8
       3
       7
       5
       2
       5
       4
       6
       7
       4
       6
       6
       3
       1
       6
       4
       3
       5
       6
       4
       1
       6
       4
       6
       2
       9
       5
       4
       4
       3
       4
       4
       5
       3
       8
       4
       3
       3
       4
       5
       3
       3
       7
       5
       4
       8
       3
       5
       6
       3
       5
       4
       3
       5
       6
       8
       2
       4
       3
       1
       6
       8
       6
       5
       6
       6
       2
       6
       7
       3
       6
       6
       2
       2
       7
       7
       2
       2
       8
       2
       2
       3
       3
       8
       3
       6
       2
       7
       2
       7
       6
       6
       0
       5
       5
       3
       4
       4
       3
       6
       2
       4
       6
       5
       4
       2
       6
       3
       5
       4
      11
       5
       4
      12
       1
       6
       6
       6
       6
       5
       5
       3
       5
       4
       5
       3
       4
       7
       6
       2
       5
       7
       2
       1
       4
       3
      11
       2
       8
       5
       2
       8
       3
       7
       5
       7
       6
       1
       7
       6
       6
       4
       4
       7
       5
       5
       4
       2
       9
      10
       2
       2
       5
       4
       5
       5
       2
       4
       6
       4
       7
       3
       3
       3
       4
       5
       6
       2
       4
       3
       1
       6
       8
       7
       4
       7
       4
       5
       8
       7
       5
       9
       2
       5
       6
       7
       5
       4
       8
       6
       5
       3
       0
       6
       3
       6
       1
       1
       5
       6
       5
       3
       3
       4
       8
       4
       2
       5
       4
       6
       2
      10
       9
       1
       5
       2
       1
       5
       7
       4
       3
       3
       3
       3
       3
       3
       4
       7
       4
       3
       1
       5
       6
       7
      11
       8
       6
       4
       4
       8
       7
       2
       8
       4
       3
       5
       3
       6
       2
       8
       4
       7
       8
       4
       2
       5
       7
       5
       6
       2
       6
       1
       3
       3
       5
       3
       4
       2
       6
       6
       6
       2
       5
       3
       4
       2
       6
       2
       5
       4
       4
       5
       3
       4
       5
       6
       5
       5
       7
       2
       5
       5
       8
       4
       6
       8
       5
       5
       5
       5
       7
       7
       5
       4
       4
       8
       4
       9
       5
       8
       5
       5
       6
       3
       1
       8
       5
       3
       2
      15
      10
       3
       2
       3
       7
       4
       2
       4
       7
       8
       7
       6
       4
       4
       2
       6
       9
       6
       2
       3
       7
       4
       4
       3
       7
       6
       8
       4
       5
       6
       7
       3
       4
       5
       6
       3
       8
       7
       3
       2
       2
       6
       6
       4
       7
       6
       5
       9
       7
       6
       5
      10
       6
       2
       8
       7
       9
       5
       5
       4
       5
       6
       8
       4
      12
       6
       6
       3
       4
       2
       3
       1
       2
       5
       6
       4
      10
       6
       6
       4
       4
       6
       9
       6
       6
      13
       7
       6
       5
       3
       3
       3
       8
       5
       6
       6
       4
       3
       6
       3
       7
       4
       3
       4
       3
       1
       4
       5
       4
       7
       1
       6
       3
       4
       3
       7
       5
       7
       5
       4
       7
       4
       5
       5
       6
       2
       5
       7
       3
       3
       9
       5
       4
       5
       6
       0
       7
       3
       7
       2
       1
       5
       6
       2
       4
       5
       2
       5
       6
       2
       3
       6
       7
       3
       5
       4
       3
       5
       7
       0
       5
       6
       9
       6
       4
       2
       5
       5
       6
       4
       2
       5
       4
       4
       1
       4
       4
       5
       5
       4
       4
       7
       6
       3
       6
       4
       6
       8
       3
       7
       6
       3
       2
       3
       6
       2
       4
       3
       5
       4
       2
       6
       5
       4
       5
       6
       4
       5
       4
       4
       5
       5
       4
       5
       3
       3
       5
       4
       4
       1
       5
       3
       2
       1
       5
       3
       2
       0
       6
       2
       3
       5
       4
       9
       5
       5
       7
       6
       5
       1
       3
       6
       4
       4
       1
       5
       8
       1
       3
       5
       6
       1
       0
       1
       5
       5
       3
       5
       6
       1
       7
       5
       2
       2
       2
       8
       5
       4
       4
       2
       7
      10
       5
       4
       2
       4
       4
       1
       5
       6
       9
      10
       5
       7
       5
       2
       1
       4
       7
       1
       5
       6
       7
       3
       5
       3
       5
       5
       1
       4
       7
       5
       4
       5
       3
       4
       2
       6
       5
       5
       3
       5
       6
       7
       3
       4
       5
       8
       3
       2
       0
       5
       4
       3
       5
       7
       4
       4
       2
       4
       8
       8
       8
       2
       4
       1
       4
       2
       7
       3
       7
       3
       5
       4
       2
       7
       3
       3
       4
       4
       4
       3
       3
       2
       3
       4
       3
       3
       5
       4
       3
       3
       3
       7
       2
       7
       3
       4
       7
       5
       5
       5
       7
       5
       6
       5
       3
       5
       8
       5
       4
       2
       1
       1
       2
       3
       7
       4
       5
       6
       3
       2
       2
       3
       5
       7
       8
       3
       2
       6
       8
       5
       2
       7
       2
       6
       1
       6
       2
       5
       2
       9
       7
       5
       4
       0
       4
       2
       3
       4
       4
       5
       3
       2
       3
       5
       9
       4
       0
       4
       2
       1
       3
       1
       3
       5
       4
       3
       7
       2
       4
       6
       4
       6
       8
       2
       4
       8
       3
       5
       0
       1
       0
       1
       1
       8
       3
       3
       3
       1
       2
       8
       3
       5
       5
       6
       6
       4
       4
       5
       1
      10
       4
       1
       4
       2
       2
       7
       5
       5
       3
       6
       4
       3
       6
       4
       5
       6
       3
       4
       6
       1
       3
       5
       1
       3
       4
       4
       5
       3
       4
       3
       6
       2
       3
       7
       1
       4
       0
       4
       0
       0
       0
       0
       0
       0
       0
       0
       0
       0
       0
       0
       0
       0
       0
       0
       0
       0
       0
       0
       0
       0
       0
       0
       0
       0
       0
       0
       0
       0
       0
       0
       0
       0
       0
       0
       0
       0
       0
       0
       0
       0
       0
       0
       0
       0
       0
       0
       0
       0
       0
       0
       0
       0
       0
       0
       0
       0
       0
       0
       0
       0
       0
       0
       0
       0
       0
       0
       0
       0
       0
       0
       0
       0
       0
       0
       0
       0
       0
       0
       0
       0
       0
       0
       0
       0
       0
       0
       0
       0
       0
       0
       0
       0
       0
       0
       0
       0
       0
       0
       0
       0
       0
       0
       0
       0
       0
       0
       0
       0
       0
       0
       0
       0
       0
       0
       0
       0
       0
       0
       0
       0
       0
       0
       0
       0
       0
       0
       0
       0
       0
       0
       0
       0
       0
       0
       0
       0
       0
       0
       0
       0
       0
       0
       0
       0
       0
       0
       0
       0
       0
       0
       0
       0
       0
       0
       0
       0
       0
       0
       0
       0
       0
       0
       0
       0
       0
       0
       0
       0
       0
       0
       0
       0
       0
       0
       0
       0
       0
       0
       0
       0
       0
       0
       0
       0
       0
       0
       0
       0
       0
       0
       0
       0
       0
       0
       0
       0
       0
       0
       0
       0
       0
       0
       0
       0
       0
       0
       0
       0
       0
       0
       0
       0
       0
       0
       0
       0
       0
       0
       0
       0
       0
       0
       0
       0
       0
       0
       0
       0
       0
       0
       0
       0
       0
       0
       0
       0
       0
       0
       0
       0
       0
       0
       0
       0
       0
       0
       0
       0
       0
       0
       0
       0
       0
       0
$ROI:
2
4852 5354
12587 12888
$PRESETS:
Live Time
10800
0
$ENER_FIT:
0.358687 0.099971
$MCA_CAL:
3
3.586871E-001 9.997089E-002 0.000000E+000 keV
$SHAPE_CAL:
3
3.638087E+001 -1.552510E-003 0.000000E+000
