$SPEC_ID:
JKL Model 927 SN 17053844 Input 1 HEC-Cr-HEC-Cr-T30-D100-HPGe1-2
$SPEC_REM:
DET# 2
DETDESC# BULK Model 927 SN 17053844 Input 1
AP# Maestro Version 6.08
$DATE_MEA:
05/11/2026 10:03:37
$MEAS_TIM:
251 356
$DATA:
0 16383
       0
       0
       0
       0
       0
       0
       0
       0
       0
       0
       0
       0
       0
       0
       0
       0
       0
       0
       0
       0
       0
       0
       0
       0
       0
       0
       0
       0
       0
       0
       0
       0
       0
       0
       0
       0
       0
       0
       0
       0
       0
       0
       0
       0
       0
       0
       0
       0
       0
       0
       0
       0
       0
       0
       0
       0
       0
       0
       0
       0
       0
       0
       0
       0
       0
       0
       0
       0
       0
       0
       0
       0
       0
       0
       0
       0
       0
       0
       0
       0
       0
       0
       0
       0
       0
       0
       0
       0
       0
       0
       0
       0
       0
       0
       0
       0
       0
       0
       0
       0
       0
       0
       0
       0
       0
       0
       0
       0
       0
       0
       0
       0
       0
       0
       0
       0
      25
     207
     489
     569
     535
     522
     533
     486
     460
     446
     460
     463
     476
     418
     454
     437
     480
     436
     488
     462
     436
     437
     493
     471
     435
     451
     458
     468
     470
     478
     456
     422
     462
     438
     450
     470
     450
     412
     468
     461
     484
     444
     436
     450
     421
     438
     490
     438
     457
     453
     429
     435
     447
     401
     453
     454
     397
     453
     418
     436
     416
     403
     403
     395
     422
     443
     422
     433
     440
     429
     446
     418
     436
     406
     414
     423
     451
     414
     409
     405
     432
     420
     376
     406
     388
     407
     436
     416
     421
     417
     374
     480
     414
     419
     381
     420
     420
     428
     408
     394
     408
     398
     401
     397
     397
     399
     425
     418
     420
     410
     402
     384
     411
     386
     427
     395
     378
     400
     375
     377
     403
     367
     402
     403
     403
     378
     411
     339
     362
     318
     378
     354
     395
     412
     370
     369
     389
     399
     416
     380
     389
     395
     373
     379
     393
     353
     402
     403
     396
     380
     370
     340
     352
     399
     366
     332
     371
     368
     399
     361
     366
     390
     373
     376
     368
     377
     389
     406
     398
     376
     342
     378
     360
     381
     348
     341
     384
     357
     355
     363
     367
     380
     417
     389
     387
     346
     395
     392
     402
     346
     378
     383
     368
     372
     367
     348
     324
     384
     339
     358
     381
     379
     340
     344
     387
     355
     381
     327
     359
     314
     383
     370
     331
     345
     397
     363
     366
     316
     368
     385
     362
     339
     374
     345
     390
     380
     306
     353
     372
     346
     355
     342
     349
     337
     363
     361
     364
     297
     355
     356
     371
     364
     357
     362
     355
     349
     391
     340
     363
     368
     349
     330
     387
     350
     345
     342
     323
     359
     374
     337
     328
     329
     367
     325
     348
     351
     352
     361
     337
     320
     328
     320
     352
     346
     323
     342
     324
     328
     333
     350
     353
     357
     357
     346
     339
     344
     332
     323
     344
     336
     350
     362
     329
     304
     328
     359
     311
     359
     344
     335
     357
     343
     393
     322
     331
     322
     349
     342
     348
     372
     320
     346
     334
     356
     375
     324
     323
     343
     335
     332
     308
     330
     318
     338
     327
     335
     330
     347
     325
     354
     344
     333
     328
     341
     287
     343
     355
     327
     335
     338
     358
     318
     342
     342
     321
     319
     355
     354
     319
     335
     342
     344
     362
     367
     318
     344
     300
     333
     329
     309
     306
     333
     313
     331
     325
     310
     321
     351
     327
     338
     333
     332
     330
     326
     333
     326
     321
     313
     356
     313
     325
     344
     328
     313
     330
     331
     311
     301
     326
     349
     332
     337
     310
     331
     335
     322
     308
     324
     299
     325
     324
     303
     333
     338
     314
     320
     343
     337
     343
     323
     347
     326
     325
     317
     321
     351
     301
     319
     330
     323
     320
     327
     342
     339
     322
     294
     355
     285
     320
     318
     314
     329
     316
     338
     309
     360
     309
     353
     307
     310
     325
     328
     312
     343
     312
     309
     334
     288
     303
     316
     309
     348
     295
     349
     329
     335
     326
     326
     314
     328
     348
     320
     356
     329
     310
     321
     325
     306
     302
     321
     300
     320
     288
     307
     331
     352
     310
     341
     335
     353
     282
     327
     342
     327
     317
     310
     313
     305
     346
     309
     327
     317
     321
     336
     321
     349
     325
     328
     311
     323
     314
     339
     287
     325
     327
     292
     317
     290
     345
     350
     314
     296
     328
     314
     358
     318
     294
     315
     312
     324
     296
     332
     292
     328
     324
     328
     354
     302
     334
     348
     329
     331
     312
     319
     311
     326
     314
     335
     306
     305
     346
     356
     310
     315
     329
     350
     329
     309
     330
     301
     320
     319
     311
     333
     311
     322
     314
     301
     302
     311
     311
     321
     318
     317
     304
     320
     327
     302
     324
     292
     328
     269
     301
     336
     320
     349
     320
     351
     329
     352
     360
     321
     319
     335
     307
     321
     347
     305
     314
     316
     326
     325
     317
     307
     303
     307
     339
     289
     342
     333
     347
     345
     371
     337
     352
     372
     345
     391
     383
     329
     310
     308
     316
     315
     304
     322
     336
     314
     336
     356
     362
     331
     399
     348
     378
     362
     392
     414
     404
     372
     406
     342
     304
     327
     333
     299
     341
     345
     335
     346
     322
     324
     333
     346
     332
     338
     298
     314
     345
     331
     309
     327
     328
     338
     327
     322
     341
     313
     318
     318
     293
     328
     344
     291
     289
     286
     325
     314
     310
     324
     341
     304
     333
     303
     305
     352
     312
     331
     337
     365
     328
     318
     328
     276
     320
     326
     293
     315
     320
     329
     342
     343
     306
     298
     320
     293
     334
     312
     276
     343
     293
     306
     323
     301
     326
     317
     320
     303
     327
     356
     325
     327
     330
     305
     335
     329
     338
     290
     320
     342
     337
     348
     335
     372
     353
     357
     313
     349
     338
     384
     309
     300
     324
     335
     325
     299
     295
     301
     349
     290
     311
     310
     293
     311
     313
     345
     284
     324
     308
     336
     304
     307
     333
     340
     315
     318
     332
     319
     316
     300
     324
     303
     342
     309
     274
     288
     312
     339
     321
     314
     296
     291
     330
     359
     315
     306
     326
     323
     322
     319
     319
     324
     324
     312
     321
     313
     326
     306
     321
     311
     283
     323
     333
     302
     336
     287
     326
     341
     317
     325
     297
     326
     311
     290
     304
     326
     308
     306
     310
     328
     314
     305
     281
     323
     324
     313
     358
     317
     351
     294
     337
     332
     326
     294
     308
     303
     337
     338
     335
     287
     290
     273
     323
     325
     316
     323
     282
     318
     324
     302
     289
     277
     318
     316
     289
     330
     313
     306
     375
     281
     325
     286
     316
     304
     316
     304
     347
     296
     337
     302
     321
     295
     308
     336
     340
     291
     306
     315
     300
     271
     332
     298
     319
     300
     315
     324
     322
     309
     320
     307
     328
     285
     318
     294
     309
     303
     325
     321
     283
     293
     289
     310
     309
     291
     342
     308
     308
     290
     294
     313
     292
     299
     319
     309
     310
     318
     282
     258
     304
     292
     306
     307
     322
     307
     314
     324
     302
     325
     319
     316
     325
     299
     307
     284
     302
     284
     292
     282
     326
     311
     328
     312
     306
     310
     317
     320
     329
     300
     325
     319
     252
     312
     301
     279
     322
     312
     329
     313
     299
     309
     297
     325
     328
     308
     306
     290
     310
     299
     301
     302
     314
     319
     297
     352
     287
     311
     307
     327
     324
     329
     316
     304
     305
     289
     326
     283
     309
     290
     292
     348
     328
     334
     293
     310
     294
     286
     289
     301
     305
     319
     302
     312
     281
     316
     341
     298
     291
     304
     312
     310
     310
     332
     315
     304
     328
     302
     331
     326
     289
     309
     342
     285
     310
     250
     291
     295
     311
     322
     322
     307
     330
     323
     291
     281
     313
     280
     286
     313
     311
     303
     311
     248
     310
     339
     297
     318
     305
     305
     304
     342
     317
     299
     287
     326
     321
     323
     315
     312
     309
     259
     313
     298
     328
     310
     329
     344
     310
     297
     302
     313
     333
     283
     292
     316
     314
     281
     274
     321
     303
     309
     317
     309
     290
     335
     301
     322
     297
     278
     331
     313
     285
     300
     350
     297
     301
     331
     300
     325
     322
     300
     304
     320
     260
     312
     340
     345
     280
     315
     298
     322
     282
     337
     302
     306
     303
     273
     340
     320
     327
     318
     315
     288
     323
     267
     296
     282
     297
     293
     271
     282
     295
     344
     290
     293
     329
     315
     307
     285
     305
     308
     297
     353
     302
     282
     336
     310
     339
     305
     286
     339
     300
     301
     302
     286
     322
     323
     292
     325
     308
     300
     331
     322
     304
     305
     303
     311
     325
     301
     292
     269
     314
     261
     299
     293
     329
     306
     279
     309
     314
     323
     294
     315
     358
     289
     290
     278
     273
     319
     323
     296
     268
     318
     300
     313
     293
     323
     301
     293
     299
     288
     304
     311
     312
     307
     313
     312
     331
     285
     323
     288
     282
     311
     279
     317
     260
     281
     325
     289
     289
     299
     294
     318
     297
     277
     316
     302
     282
     295
     296
     287
     313
     285
     277
     292
     294
     328
     335
     312
     282
     312
     265
     328
     344
     310
     294
     274
     291
     322
     300
     277
     320
     280
     325
     295
     311
     308
     325
     280
     314
     285
     316
     291
     310
     315
     312
     324
     311
     299
     307
     298
     304
     266
     341
     264
     326
     301
     306
     309
     352
     299
     316
     316
     325
     293
     307
     332
     299
     307
     323
     319
     318
     308
     334
     295
     314
     296
     282
     286
     295
     332
     303
     335
     303
     314
     324
     305
     325
     343
     299
     299
     289
     281
     309
     293
     310
     293
     285
     302
     277
     319
     319
     300
     317
     279
     312
     339
     266
     307
     292
     319
     319
     335
     293
     321
     317
     317
     331
     316
     299
     312
     268
     287
     311
     318
     336
     285
     325
     317
     304
     318
     261
     299
     315
     303
     303
     316
     294
     265
     317
     318
     321
     293
     292
     288
     317
     308
     316
     322
     318
     292
     304
     315
     305
     289
     281
     327
     299
     296
     314
     322
     325
     283
     301
     340
     308
     328
     320
     314
     313
     320
     329
     283
     307
     279
     288
     266
     319
     299
     297
     344
     293
     328
     312
     319
     311
     320
     311
     318
     309
     297
     310
     273
     304
     285
     263
     326
     282
     330
     318
     293
     309
     294
     321
     323
     276
     326
     271
     309
     319
     301
     312
     276
     288
     306
     264
     293
     288
     309
     302
     302
     304
     317
     307
     316
     290
     294
     295
     319
     299
     303
     284
     309
     317
     302
     306
     310
     316
     309
     292
     291
     300
     293
     303
     337
     313
     302
     292
     296
     318
     285
     290
     291
     312
     312
     268
     293
     276
     319
     310
     293
     333
     321
     328
     310
     320
     307
     279
     298
     281
     321
     319
     297
     287
     287
     315
     287
     331
     333
     302
     295
     343
     306
     288
     302
     306
     263
     331
     306
     311
     297
     273
     315
     309
     308
     308
     328
     288
     307
     307
     364
     280
     319
     289
     322
     287
     256
     314
     303
     298
     291
     302
     290
     309
     327
     306
     316
     308
     302
     306
     291
     300
     305
     286
     288
     284
     323
     296
     284
     303
     287
     326
     289
     355
     304
     301
     314
     318
     319
     301
     328
     313
     292
     325
     322
     277
     313
     300
     311
     304
     308
     289
     331
     304
     316
     352
     337
     332
     327
     346
     349
     348
     326
     374
     335
     359
     355
     311
     354
     327
     294
     362
     344
     361
     357
     363
     347
     349
     351
     403
     338
     399
     331
     363
     344
     390
     367
     357
     359
     365
     381
     380
     372
     358
     342
     368
     360
     368
     370
     348
     380
     354
     315
     364
     369
     370
     314
     387
     370
     364
     346
     356
     351
     371
     342
     376
     356
     375
     346
     380
     352
     329
     359
     368
     375
     361
     376
     350
     356
     375
     368
     352
     375
     352
     352
     392
     347
     361
     361
     361
     338
     338
     360
     350
     372
     379
     370
     365
     343
     368
     362
     342
     348
     365
     363
     378
     340
     347
     346
     369
     368
     380
     364
     350
     368
     327
     366
     324
     336
     336
     328
     336
     336
     343
     354
     358
     337
     369
     386
     377
     324
     345
     370
     352
     387
     321
     377
     356
     348
     370
     338
     371
     371
     357
     377
     336
     342
     378
     337
     352
     358
     335
     324
     352
     350
     362
     350
     348
     332
     353
     353
     341
     345
     338
     368
     358
     328
     350
     346
     336
     368
     338
     352
     352
     341
     375
     332
     328
     367
     308
     308
     364
     330
     393
     356
     351
     331
     316
     328
     350
     362
     347
     348
     352
     367
     370
     307
     358
     351
     344
     362
     330
     337
     332
     347
     362
     352
     331
     326
     321
     344
     343
     330
     359
     367
     312
     345
     319
     333
     341
     312
     299
     321
     342
     353
     358
     341
     327
     351
     340
     342
     314
     302
     355
     328
     353
     347
     329
     314
     338
     358
     327
     347
     325
     347
     346
     285
     315
     346
     330
     359
     333
     354
     377
     345
     349
     322
     315
     353
     321
     356
     327
     355
     335
     338
     321
     369
     361
     350
     333
     313
     346
     340
     331
     335
     319
     342
     330
     329
     297
     328
     355
     356
     329
     300
     319
     322
     332
     351
     348
     349
     357
     347
     333
     327
     338
     332
     341
     331
     362
     286
     334
     322
     342
     321
     330
     337
     318
     320
     318
     328
     336
     333
     330
     318
     307
     356
     309
     341
     332
     328
     336
     338
     306
     331
     301
     345
     286
     317
     298
     336
     320
     347
     325
     326
     313
     298
     317
     337
     352
     316
     329
     327
     331
     338
     335
     309
     320
     337
     313
     309
     321
     333
     311
     316
     368
     364
     298
     344
     317
     338
     309
     347
     325
     329
     345
     323
     337
     331
     306
     329
     303
     334
     303
     332
     340
     327
     326
     322
     310
     299
     315
     320
     316
     302
     300
     298
     344
     324
     298
     336
     331
     309
     328
     345
     324
     330
     358
     330
     286
     285
     364
     301
     317
     307
     321
     329
     320
     312
     323
     322
     292
     297
     308
     320
     323
     319
     296
     321
     317
     309
     324
     318
     325
     315
     285
     317
     316
     314
     320
     320
     293
     328
     295
     302
     321
     330
     338
     332
     344
     294
     302
     330
     351
     351
     344
     342
     292
     324
     321
     309
     351
     321
     349
     313
     315
     313
     309
     288
     339
     334
     323
     323
     286
     311
     325
     335
     334
     324
     340
     317
     298
     346
     309
     319
     318
     308
     312
     335
     321
     304
     315
     329
     326
     327
     306
     323
     338
     293
     336
     319
     328
     314
     341
     303
     325
     314
     309
     309
     337
     318
     313
     338
     316
     323
     306
     339
     314
     313
     313
     323
     297
     326
     307
     285
     328
     316
     275
     340
     281
     303
     323
     320
     329
     296
     306
     292
     298
     313
     308
     309
     311
     324
     305
     303
     324
     311
     324
     298
     332
     354
     307
     343
     326
     304
     281
     309
     292
     296
     367
     339
     308
     311
     314
     321
     316
     283
     319
     313
     301
     322
     289
     298
     299
     306
     319
     332
     303
     347
     330
     315
     288
     338
     311
     282
     325
     301
     287
     310
     291
     318
     334
     309
     295
     299
     288
     329
     302
     327
     335
     336
     305
     311
     315
     292
     276
     310
     275
     299
     330
     330
     288
     296
     319
     300
     327
     318
     312
     316
     300
     301
     307
     306
     285
     287
     347
     291
     292
     320
     301
     303
     324
     308
     311
     309
     307
     329
     266
     283
     296
     299
     305
     306
     311
     298
     294
     307
     301
     306
     314
     326
     268
     343
     296
     321
     298
     284
     318
     313
     285
     304
     265
     311
     274
     278
     286
     272
     318
     326
     284
     281
     306
     292
     299
     283
     305
     307
     320
     296
     311
     338
     273
     298
     295
     313
     303
     344
     255
     286
     285
     312
     295
     338
     313
     291
     287
     297
     321
     297
     271
     309
     279
     295
     311
     292
     294
     297
     334
     305
     310
     292
     308
     321
     281
     319
     327
     296
     297
     308
     287
     306
     313
     319
     283
     325
     297
     305
     306
     306
     307
     286
     285
     302
     308
     319
     291
     279
     289
     265
     292
     302
     289
     279
     301
     322
     311
     326
     313
     317
     303
     293
     291
     316
     292
     298
     289
     284
     282
     297
     289
     302
     300
     287
     305
     285
     309
     332
     325
     281
     277
     325
     314
     269
     316
     273
     283
     298
     288
     282
     274
     296
     316
     303
     302
     303
     278
     317
     309
     292
     280
     281
     314
     322
     278
     279
     278
     283
     290
     312
     275
     305
     286
     286
     307
     301
     258
     325
     309
     278
     284
     289
     273
     278
     312
     270
     313
     289
     337
     310
     297
     281
     288
     297
     344
     300
     302
     304
     295
     310
     293
     263
     283
     296
     280
     309
     269
     289
     309
     281
     289
     306
     278
     283
     285
     288
     333
     322
     315
     308
     309
     283
     307
     309
     301
     321
     303
     294
     291
     314
     306
     304
     317
     295
     321
     312
     265
     274
     283
     314
     309
     290
     289
     282
     300
     290
     305
     259
     265
     283
     309
     305
     292
     309
     295
     298
     286
     288
     290
     290
     314
     317
     306
     311
     262
     288
     268
     327
     314
     271
     304
     295
     276
     270
     289
     330
     278
     308
     287
     299
     284
     312
     294
     295
     312
     302
     289
     309
     307
     281
     301
     308
     280
     287
     319
     291
     299
     295
     282
     257
     291
     311
     296
     279
     269
     294
     303
     285
     330
     301
     273
     273
     263
     257
     265
     297
     274
     288
     294
     286
     278
     287
     294
     274
     296
     270
     302
     295
     288
     300
     270
     288
     302
     284
     281
     274
     301
     318
     305
     274
     308
     292
     233
     313
     307
     266
     282
     300
     312
     281
     279
     296
     290
     311
     265
     282
     300
     284
     302
     280
     313
     284
     317
     277
     296
     295
     307
     257
     283
     274
     300
     295
     321
     277
     315
     289
     303
     294
     269
     309
     307
     284
     296
     276
     281
     317
     267
     298
     267
     271
     275
     271
     294
     314
     292
     281
     276
     290
     274
     302
     288
     294
     305
     270
     279
     293
     294
     308
     301
     294
     287
     284
     329
     320
     310
     276
     290
     301
     289
     293
     233
     285
     293
     332
     289
     301
     333
     293
     287
     266
     310
     288
     273
     282
     298
     295
     317
     283
     275
     264
     258
     275
     308
     277
     279
     287
     300
     280
     312
     311
     282
     303
     298
     285
     305
     273
     300
     252
     314
     261
     272
     273
     322
     289
     270
     300
     308
     290
     261
     281
     252
     265
     311
     272
     293
     280
     262
     285
     299
     260
     275
     289
     303
     290
     284
     291
     278
     286
     312
     307
     305
     307
     318
     292
     294
     311
     295
     306
     321
     302
     298
     311
     339
     291
     305
     294
     310
     328
     288
     287
     285
     284
     301
     283
     283
     328
     286
     323
     294
     296
     305
     302
     271
     304
     310
     280
     269
     281
     307
     304
     292
     269
     278
     309
     296
     280
     295
     297
     303
     294
     285
     330
     303
     306
     311
     298
     310
     315
     305
     288
     307
     288
     299
     299
     301
     305
     300
     292
     317
     280
     296
     286
     279
     312
     276
     299
     301
     309
     300
     318
     298
     285
     334
     310
     298
     275
     306
     317
     303
     299
     279
     298
     288
     308
     304
     285
     303
     298
     266
     260
     315
     278
     311
     301
     296
     292
     320
     285
     288
     312
     313
     323
     274
     306
     291
     293
     270
     294
     316
     324
     297
     323
     322
     330
     311
     320
     311
     343
     313
     285
     312
     321
     309
     303
     306
     281
     311
     283
     296
     277
     319
     286
     320
     306
     294
     290
     295
     282
     330
     307
     303
     302
     313
     303
     320
     319
     301
     324
     334
     294
     356
     341
     323
     323
     289
     326
     323
     288
     285
     317
     317
     315
     318
     341
     294
     282
     337
     347
     344
     327
     309
     311
     317
     316
     314
     308
     310
     323
     301
     303
     310
     299
     336
     291
     304
     310
     308
     326
     287
     312
     315
     320
     311
     295
     328
     310
     297
     256
     314
     285
     329
     330
     305
     317
     308
     322
     308
     317
     305
     291
     342
     330
     291
     325
     345
     341
     313
     307
     315
     313
     307
     312
     331
     321
     294
     323
     317
     331
     331
     301
     321
     323
     300
     312
     335
     289
     318
     317
     270
     352
     351
     319
     319
     332
     289
     325
     304
     327
     330
     344
     373
     332
     312
     295
     295
     318
     353
     337
     343
     342
     292
     342
     327
     325
     355
     357
     286
     332
     345
     327
     337
     334
     327
     356
     324
     330
     344
     315
     310
     324
     327
     322
     323
     356
     377
     334
     364
     313
     331
     316
     345
     326
     361
     348
     347
     339
     332
     338
     341
     337
     337
     359
     316
     329
     321
     330
     330
     312
     328
     344
     331
     345
     338
     346
     346
     303
     304
     373
     358
     320
     327
     312
     351
     369
     327
     326
     344
     402
     334
     357
     339
     351
     351
     378
     337
     353
     351
     337
     333
     342
     336
     349
     364
     351
     331
     344
     348
     327
     388
     339
     336
     340
     351
     350
     309
     370
     334
     339
     363
     372
     384
     360
     322
     368
     370
     363
     360
     332
     376
     361
     330
     366
     329
     338
     343
     357
     354
     345
     352
     352
     368
     346
     345
     357
     385
     350
     321
     372
     331
     371
     358
     344
     351
     376
     351
     313
     339
     364
     365
     358
     381
     341
     358
     382
     356
     371
     360
     355
     355
     335
     360
     354
     389
     347
     334
     319
     402
     326
     390
     340
     409
     347
     365
     422
     347
     337
     372
     399
     373
     351
     379
     374
     372
     378
     371
     364
     336
     386
     370
     362
     379
     374
     345
     360
     366
     375
     400
     338
     395
     366
     391
     367
     382
     374
     360
     395
     370
     367
     344
     372
     412
     354
     400
     383
     405
     350
     400
     350
     379
     401
     376
     342
     389
     396
     382
     380
     388
     369
     372
     377
     406
     384
     351
     411
     390
     400
     377
     403
     376
     388
     362
     375
     383
     374
     386
     398
     376
     392
     371
     394
     371
     392
     360
     394
     397
     364
     358
     351
     327
     398
     379
     408
     395
     363
     392
     350
     394
     376
     396
     430
     383
     412
     352
     381
     418
     386
     395
     377
     401
     407
     395
     378
     385
     400
     411
     385
     358
     371
     410
     390
     411
     368
     358
     407
     348
     396
     384
     370
     359
     383
     376
     395
     380
     397
     343
     353
     346
     380
     386
     373
     389
     343
     328
     340
     383
     364
     355
     347
     382
     343
     400
     379
     364
     366
     362
     382
     371
     376
     388
     374
     342
     366
     380
     375
     351
     365
     342
     315
     356
     351
     310
     329
     321
     345
     344
     359
     320
     353
     317
     307
     359
     319
     301
     339
     320
     323
     322
     322
     325
     292
     293
     312
     320
     298
     303
     301
     286
     281
     280
     281
     336
     296
     299
     266
     339
     273
     264
     263
     263
     281
     293
     266
     259
     291
     282
     295
     263
     247
     261
     274
     263
     250
     253
     252
     240
     240
     262
     261
     264
     281
     223
     243
     238
     256
     255
     252
     265
     224
     270
     245
     243
     247
     239
     243
     225
     252
     230
     250
     228
     235
     212
     224
     220
     237
     243
     249
     216
     235
     220
     230
     241
     249
     216
     216
     184
     244
     228
     206
     255
     220
     227
     227
     221
     213
     226
     216
     212
     198
     223
     211
     216
     213
     231
     216
     218
     233
     224
     216
     234
     200
     246
     208
     195
     213
     221
     214
     219
     216
     216
     220
     214
     219
     226
     233
     219
     198
     225
     218
     198
     228
     198
     207
     199
     192
     178
     208
     171
     203
     191
     198
     207
     212
     202
     202
     188
     211
     192
     194
     208
     177
     207
     182
     209
     195
     191
     202
     202
     186
     221
     195
     194
     162
     207
     206
     201
     194
     173
     204
     191
     200
     192
     192
     176
     178
     182
     184
     184
     171
     188
     196
     209
     187
     166
     190
     205
     192
     187
     201
     193
     194
     189
     181
     187
     172
     188
     199
     196
     187
     188
     175
     177
     195
     166
     190
     178
     189
     177
     159
     189
     186
     202
     200
     179
     185
     169
     174
     171
     155
     189
     196
     176
     214
     156
     178
     200
     187
     170
     164
     174
     151
     175
     194
     198
     184
     161
     190
     210
     167
     157
     177
     163
     165
     180
     165
     182
     172
     196
     183
     198
     173
     163
     187
     154
     198
     179
     147
     179
     183
     170
     177
     184
     169
     160
     165
     171
     170
     159
     174
     151
     160
     172
     164
     148
     161
     165
     155
     184
     151
     154
     182
     182
     161
     170
     167
     179
     181
     164
     142
     153
     181
     171
     187
     181
     153
     148
     154
     167
     122
     140
     163
     165
     158
     175
     193
     158
     141
     172
     168
     143
     170
     136
     129
     144
     161
     151
     146
     163
     140
     166
     125
     159
     168
     154
     164
     154
     144
     136
     166
     149
     139
     172
     154
     147
     162
     150
     157
     152
     144
     155
     147
     171
     162
     172
     151
     153
     156
     160
     147
     156
     140
     138
     151
     134
     127
     144
     137
     137
     163
     147
     152
     127
     143
     147
     136
     136
     171
     157
     145
     154
     147
     170
     138
     143
     147
     131
     144
     153
     158
     154
     152
     136
     126
     146
     116
     163
     144
     138
     136
     127
     134
     141
     165
     137
     129
     152
     139
     136
     162
     124
     136
     135
     154
     137
     144
     153
     148
     136
     149
     146
     144
     141
     155
     128
     136
     139
     141
     121
     128
     133
     138
     143
     150
     157
     114
     146
     140
     157
     155
     131
     125
     158
     131
     147
     143
     123
     128
     124
     133
     158
     137
     119
     107
     132
     128
     143
     129
     109
     126
     120
     138
     132
     146
     125
     149
     140
     127
     119
     123
     122
     123
     134
     125
     117
     127
     129
     119
     124
     137
     116
     144
     140
      99
     112
     130
     123
     111
     122
     141
     108
     133
     145
     101
     138
     135
     113
     126
     114
     133
     130
     116
     134
     114
     110
     115
     118
     121
     117
     119
     106
     122
     108
     122
     128
     114
     130
     108
     122
     135
     110
     103
     113
     105
     120
     127
     105
     113
     113
     123
     121
     110
     144
     138
     112
     122
     100
     119
     137
     126
     118
     125
     106
     116
      99
     127
     125
     102
     119
     128
     102
     111
     117
     112
     123
     119
     131
     112
     116
     120
     140
     118
     112
     118
     127
     109
     141
     111
     122
     109
     129
     103
     116
     133
     109
     101
     124
     100
     103
     107
     113
      94
     112
     101
     118
     103
     112
     130
     122
     107
     103
      97
     105
     118
     111
      86
     109
     102
     115
     108
     110
     110
     122
     112
     107
     112
     114
      98
     103
     116
     105
      89
      91
     103
     112
     121
     107
     110
      96
      88
     118
      87
     115
     115
     106
      98
     119
     112
      95
     126
     109
      97
      98
      88
     105
     115
     115
      97
     115
      93
     102
      92
      87
     100
      90
     108
     100
     111
     125
      89
     101
     101
     101
      83
     106
      98
     104
      89
     109
     118
     105
     101
     114
      94
     109
     101
      93
     100
      80
     103
     104
      98
     103
      93
     103
     108
      91
      97
      94
      95
      85
     100
      97
     101
     102
      82
      93
      88
      99
      83
     105
      98
     104
     102
     102
      92
      89
     109
      94
     112
      98
      73
     100
      91
      97
     104
      87
      81
      85
      84
     112
      81
     108
      84
      99
      98
     107
      79
      95
     108
      99
      91
      95
      73
      83
     108
      79
      93
     104
      91
      90
      89
      92
      93
      89
      96
     111
      91
      87
      90
      78
      78
      86
     101
      89
     126
      86
      87
      75
      87
      94
      69
      79
      91
     105
      90
      93
      98
      92
      84
      90
     100
      93
     103
      93
      88
      88
      96
      63
      88
      94
      85
     101
      86
      93
      81
      90
     100
      91
      92
      88
      96
      91
      93
      95
      88
      94
      78
      81
      88
     104
      89
      86
      83
      78
      89
     111
      90
      72
      81
      81
      83
     102
      79
      88
      88
      93
      92
      81
      90
     107
      88
     116
      96
      90
      83
      77
      75
      89
      63
      84
      89
      72
      70
      75
      82
      75
      98
      98
      83
     110
      84
      88
      98
      87
      89
      86
      86
      81
      89
      74
      74
      84
      95
      90
      77
      77
      76
      68
      97
      89
      90
      77
      82
     101
      81
      94
     101
      70
     101
      80
     101
      73
      92
      92
      70
      83
      79
      87
      82
      65
      89
      96
      92
      72
      80
      90
      79
      95
      87
      78
      79
      81
      90
      82
      77
      80
      85
      90
      79
      95
      74
      77
      89
      78
     102
      76
      80
      76
      69
      78
      72
      83
      83
      91
      92
      83
      89
     101
      84
      75
      80
      76
      88
      76
      75
      71
      94
      91
      97
      81
      84
      75
      96
      86
      82
     101
      77
      73
      67
      93
      80
      77
      71
      76
      77
      85
      86
      73
      85
      88
      92
      85
      71
      83
      86
      92
      82
      87
      87
      95
      82
      80
      73
      76
      86
      89
      74
      74
      84
      71
      84
      86
     104
      95
      87
      99
      95
      72
      75
      87
      81
      78
      85
      76
      75
      74
      91
      79
      85
      73
      75
      87
      73
      83
      95
      84
      81
      91
      81
      79
      78
      68
      70
      93
      90
      89
      76
      83
      67
      86
      79
      83
      84
      85
      82
      94
      95
      75
      79
      80
      97
      82
      91
      86
      83
      83
      84
      76
      74
      85
      85
      78
      81
      85
      75
      67
      72
      91
      82
      99
      88
      82
      82
      68
      81
      83
      67
      93
      72
      80
      83
      76
      85
      99
      77
      76
      72
      81
      78
      80
      87
      73
      70
      95
      86
      78
      82
      73
     100
      84
      79
      86
      91
      76
      76
      72
      83
      87
     102
      97
      75
      81
      79
      90
      75
      75
      87
      95
      85
      82
      80
      78
      77
      73
      82
      92
      84
      82
      98
      82
      80
      74
      82
      81
      96
      91
      56
      73
      66
      94
      94
      91
      71
     101
      75
      85
      85
      69
      76
      75
      77
      72
      94
      79
      69
      86
      86
      80
      94
      86
      76
      88
      86
      83
      86
      82
      78
      84
      90
      74
      80
      81
      78
     105
      81
      71
      76
      85
      75
      71
      77
      96
      82
      67
      71
      71
      70
      73
      80
      80
      98
      78
      76
      93
      83
      66
      77
      74
      83
      96
      66
      70
     105
      82
      83
      79
      87
      86
      82
      73
      67
      94
      93
      84
      74
      84
      89
      79
      74
      76
      92
      76
      98
      92
      90
      72
      82
      89
      78
      70
      78
      84
      79
      71
      81
      85
      77
      92
      72
     100
      84
      79
      62
      78
      87
      63
      69
      81
      80
      74
      79
      96
      92
      85
      77
      85
      76
      76
      84
      88
      69
      98
      65
      77
      80
      85
      68
      70
      90
      83
      80
      91
      69
      81
      93
      77
      81
      75
      72
      82
      65
     112
      79
      91
      83
      70
      69
      87
      70
      74
      78
      70
      75
      90
      80
      79
      75
      71
      82
      81
      94
      73
      91
      74
      76
      87
      94
      83
      90
      79
      88
      96
      66
      95
      81
      84
      70
      86
      86
      81
      82
      83
      77
      83
      81
      94
      87
      83
      80
      88
      86
      81
      83
      81
      73
      83
      66
      86
      85
      94
      78
      68
      72
      84
      87
      74
      84
      79
      73
      81
      72
      76
      74
      74
      84
      76
      93
      92
      83
      78
      72
      90
      67
      95
      65
      84
      92
      81
      94
      80
      87
      70
      87
      79
      90
      88
      70
      75
      79
      88
      72
      85
      85
      79
      75
      73
      83
      72
      88
      85
      88
      72
      78
      74
      82
      67
      86
      78
     104
      80
      75
      76
      73
      84
      85
      79
      95
      70
      82
      73
      74
      72
      77
      83
      98
      96
      76
      78
      94
      83
      74
     100
      77
      79
      85
      90
      88
      77
      85
      84
      77
      86
     102
      84
      84
      80
      71
      76
      81
      76
      74
      76
      79
      81
      94
      76
      92
      85
      85
      78
      73
     110
      83
      77
      93
      87
      77
      86
      68
      80
      89
      82
      81
      82
      84
      91
      91
      72
      96
      97
      87
      79
      91
      77
      79
      94
      89
      73
      76
      79
      78
      84
      74
      91
      76
     104
      93
      77
      83
      75
      75
      75
      89
      67
      76
      95
      87
      79
      94
      76
      77
     103
      85
      83
      79
      98
      79
      85
      96
      71
      92
      90
      96
      85
      75
      97
      84
      93
      95
      95
      78
      86
      71
      85
      90
      86
      71
      88
      61
      98
      93
      90
      75
      88
      85
      82
      90
      86
      63
      70
      82
      87
     101
     106
     104
      94
      85
      92
      82
      75
      74
      79
      92
      80
      83
      94
      84
      71
      80
      78
      90
      87
     115
      90
      81
      85
      77
      75
      91
      95
      79
      88
      89
      90
      79
      85
      98
      76
      93
      88
      90
      88
      83
      89
      81
     105
      80
      78
      92
     108
      78
     103
      79
      86
      69
      90
      94
      81
     103
      91
      95
      90
      83
     103
      85
     102
      87
      90
      81
      98
      89
      82
      81
      98
     100
      83
      86
      86
      94
      85
      79
     101
      91
      81
      82
     114
      83
      87
      90
      87
      89
      94
      89
      87
      87
     107
      94
      83
      92
      85
      84
      92
      86
      97
     102
      97
      88
     107
      90
      98
     114
     107
     107
      90
     112
     102
      90
     118
      88
      94
      88
      93
      95
     105
     104
      84
      78
      99
      98
      90
      95
     102
      83
      95
     124
      93
     105
     129
     103
      87
     105
     110
      92
      99
     109
     102
      90
     104
     110
     111
     109
     101
     112
     110
     106
     118
     100
      92
     109
     119
     109
     100
     123
     114
     130
     105
     136
     118
     130
     163
     140
     159
     192
     179
     172
     220
     234
     224
     231
     249
     280
     307
     327
     381
     428
     459
     496
     580
     645
     699
     736
     893
    1007
    1120
    1320
    1541
    1768
    2022
    2309
    2774
    3173
    3583
    4189
    4832
    5359
    6115
    6931
    7735
    8315
    9065
    9614
   10168
   10760
   11403
   12048
   12258
   12524
   12533
   12853
   12868
   12781
   12550
   12522
   12120
   11949
   11425
   10954
   10576
    9976
    9437
    8633
    7907
    7232
    6397
    5645
    5060
    4441
    3669
    3150
    2678
    2274
    1804
    1549
    1174
    1013
     826
     728
     603
     481
     433
     406
     366
     317
     259
     249
     222
     215
     188
     171
     168
     181
     138
     150
     128
     131
     105
     108
     111
     113
     102
     106
      81
      98
      86
      76
      85
      80
      78
      85
      63
      86
      77
      76
      82
      77
      70
      73
      77
      80
      66
      62
      69
      78
      77
      52
      55
      69
      66
      60
      70
      65
      61
      59
      73
      64
      66
      58
      62
      70
      65
      56
      68
      73
      61
      63
      69
      58
      72
      66
      64
      67
      64
      54
      46
      47
      60
      67
      55
      46
      71
      65
      55
      49
      64
      44
      50
      53
      60
      57
      60
      63
      60
      59
      39
      57
      55
      53
      55
      43
      54
      59
      55
      57
      58
      58
      59
      48
      57
      61
      62
      61
      52
      50
      44
      49
      54
      43
      58
      48
      48
      55
      65
      63
      50
      54
      41
      50
      46
      61
      46
      38
      56
      60
      49
      71
      63
      51
      51
      47
      44
      59
      51
      48
      57
      68
      49
      43
      46
      62
      46
      54
      42
      46
      44
      53
      39
      46
      59
      45
      58
      52
      51
      41
      37
      52
      39
      56
      33
      64
      43
      62
      51
      45
      55
      58
      49
      49
      36
      36
      52
      49
      54
      34
      44
      48
      51
      46
      44
      47
      55
      54
      35
      49
      60
      36
      60
      38
      45
      43
      50
      43
      33
      52
      62
      44
      50
      43
      61
      47
      50
      32
      41
      46
      44
      37
      47
      34
      44
      45
      52
      40
      45
      58
      49
      48
      45
      43
      65
      41
      35
      44
      49
      33
      49
      49
      38
      46
      45
      45
      40
      51
      53
      42
      40
      36
      42
      48
      35
      42
      51
      43
      46
      44
      50
      39
      46
      55
      43
      44
      39
      44
      41
      51
      49
      37
      42
      50
      48
      56
      44
      35
      45
      37
      40
      59
      42
      40
      59
      35
      42
      37
      48
      37
      39
      42
      41
      44
      34
      49
      38
      59
      41
      50
      59
      43
      47
      35
      60
      51
      37
      50
      43
      59
      50
      46
      49
      48
      40
      31
      38
      41
      48
      51
      56
      37
      53
      52
      41
      38
      36
      35
      38
      40
      43
      39
      44
      40
      38
      61
      35
      31
      45
      35
      46
      46
      50
      41
      41
      35
      38
      42
      49
      41
      57
      29
      41
      47
      38
      42
      47
      45
      50
      36
      32
      56
      35
      43
      41
      44
      66
      44
      41
      45
      40
      42
      46
      40
      37
      39
      44
      51
      41
      50
      41
      27
      36
      50
      40
      51
      42
      56
      43
      46
      44
      38
      34
      41
      47
      44
      39
      49
      50
      34
      52
      41
      34
      37
      54
      44
      41
      48
      40
      33
      41
      46
      32
      40
      43
      37
      48
      38
      57
      42
      39
      39
      41
      52
      51
      51
      40
      28
      30
      52
      44
      31
      47
      34
      46
      45
      48
      35
      36
      36
      42
      40
      46
      53
      21
      40
      33
      56
      40
      39
      38
      41
      41
      48
      27
      48
      40
      45
      45
      46
      39
      34
      38
      46
      45
      45
      47
      49
      44
      40
      47
      35
      52
      39
      35
      46
      49
      41
      36
      41
      38
      49
      40
      49
      50
      55
      43
      38
      40
      26
      57
      36
      41
      33
      41
      43
      33
      35
      35
      44
      42
      44
      42
      35
      41
      33
      40
      42
      40
      41
      40
      38
      40
      51
      38
      34
      35
      46
      41
      32
      49
      35
      48
      48
      42
      48
      39
      44
      50
      42
      47
      42
      45
      47
      50
      44
      43
      36
      35
      46
      45
      45
      47
      43
      39
      38
      34
      38
      46
      35
      40
      43
      32
      35
      42
      33
      37
      51
      29
      39
      38
      47
      44
      38
      53
      51
      39
      43
      32
      54
      42
      39
      48
      48
      33
      40
      27
      50
      43
      34
      33
      46
      44
      35
      42
      46
      48
      41
      47
      51
      44
      41
      35
      39
      32
      48
      38
      33
      41
      46
      36
      38
      38
      35
      41
      39
      38
      38
      41
      44
      46
      42
      34
      28
      33
      36
      43
      42
      32
      38
      47
      44
      45
      40
      49
      51
      33
      44
      40
      42
      41
      40
      35
      37
      33
      39
      36
      35
      47
      48
      37
      39
      33
      46
      32
      47
      31
      38
      37
      53
      34
      38
      44
      28
      38
      45
      45
      30
      44
      35
      46
      35
      38
      39
      33
      35
      52
      36
      34
      36
      43
      41
      50
      42
      30
      33
      43
      48
      44
      44
      37
      42
      41
      45
      44
      43
      40
      33
      53
      50
      44
      39
      44
      37
      45
      48
      41
      34
      38
      40
      35
      38
      40
      44
      39
      35
      41
      41
      34
      41
      36
      36
      42
      43
      48
      39
      37
      40
      37
      44
      37
      45
      34
      28
      37
      35
      38
      46
      44
      44
      27
      35
      36
      34
      35
      37
      48
      44
      40
      41
      38
      28
      51
      34
      42
      43
      40
      37
      29
      31
      50
      41
      42
      43
      41
      50
      34
      44
      46
      35
      43
      34
      39
      45
      42
      25
      35
      46
      37
      47
      42
      35
      47
      35
      28
      33
      41
      43
      43
      34
      35
      47
      42
      29
      45
      43
      40
      35
      39
      45
      29
      38
      39
      40
      39
      39
      43
      33
      35
      42
      48
      42
      33
      45
      45
      33
      37
      46
      34
      46
      38
      42
      42
      33
      45
      41
      38
      29
      31
      30
      52
      40
      40
      47
      47
      34
      28
      44
      34
      48
      44
      46
      39
      42
      37
      36
      28
      45
      55
      31
      30
      46
      36
      35
      31
      39
      44
      28
      31
      38
      38
      39
      41
      42
      32
      42
      43
      42
      43
      47
      39
      33
      38
      46
      38
      47
      43
      37
      40
      41
      36
      41
      33
      47
      43
      30
      43
      42
      37
      43
      39
      32
      35
      40
      37
      44
      44
      37
      42
      36
      42
      40
      42
      32
      35
      45
      38
      40
      42
      46
      30
      37
      28
      40
      47
      39
      41
      42
      56
      44
      46
      31
      35
      42
      38
      32
      40
      44
      45
      42
      25
      39
      43
      46
      51
      47
      39
      39
      39
      39
      42
      33
      41
      45
      46
      43
      35
      39
      42
      43
      39
      37
      35
      35
      41
      55
      38
      50
      48
      40
      34
      46
      48
      43
      37
      53
      43
      53
      58
      54
      55
      49
      58
      47
      42
      44
      43
      38
      30
      53
      41
      45
      40
      30
      34
      43
      38
      37
      47
      27
      39
      38
      29
      33
      40
      35
      36
      44
      38
      29
      40
      36
      37
      49
      32
      39
      36
      36
      29
      36
      35
      39
      36
      41
      36
      36
      38
      34
      38
      43
      35
      36
      33
      38
      45
      45
      35
      33
      42
      42
      36
      46
      39
      44
      45
      25
      36
      45
      38
      28
      46
      39
      49
      31
      38
      42
      52
      50
      39
      36
      43
      42
      35
      45
      40
      40
      31
      38
      40
      40
      26
      37
      28
      36
      35
      38
      46
      37
      50
      37
      37
      37
      35
      38
      40
      49
      29
      42
      35
      33
      42
      31
      46
      30
      45
      36
      56
      46
      34
      32
      38
      30
      37
      29
      48
      40
      36
      43
      33
      35
      50
      34
      44
      40
      41
      27
      41
      52
      37
      38
      39
      38
      42
      44
      43
      42
      35
      34
      30
      40
      29
      39
      34
      34
      40
      36
      40
      40
      39
      41
      34
      40
      39
      45
      44
      43
      41
      41
      32
      32
      33
      50
      43
      36
      40
      38
      41
      39
      38
      45
      42
      39
      24
      41
      36
      31
      33
      44
      27
      39
      21
      52
      39
      38
      37
      50
      39
      35
      36
      34
      39
      38
      41
      31
      45
      46
      29
      27
      42
      38
      36
      34
      32
      32
      36
      35
      43
      46
      46
      25
      42
      41
      43
      45
      31
      33
      34
      47
      36
      37
      36
      41
      36
      39
      40
      41
      35
      35
      35
      31
      45
      37
      39
      27
      42
      35
      36
      40
      40
      39
      48
      39
      49
      40
      40
      35
      34
      42
      42
      42
      25
      40
      44
      22
      39
      32
      34
      46
      27
      28
      42
      40
      45
      36
      37
      43
      42
      30
      39
      38
      36
      40
      47
      41
      41
      31
      41
      40
      28
      35
      45
      34
      36
      32
      43
      32
      37
      42
      33
      38
      39
      33
      35
      46
      32
      39
      33
      35
      45
      43
      34
      35
      27
      41
      41
      41
      33
      45
      40
      34
      43
      34
      41
      47
      30
      34
      34
      35
      37
      30
      30
      44
      39
      47
      46
      39
      30
      37
      32
      33
      41
      33
      35
      32
      30
      30
      38
      41
      28
      48
      39
      30
      44
      33
      45
      29
      45
      33
      35
      29
      37
      37
      42
      48
      37
      39
      34
      43
      34
      30
      35
      52
      35
      48
      45
      36
      41
      45
      40
      43
      28
      51
      47
      33
      30
      31
      35
      33
      32
      49
      43
      37
      51
      39
      38
      37
      47
      32
      36
      47
      41
      43
      49
      37
      34
      29
      41
      27
      49
      44
      40
      37
      43
      46
      38
      35
      43
      33
      39
      42
      43
      41
      35
      30
      33
      34
      38
      38
      35
      44
      38
      41
      36
      40
      37
      37
      34
      62
      43
      39
      27
      47
      35
      35
      39
      41
      42
      43
      41
      35
      40
      43
      41
      39
      40
      35
      42
      32
      49
      30
      41
      36
      43
      37
      46
      38
      34
      42
      42
      39
      41
      41
      47
      37
      39
      31
      49
      45
      43
      41
      49
      40
      47
      36
      35
      46
      40
      44
      47
      37
      51
      32
      32
      41
      36
      37
      40
      41
      31
      30
      40
      42
      45
      33
      37
      37
      42
      42
      43
      43
      40
      43
      47
      32
      38
      37
      39
      41
      46
      47
      43
      40
      40
      46
      52
      44
      41
      44
      36
      50
      30
      53
      42
      39
      34
      50
      36
      38
      47
      30
      49
      35
      33
      28
      40
      41
      43
      42
      33
      36
      35
      36
      41
      40
      41
      36
      41
      33
      47
      26
      34
      37
      41
      26
      36
      35
      33
      47
      41
      42
      46
      35
      39
      34
      45
      34
      42
      38
      38
      41
      47
      37
      40
      40
      45
      38
      39
      36
      37
      35
      31
      42
      36
      34
      27
      39
      43
      38
      45
      37
      20
      33
      27
      37
      30
      36
      42
      48
      37
      44
      25
      34
      43
      42
      33
      45
      32
      49
      34
      28
      32
      52
      29
      40
      39
      33
      41
      42
      45
      30
      40
      44
      51
      36
      43
      39
      52
      48
      32
      36
      29
      32
      45
      38
      40
      30
      48
      43
      36
      31
      33
      43
      35
      47
      38
      29
      56
      38
      32
      45
      32
      43
      38
      31
      42
      56
      38
      25
      38
      46
      33
      35
      38
      30
      47
      35
      34
      33
      38
      37
      40
      47
      32
      33
      41
      39
      33
      34
      39
      32
      31
      38
      44
      24
      44
      41
      45
      28
      45
      47
      43
      36
      42
      35
      43
      39
      38
      37
      45
      37
      40
      38
      36
      44
      42
      41
      41
      35
      49
      47
      39
      27
      35
      39
      37
      33
      49
      36
      42
      44
      36
      54
      37
      38
      34
      41
      43
      32
      33
      36
      35
      45
      37
      26
      34
      36
      36
      43
      35
      38
      42
      39
      38
      43
      32
      33
      47
      37
      30
      35
      40
      24
      50
      37
      36
      32
      36
      45
      42
      38
      41
      34
      34
      37
      42
      36
      36
      49
      39
      32
      42
      42
      35
      44
      45
      37
      32
      31
      41
      43
      34
      43
      46
      44
      43
      40
      46
      34
      33
      42
      39
      55
      39
      32
      46
      35
      40
      45
      35
      32
      39
      26
      34
      47
      37
      39
      45
      52
      38
      42
      48
      34
      42
      38
      36
      46
      38
      35
      42
      45
      38
      42
      39
      41
      38
      45
      28
      34
      40
      41
      26
      34
      38
      36
      34
      40
      35
      46
      40
      39
      40
      40
      35
      44
      42
      32
      45
      36
      32
      34
      48
      34
      47
      35
      39
      41
      38
      42
      44
      35
      38
      40
      45
      32
      34
      36
      38
      42
      43
      36
      47
      53
      32
      36
      40
      44
      48
      43
      42
      30
      47
      40
      36
      30
      40
      42
      48
      31
      37
      47
      38
      35
      46
      43
      37
      45
      40
      46
      46
      27
      27
      33
      40
      36
      35
      30
      39
      40
      32
      42
      30
      37
      45
      47
      34
      35
      31
      31
      32
      40
      37
      46
      41
      48
      29
      32
      33
      34
      36
      55
      49
      26
      39
      40
      26
      31
      42
      40
      33
      49
      39
      38
      46
      35
      34
      42
      48
      39
      38
      33
      37
      37
      42
      35
      43
      30
      42
      39
      36
      30
      43
      37
      34
      39
      29
      37
      35
      35
      38
      40
      33
      38
      43
      47
      48
      42
      36
      26
      57
      39
      26
      40
      40
      42
      40
      26
      37
      31
      34
      49
      46
      31
      37
      37
      38
      34
      38
      40
      36
      39
      37
      37
      45
      46
      38
      43
      40
      34
      40
      43
      35
      39
      43
      46
      36
      31
      35
      39
      36
      44
      34
      50
      32
      40
      39
      37
      28
      39
      31
      34
      38
      36
      37
      28
      42
      38
      41
      29
      32
      45
      46
      33
      41
      33
      37
      42
      33
      37
      38
      38
      32
      35
      41
      33
      37
      49
      29
      40
      34
      43
      32
      50
      28
      43
      35
      42
      50
      43
      43
      42
      57
      50
      50
      41
      36
      34
      37
      42
      30
      42
      31
      36
      35
      48
      34
      36
      41
      52
      37
      40
      27
      31
      31
      42
      35
      42
      41
      41
      31
      48
      40
      35
      32
      39
      37
      35
      33
      41
      54
      51
      35
      34
      35
      47
      38
      39
      38
      40
      47
      36
      57
      43
      42
      45
      36
      49
      35
      43
      39
      38
      39
      41
      39
      37
      36
      38
      26
      35
      38
      37
      45
      33
      37
      39
      45
      52
      38
      52
      32
      31
      32
      38
      46
      51
      46
      45
      27
      44
      55
      40
      48
      39
      48
      54
      33
      37
      50
      34
      40
      35
      32
      35
      40
      34
      34
      30
      33
      52
      35
      46
      40
      39
      43
      37
      41
      45
      33
      48
      45
      36
      35
      43
      32
      39
      38
      42
      43
      43
      53
      47
      35
      39
      39
      44
      47
      38
      34
      41
      44
      40
      33
      50
      38
      30
      35
      35
      50
      42
      44
      34
      40
      28
      46
      51
      47
      33
      50
      32
      37
      56
      41
      48
      43
      30
      33
      42
      35
      47
      35
      40
      27
      41
      27
      42
      39
      43
      40
      42
      44
      37
      38
      42
      30
      52
      38
      42
      34
      35
      33
      42
      39
      37
      34
      48
      37
      43
      37
      50
      31
      38
      32
      40
      41
      44
      39
      40
      33
      41
      41
      41
      32
      35
      47
      37
      54
      47
      29
      37
      53
      40
      39
      49
      25
      36
      43
      37
      41
      49
      39
      39
      47
      36
      37
      36
      37
      40
      44
      44
      37
      46
      43
      45
      36
      35
      42
      45
      39
      40
      42
      36
      39
      39
      33
      30
      39
      52
      42
      27
      46
      37
      47
      52
      36
      38
      40
      48
      41
      33
      40
      41
      38
      33
      36
      34
      36
      37
      39
      46
      32
      33
      42
      44
      37
      36
      40
      46
      37
      36
      37
      34
      39
      41
      42
      47
      38
      41
      44
      44
      36
      26
      41
      52
      38
      32
      40
      44
      39
      43
      58
      39
      44
      42
      37
      51
      41
      30
      44
      35
      42
      47
      47
      47
      35
      31
      44
      35
      43
      38
      38
      36
      43
      41
      47
      34
      39
      42
      41
      39
      34
      44
      35
      48
      34
      38
      37
      47
      48
      40
      38
      45
      35
      39
      39
      40
      32
      36
      37
      38
      47
      31
      43
      38
      41
      44
      39
      43
      45
      35
      41
      48
      29
      41
      43
      44
      38
      55
      36
      44
      39
      40
      37
      46
      42
      37
      33
      37
      40
      29
      47
      39
      42
      33
      47
      36
      39
      40
      29
      42
      50
      36
      37
      37
      43
      50
      40
      52
      42
      46
      39
      48
      46
      37
      46
      40
      36
      29
      40
      51
      42
      35
      50
      34
      46
      48
      36
      34
      29
      49
      44
      40
      40
      38
      35
      40
      43
      37
      45
      47
      44
      51
      37
      34
      50
      47
      36
      50
      40
      52
      37
      39
      41
      56
      44
      42
      41
      48
      51
      50
      28
      51
      48
      42
      57
      37
      53
      64
      27
      63
      43
      49
      43
      48
      43
      52
      40
      51
      51
      48
      44
      46
      39
      48
      40
      39
      34
      34
      31
      39
      47
      33
      49
      42
      41
      41
      39
      47
      46
      46
      49
      38
      40
      39
      49
      47
      41
      50
      34
      36
      33
      43
      46
      32
      39
      54
      40
      48
      32
      37
      36
      43
      41
      43
      37
      49
      44
      27
      42
      46
      41
      44
      48
      41
      50
      36
      34
      47
      38
      38
      48
      38
      40
      36
      27
      41
      37
      37
      46
      43
      55
      51
      36
      43
      48
      34
      40
      50
      43
      39
      32
      34
      45
      36
      37
      37
      46
      51
      28
      36
      40
      58
      31
      56
      36
      38
      49
      44
      36
      40
      49
      41
      46
      37
      41
      44
      36
      41
      39
      44
      45
      36
      42
      51
      43
      40
      36
      38
      45
      39
      42
      42
      35
      44
      36
      39
      41
      43
      49
      39
      43
      39
      30
      42
      42
      43
      36
      35
      40
      39
      49
      37
      43
      39
      40
      41
      28
      37
      46
      46
      37
      44
      40
      36
      32
      35
      63
      46
      36
      37
      38
      43
      46
      42
      52
      47
      37
      50
      36
      40
      42
      32
      46
      45
      31
      30
      38
      46
      45
      28
      32
      44
      44
      46
      55
      37
      40
      31
      37
      28
      38
      30
      41
      43
      33
      41
      38
      36
      39
      40
      40
      43
      31
      45
      54
      43
      42
      43
      47
      43
      42
      32
      35
      39
      41
      40
      30
      50
      36
      34
      46
      43
      48
      41
      31
      45
      42
      50
      36
      49
      35
      35
      44
      52
      38
      41
      41
      53
      38
      40
      35
      45
      29
      35
      37
      47
      44
      45
      48
      33
      42
      35
      46
      45
      58
      50
      45
      50
      37
      51
      40
      47
      40
      37
      39
      39
      33
      38
      40
      43
      55
      41
      39
      50
      51
      42
      42
      41
      48
      40
      45
      35
      48
      48
      37
      42
      47
      44
      31
      30
      33
      45
      51
      41
      44
      50
      43
      40
      53
      34
      49
      40
      40
      35
      45
      32
      37
      56
      43
      42
      48
      50
      43
      48
      55
      37
      37
      50
      39
      36
      44
      47
      43
      50
      38
      51
      37
      37
      46
      38
      43
      36
      38
      27
      47
      49
      43
      43
      43
      39
      42
      36
      35
      35
      40
      44
      27
      40
      38
      49
      44
      35
      41
      55
      42
      30
      42
      38
      38
      45
      39
      41
      49
      39
      40
      35
      39
      54
      40
      33
      30
      41
      50
      49
      27
      39
      45
      43
      46
      39
      44
      42
      38
      38
      32
      37
      42
      47
      44
      41
      37
      42
      49
      36
      50
      36
      44
      43
      33
      39
      42
      46
      41
      55
      32
      38
      34
      51
      48
      52
      42
      44
      52
      42
      48
      35
      55
      40
      35
      37
      23
      47
      39
      44
      32
      46
      46
      38
      48
      31
      35
      39
      44
      34
      53
      39
      44
      44
      37
      32
      48
      42
      35
      44
      37
      64
      42
      47
      33
      34
      42
      48
      46
      38
      43
      39
      44
      47
      53
      37
      32
      36
      44
      55
      37
      39
      47
      36
      48
      53
      36
      36
      35
      50
      48
      37
      38
      42
      39
      39
      36
      44
      45
      57
      35
      39
      42
      39
      42
      38
      38
      49
      44
      55
      51
      37
      49
      49
      33
      48
      43
      44
      51
      36
      42
      34
      35
      38
      31
      45
      36
      36
      37
      42
      39
      37
      42
      46
      50
      28
      46
      40
      36
      35
      39
      48
      33
      41
      44
      56
      39
      55
      39
      50
      40
      40
      40
      47
      47
      36
      40
      48
      35
      42
      39
      33
      41
      41
      29
      50
      38
      49
      48
      36
      46
      44
      38
      44
      27
      46
      47
      41
      37
      45
      34
      45
      44
      40
      47
      35
      50
      42
      35
      36
      52
      47
      35
      38
      43
      47
      47
      33
      28
      37
      44
      47
      39
      37
      40
      47
      48
      37
      38
      53
      38
      33
      43
      44
      37
      43
      33
      45
      37
      43
      38
      48
      36
      43
      45
      51
      38
      44
      43
      47
      37
      51
      46
      37
      37
      40
      48
      35
      42
      46
      42
      47
      38
      43
      59
      54
      46
      40
      45
      45
      38
      31
      40
      39
      40
      41
      38
      40
      38
      45
      41
      46
      43
      40
      43
      39
      35
      47
      41
      39
      40
      38
      48
      46
      43
      55
      46
      54
      39
      55
      50
      40
      60
      37
      45
      48
      43
      50
      40
      45
      48
      49
      35
      36
      44
      37
      41
      39
      47
      40
      52
      35
      38
      38
      47
      42
      43
      41
      55
      47
      45
      42
      40
      37
      42
      40
      40
      36
      42
      47
      36
      42
      38
      36
      38
      38
      40
      51
      33
      45
      34
      42
      39
      42
      48
      48
      45
      43
      49
      56
      54
      39
      50
      47
      40
      39
      41
      48
      49
      35
      47
      45
      29
      44
      41
      44
      40
      48
      44
      33
      40
      58
      43
      52
      40
      46
      45
      34
      43
      34
      40
      51
      41
      34
      45
      43
      50
      55
      39
      41
      43
      51
      53
      42
      52
      44
      48
      42
      40
      32
      34
      43
      35
      34
      31
      33
      40
      35
      38
      48
      40
      35
      35
      53
      49
      40
      32
      42
      51
      40
      35
      50
      44
      37
      35
      41
      49
      43
      54
      36
      38
      57
      43
      48
      47
      55
      42
      43
      51
      44
      46
      53
      39
      44
      33
      37
      35
      44
      65
      42
      43
      59
      44
      44
      45
      41
      50
      54
      35
      38
      41
      59
      40
      40
      49
      51
      47
      48
      47
      49
      48
      54
      46
      48
      49
      42
      49
      47
      48
      37
      45
      53
      48
      37
      42
      43
      38
      31
      40
      48
      36
      56
      41
      41
      52
      44
      53
      46
      44
      41
      63
      39
      46
      41
      52
      41
      48
      39
      47
      33
      50
      50
      54
      38
      50
      48
      35
      45
      53
      46
      45
      51
      45
      45
      31
      41
      53
      34
      47
      51
      49
      59
      50
      36
      40
      46
      35
      33
      53
      38
      52
      30
      49
      44
      45
      56
      42
      50
      48
      39
      41
      45
      49
      44
      41
      45
      52
      47
      49
      36
      40
      32
      54
      34
      54
      47
      46
      52
      46
      37
      42
      45
      43
      41
      52
      49
      35
      34
      45
      32
      39
      34
      32
      37
      59
      36
      41
      37
      51
      36
      52
      35
      47
      37
      33
      37
      48
      45
      43
      34
      48
      45
      49
      45
      51
      38
      39
      42
      33
      37
      35
      37
      38
      35
      56
      38
      49
      39
      49
      53
      53
      36
      34
      41
      46
      42
      47
      44
      54
      39
      39
      35
      42
      36
      41
      42
      53
      46
      43
      35
      51
      54
      43
      44
      43
      54
      39
      39
      54
      51
      41
      52
      34
      42
      42
      44
      46
      53
      39
      51
      45
      44
      40
      44
      54
      36
      43
      33
      42
      49
      51
      51
      47
      35
      42
      38
      61
      36
      43
      39
      40
      36
      37
      45
      45
      57
      31
      49
      51
      42
      39
      48
      54
      42
      39
      50
      47
      47
      53
      36
      41
      54
      38
      36
      42
      36
      52
      55
      42
      44
      55
      45
      45
      49
      31
      56
      54
      50
      43
      56
      43
      43
      36
      36
      39
      49
      45
      45
      48
      48
      35
      48
      44
      42
      42
      54
      45
      40
      55
      54
      41
      52
      37
      52
      54
      45
      41
      45
      47
      45
      33
      47
      50
      46
      48
      48
      41
      53
      35
      56
      40
      51
      39
      36
      46
      45
      48
      41
      44
      50
      37
      42
      40
      48
      35
      44
      56
      49
      45
      37
      46
      37
      35
      48
      52
      41
      42
      49
      49
      42
      42
      45
      50
      42
      53
      53
      55
      32
      58
      49
      32
      53
      41
      43
      42
      53
      53
      49
      53
      52
      49
      56
      56
      44
      49
      33
      49
      53
      46
      49
      34
      47
      41
      44
      48
      51
      47
      42
      46
      36
      45
      54
      42
      40
      43
      53
      47
      43
      38
      41
      43
      61
      50
      35
      46
      35
      44
      40
      44
      46
      43
      46
      55
      44
      49
      58
      33
      56
      47
      46
      32
      41
      45
      52
      45
      41
      44
      50
      42
      45
      38
      45
      46
      47
      37
      49
      40
      45
      56
      49
      47
      43
      48
      51
      34
      66
      48
      45
      43
      54
      48
      47
      46
      43
      43
      48
      51
      51
      56
      69
      35
      48
      48
      47
      55
      46
      52
      37
      58
      39
      44
      45
      44
      44
      34
      39
      64
      48
      45
      54
      44
      42
      48
      51
      48
      46
      49
      45
      38
      49
      33
      36
      57
      47
      44
      52
      40
      42
      39
      40
      39
      49
      45
      44
      51
      44
      57
      37
      43
      43
      52
      41
      52
      42
      42
      51
      45
      38
      37
      51
      41
      43
      41
      53
      50
      48
      52
      48
      41
      40
      53
      36
      54
      41
      53
      44
      44
      44
      47
      50
      45
      42
      46
      53
      42
      42
      36
      45
      40
      48
      60
      50
      41
      48
      52
      44
      45
      54
      51
      36
      42
      47
      62
      44
      48
      37
      49
      42
      62
      57
      48
      68
      39
      47
      52
      41
      46
      42
      48
      50
      48
      49
      52
      38
      49
      53
      47
      43
      48
      39
      51
      45
      50
      48
      51
      59
      52
      58
      40
      46
      51
      45
      48
      48
      39
      42
      45
      49
      46
      48
      55
      50
      52
      42
      49
      51
      43
      46
      64
      44
      49
      47
      53
      53
      45
      50
      43
      45
      39
      49
      46
      39
      50
      51
      76
      44
      50
      41
      45
      33
      52
      49
      55
      45
      58
      40
      48
      66
      39
      54
      47
      42
      49
      63
      65
      48
      41
      50
      51
      50
      52
      38
      58
      49
      43
      52
      53
      46
      45
      64
      46
      52
      53
      54
      73
      49
      55
      54
      37
      45
      47
      42
      53
      45
      46
      54
      56
      59
      49
      52
      50
      59
      42
      58
      54
      59
      59
      53
      46
      46
      44
      48
      58
      53
      44
      52
      38
      46
      51
      56
      45
      45
      45
      56
      50
      54
      50
      40
      54
      44
      47
      53
      40
      47
      53
      53
      56
      49
      52
      55
      38
      40
      53
      46
      52
      43
      58
      30
      43
      60
      36
      64
      48
      62
      52
      63
      62
      60
      38
      50
      44
      52
      36
      56
      53
      46
      53
      46
      51
      57
      45
      53
      47
      55
      51
      42
      53
      59
      49
      55
      52
      57
      58
      49
      46
      56
      54
      43
      55
      53
      45
      57
      42
      54
      55
      56
      54
      52
      42
      40
      39
      50
      57
      51
      52
      44
      54
      44
      58
      43
      48
      53
      46
      54
      54
      44
      40
      50
      53
      53
      45
      48
      65
      41
      59
      48
      51
      60
      52
      59
      42
      52
      52
      47
      51
      55
      51
      62
      51
      58
      42
      57
      55
      38
      53
      41
      46
      51
      56
      54
      44
      46
      54
      38
      48
      60
      61
      45
      46
      43
      50
      64
      58
      47
      65
      47
      46
      50
      47
      58
      60
      42
      59
      51
      43
      43
      54
      60
      57
      49
      53
      41
      50
      60
      54
      64
      48
      49
      48
      57
      46
      41
      48
      52
      49
      43
      62
      57
      44
      44
      37
      43
      59
      47
      51
      45
      40
      49
      61
      50
      51
      52
      60
      54
      50
      50
      52
      40
      75
      57
      70
      44
      62
      37
      47
      43
      60
      47
      48
      59
      65
      42
      48
      52
      54
      52
      57
      56
      43
      46
      53
      37
      63
      46
      44
      51
      54
      64
      35
      34
      56
      67
      47
      54
      54
      57
      59
      64
      49
      59
      43
      52
      45
      51
      38
      48
      44
      58
      49
      48
      50
      62
      56
      48
      62
      53
      66
      49
      47
      49
      61
      64
      54
      59
      55
      53
      50
      50
      49
      45
      41
      55
      72
      47
      53
      57
      46
      52
      57
      57
      48
      59
      55
      61
      62
      60
      53
      56
      45
      48
      50
      51
      64
      50
      63
      66
      49
      58
      41
      39
      44
      57
      53
      50
      66
      59
      51
      51
      53
      51
      67
      50
      60
      53
      58
      56
      61
      57
      57
      59
      48
      63
      53
      46
      56
      56
      51
      49
      55
      41
      63
      61
      53
      47
      68
      58
      46
      61
      58
      51
      40
      51
      48
      60
      50
      53
      58
      50
      48
      47
      54
      61
      47
      62
      50
      47
      53
      63
      60
      50
      60
      54
      66
      58
      51
      60
      52
      56
      70
      57
      50
      49
      64
      61
      45
      52
      64
      67
      64
      56
      51
      58
      55
      49
      57
      48
      44
      62
      65
      51
      56
      54
      54
      58
      52
      47
      49
      65
      44
      73
      46
      63
      60
      43
      66
      52
      54
      62
      60
      47
      54
      69
      58
      59
      44
      53
      50
      58
      55
      47
      53
      57
      53
      63
      42
      69
      62
      52
      69
      44
      60
      50
      67
      51
      45
      58
      58
      40
      70
      56
      61
      65
      43
      46
      60
      58
      58
      67
      56
      48
      50
      69
      61
      50
      53
      53
      49
      52
      52
      59
      64
      58
      59
      56
      47
      59
      55
      52
      45
      53
      48
      66
      67
      51
      50
      58
      63
      50
      65
      57
      48
      56
      37
      70
      45
      54
      54
      56
      43
      61
      66
      58
      73
      50
      49
      61
      62
      57
      49
      61
      69
      59
      64
      55
      64
      58
      57
      66
      51
      48
      51
      58
      66
      48
      57
      58
      54
      65
      51
      60
      56
      66
      50
      67
      62
      62
      60
      52
      60
      70
      60
      62
      37
      65
      47
      55
      67
      56
      43
      57
      62
      63
      55
      54
      70
      63
      64
      61
      49
      54
      47
      59
      64
      51
      55
      43
      55
      58
      63
      52
      47
      51
      56
      68
      59
      48
      58
      52
      62
      56
      53
      54
      62
      57
      50
      42
      63
      61
      53
      63
      58
      53
      61
      58
      61
      41
      39
      59
      74
      58
      48
      74
      44
      41
      55
      66
      68
      53
      63
      65
      55
      63
      60
      57
      55
      66
      59
      66
      38
      66
      58
      64
      60
      53
      65
      62
      50
      56
      62
      63
      52
      70
      57
      77
      48
      57
      70
      58
      53
      53
      49
      63
      51
      61
      55
      58
      73
      65
      52
      57
      60
      57
      81
      67
      56
      76
      52
      57
      64
      58
      68
      51
      54
      78
      60
      68
      45
      55
      61
      55
      70
      62
      63
      61
      76
      60
      57
      52
      74
      67
      57
      62
      47
      62
      44
      59
      62
      47
      53
      57
      62
      58
      58
      76
      59
      64
      70
      45
      59
      58
      69
      68
      58
      55
      69
      56
      61
      54
      54
      67
      74
      63
      70
      54
      58
      58
      67
      60
      60
      61
      73
      66
      63
      56
      57
      45
      72
      55
      71
      81
      69
      62
      64
      49
      66
      64
      64
      46
      80
      53
      71
      55
      66
      71
      68
      59
      54
      53
      58
      51
      68
      60
      71
      63
      69
      81
      64
      62
      60
      61
      64
      59
      58
      58
      64
      60
      72
      62
      71
      71
      70
      57
      61
      64
      60
      65
      60
      62
      75
      60
      65
      56
      70
      64
      67
      79
      70
      69
      69
      62
      81
      54
      75
      70
      78
      71
      53
      68
      50
      61
      72
      64
      76
      62
      65
      70
      71
      79
      63
      66
      64
      73
      65
      58
      65
      61
      67
      68
      66
      60
      80
      57
      80
      53
      68
      70
      68
      76
      60
      76
      71
      65
      69
      63
      82
      63
      77
      63
      74
      71
      57
      56
      67
      64
      65
      68
      48
      60
      73
      70
      64
      69
      63
      74
      62
      56
      68
      61
      58
      69
      59
      60
      65
      89
      71
      63
      64
      67
      79
      65
      73
      75
      65
      63
      67
      74
      65
      77
      66
      53
      75
      63
      61
      61
      62
      60
      66
      71
      79
      76
      79
      65
      60
      75
      57
      48
      58
      62
      68
      67
      82
      54
      65
      69
      63
      53
      65
      60
      75
      80
      77
      67
      86
      66
      64
      65
      76
      78
      57
      65
      69
      51
      75
      62
      78
      83
      77
      61
      62
      76
      63
      80
      85
      58
      66
      79
      66
      69
      67
      67
      74
      72
      69
      64
      55
      79
      69
      79
      56
      76
      76
      61
      86
      80
      74
      54
      79
      82
      63
      64
      56
      70
      71
      64
      57
      61
      64
      73
      71
      67
      69
      73
      71
      76
      74
      76
      72
      62
      88
      78
      78
      80
      66
      79
      65
      75
      65
      56
      74
      58
      78
      96
      79
      70
      63
      70
      85
      80
      63
      74
      83
      87
      58
      68
      84
      74
      68
      79
      68
      64
      54
      57
      74
      56
      66
      58
      74
      60
      90
      66
      87
      81
      71
      75
      69
      74
      85
      82
      80
      77
      74
      70
      69
      83
      61
      94
      61
      81
      90
      84
      85
      85
      79
      85
      76
      63
      70
      97
      89
      58
      85
      75
      83
      68
      73
      78
      85
      69
      80
      85
      71
      75
      74
      78
      82
      79
      70
      74
      98
      71
      64
      79
      79
      74
      79
      68
      87
      80
      71
      79
      76
      83
      64
      61
      76
      73
      72
      71
      83
      69
      86
      79
      85
      83
      70
      81
      85
      76
      63
      78
      68
      93
      87
      53
      77
      75
      73
      80
      86
      67
      69
      88
      78
      72
      81
      59
      83
      71
      79
      92
      82
      71
      83
      73
      85
      77
      68
      74
      80
      98
      72
      65
      73
      73
      89
      84
      74
      76
      75
      77
      87
      70
      86
      73
      80
      81
      99
      81
     100
      79
      83
      82
      74
      84
      75
      91
      84
      79
      72
      67
      66
      75
      77
      85
      74
      97
      71
      85
      82
      73
      67
      99
      91
      90
      53
      81
      79
      74
      77
      88
      77
      96
      91
      95
      77
      78
      82
     101
      74
      68
      89
      72
      77
      69
      94
      81
      68
      79
      88
      86
      85
      76
      70
      85
      85
      98
      84
      75
      74
      78
      81
      69
      92
      65
      85
      87
      71
      81
      95
      85
      86
      75
      66
      99
      81
      92
      92
      83
      90
      73
      82
      67
      74
      78
      90
      96
      78
      90
      86
      78
      82
      83
      76
      71
      68
      85
      91
      91
      77
      82
      78
      82
      70
      81
      71
     105
      86
     104
      88
      81
      89
      88
      80
      90
      80
      74
      70
      82
      75
     101
      99
      58
      84
      77
      84
      78
      98
     102
      79
      72
      85
      83
      88
      89
      67
     104
      90
      76
      93
      95
      78
      81
      85
      90
      94
      83
      81
      96
      99
      89
      79
      70
      84
      74
      78
      84
      89
      87
      94
      82
      82
      63
      77
      89
      95
      87
      89
      91
      64
      88
      86
      93
      86
      84
      82
      92
      92
      97
      90
      99
      90
      74
      66
      74
      82
      85
      91
      93
      91
      86
      81
      84
      97
      84
      75
      84
      76
      97
      92
      85
      97
      91
      86
     106
     100
      80
      81
      96
      89
      85
      94
      90
      88
      82
      83
     101
      74
      61
      85
      80
      76
      75
      95
     101
      74
      72
      70
      89
      74
      95
      84
      90
     104
      76
      82
      90
      93
      95
      78
      89
      90
      81
     102
      81
      95
      76
      99
      82
      91
      69
      83
      94
      58
      79
      93
      94
      82
      93
      82
      90
      83
      79
      90
      84
      87
      66
      87
      73
      89
      98
      75
      81
      59
      76
      85
      74
      81
      66
      83
      64
      87
      78
      86
      67
      87
      73
      74
      77
      81
      66
      74
      80
      80
      86
      88
      73
      82
      55
      62
      78
      71
      63
      82
      75
      79
      52
      83
      70
      66
      77
      57
      63
      70
      59
      66
      69
      62
      61
      53
      66
      56
      63
      67
      62
      63
      56
      55
      61
      54
      63
      64
      70
      62
      45
      61
      50
      67
      53
      58
      64
      64
      56
      64
      60
      63
      76
      59
      44
      53
      64
      58
      60
      64
      47
      60
      60
      50
      64
      58
      50
      51
      57
      45
      52
      47
      44
      44
      55
      40
      65
      48
      47
      53
      55
      52
      50
      54
      44
      48
      56
      57
      62
      55
      67
      56
      63
      72
      52
      57
      52
      50
      54
      57
      46
      46
      60
      55
      54
      44
      51
      36
      59
      46
      49
      49
      51
      54
      58
      56
      50
      52
      71
      61
      53
      52
      58
      50
      61
      38
      54
      65
      51
      60
      53
      56
      51
      51
      48
      55
      51
      51
      63
      55
      55
      57
      48
      34
      50
      44
      45
      45
      46
      56
      48
      48
      50
      49
      63
      56
      50
      43
      48
      53
      46
      52
      56
      54
      54
      54
      49
      34
      57
      43
      50
      37
      42
      50
      39
      43
      49
      57
      40
      47
      38
      59
      58
      46
      48
      47
      44
      45
      54
      44
      47
      53
      60
      46
      49
      43
      61
      39
      50
      53
      49
      44
      51
      44
      37
      43
      47
      52
      52
      50
      39
      50
      52
      55
      35
      43
      48
      33
      44
      50
      41
      48
      35
      45
      42
      48
      45
      50
      48
      49
      33
      33
      42
      36
      45
      46
      37
      43
      35
      47
      45
      40
      51
      42
      49
      36
      43
      43
      44
      46
      48
      55
      54
      51
      44
      43
      41
      37
      31
      46
      47
      49
      56
      31
      27
      34
      46
      39
      49
      40
      42
      38
      41
      38
      46
      46
      36
      35
      37
      44
      40
      34
      44
      35
      43
      40
      46
      52
      45
      41
      45
      43
      37
      45
      37
      42
      32
      45
      40
      42
      54
      46
      60
      46
      51
      31
      43
      56
      50
      41
      42
      40
      46
      51
      46
      40
      44
      31
      51
      38
      39
      46
      41
      43
      41
      42
      24
      47
      53
      43
      43
      51
      38
      41
      34
      47
      37
      42
      35
      35
      49
      25
      39
      34
      45
      54
      45
      51
      41
      43
      36
      51
      38
      43
      47
      49
      51
      43
      48
      43
      33
      48
      51
      30
      47
      39
      33
      42
      53
      33
      38
      43
      37
      40
      43
      36
      36
      44
      41
      49
      46
      45
      38
      48
      38
      43
      44
      52
      45
      37
      41
      44
      47
      41
      43
      49
      32
      29
      48
      34
      35
      41
      34
      29
      41
      40
      33
      42
      45
      46
      38
      32
      39
      39
      43
      43
      42
      44
      44
      38
      43
      43
      40
      36
      45
      37
      33
      38
      39
      40
      37
      43
      40
      39
      36
      36
      46
      34
      35
      36
      37
      36
      39
      50
      34
      43
      48
      39
      38
      37
      44
      39
      35
      39
      36
      35
      32
      39
      36
      40
      39
      32
      47
      46
      42
      51
      48
      41
      42
      34
      35
      45
      40
      35
      38
      44
      25
      39
      38
      46
      42
      31
      42
      43
      40
      39
      35
      64
      33
      33
      51
      31
      51
      34
      34
      46
      42
      32
      38
      40
      43
      37
      41
      47
      35
      24
      29
      33
      36
      45
      30
      34
      44
      36
      33
      39
      35
      46
      36
      40
      44
      26
      48
      36
      42
      33
      45
      25
      37
      40
      27
      25
      33
      29
      41
      31
      40
      28
      34
      29
      40
      37
      38
      48
      47
      34
      48
      41
      25
      28
      38
      41
      34
      34
      41
      40
      28
      39
      39
      32
      50
      45
      33
      28
      42
      34
      31
      32
      43
      35
      47
      31
      35
      31
      37
      39
      36
      34
      32
      45
      35
      35
      30
      33
      40
      43
      40
      36
      40
      38
      31
      26
      34
      34
      31
      40
      33
      43
      37
      31
      31
      42
      21
      47
      32
      37
      36
      24
      49
      36
      30
      35
      32
      35
      34
      30
      40
      35
      30
      35
      27
      29
      29
      28
      27
      35
      29
      27
      26
      21
      33
      29
      37
      35
      32
      33
      37
      32
      28
      23
      41
      24
      34
      30
      32
      25
      40
      34
      36
      27
      43
      35
      41
      31
      39
      36
      31
      27
      32
      34
      29
      37
      22
      22
      32
      25
      25
      29
      22
      36
      35
      39
      33
      36
      35
      29
      42
      33
      29
      30
      38
      25
      35
      29
      28
      34
      32
      28
      38
      23
      31
      34
      29
      22
      32
      34
      26
      23
      23
      29
      35
      38
      31
      40
      24
      36
      38
      31
      29
      35
      30
      31
      36
      27
      27
      25
      28
      28
      28
      28
      25
      27
      25
      27
      31
      29
      35
      26
      31
      33
      24
      21
      23
      29
      36
      33
      23
      29
      41
      25
      21
      39
      31
      30
      30
      11
      30
      23
      29
      34
      26
      25
      37
      34
      33
      24
      28
      24
      34
      33
      26
      34
      28
      33
      29
      29
      29
      25
      19
      27
      36
      21
      26
      27
      29
      31
      28
      31
      32
      30
      30
      28
      32
      26
      32
      33
      22
      27
      23
      26
      26
      31
      28
      28
      25
      32
      34
      26
      19
      24
      23
      22
      23
      26
      25
      33
      26
      35
      22
      22
      20
      20
      25
      28
      26
      29
      36
      25
      25
      28
      24
      22
      29
      24
      17
      30
      24
      17
      26
      29
      25
      24
      25
      22
      30
      31
      26
      22
      21
      28
      15
      26
      31
      19
      16
      21
      33
      28
      30
      15
      26
      18
      14
      19
      22
      26
      23
      21
      19
      24
      25
      23
      18
      24
      15
      29
      22
      32
      27
      25
      20
      18
      31
      24
      38
      24
      20
      18
      24
      32
      27
      19
      18
      22
      26
      23
      24
      24
      21
      21
      17
      25
      21
      23
      17
      18
      23
      24
      30
      26
      29
      26
      14
      23
      23
      20
      18
      18
      19
      28
      25
      24
      26
      27
      26
      26
      26
      17
      21
      25
      22
      28
      19
      21
      18
      23
      30
      26
      25
      17
      22
      24
      13
      28
      25
      28
      16
      18
      25
      15
      23
      35
      22
      15
      19
      19
      26
      24
      16
      18
      24
      25
      19
      18
      24
      13
      20
      14
      19
      26
      23
      19
      21
      18
      20
      16
      18
      23
      19
      15
      24
      15
      22
      20
      20
      20
      19
      18
      25
      13
      22
      17
      24
      28
      14
      18
      24
      18
      23
      27
      26
      17
      28
      17
      18
      20
      11
      22
      17
      13
      19
      18
      26
      18
      23
      15
      17
      14
      13
      17
      17
      27
      28
      23
      16
      21
      27
      16
      20
      17
      14
      12
      16
      22
      24
      14
      20
      16
      13
      15
      20
      21
      17
      21
      24
      19
      18
      16
      22
      14
      18
      11
      14
      13
      15
      11
      19
      19
      19
      20
      12
      19
      13
      11
      10
      12
      23
      19
      18
      17
      15
      13
      15
       9
      15
      14
      22
      15
      22
      10
      21
      25
      13
      16
      15
      21
      17
      15
      21
      12
      20
      15
      17
      14
      14
      14
      16
      15
      16
      17
      23
      21
      16
      21
      23
      11
      15
       9
      12
      19
      19
      19
      17
      20
      14
      19
      14
      11
      14
      18
      18
      18
      16
      15
      14
      16
      16
      17
      15
      20
      13
       9
      16
      10
      12
      14
      20
      27
      21
      15
      20
       6
      14
      19
      16
      18
      18
       6
      12
      16
      13
      18
      10
      12
      15
      16
      15
      13
      23
      21
      20
      12
      18
      19
      18
      15
      13
      13
      15
      21
      15
      18
      15
      20
      12
      23
      18
      23
      18
      17
      12
      20
      22
      10
       9
      12
      12
      18
      13
      13
      23
       9
      23
      12
      13
      18
      13
      20
      17
      21
      13
      11
      20
       9
      17
       8
      14
      13
      18
      19
      14
      21
       9
      12
      18
      17
      15
      16
      10
      10
      15
       8
      15
      16
      17
      21
      10
       7
       9
      15
      12
      10
      22
      12
      16
      15
       9
      16
      10
      13
      11
       7
      22
      16
      10
      10
      15
      21
      11
      25
      14
      20
       9
      12
      13
      12
      11
      21
      11
      14
       9
      17
      20
      14
      16
      11
       8
      15
      16
      15
      12
      15
      15
      13
      13
       8
      11
      16
       9
      11
      11
      16
      16
       9
      10
      17
      13
      20
      18
      11
      16
      13
      13
      10
      13
      19
      18
      10
      11
      11
      15
      15
      11
      10
      11
      16
      17
      12
      16
       9
      19
      11
      10
      15
       9
      16
       9
       8
      12
      16
      15
      15
      14
       6
      14
      15
      16
      11
      12
       9
       9
      12
      14
      12
      16
      10
       9
       8
      13
      16
      12
      15
      12
      17
      10
      16
      16
      16
      17
      17
      15
      10
      11
      14
      12
      19
      21
      15
      13
       8
       6
       7
      12
      19
      15
      10
      13
      10
       9
      13
      14
      13
      13
      12
       9
      16
      10
      15
       9
      11
      13
       9
      12
      13
      13
      12
       8
      14
      12
      15
       9
       8
      14
      12
      11
      12
      10
      13
      22
       7
      11
      13
      19
      11
      13
       9
       7
       5
      12
      11
       6
      10
      14
      16
      17
      12
      17
       7
      14
      14
      18
      12
      10
      10
      12
      12
      22
       8
      13
      11
       9
      15
      18
      13
      12
      19
      10
       8
      14
       6
      10
      14
      13
      12
      16
       9
      12
      14
      16
       9
       8
      17
       9
      16
      11
       7
      16
      17
       7
      15
      12
       9
      19
      10
      17
       9
      13
       8
      11
      17
       8
      11
      12
      15
      14
      12
      17
      17
      15
      11
      13
       7
      12
      10
      12
      15
      10
      17
       8
       9
      20
      14
      12
      12
       9
      14
      13
       9
      10
      14
      17
      16
      12
      13
      15
      11
      10
       9
       7
      10
      14
      10
      17
      19
       9
      10
      13
      22
       5
      15
      15
      20
      12
      18
      14
      16
      12
       8
      13
      10
      11
      13
      14
      15
      10
       9
       9
       8
      19
      13
      10
      13
       8
      14
      12
      17
      12
      15
      14
      10
      11
      16
      15
      11
       8
      17
      16
       8
      13
       8
       4
      12
      17
       9
       8
      13
      11
      14
      10
       7
      12
      10
      17
       9
       8
       8
       9
      17
      20
       9
      15
       9
       9
      12
      10
      19
      10
      15
      15
      11
      11
      12
       5
      10
       9
      16
      11
      16
      12
      14
      15
      11
      14
      10
      10
      12
      13
       3
       9
      18
      14
      12
      14
      18
      14
      10
      14
       9
      10
      11
      14
      12
      12
      18
      18
      15
      11
       9
      15
      13
       9
      13
      15
      17
      16
      10
       9
      15
       7
      10
       9
      10
      11
       7
      25
      18
      14
      12
      21
       8
      15
      15
      12
      10
      14
       9
      15
      11
      16
      12
      13
      10
      18
      13
      15
      16
      11
       9
      16
      10
      12
      14
      16
      17
      19
      13
      15
      13
      15
      14
      10
      11
      13
      20
       9
      10
      12
      13
       8
      18
       7
      13
      14
       7
       8
      16
      12
       7
      18
      10
       8
       7
       9
      15
       8
       8
      25
      13
      14
      12
      16
      12
      10
      11
      13
      15
       9
      14
       5
      18
       8
      13
      13
      12
      12
       8
      11
      12
      11
      14
      17
       8
      10
      10
      17
       6
      11
      15
      19
      13
      13
      13
      11
      12
      15
       6
      17
      13
      11
      10
       9
       8
      18
      14
      10
      13
      11
      12
      17
      17
      16
      19
      12
      11
      12
      17
      14
      17
      18
      12
      13
       9
      18
      11
      13
      13
      19
      17
      10
      16
      10
      16
      13
      16
      22
       8
       5
      10
      16
      11
       9
      13
       8
       9
      16
      10
      15
      18
       7
      14
      14
      12
      11
      18
      16
      11
      14
      20
       9
      10
      11
      11
       6
       5
      10
      17
      11
       4
      12
      13
      12
       9
      15
       5
      12
      17
      11
      13
      10
      13
       8
       6
      12
      12
       7
      12
      12
      14
      11
      10
       7
      15
      11
       8
      10
      13
       7
      12
      13
      12
      11
      21
      10
      10
      10
      14
      13
       5
      16
      16
      15
      17
      12
       8
      13
       8
      11
      13
      12
      11
       9
      10
      13
       8
      11
       9
       8
      13
      12
      13
       8
      16
      10
      15
       9
      11
      10
      12
      13
       9
      12
      10
      13
       8
      11
       7
      15
       9
       6
      16
      15
      22
      12
      14
      15
      10
       9
      14
      15
      17
      17
      21
       6
      13
       9
       9
      12
      19
      13
      15
      18
      14
      19
      16
      14
      10
      13
      20
       9
      19
      15
       8
      12
       9
      17
      16
      12
      13
      17
      12
       9
      12
       6
      10
      14
      19
      10
      20
      13
      20
      14
      16
      14
       9
      11
      12
       9
      12
      14
      13
      14
      16
      12
      16
      12
      15
      12
      13
      16
      15
      12
       9
       9
      18
      14
      14
       4
      15
      15
      14
      16
      17
       6
      20
      14
      11
      17
      15
      16
       9
      15
      18
      19
      11
      11
       9
      21
      14
      17
       9
      13
      18
       9
      16
       7
      12
      12
      18
      13
      18
      11
      17
       7
      19
      12
      11
      10
      17
      16
      10
      24
      14
      10
       9
      13
      11
      16
      13
      23
      19
      12
      17
      15
      12
      16
      19
      11
      14
      12
      11
      19
      18
      20
      12
      14
      18
      17
      17
      12
      15
      19
      14
      17
       9
      17
      19
      13
      16
      12
      10
      12
      15
      17
      16
      16
      18
      10
       8
      16
      14
      12
      15
      13
      15
      15
      19
      17
      17
      19
       8
      16
      15
      18
      20
      14
      15
      13
      18
      14
      21
      18
      28
      16
      19
      23
      19
      27
      17
      23
      25
      10
      20
      21
      37
      23
      23
      26
      26
      35
      42
      38
      48
      47
      64
      66
      76
      77
     108
     115
     123
     128
     169
     185
     237
     238
     284
     378
     451
     549
     643
     760
     865
    1062
    1227
    1510
    1680
    1973
    2298
    2608
    2852
    3092
    3496
    3642
    3994
    4072
    4150
    4134
    4099
    4127
    3850
    3575
    3398
    2936
    2690
    2311
    2029
    1625
    1344
    1138
     935
     674
     524
     395
     296
     239
     165
     137
      95
      72
      57
      39
      34
      26
      31
      25
      19
      25
      23
      19
      23
      14
      22
      15
      30
      12
      18
      22
       9
      19
       6
      18
      18
      13
      13
      18
      14
      13
      15
      15
      29
      11
      20
      19
      20
      18
      14
      12
      17
      14
      13
      15
      11
      19
      17
       8
       9
       8
       9
      12
      15
      16
       9
      14
      14
      13
      25
      14
      15
       8
      15
      16
      17
       6
      13
       9
       8
       9
      12
      14
       6
      19
      12
       9
      10
       7
      18
      12
      15
       4
       9
       8
       9
      13
      13
       8
      12
      11
      11
      11
      15
       6
      14
      10
       8
      11
      12
      13
      14
      11
      16
      13
       7
       9
      10
      16
      14
      11
      15
      10
      18
      11
      10
       6
      11
      11
      15
      14
      18
       4
      15
       8
      13
      12
       9
       5
       6
       9
       8
      14
      11
       5
      16
      10
      10
      16
       9
      10
      11
       6
      10
       6
       9
      11
      11
       5
       7
       7
       7
      12
      13
       5
       7
      14
       9
       8
      10
      11
      11
      13
       3
      13
       5
       7
       9
       6
       9
       7
       9
      13
       8
      10
      12
       7
       6
       8
       2
       5
      12
       7
       7
       7
       6
      10
       5
       4
      10
       6
      10
       7
       8
       5
      11
      11
      11
      11
       9
       8
      12
       7
       3
       6
      11
       9
       5
       7
       1
      10
      11
       7
       9
      14
       9
       7
      14
       7
       8
       9
      10
       8
       5
       8
       7
      14
       4
       7
       6
       8
       7
      10
      11
       8
      10
       6
      13
      12
       4
       9
       8
       8
       8
      12
      10
       9
       4
       9
       8
       7
       7
       6
       7
       6
      14
       5
       4
       8
       6
       8
      10
       9
       9
       1
      11
      10
       9
       7
       6
       5
       4
       5
       5
       6
      11
       5
      12
       9
      10
      10
       9
      10
       9
       5
      13
      12
      11
       4
       5
       3
       9
       7
       4
       4
       6
      13
       9
       5
       8
       3
       8
       8
       9
      11
       9
       3
      10
       9
       7
       3
       5
       5
       9
       5
       7
       7
       8
      14
      13
       4
       7
       8
       6
       0
       6
       5
       7
       5
      10
       5
       5
       4
       8
       7
       9
       7
       6
       8
       4
       4
      11
       6
      10
       6
       7
       9
      10
      13
       7
       6
      10
       8
       8
       8
       4
       9
      11
       6
       7
       9
       8
       6
       5
      10
       8
       7
       7
       7
       5
       9
       3
       5
       7
       4
       5
       8
       8
       4
       6
       4
       6
       6
      13
      10
      10
       3
       4
       7
       7
       5
       5
       3
       4
       1
       5
       5
       4
       6
       7
       4
       7
       7
       9
       5
       8
       5
       2
       9
       8
       6
      12
       7
       7
       7
       6
       0
      12
       8
       9
       9
       5
       9
      13
      15
       9
      13
       6
       5
       5
       6
      12
       6
      10
       5
       8
      13
       1
       5
       8
       3
       7
       6
       7
       8
       9
       3
      12
      10
       8
       8
      10
       2
       5
       6
       7
       6
       6
       6
       8
       9
       7
       5
       7
       8
       4
      11
      11
       5
      10
       4
       6
       8
      10
       5
       3
       5
      10
       9
       9
      10
       5
       5
       6
       6
       5
       7
       3
       5
       2
       5
       8
      10
      12
       8
       6
       4
       8
      10
       4
       6
       5
       7
       7
       7
       8
       4
       5
       3
       6
       5
       9
       4
      12
       4
       5
       6
       9
       8
       5
       5
       5
      11
      15
      10
       8
       5
       8
       6
       4
       8
       4
       5
       9
       5
       6
       5
       6
       6
       6
       9
       5
       9
      10
       5
       2
       3
      10
       6
       6
       4
       6
       9
       6
       8
       2
       7
      14
       9
       6
       6
       2
       8
       9
      11
       2
       4
       5
       7
       5
       9
      10
       7
       7
       2
       2
       6
       7
       5
       9
       5
       9
       3
       7
       6
      10
       5
       7
       3
       3
       9
       6
       8
       3
       3
       9
       4
       7
      10
       5
       8
       8
       3
       9
       9
       8
       9
       4
       6
       5
       4
       2
       7
       5
       5
       7
       4
       3
       6
       6
       7
       7
       4
       4
       8
       6
       7
       5
       6
       7
       6
       5
       2
      13
       8
       9
       4
       4
       3
       5
       6
       7
      13
       8
       7
       5
       6
       9
       3
       3
       6
       7
       8
       2
       6
       5
       4
      11
       9
       4
       6
       9
       7
       3
       6
       9
       6
       4
      10
       5
       2
       5
      10
       7
      10
       6
       6
       6
       5
       2
       6
       3
       9
       5
       3
       5
       5
       5
       7
       9
       2
       5
       7
       8
       4
       4
      10
       8
       7
       7
       6
       4
      12
       8
       3
       6
       6
       3
       6
      10
       7
       5
       4
       3
       2
       3
       5
       3
       7
       5
       7
       2
       4
       4
       4
       3
       4
       8
       6
      13
       4
       3
       7
       3
       7
       3
       7
       5
       5
       7
       8
       9
       8
       5
       2
       8
       7
       6
       5
       3
       3
       4
       3
       2
       7
      11
       7
      11
       8
       3
       8
       4
       5
      10
      11
       6
      12
      10
       5
       6
       3
       5
       7
       4
       4
       5
       6
       4
       8
       4
       3
       2
       8
       5
       5
       2
       6
       9
       9
       8
       3
       9
       2
       8
       8
       5
       8
       5
       3
       8
       4
      10
       5
       7
       5
       7
       4
       3
       5
       3
      10
       6
       9
       6
       3
       6
       7
       5
       9
       5
       6
       4
       6
       4
       5
       6
       5
       5
       6
       0
       6
       2
       6
       7
       6
      10
       4
       5
       6
       4
       9
       2
       5
      12
      10
       4
       7
       9
       9
       9
       4
       4
       9
       3
       7
       7
       5
       6
       9
       2
       7
       6
       7
       7
      10
       6
      11
       4
       3
       8
      10
       2
       7
       4
       2
       7
       4
       4
       6
       4
       4
       6
       5
       4
       3
       6
       4
       4
       7
       3
       8
       4
       8
       6
       4
       5
       7
       6
       5
       6
       6
       7
       2
       6
       5
       5
       3
       5
       9
       7
       4
       5
       3
       3
       5
       6
       6
       7
       6
       4
       3
       6
       4
       4
      14
       6
       6
       5
       8
       7
       6
       8
       3
       8
       5
       2
       3
       3
       6
       3
       4
      10
       8
       6
       6
       2
       6
       3
       3
       4
       4
       7
       6
       2
       1
       6
       2
       4
       5
       4
       8
       7
       8
       6
       6
       9
       5
       8
       9
       4
       6
       7
       2
       4
       6
      13
       3
       6
       7
       4
       4
       5
       4
       4
       6
       5
       8
      10
       3
       5
       8
       6
       3
       6
       4
       6
      10
       3
       7
       4
       2
       4
       8
       3
       3
       6
       9
       2
       1
       4
       5
       9
       3
       8
       6
       7
       4
       6
       1
       3
       4
       5
       6
       3
       6
       5
       5
       4
       6
       7
       3
       7
       7
       1
       5
       5
       8
       7
       3
       3
      10
       7
       8
       5
       7
       4
       5
       5
       9
       0
       3
       5
       1
       6
       8
       5
       7
       1
       3
       4
       3
       5
       5
       4
       2
       6
       5
       3
       4
       0
       4
      10
       4
       2
       4
       5
       5
       4
       1
      15
       4
       4
       3
       4
       9
       8
       3
      11
       8
       4
       3
       2
       5
       8
       4
       8
      12
       7
       4
       6
       3
       7
       1
       2
       3
       2
       8
       4
       8
      10
       9
       9
       5
       4
       6
       2
       4
       5
       4
       3
       3
       7
       6
       5
       5
       5
      11
      12
      10
       4
      13
       7
       6
       7
       9
       3
       5
       6
       7
       3
       3
       4
       4
       7
       8
       3
       8
       6
       9
       2
       3
       2
       8
       4
       3
       8
       8
      11
       4
       7
       4
       6
      11
       6
       8
       7
       5
      11
       7
       7
       4
      12
       8
       5
       3
       7
       7
       8
       4
       5
       5
       8
       9
       2
       5
       4
       3
       5
       4
       6
       3
       8
      10
       3
       2
       0
       5
       7
       2
       2
       2
       2
       5
       5
       4
       3
       3
       2
       5
       5
       6
       4
       3
       2
       4
       4
       4
       9
       4
       6
       9
       3
       4
       3
       2
       2
       4
       5
       5
       7
       2
       8
       6
       4
       7
       3
      10
       4
       8
       3
       8
       2
       2
       5
       7
       3
       6
       2
       8
       0
       6
       5
       5
       7
       7
      10
       6
       2
       5
       7
       7
       5
       8
       6
       6
       7
       4
      10
       5
       7
       4
       6
       6
       3
       3
       6
       2
       3
       5
       5
       6
       7
       8
       6
       9
       5
      11
       4
       8
       4
       3
       8
       7
       3
       4
       5
       1
       4
       4
       7
       9
       4
       6
       3
       8
       8
       3
       7
       3
       4
       3
       5
       5
       6
       5
       8
       5
       6
       5
       2
       6
       1
       5
       4
       8
       2
       6
       5
       0
       3
       3
       3
       6
       2
       2
       6
      11
       5
       5
       2
       8
       4
       4
       8
       4
       2
       5
       4
       3
      11
       7
       5
      10
       6
       6
       5
       3
       4
       6
       4
       4
       4
       4
       4
       9
       5
       3
       3
       7
       5
       5
       4
       5
       6
       4
       8
       5
       6
       5
       4
       2
       3
       2
       7
       5
       7
       6
       4
       7
       4
       6
      10
       5
       4
       2
       5
       2
       3
       4
       7
       2
       3
       2
       3
       4
       7
       5
       5
       5
       8
       7
       1
       2
      10
       4
       7
      13
       3
       3
       5
       4
       5
       3
       5
       4
       1
       4
      10
       5
       5
       5
       6
       6
       7
       3
       6
       4
       8
       8
       4
       3
       4
       6
       3
       9
       4
       5
       4
       4
       3
       5
       8
       6
       4
       8
       6
       5
       3
       2
       4
       1
       4
       1
       5
       7
       6
       5
       5
       7
       2
       6
       3
       6
       7
       4
       4
       4
       4
       4
       9
       4
       0
       6
       5
      10
       3
       6
       5
       3
       2
       4
       4
       2
       7
       4
       7
       5
       3
       2
       4
       4
       6
       4
       5
       3
       8
       5
       3
       2
       1
       7
       8
       3
       7
       4
       3
       5
       7
       9
       5
       6
       2
       5
       2
       7
       4
       7
       7
       7
       7
       6
       2
       3
       5
       6
       9
       4
       2
       5
       7
       6
       5
       2
       7
       6
       2
       3
       9
       2
       3
       5
       3
       4
       5
       1
       4
       2
       6
       8
       6
       6
       3
       6
       8
       6
       4
       5
       6
       5
       4
       5
       5
       7
       4
       3
       4
       5
       4
       4
       5
       3
       6
       1
       4
       5
       2
       6
       7
       5
       3
       3
       4
       6
       1
       2
       4
       8
       4
       4
       5
       5
       6
       2
       4
       2
       3
       4
       2
       4
       7
       4
       0
       7
       2
       5
       5
       2
       0
       7
       2
       2
       0
       3
       6
       7
       4
       5
       2
       8
       5
       6
       7
       2
       5
       4
       7
       2
       2
       6
      10
       9
       5
       5
       3
       6
       5
       1
       3
      11
       5
       6
       6
       4
      12
       4
       2
       6
       4
       4
       4
       5
       2
       9
       7
       4
       2
       3
       3
       3
       5
       4
       4
       7
       4
       6
       5
       3
       3
       7
       8
       1
       7
       8
       3
       3
       4
       6
       8
       3
       5
       6
       5
       5
       2
       5
       6
       4
       6
       3
       4
       4
       4
       6
      13
       4
       8
       7
       3
       5
       1
       4
      10
       6
       6
       6
       3
       2
       4
       3
       4
       3
       4
       5
       7
       2
       5
       6
       3
      10
       3
       7
       5
       6
       5
      10
       1
       8
       6
       3
       5
       5
       7
       3
       6
       4
       5
       3
       5
       6
       3
       4
       4
       6
       5
       7
       7
       2
       2
       1
       4
       4
       6
       9
       7
       6
       4
       1
       1
       8
      11
       6
       4
       4
       4
       4
       6
       5
       3
       6
       6
       4
       4
       5
       2
       3
       6
       3
       6
       5
       5
       3
       3
       3
       4
       5
       4
       3
       3
       2
       9
       1
      14
       5
       6
       5
       6
       3
       4
       2
       5
       1
       6
       5
       2
       9
       7
       7
       8
       8
       8
       3
       8
      10
       8
      10
       4
      10
       8
      12
       6
      10
       7
      12
      10
      14
      13
      14
      22
      19
      18
      16
      21
      21
      12
      22
      24
      24
      16
      10
      14
      13
      11
      11
      12
      12
      12
       6
       6
       9
      12
       8
       5
       1
       5
       6
       3
       6
       4
       3
       5
       7
       7
       3
       5
       6
       4
       4
       8
       7
       3
       6
       4
       5
       5
       1
       5
       6
       4
       5
       1
       5
       1
       4
       9
       6
       5
       3
       7
       5
       7
       2
       8
       7
       5
       4
       4
       4
       8
       7
       4
       2
       6
       5
      11
       5
       5
       6
       3
       2
       4
       6
       4
       7
       2
       5
       6
       2
       4
       2
       6
       3
       5
       4
       6
       6
       5
       4
       4
       4
       7
       4
       4
       4
       7
       3
       7
       6
       3
       3
      11
       4
       3
       4
       6
       8
       8
      10
       3
       7
       5
       5
       5
       2
      10
       3
       5
       2
       8
       4
       8
       6
       4
       3
       2
       6
       7
       4
       7
       4
       6
       3
       8
       4
       3
       5
       5
       5
       5
       3
       4
       5
       4
       7
       2
       6
       3
       3
       6
       5
       5
       5
       5
       4
       3
       6
       3
       2
       4
       6
       3
       5
       5
       5
       7
       2
       1
       6
       3
       5
       3
       5
       6
       5
       6
       4
       5
       4
       2
       8
       3
       3
       2
       6
       4
       5
       4
       6
       4
       5
       4
       8
       8
       3
       4
       8
       6
       5
       6
       7
       4
       2
       1
       4
       4
       6
       3
       4
       6
       3
       4
       4
       3
       3
       5
       4
       3
       4
       5
       4
       4
       5
       3
       5
       3
       2
       7
       8
       5
       2
       1
       5
       5
       2
       7
       2
       4
       5
       3
       5
       5
       4
       4
       5
       4
       4
       8
       2
       3
       4
       1
       1
       2
       4
       5
       5
       7
       3
       4
       6
       3
       4
       5
       9
       6
       2
       5
       5
       5
       3
       2
       4
       4
       4
       4
       7
       7
       2
       4
       6
       8
       3
      11
       5
       7
       5
       3
       8
       4
       7
       4
       5
       6
       7
       1
       3
       3
       2
       3
       3
       4
       8
       5
       4
       1
       2
       4
       4
       4
       3
       4
       4
       5
       9
       5
       8
       4
       6
       3
      13
       4
       6
       5
       5
       5
       3
       5
       3
       3
       3
       7
       3
       3
       3
       4
       7
       5
       1
       6
       1
       5
       5
       3
       4
       6
       3
       6
       3
       3
       5
       2
       3
       6
       4
       5
       6
       3
       5
       5
       4
       2
       7
       2
       4
       4
       3
       1
       7
       5
       6
       3
       3
       0
       9
       2
       5
       3
       4
       4
       5
       6
       3
       7
       4
       6
       2
       5
       7
       4
       7
       6
       1
       3
       7
       3
       2
       5
       9
       5
       3
       3
       7
       2
       6
       3
       7
       4
       2
      10
       4
       5
       2
       6
       4
       1
       3
       7
       4
       3
       4
       7
       4
       3
       7
       2
      10
       2
       7
       3
       5
       3
       4
       4
       3
       2
       7
       8
       3
       3
       3
       2
       5
       6
       7
       2
       3
       3
       4
       7
       6
       2
       4
       4
       1
       3
       3
       1
       3
       7
       2
       5
       2
       4
       6
       2
       2
       2
       4
       4
       4
       5
       2
       5
       6
       4
       5
       3
       4
       6
       5
       6
       3
       5
       6
       3
       6
       7
       6
       2
       2
       4
       1
       5
       6
       4
       4
       3
       5
       8
       5
       4
       6
       7
       2
       7
       4
       6
       5
       0
       3
       5
       5
       9
       5
       5
       7
       5
       5
       5
       3
       7
       5
       2
       3
       6
       5
       4
       6
       4
       6
       4
       2
       4
       6
      10
       0
       8
       6
       4
       5
       5
       2
       4
       4
       5
       5
       4
       5
       5
       5
       8
       1
       5
       8
       2
       1
       6
       3
       7
       3
       2
       9
       7
       3
       3
       3
       3
       4
       4
       5
       6
       8
       2
       4
       8
       2
       5
       4
       5
       7
       4
       4
       4
       5
       7
       5
       4
       4
       7
       3
       3
       4
       4
       5
       5
       6
       7
       5
       6
       6
       9
       8
       5
       3
       6
       5
       7
       4
       3
       1
       3
       7
       7
       6
       6
       5
       2
       7
       6
       4
       1
       4
       6
       5
       6
       0
       3
       2
       5
       3
       6
       1
       6
       2
       0
       6
       5
       5
       2
       5
       4
       4
       1
       8
       6
       9
       5
       4
       4
       6
       6
       3
       6
       5
       5
       5
      10
       9
       2
       1
       6
       8
       4
       6
       5
       3
       6
       3
       2
       4
       3
       2
       5
       3
       4
       5
       6
       6
       5
       5
       4
       5
       7
       4
       2
       6
       3
       6
       4
       5
       5
       5
       8
       3
       2
       4
       5
       3
       3
       7
       4
       5
       3
       5
       3
       4
       3
       3
       4
       5
       5
       4
       2
       5
       3
       5
       3
       1
       9
       4
       2
       3
       6
       2
       9
       5
       5
       5
       5
       6
       5
       4
       2
       3
       5
       2
       4
       2
       4
       5
       2
       7
       3
       3
       6
       7
       4
       3
       9
       5
       5
       4
       2
       6
       4
       4
       5
       1
       5
       5
       0
       2
       4
       2
       7
       2
       5
       5
       3
       7
       5
       6
       1
       5
       4
       4
       2
      12
       4
       5
       4
       3
       3
       3
      10
       7
       9
       8
       4
       3
       2
       3
       2
      10
      15
       7
       3
       7
       5
       6
       4
       6
       4
       4
       2
       1
       7
       5
       8
       4
       6
       5
       6
       5
       8
       8
       8
       4
       5
       2
       4
       3
       2
       3
       6
       2
       4
       7
      10
       6
       2
       3
       2
       7
       8
       3
      11
      10
       7
       2
       8
       3
       2
       6
       5
       6
       6
       6
       4
       5
       7
       5
       5
       1
       3
       7
       2
       7
       7
       5
       3
       2
       5
       7
       8
       5
       7
       4
       5
       6
       5
       9
       5
       2
       4
       3
       4
       1
       9
       4
       7
       3
       4
       3
       9
       5
       7
       3
       7
       4
       5
       2
       9
       1
       3
       4
       5
       4
       2
       6
       8
       3
       6
       3
       4
       8
       6
       8
       5
       2
       4
       6
       8
       4
       3
       3
       1
       5
       6
       1
       7
       6
       4
       5
       4
       4
       4
       4
       4
       6
       7
       8
       1
      10
       7
       5
       2
       3
       3
       5
       3
       6
       4
       6
       6
       4
       3
       3
       6
       3
       9
       5
       3
       3
       3
       3
       5
       7
       7
       4
       7
       5
       4
       8
       4
       6
       3
       2
       7
       2
       8
       4
       6
       6
       3
       5
       3
       5
       4
       8
       4
       5
       6
       5
       3
       4
       2
       5
       6
       6
       5
       5
       3
       3
       7
      10
       4
       6
       6
       7
       2
      10
       4
       4
       5
       7
       7
       6
       6
       6
       8
       1
       2
       3
       4
       4
       2
       7
       5
       4
       5
       5
       4
       6
       3
       6
       5
       7
       2
       3
       5
       4
       7
       4
       3
       9
       4
       7
       6
       3
       8
       7
       4
       3
       4
       3
       4
       4
       7
       8
       3
       4
       3
       6
       6
       7
       7
       7
       8
       6
       4
       5
       9
       5
       7
       5
       6
       5
       3
       3
       3
       4
       2
       7
       1
       2
       3
       7
       4
       4
       7
       3
       7
       8
       3
       6
       7
       7
      10
       5
       3
       8
       8
       6
       5
       7
       5
       3
       3
       9
      10
      10
       6
       4
       8
       2
       7
       4
       8
       6
       3
       6
       5
       3
       2
       3
       5
       5
       3
      11
       5
       8
       2
       6
       4
       5
       2
       5
       4
       1
       9
       1
       2
       6
       5
       8
       6
       4
       7
       2
       2
       4
       6
       9
       4
       1
       4
       5
       7
       4
       3
       6
       8
       4
       3
       7
       5
       6
       3
       7
       5
       0
       1
       1
       5
       2
       5
      10
       1
       3
       3
       3
       4
       2
      13
       3
       5
       2
       4
       3
       4
       4
       6
       6
       1
       2
       2
       6
       3
       5
       7
       5
       7
       6
       3
       4
       4
       5
       6
       3
       2
       4
       5
       2
       4
       4
       2
       9
       6
       5
       3
       5
       4
       1
       1
       6
       3
      10
       2
       2
       5
       6
       0
       3
       6
       4
       5
       1
       5
       2
       1
       5
       1
       3
       6
       5
       6
       3
       3
       2
       2
       5
       3
       2
       2
       6
       1
       4
       2
       3
       3
       2
       3
       4
       5
       5
       4
       3
       3
       3
       8
       1
       8
       2
       3
       7
       3
       7
       8
       2
       1
       2
       6
       5
       3
       4
       4
       3
       4
       2
       4
       6
       6
       4
       4
       9
       7
       3
       3
       6
       4
       7
       3
       1
       3
       0
       3
       3
       5
       3
       5
       3
       2
       4
       1
       3
       8
       4
       2
       4
       1
       6
       6
       5
       4
       7
       3
       3
       6
       5
       3
       3
       3
       4
       0
       5
       7
       3
       4
       7
       2
       3
       6
       6
       1
       5
       5
       6
       1
       3
       6
       1
       4
       2
       6
       2
       5
       2
       5
       2
       4
       4
       2
       6
       4
       4
       2
       4
       4
       6
       1
       7
       3
       5
       5
       5
       0
       3
       2
       5
       1
       5
       2
       6
       6
       0
       3
       7
       3
       6
       4
       5
       1
       4
       4
       3
       3
       2
       6
       5
       4
       2
       1
       3
       6
       3
       5
       3
       5
       4
       1
       1
       5
       1
       6
       6
       7
       2
       3
       6
       3
       4
       2
       4
       2
       3
       5
       0
       2
       4
       5
       3
       4
       4
       3
       5
       6
       2
       6
       3
       2
       3
       7
       2
       4
       7
       3
       5
       4
       2
       0
       3
       2
       4
       4
       5
       0
       3
       3
      11
       4
       7
       3
       0
       9
       4
       3
      10
       2
       2
       6
       8
       4
       0
       4
      13
       3
       4
       6
       2
       2
       3
       6
       2
       4
       6
       3
       2
       2
       7
       6
       5
       1
       3
       3
       6
       4
       5
       5
       6
       2
       2
       2
       1
       3
       4
       4
       0
       3
       6
       5
       6
       8
       4
       3
       3
       3
       4
       2
       3
       6
       4
       3
       2
       2
       5
       6
       2
       4
       2
       4
       2
       0
       0
       0
       0
       0
       0
       0
       0
       0
       0
       0
       0
       0
       0
       0
       0
       0
       0
       0
       0
       0
       0
       0
       0
       0
       0
       0
       0
       0
       0
       0
       0
       0
       0
       0
       0
       0
       0
       0
       0
       0
       0
       0
       0
       0
       0
       0
       0
       0
       0
       0
       0
       0
       0
       0
       0
       0
       0
       0
       0
       0
       0
       0
       0
       0
       0
       0
       0
       0
       0
       0
       0
       0
       0
       0
       0
       0
       0
       0
       0
       0
       0
       0
       0
       0
       0
       0
       0
       0
       0
       0
       0
       0
       0
       0
       0
       0
       0
       0
       0
       0
       0
       0
       0
       0
       0
       0
       0
       0
       0
       0
       0
       0
       0
       0
       0
       0
       0
       0
       0
       0
       0
       0
       0
       0
       0
       0
       0
       0
       0
       0
       0
       0
       0
       0
       0
       0
       0
       0
       0
       0
       0
       0
       0
       0
       0
       0
       0
       0
       0
       0
       0
       0
       0
       0
       0
       0
       0
       0
       0
       0
       0
       0
       0
       0
       0
       0
       0
       0
       0
       0
       0
       0
       0
       0
       0
       0
       0
       0
       0
       0
       0
       0
       0
       0
       0
       0
       0
       0
       0
       0
       0
       0
       0
       0
       0
       0
       0
       0
       0
       0
       0
       0
       0
       0
       0
       0
       0
       0
       0
       0
       0
       0
       0
       0
       0
       0
       0
       0
       0
       0
       0
       0
       0
       0
       0
       0
       0
       0
       0
       0
       0
       0
       0
       0
       0
       0
       0
       0
       0
       0
       0
       0
       0
       0
       0
       0
       0
       0
       0
       0
       0
       0
       0
       0
       0
$ROI:
2
4852 5354
12587 12888
$PRESETS:
Live Time
10800
0
$ENER_FIT:
0.358687 0.099971
$MCA_CAL:
3
3.586871E-001 9.997089E-002 0.000000E+000 keV
$SHAPE_CAL:
3
3.638087E+001 -1.552510E-003 0.000000E+000
