$SPEC_ID:
JKL Model 927 SN 17053844 Input 1 HEC-Cr-HEC-Cr-T30-D100-HPGe1-2
$SPEC_REM:
DET# 2
DETDESC# BULK Model 927 SN 17053844 Input 1
AP# Maestro Version 6.08
$DATE_MEA:
05/11/2026 10:39:14
$MEAS_TIM:
251 356
$DATA:
0 16383
       0
       0
       0
       0
       0
       0
       0
       0
       0
       0
       0
       0
       0
       0
       0
       0
       0
       0
       0
       0
       0
       0
       0
       0
       0
       0
       0
       0
       0
       0
       0
       0
       0
       0
       0
       0
       0
       0
       0
       0
       0
       0
       0
       0
       0
       0
       0
       0
       0
       0
       0
       0
       0
       0
       0
       0
       0
       0
       0
       0
       0
       0
       0
       0
       0
       0
       0
       0
       0
       0
       0
       0
       0
       0
       0
       0
       0
       0
       0
       0
       0
       0
       0
       0
       0
       0
       0
       0
       0
       0
       0
       0
       0
       0
       0
       0
       0
       0
       0
       0
       0
       0
       0
       0
       0
       0
       0
       0
       0
       0
       0
       0
       0
       0
       0
       0
      23
     233
     462
     581
     530
     531
     496
     488
     507
     496
     465
     427
     483
     505
     469
     422
     471
     490
     474
     435
     466
     471
     429
     480
     442
     487
     520
     431
     467
     441
     433
     473
     448
     446
     477
     417
     481
     473
     483
     427
     435
     435
     428
     469
     449
     417
     444
     413
     454
     407
     468
     396
     412
     459
     415
     449
     438
     405
     438
     437
     444
     436
     395
     426
     410
     433
     420
     440
     458
     407
     412
     442
     470
     437
     412
     408
     436
     406
     417
     419
     409
     406
     417
     403
     464
     392
     425
     400
     401
     439
     394
     418
     409
     371
     387
     382
     413
     434
     430
     432
     389
     444
     455
     391
     427
     403
     412
     425
     350
     401
     408
     415
     392
     430
     395
     361
     394
     396
     419
     424
     413
     365
     422
     366
     393
     367
     382
     395
     386
     411
     353
     397
     365
     348
     354
     400
     408
     334
     371
     379
     375
     370
     386
     351
     391
     380
     387
     389
     375
     390
     370
     362
     378
     347
     382
     385
     380
     321
     386
     378
     361
     400
     354
     375
     330
     393
     363
     352
     369
     381
     365
     353
     380
     328
     393
     394
     378
     325
     378
     365
     378
     385
     353
     375
     372
     394
     386
     387
     370
     396
     351
     362
     390
     364
     330
     350
     332
     403
     360
     362
     353
     351
     322
     373
     327
     371
     363
     367
     346
     393
     338
     352
     340
     381
     394
     390
     359
     359
     312
     370
     353
     341
     377
     373
     334
     365
     329
     362
     356
     351
     351
     360
     347
     342
     324
     351
     355
     344
     314
     340
     348
     364
     358
     352
     345
     354
     372
     364
     337
     330
     302
     350
     335
     322
     335
     330
     356
     344
     352
     342
     357
     342
     338
     335
     333
     355
     340
     310
     328
     360
     341
     355
     342
     349
     361
     359
     317
     314
     345
     340
     347
     351
     342
     326
     377
     350
     309
     371
     340
     321
     348
     350
     354
     318
     359
     301
     356
     338
     337
     357
     366
     359
     321
     333
     321
     365
     328
     348
     337
     363
     349
     332
     340
     347
     335
     306
     334
     341
     350
     357
     316
     345
     302
     321
     337
     320
     327
     309
     350
     353
     316
     333
     306
     358
     356
     335
     345
     341
     312
     370
     310
     336
     341
     335
     313
     349
     344
     331
     310
     334
     344
     339
     328
     321
     301
     304
     323
     326
     361
     301
     330
     344
     317
     340
     326
     334
     359
     336
     319
     329
     335
     328
     330
     346
     311
     328
     349
     356
     348
     316
     323
     371
     289
     334
     314
     344
     368
     321
     306
     298
     326
     325
     349
     326
     341
     319
     328
     307
     347
     325
     332
     320
     345
     321
     314
     299
     322
     323
     340
     305
     334
     317
     372
     346
     354
     306
     298
     329
     295
     326
     310
     306
     321
     353
     328
     342
     339
     339
     310
     354
     297
     293
     351
     299
     331
     326
     339
     330
     296
     316
     295
     339
     308
     327
     309
     334
     300
     324
     342
     307
     330
     319
     295
     341
     328
     352
     310
     331
     294
     363
     317
     313
     304
     360
     349
     336
     316
     344
     361
     317
     332
     333
     330
     336
     313
     320
     301
     290
     322
     355
     323
     315
     307
     353
     308
     304
     262
     293
     336
     306
     336
     326
     339
     339
     312
     324
     316
     385
     297
     330
     319
     310
     302
     307
     333
     321
     332
     340
     362
     333
     335
     332
     353
     311
     277
     295
     319
     344
     321
     294
     339
     331
     338
     337
     310
     325
     274
     301
     315
     321
     290
     324
     343
     330
     325
     322
     296
     331
     311
     286
     344
     355
     333
     331
     296
     324
     297
     312
     313
     338
     310
     317
     342
     324
     319
     304
     309
     315
     321
     311
     333
     311
     342
     334
     324
     324
     316
     348
     339
     331
     337
     318
     280
     278
     336
     296
     316
     310
     334
     302
     301
     358
     319
     303
     348
     296
     313
     335
     339
     344
     330
     319
     346
     321
     308
     359
     300
     328
     348
     342
     327
     355
     354
     322
     345
     360
     340
     353
     339
     324
     335
     337
     325
     336
     313
     333
     340
     315
     319
     350
     338
     345
     378
     361
     391
     409
     411
     386
     401
     412
     373
     336
     322
     302
     303
     321
     334
     312
     299
     335
     314
     309
     328
     322
     346
     330
     282
     339
     334
     350
     381
     343
     294
     303
     359
     317
     313
     299
     296
     338
     305
     321
     324
     314
     293
     325
     304
     294
     326
     352
     326
     310
     311
     329
     316
     302
     320
     313
     315
     302
     339
     303
     350
     328
     339
     336
     319
     311
     348
     319
     326
     304
     288
     326
     316
     309
     339
     338
     297
     344
     329
     298
     321
     314
     310
     286
     322
     288
     316
     330
     309
     291
     311
     288
     298
     323
     331
     330
     314
     329
     348
     341
     345
     343
     367
     351
     339
     343
     354
     355
     324
     331
     321
     278
     321
     316
     344
     310
     326
     314
     315
     319
     323
     322
     329
     331
     308
     332
     301
     342
     333
     318
     344
     301
     313
     321
     310
     309
     296
     276
     278
     313
     324
     284
     319
     332
     298
     325
     307
     311
     326
     328
     303
     286
     317
     285
     305
     311
     285
     320
     329
     321
     338
     334
     305
     325
     337
     339
     290
     323
     327
     325
     292
     300
     304
     321
     297
     309
     328
     302
     310
     369
     283
     294
     296
     328
     334
     295
     316
     330
     298
     288
     316
     281
     319
     306
     313
     317
     316
     326
     310
     321
     295
     289
     319
     288
     320
     320
     309
     301
     324
     308
     325
     308
     304
     301
     299
     304
     314
     282
     308
     334
     342
     309
     329
     333
     275
     322
     306
     315
     269
     314
     362
     306
     315
     330
     303
     291
     351
     297
     284
     296
     308
     311
     328
     330
     295
     316
     322
     324
     338
     308
     306
     310
     310
     319
     306
     326
     300
     316
     287
     353
     313
     322
     308
     298
     298
     308
     329
     329
     310
     314
     291
     324
     331
     309
     304
     335
     338
     286
     324
     324
     302
     286
     295
     328
     329
     321
     328
     310
     317
     328
     284
     333
     309
     304
     334
     307
     325
     296
     301
     325
     313
     326
     318
     286
     320
     301
     324
     321
     301
     291
     297
     319
     311
     308
     302
     318
     311
     322
     343
     309
     290
     320
     319
     312
     336
     320
     301
     327
     332
     310
     312
     312
     314
     348
     284
     306
     312
     302
     326
     310
     328
     308
     297
     306
     325
     331
     322
     289
     312
     331
     345
     311
     304
     298
     304
     286
     348
     319
     300
     292
     338
     353
     306
     298
     345
     327
     314
     298
     283
     300
     333
     289
     324
     321
     324
     308
     281
     309
     320
     310
     309
     267
     316
     305
     314
     323
     319
     305
     298
     311
     321
     301
     302
     295
     310
     311
     330
     269
     335
     315
     316
     299
     314
     294
     283
     307
     316
     299
     290
     332
     303
     308
     336
     318
     341
     287
     263
     322
     311
     319
     281
     289
     293
     293
     355
     308
     288
     338
     283
     289
     345
     318
     314
     301
     321
     297
     310
     355
     293
     299
     311
     279
     342
     321
     301
     292
     292
     311
     327
     313
     317
     318
     301
     338
     329
     308
     293
     273
     329
     309
     298
     309
     283
     317
     298
     309
     323
     306
     308
     326
     322
     297
     311
     324
     307
     317
     280
     278
     332
     319
     336
     323
     282
     327
     307
     329
     305
     325
     343
     276
     287
     315
     304
     313
     352
     331
     295
     298
     304
     332
     316
     278
     288
     295
     302
     321
     285
     316
     295
     351
     286
     290
     312
     296
     301
     308
     308
     311
     299
     299
     283
     316
     288
     329
     336
     333
     294
     311
     309
     320
     262
     284
     326
     301
     326
     294
     323
     308
     311
     325
     282
     318
     310
     311
     327
     316
     284
     305
     317
     325
     310
     320
     297
     317
     275
     313
     304
     301
     288
     325
     329
     307
     303
     315
     317
     303
     279
     288
     292
     307
     309
     316
     310
     314
     304
     338
     293
     293
     316
     317
     307
     322
     321
     325
     309
     315
     301
     318
     321
     347
     300
     300
     308
     323
     305
     322
     286
     297
     333
     310
     310
     332
     292
     284
     303
     302
     290
     302
     270
     332
     286
     297
     319
     309
     285
     332
     308
     306
     301
     311
     287
     300
     303
     291
     322
     290
     332
     286
     316
     319
     317
     299
     304
     320
     281
     306
     290
     327
     307
     288
     293
     255
     327
     316
     304
     339
     319
     326
     307
     301
     299
     348
     328
     309
     317
     279
     330
     314
     323
     298
     299
     273
     319
     308
     294
     325
     303
     282
     318
     298
     318
     298
     309
     317
     307
     312
     322
     304
     309
     301
     279
     303
     297
     307
     294
     296
     314
     308
     321
     326
     279
     317
     325
     292
     302
     325
     330
     288
     328
     302
     312
     282
     312
     305
     294
     307
     326
     300
     313
     309
     338
     313
     312
     285
     307
     305
     304
     296
     332
     308
     287
     302
     317
     295
     317
     315
     303
     307
     306
     314
     310
     311
     320
     296
     305
     291
     314
     306
     310
     313
     293
     313
     289
     308
     326
     281
     296
     294
     309
     321
     323
     311
     302
     331
     286
     319
     306
     260
     313
     283
     290
     308
     300
     307
     318
     305
     311
     294
     279
     268
     297
     303
     297
     283
     284
     282
     309
     275
     282
     318
     293
     313
     337
     300
     287
     314
     320
     326
     277
     297
     282
     313
     330
     302
     294
     284
     315
     299
     285
     307
     288
     309
     318
     296
     268
     285
     304
     304
     330
     284
     291
     313
     294
     296
     302
     279
     317
     314
     293
     313
     310
     314
     314
     331
     299
     292
     273
     266
     309
     281
     290
     345
     323
     350
     305
     302
     324
     300
     331
     305
     339
     330
     301
     288
     287
     325
     279
     351
     321
     322
     312
     281
     288
     293
     337
     297
     290
     328
     324
     283
     301
     293
     271
     288
     306
     298
     288
     285
     335
     340
     324
     295
     266
     313
     306
     329
     299
     299
     303
     339
     319
     312
     298
     297
     284
     320
     300
     266
     277
     313
     311
     296
     306
     331
     268
     333
     281
     313
     327
     268
     313
     293
     273
     301
     269
     299
     329
     298
     333
     271
     311
     314
     313
     316
     293
     335
     296
     333
     307
     308
     310
     321
     285
     334
     324
     287
     334
     308
     322
     310
     301
     290
     305
     320
     319
     308
     310
     306
     308
     298
     301
     340
     303
     309
     331
     339
     356
     348
     350
     330
     311
     327
     330
     311
     369
     360
     360
     327
     328
     313
     367
     348
     352
     385
     354
     363
     331
     370
     364
     395
     343
     337
     351
     341
     389
     370
     322
     356
     392
     375
     367
     336
     343
     359
     381
     332
     356
     330
     351
     354
     367
     360
     375
     401
     375
     338
     345
     360
     367
     362
     361
     382
     379
     381
     361
     338
     327
     313
     356
     349
     365
     357
     358
     336
     390
     360
     356
     377
     330
     354
     370
     346
     362
     376
     308
     354
     350
     356
     353
     372
     381
     385
     378
     349
     356
     393
     331
     358
     360
     378
     399
     362
     374
     337
     357
     369
     342
     376
     346
     331
     379
     336
     354
     358
     359
     370
     345
     352
     356
     325
     361
     360
     364
     337
     338
     343
     313
     359
     323
     330
     341
     367
     357
     302
     357
     367
     366
     374
     361
     339
     344
     380
     360
     347
     367
     350
     331
     351
     373
     347
     333
     354
     338
     360
     382
     378
     309
     346
     344
     343
     366
     358
     333
     343
     326
     365
     316
     337
     378
     345
     359
     384
     332
     349
     315
     346
     357
     362
     342
     334
     378
     382
     355
     313
     324
     321
     309
     319
     358
     350
     337
     379
     378
     322
     354
     324
     348
     379
     328
     337
     321
     347
     347
     347
     376
     333
     348
     319
     349
     381
     348
     333
     326
     331
     315
     361
     362
     327
     322
     367
     318
     331
     307
     343
     341
     340
     333
     335
     334
     341
     334
     323
     339
     352
     348
     337
     349
     316
     366
     323
     363
     314
     346
     319
     325
     330
     359
     333
     351
     321
     321
     315
     355
     334
     343
     318
     306
     346
     346
     349
     337
     297
     343
     327
     324
     299
     325
     318
     327
     354
     317
     339
     320
     341
     318
     343
     309
     340
     343
     329
     332
     343
     330
     346
     336
     345
     355
     323
     335
     348
     348
     333
     329
     292
     310
     324
     345
     333
     339
     344
     333
     318
     379
     315
     387
     311
     331
     318
     316
     288
     335
     324
     296
     330
     319
     345
     327
     321
     308
     345
     351
     316
     342
     327
     345
     315
     319
     298
     320
     291
     323
     303
     318
     302
     332
     307
     345
     319
     331
     340
     313
     332
     329
     333
     298
     321
     320
     349
     318
     307
     315
     341
     332
     323
     304
     325
     302
     347
     305
     307
     379
     311
     323
     312
     328
     314
     335
     345
     325
     316
     293
     326
     302
     336
     305
     298
     315
     322
     336
     341
     300
     301
     344
     322
     355
     305
     339
     313
     320
     318
     326
     335
     333
     323
     345
     314
     322
     343
     286
     332
     318
     347
     323
     314
     338
     331
     333
     294
     310
     329
     315
     322
     332
     347
     287
     315
     325
     287
     302
     350
     333
     309
     313
     336
     317
     305
     307
     352
     334
     307
     328
     324
     306
     301
     348
     353
     365
     379
     330
     338
     295
     295
     289
     333
     315
     331
     301
     306
     305
     333
     316
     334
     361
     328
     336
     316
     307
     341
     342
     307
     343
     353
     304
     300
     314
     328
     321
     298
     316
     338
     328
     316
     311
     330
     293
     345
     317
     323
     307
     317
     290
     287
     330
     312
     315
     316
     317
     346
     289
     301
     341
     322
     296
     331
     311
     319
     328
     321
     312
     322
     297
     315
     289
     303
     316
     320
     331
     297
     304
     304
     319
     329
     307
     317
     288
     314
     290
     336
     331
     336
     319
     312
     321
     355
     292
     311
     246
     329
     312
     302
     339
     369
     325
     307
     320
     316
     347
     298
     265
     324
     297
     301
     261
     314
     286
     352
     313
     310
     345
     314
     286
     314
     322
     292
     321
     281
     284
     288
     313
     345
     300
     304
     305
     285
     307
     291
     299
     307
     292
     345
     291
     303
     328
     314
     304
     359
     293
     295
     316
     321
     279
     292
     295
     308
     323
     297
     300
     319
     293
     292
     323
     291
     342
     315
     279
     305
     321
     286
     308
     315
     315
     278
     298
     344
     305
     305
     259
     312
     305
     323
     327
     304
     309
     300
     314
     297
     328
     296
     288
     284
     305
     315
     289
     312
     288
     311
     332
     303
     332
     317
     304
     330
     285
     334
     300
     282
     279
     279
     305
     322
     301
     279
     306
     296
     310
     278
     312
     302
     322
     294
     313
     295
     287
     288
     294
     282
     336
     306
     307
     295
     292
     309
     273
     286
     291
     288
     323
     308
     280
     280
     305
     343
     274
     304
     336
     284
     326
     316
     334
     287
     258
     271
     297
     316
     318
     326
     294
     315
     311
     304
     298
     296
     300
     318
     300
     311
     313
     315
     308
     314
     310
     321
     287
     290
     322
     293
     307
     321
     290
     326
     312
     319
     325
     309
     309
     283
     297
     277
     303
     300
     319
     277
     308
     304
     299
     333
     320
     298
     316
     285
     288
     284
     302
     296
     301
     308
     325
     296
     303
     297
     298
     305
     310
     293
     294
     337
     268
     270
     335
     297
     299
     323
     293
     296
     300
     315
     286
     300
     274
     339
     285
     275
     310
     295
     305
     288
     313
     320
     279
     308
     338
     299
     291
     307
     306
     284
     267
     286
     311
     272
     305
     296
     283
     297
     314
     289
     306
     261
     328
     281
     315
     268
     291
     286
     294
     309
     280
     322
     309
     282
     311
     304
     270
     292
     312
     299
     289
     272
     269
     277
     283
     281
     268
     273
     304
     293
     273
     292
     304
     294
     284
     284
     283
     287
     296
     305
     295
     278
     308
     299
     292
     296
     306
     254
     291
     311
     288
     300
     294
     329
     324
     312
     322
     296
     326
     295
     279
     331
     290
     254
     302
     317
     299
     274
     260
     271
     296
     276
     285
     301
     282
     284
     290
     324
     275
     287
     273
     287
     283
     307
     317
     305
     276
     295
     293
     283
     268
     289
     270
     296
     298
     280
     288
     285
     282
     252
     271
     281
     309
     268
     261
     269
     285
     298
     281
     286
     284
     289
     303
     295
     289
     287
     278
     302
     288
     289
     305
     297
     281
     276
     306
     295
     276
     272
     282
     294
     272
     270
     282
     328
     327
     288
     275
     273
     289
     287
     310
     283
     277
     273
     287
     282
     280
     318
     334
     298
     327
     300
     285
     294
     298
     301
     273
     310
     281
     300
     309
     303
     322
     278
     282
     287
     295
     261
     285
     279
     287
     288
     303
     281
     301
     300
     282
     309
     322
     310
     272
     296
     304
     262
     279
     322
     299
     311
     273
     305
     310
     266
     301
     307
     314
     271
     302
     321
     271
     302
     263
     287
     313
     297
     300
     328
     267
     255
     314
     290
     276
     293
     267
     310
     295
     283
     283
     293
     293
     291
     297
     304
     335
     315
     298
     287
     281
     269
     304
     302
     293
     326
     315
     298
     270
     276
     279
     316
     325
     269
     278
     307
     303
     274
     313
     271
     283
     301
     296
     283
     285
     291
     283
     278
     291
     303
     295
     295
     292
     317
     301
     300
     273
     321
     332
     307
     303
     292
     311
     307
     286
     285
     292
     300
     278
     310
     282
     277
     286
     289
     274
     336
     321
     313
     310
     298
     287
     273
     332
     287
     322
     303
     287
     281
     307
     296
     297
     279
     330
     320
     300
     280
     272
     293
     300
     287
     296
     292
     272
     298
     306
     298
     311
     299
     275
     303
     284
     271
     292
     277
     284
     253
     263
     285
     323
     301
     294
     333
     327
     271
     291
     319
     305
     284
     303
     298
     282
     298
     299
     282
     298
     303
     298
     306
     310
     289
     306
     273
     285
     315
     299
     318
     262
     274
     298
     300
     325
     310
     308
     286
     306
     286
     303
     288
     283
     295
     294
     326
     313
     304
     307
     310
     296
     258
     318
     314
     280
     311
     307
     310
     294
     302
     295
     310
     291
     333
     312
     313
     302
     300
     301
     290
     296
     279
     302
     323
     276
     330
     287
     315
     321
     282
     277
     278
     340
     332
     297
     321
     296
     311
     296
     304
     296
     307
     324
     316
     295
     305
     309
     315
     329
     315
     290
     300
     316
     305
     294
     320
     300
     312
     304
     282
     309
     308
     277
     317
     283
     290
     320
     282
     299
     286
     315
     293
     309
     284
     302
     283
     309
     326
     355
     299
     314
     320
     362
     280
     324
     337
     303
     293
     292
     297
     287
     308
     297
     309
     337
     303
     315
     329
     309
     281
     291
     325
     307
     297
     295
     323
     316
     294
     290
     323
     321
     318
     319
     306
     334
     296
     333
     308
     318
     295
     326
     310
     297
     301
     313
     310
     318
     290
     324
     282
     326
     337
     316
     302
     362
     290
     321
     273
     321
     283
     340
     314
     287
     341
     360
     309
     339
     292
     313
     332
     331
     327
     334
     328
     307
     328
     329
     336
     277
     314
     320
     308
     286
     334
     306
     340
     355
     322
     309
     316
     295
     329
     310
     297
     343
     303
     345
     327
     321
     306
     311
     346
     348
     283
     367
     319
     309
     334
     331
     348
     347
     348
     346
     342
     327
     314
     356
     317
     325
     300
     338
     301
     331
     312
     338
     343
     310
     357
     333
     348
     324
     301
     348
     341
     326
     294
     321
     318
     297
     308
     389
     316
     315
     348
     322
     320
     366
     319
     337
     327
     320
     364
     335
     317
     317
     346
     298
     349
     349
     314
     308
     358
     322
     328
     330
     313
     335
     328
     329
     345
     324
     331
     331
     351
     344
     345
     356
     334
     357
     311
     330
     329
     341
     328
     354
     364
     343
     325
     298
     347
     378
     381
     327
     316
     343
     333
     333
     325
     343
     339
     339
     344
     348
     346
     321
     349
     367
     344
     323
     337
     346
     332
     342
     362
     354
     361
     345
     349
     356
     342
     342
     330
     333
     327
     353
     341
     315
     343
     339
     402
     343
     396
     350
     393
     353
     328
     355
     346
     356
     323
     367
     393
     344
     350
     372
     371
     340
     339
     380
     347
     354
     352
     356
     310
     337
     367
     343
     328
     345
     358
     356
     375
     349
     337
     343
     337
     352
     352
     371
     362
     367
     381
     370
     356
     351
     388
     373
     370
     338
     364
     399
     350
     340
     360
     394
     363
     345
     355
     363
     357
     368
     349
     370
     388
     390
     367
     358
     349
     382
     368
     363
     382
     381
     355
     372
     410
     374
     352
     349
     374
     377
     386
     368
     348
     402
     385
     349
     353
     365
     393
     364
     377
     368
     389
     367
     359
     357
     336
     411
     418
     350
     359
     378
     351
     393
     374
     361
     391
     381
     347
     396
     360
     393
     386
     395
     385
     404
     354
     375
     369
     396
     341
     373
     383
     408
     363
     389
     353
     375
     369
     362
     390
     383
     376
     385
     375
     351
     377
     390
     414
     393
     367
     428
     376
     371
     407
     410
     346
     355
     407
     395
     367
     382
     374
     354
     357
     394
     395
     431
     395
     382
     348
     413
     383
     401
     376
     367
     358
     389
     350
     388
     379
     384
     415
     400
     406
     429
     381
     352
     391
     387
     375
     364
     357
     339
     413
     344
     336
     377
     379
     392
     378
     389
     346
     362
     362
     393
     397
     338
     404
     388
     374
     402
     371
     371
     391
     382
     373
     365
     414
     355
     398
     383
     384
     371
     354
     383
     395
     358
     363
     382
     345
     363
     373
     356
     386
     385
     351
     355
     348
     353
     345
     350
     379
     350
     315
     325
     349
     340
     324
     356
     339
     330
     303
     321
     340
     334
     333
     317
     284
     331
     312
     303
     343
     303
     325
     324
     293
     342
     316
     313
     332
     306
     328
     284
     297
     249
     292
     300
     290
     275
     289
     268
     301
     313
     301
     263
     275
     277
     267
     286
     284
     272
     253
     265
     256
     265
     248
     233
     280
     260
     275
     267
     250
     277
     245
     266
     247
     261
     254
     223
     238
     267
     252
     243
     234
     249
     229
     239
     239
     262
     227
     240
     220
     238
     207
     240
     240
     221
     223
     255
     230
     241
     215
     245
     219
     234
     228
     216
     238
     239
     215
     228
     265
     238
     241
     228
     195
     194
     199
     215
     201
     216
     218
     232
     199
     214
     211
     225
     226
     205
     224
     207
     206
     201
     222
     229
     207
     208
     195
     219
     214
     210
     233
     200
     218
     221
     231
     221
     235
     216
     222
     234
     202
     230
     220
     199
     225
     218
     212
     211
     232
     203
     217
     209
     201
     215
     200
     183
     215
     190
     226
     225
     192
     224
     180
     192
     179
     198
     202
     185
     186
     197
     218
     193
     215
     208
     217
     183
     193
     188
     230
     195
     216
     182
     217
     191
     190
     205
     176
     160
     199
     193
     165
     220
     181
     172
     199
     214
     186
     185
     194
     180
     180
     205
     196
     194
     211
     187
     165
     168
     165
     186
     183
     196
     177
     213
     211
     168
     195
     211
     183
     202
     209
     170
     180
     171
     166
     173
     168
     176
     180
     178
     168
     183
     186
     176
     177
     191
     165
     177
     191
     150
     181
     186
     167
     179
     182
     192
     163
     165
     174
     154
     188
     177
     200
     212
     176
     177
     211
     192
     168
     154
     181
     167
     157
     144
     169
     173
     167
     181
     147
     181
     209
     159
     167
     168
     156
     192
     159
     185
     176
     167
     176
     174
     157
     145
     157
     152
     178
     135
     149
     142
     173
     185
     175
     142
     133
     149
     167
     152
     163
     149
     164
     139
     160
     154
     169
     152
     163
     164
     154
     165
     159
     157
     146
     154
     174
     163
     155
     164
     150
     145
     159
     180
     160
     143
     145
     140
     148
     152
     145
     144
     158
     165
     172
     147
     149
     156
     166
     128
     156
     154
     183
     148
     153
     143
     141
     141
     157
     144
     165
     128
     158
     168
     157
     138
     138
     162
     137
     142
     150
     142
     157
     149
     156
     151
     149
     151
     133
     154
     143
     149
     122
     137
     134
     160
     149
     146
     142
     125
     156
     148
     144
     165
     145
     154
     165
     152
     149
     148
     124
     132
     138
     128
     154
     143
     143
     143
     131
     143
     142
     134
     161
     121
     131
     132
     120
     130
     135
     139
     142
     152
     139
     140
     118
     144
     139
     120
     147
     130
     157
     141
     154
     130
     134
     130
     133
     143
     129
     143
     157
     126
     151
     122
     148
     131
     127
     146
     127
     116
     141
     124
     115
     156
     151
     142
     130
     127
     146
     165
     132
     140
     167
     109
     152
     129
     125
     146
     124
     135
     138
     138
     133
     127
     123
     120
     141
     143
     133
     118
     137
     136
     135
     128
     134
     122
     127
     144
     132
     123
     130
     123
     137
     138
     128
     125
     108
     115
     150
     126
     134
     133
     121
     100
     121
     129
     118
     110
     114
     120
     145
     137
     119
     109
     113
     135
     114
     120
     114
     120
     110
     128
     127
     125
     133
     130
     105
     124
     111
     121
     129
     108
     136
     135
     122
     127
     113
     117
     118
     135
     126
     128
     123
     125
     131
     123
     131
     120
     132
     115
     118
     126
      98
     133
     121
     125
     134
     120
     128
     133
     126
     101
     101
     134
     116
     112
     120
     131
     137
     126
     117
     100
      86
     140
      92
     132
     109
     107
     127
     121
     105
     100
     108
     112
     115
     116
     104
     110
     115
      97
     101
     107
      95
     122
     105
     106
     107
     100
      99
     107
     105
     110
     102
     133
     116
     107
     114
     103
      96
     124
     118
     110
     105
      97
     129
     115
     107
      89
     105
     120
     112
     100
      95
     114
     100
     121
      87
     119
      86
      99
     111
     109
      90
      89
     104
      83
     111
     104
     106
     105
      86
     118
     107
     106
     103
     115
     105
      94
      93
     105
      99
      97
      84
     108
     104
      90
      99
     105
     108
      92
     109
      97
      95
      98
     112
      97
      85
      99
     101
     117
     115
      92
      97
     103
     102
      96
      90
     104
     121
     104
     108
      91
     111
      84
      93
     113
     104
     102
      92
      88
      89
     110
      97
     101
     118
      94
      78
      96
      89
     108
      80
      83
      96
      96
      89
      93
      99
     108
      97
     110
      82
      87
      83
      92
      87
      78
      87
     107
     100
      94
      90
      91
      99
      89
     103
      96
     101
     120
      97
      90
      81
      89
      81
     104
     105
      86
      86
      99
      83
     104
      94
     105
      90
      94
      88
      91
     108
      95
      97
      91
      88
     103
      84
      98
     101
      87
     109
      79
      82
      86
      98
     105
      84
      95
     104
     100
     104
      97
      90
     103
      75
      99
      91
     113
      86
      89
      86
      80
      81
      92
      99
      64
      86
      93
      92
      82
      79
      85
      83
      78
      85
      92
      86
      85
      83
      88
     100
      83
      89
      95
      94
      92
      88
      77
      69
      91
     104
      78
     100
      93
      78
      78
      81
      96
      84
      74
      86
      83
      84
     103
      78
      93
      96
      85
      87
      88
      95
      95
     105
      93
      89
     101
      68
      87
      75
      82
      81
      84
      85
      98
      88
     100
      89
      93
      83
      93
      83
     100
      83
      73
      83
      79
      94
      62
      83
      81
      93
     103
      85
      82
      89
     104
      94
      86
      76
      76
      83
      89
      91
     101
     101
      68
      97
      69
      91
      80
      92
      79
      97
     100
      90
      81
      86
      91
      87
      95
      81
     108
      81
      95
     102
      68
      76
      78
      84
      81
      92
      82
      93
      65
      84
      96
      93
      83
      86
      87
      98
      88
      91
      99
      96
      73
      77
      92
      95
      84
      84
      80
      79
      86
      75
      90
      81
      86
      68
      98
      91
      81
      86
      86
      85
      74
      81
      90
      79
      87
      89
      83
      81
      83
      84
      64
      92
      89
      79
      71
      80
      84
      75
      76
     106
      98
      87
      98
      97
      78
      86
      88
      86
      82
      83
      77
      96
      81
      77
      77
      79
      76
      95
      92
      87
      86
      80
      77
      93
      89
      90
      90
      69
      90
      97
      67
      83
      83
      89
      70
      75
      75
      87
      81
      91
      66
      71
      87
      92
      80
      83
      89
      76
      69
      93
      78
      95
      74
      71
      93
      90
      94
      73
      90
      89
      74
      83
      75
      78
      80
      82
      78
      85
      86
      71
      79
      84
      75
      76
      70
      71
      83
      95
      84
      90
      72
      84
      88
      82
      78
      82
      88
      84
      58
      74
      84
      73
      77
      86
      86
      96
      80
      79
      84
      88
      96
      77
      79
      78
      84
      96
     102
      74
      87
      76
      77
      68
      89
      81
      88
      78
      82
      79
      79
      83
      94
      72
      85
      83
      95
      73
      96
      72
      79
      81
      87
      82
      72
      84
      79
      99
      96
      69
      92
      83
      88
      69
      97
      77
      99
      81
      91
      80
      70
      91
      75
      65
      60
      88
      79
      64
      98
      71
      82
      96
      71
      85
      81
      85
      65
      87
      64
      67
      91
      81
      78
      92
      85
      98
      84
      88
      79
      76
      79
      75
      82
      86
      84
      77
      74
      80
      95
      68
      85
      72
      77
      88
      79
      80
      85
      91
      90
      73
      94
      70
      85
      83
      62
      99
      72
      79
      76
      94
      82
      79
      84
      89
      84
      94
      82
      97
      81
      87
      95
      80
      92
      83
      77
      84
      87
      71
      85
      89
      85
     105
      95
      85
      72
      88
      72
      73
      75
      61
      76
      86
      81
      80
      92
      71
      75
      85
      77
      92
      95
      95
      88
      86
      69
      82
      89
      81
      71
      77
      78
      88
      84
      90
      80
      92
      77
      74
      71
      81
      65
      92
      92
      85
      92
      75
      74
      81
      84
      70
      52
      90
      95
      63
      98
      72
      68
      68
      65
      86
      66
      76
      75
      77
      66
      77
      74
      82
      81
      88
      73
      80
      79
      68
      77
      96
      82
      72
      89
      74
      74
      98
      90
      76
      87
      64
      78
      74
      82
      87
      72
      89
      91
      74
      86
      76
      74
      82
      70
      83
      80
      86
      72
      59
      77
      79
      97
      78
      78
      60
      77
      72
      68
     103
      73
      93
      88
      79
      85
      93
      89
      68
      76
      92
      76
      80
      88
      85
      76
      94
      72
     100
      82
      83
      69
      96
      83
      74
      80
      79
      82
      71
      79
      82
      79
      78
      63
      70
      80
      78
      73
      84
      83
      84
      73
      86
      80
      59
      80
      89
      83
      68
      78
      74
      86
      74
      76
      84
      83
      69
      86
      69
      79
      89
      64
      86
      76
      78
      68
      93
      81
      80
      76
      84
      82
      86
      86
      76
      92
      72
      83
      69
      82
     103
      79
      86
      75
      95
      89
      85
      95
      82
      93
      68
      86
      79
      85
      82
      79
      76
      79
      67
      91
      92
      87
     104
      76
      87
      65
      74
      76
      71
      87
      76
      66
      85
      77
      91
      61
      71
      90
      79
      81
      81
      82
      91
      72
      64
      85
     104
      81
      75
      83
      83
      79
      88
      92
      66
      76
      81
      67
      96
      73
      85
      82
      76
      80
      83
      81
      79
      73
      90
      89
      64
      69
      75
      94
      88
      76
      76
      82
      78
      73
      81
      77
      67
      64
      84
      76
      87
      69
      87
      80
      75
      77
      76
      71
      81
      80
      88
      77
      79
     104
      77
      91
      89
      78
      88
      69
      79
      72
      68
      96
      78
      76
      82
      72
      73
      89
      72
      91
      63
      80
      75
      82
      75
      84
      65
      72
      83
      74
      70
      80
      76
      74
      87
      75
      93
      85
      76
     104
      79
      84
      83
      76
      92
      77
      88
      80
      80
      77
      82
      99
      80
      73
      95
      92
      88
      81
      98
      80
      83
      85
     101
      92
      82
      63
      72
      91
      78
      75
      75
      88
      85
      96
      77
     117
      89
      94
      84
      90
     100
      68
      71
      91
      90
      75
      81
      89
      85
      86
      88
      68
     101
      93
     101
      84
     106
      99
      77
      80
      98
      84
      86
      91
      87
      76
      88
      80
      94
      94
      81
      93
      85
      98
      74
      99
      87
      92
      93
      99
      88
     102
      93
      85
      98
      86
      65
      92
      87
     102
      84
      97
      90
      93
      91
      83
     105
      92
      86
      78
      80
     102
      95
      97
     113
      87
      91
     114
      91
      83
      90
      81
     108
      97
      79
      84
     109
      91
      79
     101
      91
      89
      73
      86
     113
      95
      98
      95
      76
      94
      92
     104
     104
     108
      86
     109
     124
      86
     116
     118
     101
      97
      82
     110
     102
      94
     105
     112
     101
     103
     100
     107
      99
     113
     120
     108
     108
     110
     103
     102
     106
     108
     111
     102
     126
     120
     132
     130
     117
     136
     118
     168
     141
     146
     135
     151
     150
     182
     161
     191
     204
     192
     225
     258
     241
     253
     270
     326
     307
     351
     425
     424
     454
     517
     591
     628
     737
     891
    1066
    1129
    1267
    1452
    1759
    1997
    2332
    2674
    3021
    3514
    4166
    4567
    5298
    5904
    6539
    7507
    8142
    8823
    9475
    9871
   10728
   11098
   11731
   12100
   12452
   12624
   12650
   12833
   12839
   12706
   12585
   12410
   11983
   11646
   11037
   10614
   10129
    9295
    8970
    8032
    7350
    6766
    5927
    5285
    4648
    3946
    3464
    2761
    2408
    1948
    1622
    1374
    1075
     872
     719
     636
     516
     420
     404
     341
     330
     263
     236
     246
     204
     193
     197
     179
     178
     157
     155
     131
     144
     114
     105
      96
     104
     109
     104
     106
     128
      89
      94
      94
      73
      86
      89
      72
      88
      78
      76
      63
      66
      67
      77
      69
      60
      99
      71
      80
      69
      62
      81
      75
      72
      63
      56
      51
      72
      68
      72
      78
      64
      76
      66
      59
      56
      61
      59
      67
      53
      56
      67
      70
      65
      61
      65
      64
      70
      66
      82
      48
      54
      55
      48
      55
      60
      44
      72
      54
      51
      52
      62
      57
      59
      67
      44
      54
      49
      44
      59
      48
      53
      63
      72
      54
      54
      44
      60
      57
      54
      58
      45
      65
      71
      52
      64
      56
      50
      57
      64
      48
      58
      49
      58
      64
      55
      48
      50
      52
      49
      47
      46
      48
      50
      55
      53
      52
      49
      46
      59
      71
      45
      58
      49
      45
      46
      39
      54
      52
      46
      41
      49
      45
      39
      41
      48
      60
      57
      54
      38
      60
      53
      52
      49
      47
      44
      48
      47
      66
      53
      45
      48
      60
      53
      50
      70
      44
      47
      51
      59
      51
      36
      56
      49
      45
      50
      49
      50
      53
      49
      42
      48
      60
      53
      41
      43
      53
      53
      50
      59
      42
      53
      42
      54
      43
      54
      44
      43
      46
      55
      43
      44
      42
      44
      54
      53
      65
      36
      48
      52
      43
      48
      35
      44
      47
      46
      36
      38
      54
      37
      46
      50
      44
      56
      46
      39
      50
      47
      45
      52
      42
      49
      45
      46
      35
      50
      43
      43
      50
      37
      50
      45
      43
      46
      57
      47
      48
      44
      40
      43
      59
      41
      46
      43
      54
      53
      53
      41
      42
      56
      43
      40
      43
      35
      47
      49
      48
      51
      42
      47
      44
      42
      46
      29
      46
      43
      48
      45
      52
      44
      42
      44
      49
      48
      46
      45
      42
      35
      48
      37
      38
      44
      32
      48
      45
      45
      51
      46
      38
      43
      56
      47
      37
      46
      50
      36
      49
      48
      46
      38
      37
      37
      48
      47
      52
      55
      48
      43
      55
      45
      42
      47
      29
      42
      32
      39
      37
      43
      45
      54
      38
      54
      64
      39
      45
      37
      44
      37
      36
      44
      49
      40
      44
      39
      35
      52
      40
      53
      54
      41
      39
      28
      54
      34
      52
      40
      53
      38
      55
      40
      48
      42
      33
      59
      37
      44
      46
      45
      36
      47
      43
      36
      44
      40
      40
      53
      39
      39
      40
      39
      40
      38
      32
      43
      52
      44
      53
      43
      47
      41
      47
      48
      46
      27
      31
      34
      48
      48
      44
      44
      42
      30
      36
      50
      48
      53
      39
      31
      47
      40
      51
      47
      46
      40
      42
      57
      35
      35
      36
      45
      36
      43
      48
      46
      41
      35
      34
      31
      56
      47
      51
      56
      36
      42
      50
      47
      42
      51
      40
      52
      38
      37
      38
      43
      43
      34
      41
      42
      37
      51
      44
      39
      42
      46
      35
      36
      38
      36
      36
      46
      39
      39
      47
      48
      62
      37
      35
      37
      38
      41
      45
      54
      39
      49
      41
      47
      50
      36
      43
      32
      39
      36
      39
      41
      55
      46
      37
      47
      44
      41
      41
      49
      41
      46
      53
      35
      46
      45
      41
      45
      48
      43
      38
      43
      40
      52
      30
      54
      37
      34
      33
      36
      46
      38
      51
      36
      40
      45
      39
      54
      44
      33
      48
      42
      38
      55
      34
      35
      39
      38
      41
      49
      47
      47
      36
      52
      39
      38
      34
      50
      41
      49
      39
      42
      51
      38
      47
      37
      45
      35
      47
      45
      38
      40
      34
      35
      22
      35
      32
      32
      41
      34
      44
      39
      40
      43
      28
      38
      41
      38
      43
      36
      44
      48
      46
      40
      49
      40
      51
      33
      41
      44
      34
      52
      47
      42
      33
      38
      30
      34
      35
      31
      31
      30
      40
      43
      43
      48
      34
      44
      37
      36
      44
      37
      38
      43
      39
      42
      55
      32
      33
      41
      50
      34
      42
      54
      43
      39
      42
      37
      37
      35
      37
      36
      38
      40
      56
      35
      39
      42
      34
      49
      39
      32
      46
      33
      38
      45
      33
      40
      39
      39
      55
      42
      37
      47
      37
      52
      62
      35
      37
      46
      32
      55
      31
      43
      45
      34
      39
      36
      38
      29
      38
      45
      46
      46
      39
      38
      43
      50
      44
      50
      32
      47
      28
      47
      42
      38
      47
      46
      44
      34
      39
      45
      51
      51
      49
      44
      40
      52
      31
      28
      38
      46
      35
      39
      45
      50
      43
      51
      37
      35
      33
      38
      33
      37
      29
      47
      41
      35
      49
      40
      40
      37
      54
      29
      43
      39
      42
      36
      28
      37
      43
      35
      44
      48
      35
      42
      40
      48
      41
      45
      41
      38
      43
      43
      44
      43
      37
      46
      42
      41
      38
      33
      39
      33
      40
      35
      47
      46
      40
      41
      43
      40
      40
      30
      45
      36
      49
      44
      36
      28
      46
      31
      31
      29
      54
      39
      41
      40
      40
      45
      38
      37
      32
      41
      45
      34
      42
      36
      38
      42
      28
      42
      48
      32
      27
      42
      42
      40
      36
      40
      38
      36
      44
      39
      26
      32
      40
      49
      40
      43
      31
      40
      36
      35
      40
      34
      28
      36
      44
      41
      42
      43
      37
      40
      51
      40
      38
      42
      44
      37
      35
      35
      34
      45
      32
      46
      50
      33
      45
      35
      42
      33
      35
      44
      36
      47
      42
      32
      41
      34
      38
      36
      40
      35
      45
      35
      38
      47
      47
      39
      36
      33
      38
      29
      49
      47
      35
      38
      39
      30
      47
      40
      35
      46
      39
      43
      37
      34
      34
      47
      42
      31
      42
      47
      33
      41
      33
      37
      35
      48
      49
      50
      37
      46
      45
      30
      33
      38
      35
      40
      52
      32
      33
      43
      35
      38
      34
      39
      38
      40
      42
      33
      40
      38
      48
      43
      46
      34
      33
      34
      42
      23
      36
      38
      40
      37
      41
      36
      43
      29
      45
      43
      46
      45
      44
      46
      36
      36
      36
      27
      42
      37
      34
      53
      33
      38
      36
      44
      39
      41
      52
      50
      47
      35
      47
      46
      44
      58
      50
      43
      62
      48
      55
      55
      43
      55
      45
      37
      54
      42
      46
      50
      48
      43
      35
      37
      33
      43
      44
      29
      31
      43
      43
      35
      51
      32
      32
      34
      42
      40
      40
      47
      29
      40
      24
      47
      45
      41
      52
      44
      56
      35
      53
      42
      36
      51
      42
      44
      40
      39
      37
      49
      41
      27
      29
      33
      36
      39
      40
      50
      40
      39
      35
      37
      48
      36
      41
      46
      47
      45
      28
      41
      35
      38
      40
      34
      33
      27
      44
      41
      35
      41
      36
      45
      36
      32
      58
      35
      43
      56
      39
      30
      37
      41
      38
      34
      31
      37
      35
      46
      40
      34
      33
      36
      39
      40
      33
      40
      36
      37
      39
      36
      45
      41
      40
      52
      45
      39
      42
      29
      46
      25
      39
      41
      39
      37
      30
      46
      41
      48
      35
      39
      38
      40
      37
      44
      44
      37
      35
      28
      47
      36
      35
      43
      30
      46
      45
      33
      29
      17
      42
      44
      40
      40
      48
      47
      40
      21
      42
      39
      41
      32
      41
      33
      46
      27
      46
      34
      44
      34
      40
      43
      36
      39
      44
      49
      35
      37
      40
      39
      33
      35
      46
      31
      38
      44
      35
      44
      41
      51
      54
      46
      32
      46
      27
      30
      35
      35
      35
      36
      39
      37
      45
      37
      41
      43
      45
      46
      39
      39
      36
      32
      32
      40
      34
      34
      42
      41
      45
      28
      36
      42
      41
      31
      44
      44
      33
      33
      30
      30
      49
      33
      32
      35
      41
      22
      42
      33
      41
      39
      50
      48
      35
      41
      34
      37
      37
      44
      51
      47
      53
      31
      44
      32
      44
      28
      40
      37
      45
      33
      34
      39
      34
      44
      40
      29
      33
      30
      50
      27
      56
      40
      32
      35
      47
      36
      42
      32
      37
      36
      43
      25
      40
      44
      32
      28
      40
      37
      46
      32
      37
      38
      29
      32
      41
      40
      39
      43
      35
      51
      35
      35
      33
      42
      42
      32
      37
      36
      43
      37
      43
      31
      33
      46
      49
      36
      42
      42
      47
      39
      32
      38
      39
      40
      46
      34
      25
      30
      33
      34
      46
      32
      52
      35
      25
      43
      30
      32
      36
      39
      42
      40
      37
      37
      28
      45
      46
      37
      32
      38
      44
      42
      45
      33
      42
      46
      39
      43
      35
      27
      44
      35
      34
      43
      43
      42
      41
      42
      33
      42
      43
      44
      42
      39
      22
      39
      46
      37
      39
      35
      40
      37
      35
      43
      36
      42
      36
      34
      29
      39
      39
      43
      57
      38
      26
      29
      36
      42
      43
      33
      46
      40
      31
      22
      40
      44
      40
      38
      38
      40
      39
      36
      31
      38
      40
      35
      36
      49
      38
      42
      33
      43
      24
      36
      45
      41
      32
      40
      41
      42
      45
      33
      38
      39
      36
      40
      40
      34
      37
      37
      37
      48
      38
      30
      39
      33
      46
      38
      36
      41
      40
      37
      38
      35
      42
      24
      34
      29
      42
      29
      45
      29
      42
      44
      34
      47
      32
      35
      48
      50
      42
      49
      36
      42
      24
      33
      43
      34
      44
      35
      36
      37
      42
      33
      37
      24
      37
      33
      42
      39
      45
      42
      47
      33
      37
      37
      53
      29
      34
      27
      43
      32
      33
      28
      49
      50
      44
      39
      40
      41
      43
      39
      48
      39
      36
      30
      53
      33
      49
      44
      38
      52
      37
      44
      32
      48
      42
      40
      38
      47
      22
      52
      42
      38
      46
      39
      33
      43
      37
      31
      34
      30
      30
      46
      32
      30
      40
      45
      30
      48
      28
      28
      34
      34
      33
      41
      39
      32
      39
      38
      38
      35
      32
      34
      37
      42
      36
      38
      31
      25
      44
      41
      28
      48
      35
      36
      33
      35
      28
      28
      48
      43
      32
      42
      44
      40
      44
      41
      42
      49
      47
      35
      38
      42
      36
      35
      34
      34
      46
      46
      42
      30
      37
      39
      45
      37
      36
      39
      36
      39
      42
      35
      41
      39
      40
      49
      45
      31
      42
      41
      38
      38
      46
      32
      34
      43
      34
      43
      33
      48
      35
      32
      36
      29
      41
      37
      38
      39
      31
      33
      31
      51
      40
      42
      44
      38
      26
      35
      35
      41
      42
      48
      36
      50
      40
      56
      38
      41
      33
      38
      38
      34
      46
      38
      31
      45
      51
      29
      36
      44
      42
      42
      32
      42
      32
      27
      43
      46
      37
      43
      38
      47
      48
      36
      40
      43
      40
      34
      34
      36
      35
      42
      33
      42
      38
      41
      38
      34
      33
      42
      40
      41
      31
      37
      35
      53
      42
      42
      42
      34
      34
      46
      33
      47
      37
      35
      33
      48
      38
      47
      40
      49
      36
      43
      37
      34
      41
      40
      37
      42
      35
      40
      38
      39
      42
      36
      42
      23
      32
      40
      47
      39
      31
      42
      47
      49
      33
      37
      33
      31
      42
      42
      35
      31
      48
      44
      44
      38
      38
      43
      34
      34
      39
      53
      38
      33
      52
      32
      38
      36
      42
      36
      37
      38
      48
      36
      30
      28
      47
      38
      41
      35
      44
      40
      28
      39
      36
      41
      37
      24
      47
      31
      40
      47
      50
      32
      32
      34
      43
      35
      49
      37
      35
      41
      40
      52
      31
      51
      27
      40
      34
      38
      38
      43
      38
      37
      44
      41
      35
      31
      31
      32
      39
      37
      36
      48
      38
      42
      47
      41
      33
      42
      44
      43
      44
      36
      39
      36
      42
      47
      42
      39
      40
      50
      43
      42
      33
      28
      31
      32
      41
      45
      32
      41
      28
      46
      37
      43
      36
      24
      43
      43
      41
      38
      44
      36
      32
      35
      55
      33
      35
      26
      41
      33
      35
      34
      40
      43
      31
      52
      37
      48
      49
      41
      39
      40
      41
      30
      34
      36
      39
      31
      37
      33
      30
      42
      37
      43
      47
      39
      43
      40
      27
      29
      33
      38
      33
      50
      37
      44
      34
      44
      42
      33
      40
      45
      28
      43
      32
      39
      30
      32
      53
      46
      37
      43
      35
      38
      48
      37
      46
      45
      52
      40
      39
      34
      36
      41
      43
      39
      48
      40
      41
      38
      34
      38
      28
      45
      36
      44
      36
      43
      41
      32
      41
      44
      39
      43
      37
      47
      41
      26
      29
      35
      40
      32
      39
      30
      43
      46
      43
      34
      30
      45
      39
      36
      36
      44
      45
      42
      42
      39
      43
      39
      45
      52
      35
      27
      25
      31
      38
      47
      48
      38
      41
      28
      37
      43
      34
      27
      47
      35
      47
      36
      45
      32
      46
      36
      33
      38
      45
      39
      40
      38
      46
      42
      38
      46
      38
      48
      38
      45
      47
      37
      29
      30
      47
      42
      38
      30
      38
      45
      27
      40
      33
      29
      49
      27
      23
      36
      39
      36
      36
      45
      33
      46
      40
      44
      39
      37
      45
      36
      42
      43
      33
      45
      32
      41
      43
      44
      41
      43
      33
      29
      36
      41
      42
      25
      38
      32
      33
      46
      49
      38
      34
      42
      34
      37
      38
      33
      36
      33
      58
      35
      41
      39
      39
      56
      30
      44
      39
      35
      35
      43
      44
      33
      48
      34
      41
      54
      47
      38
      39
      33
      35
      38
      51
      41
      45
      39
      43
      39
      44
      50
      47
      45
      35
      54
      43
      54
      43
      36
      36
      43
      34
      31
      51
      47
      36
      42
      37
      23
      46
      33
      35
      37
      36
      39
      38
      28
      36
      47
      39
      35
      41
      41
      45
      50
      41
      33
      50
      30
      36
      35
      29
      36
      43
      34
      44
      36
      30
      31
      40
      37
      40
      44
      38
      29
      32
      46
      41
      31
      49
      49
      34
      35
      41
      37
      39
      45
      42
      45
      49
      38
      40
      38
      42
      39
      38
      45
      35
      40
      49
      29
      41
      41
      41
      47
      41
      46
      41
      43
      42
      48
      30
      42
      35
      41
      45
      41
      47
      50
      41
      45
      44
      31
      39
      43
      44
      32
      35
      34
      37
      39
      37
      30
      30
      33
      34
      32
      42
      39
      43
      36
      43
      44
      35
      36
      43
      28
      42
      27
      46
      30
      20
      45
      28
      45
      43
      38
      44
      34
      35
      28
      41
      33
      43
      34
      41
      37
      45
      32
      45
      31
      32
      35
      34
      35
      47
      35
      41
      31
      40
      45
      27
      41
      33
      41
      36
      38
      41
      43
      37
      37
      34
      44
      33
      41
      47
      28
      46
      42
      35
      32
      42
      51
      54
      33
      40
      40
      33
      32
      34
      34
      38
      24
      48
      43
      48
      40
      43
      35
      34
      51
      32
      30
      32
      42
      48
      50
      42
      33
      39
      48
      33
      43
      47
      37
      48
      34
      38
      38
      41
      42
      37
      40
      46
      51
      41
      35
      40
      28
      37
      41
      39
      35
      51
      38
      39
      41
      39
      45
      38
      43
      37
      40
      42
      35
      39
      41
      50
      28
      45
      44
      46
      34
      33
      42
      33
      36
      39
      42
      44
      39
      29
      33
      34
      44
      44
      37
      45
      39
      54
      27
      54
      34
      27
      36
      33
      35
      44
      42
      40
      48
      46
      31
      33
      45
      40
      38
      29
      33
      55
      48
      40
      44
      43
      38
      40
      46
      47
      40
      37
      40
      35
      41
      38
      33
      38
      32
      38
      39
      36
      36
      33
      42
      39
      43
      35
      32
      29
      34
      41
      30
      35
      44
      34
      40
      37
      22
      45
      48
      50
      40
      37
      31
      44
      44
      41
      41
      40
      31
      48
      41
      37
      40
      37
      35
      34
      38
      37
      51
      38
      45
      54
      34
      47
      45
      45
      35
      36
      38
      46
      30
      44
      34
      36
      52
      47
      46
      33
      41
      38
      45
      26
      41
      44
      32
      39
      36
      46
      51
      49
      26
      51
      33
      44
      35
      45
      45
      38
      38
      46
      39
      45
      39
      48
      38
      37
      47
      37
      43
      23
      31
      30
      41
      40
      51
      36
      48
      46
      43
      32
      40
      56
      43
      42
      41
      42
      41
      46
      50
      42
      40
      55
      42
      46
      45
      36
      42
      39
      53
      43
      53
      45
      51
      54
      48
      47
      34
      43
      65
      48
      42
      39
      40
      42
      37
      47
      44
      46
      40
      39
      47
      45
      32
      42
      44
      52
      31
      43
      50
      40
      38
      46
      23
      49
      42
      40
      54
      43
      32
      45
      47
      36
      41
      31
      34
      38
      56
      49
      39
      33
      31
      63
      33
      37
      41
      42
      47
      35
      49
      32
      35
      46
      50
      40
      51
      47
      39
      41
      52
      37
      47
      44
      29
      45
      29
      35
      35
      30
      37
      27
      35
      36
      41
      23
      39
      31
      35
      53
      46
      47
      31
      41
      34
      29
      37
      39
      47
      52
      42
      42
      36
      43
      40
      45
      40
      48
      41
      40
      36
      36
      29
      39
      45
      45
      33
      40
      38
      43
      44
      49
      36
      39
      43
      46
      39
      34
      27
      48
      40
      39
      39
      32
      25
      35
      27
      37
      39
      43
      36
      53
      38
      48
      34
      30
      37
      46
      42
      33
      39
      32
      34
      35
      42
      36
      36
      47
      33
      40
      53
      36
      33
      35
      39
      33
      42
      40
      51
      35
      29
      42
      40
      53
      50
      50
      34
      37
      43
      40
      50
      43
      37
      49
      44
      45
      33
      25
      44
      41
      40
      40
      48
      45
      34
      39
      42
      29
      32
      35
      37
      36
      50
      35
      47
      34
      46
      43
      38
      39
      37
      49
      42
      39
      43
      34
      38
      35
      31
      22
      41
      43
      50
      44
      42
      33
      42
      41
      52
      49
      43
      36
      37
      30
      51
      34
      43
      37
      33
      24
      35
      25
      51
      35
      38
      42
      44
      37
      44
      41
      43
      37
      45
      36
      41
      42
      35
      40
      43
      41
      53
      44
      39
      54
      45
      38
      38
      31
      37
      48
      52
      38
      57
      50
      32
      45
      46
      44
      44
      49
      37
      37
      29
      36
      32
      48
      50
      40
      35
      38
      39
      31
      41
      37
      39
      36
      46
      31
      34
      57
      44
      42
      44
      39
      45
      41
      30
      45
      41
      32
      42
      36
      35
      43
      39
      51
      44
      46
      40
      37
      40
      36
      38
      31
      46
      31
      34
      40
      45
      36
      36
      49
      47
      47
      44
      42
      51
      49
      53
      45
      43
      47
      48
      38
      47
      39
      46
      34
      41
      60
      38
      36
      46
      40
      39
      31
      45
      44
      33
      48
      38
      55
      41
      42
      42
      41
      38
      50
      40
      48
      33
      45
      55
      40
      41
      41
      36
      37
      37
      39
      43
      43
      46
      36
      48
      32
      38
      37
      52
      37
      38
      36
      36
      36
      40
      38
      34
      42
      34
      36
      35
      51
      45
      26
      42
      33
      56
      37
      39
      36
      46
      43
      48
      38
      31
      28
      50
      43
      43
      53
      51
      37
      39
      29
      37
      41
      40
      55
      44
      36
      36
      42
      40
      39
      39
      39
      44
      36
      47
      43
      34
      37
      38
      53
      40
      35
      46
      39
      38
      46
      37
      50
      54
      48
      44
      55
      49
      43
      35
      47
      40
      52
      48
      35
      41
      45
      33
      46
      51
      43
      48
      28
      40
      43
      41
      49
      47
      44
      33
      52
      37
      42
      37
      42
      37
      37
      44
      34
      46
      30
      39
      44
      46
      41
      35
      45
      37
      53
      39
      48
      39
      43
      52
      53
      45
      32
      38
      40
      35
      41
      48
      45
      34
      44
      44
      34
      45
      40
      39
      42
      26
      39
      48
      34
      47
      47
      46
      29
      31
      34
      43
      42
      33
      40
      45
      33
      45
      56
      39
      40
      46
      48
      38
      34
      30
      48
      51
      48
      42
      43
      37
      39
      39
      45
      42
      35
      44
      50
      47
      35
      34
      47
      33
      40
      38
      38
      37
      42
      40
      52
      52
      47
      41
      50
      43
      29
      35
      50
      45
      49
      44
      53
      34
      42
      40
      37
      54
      31
      40
      49
      42
      39
      40
      33
      37
      45
      32
      30
      47
      39
      46
      35
      34
      56
      39
      44
      44
      32
      35
      39
      49
      43
      50
      30
      46
      52
      46
      27
      38
      32
      30
      50
      36
      42
      37
      41
      42
      40
      35
      43
      47
      37
      39
      39
      38
      32
      46
      39
      41
      54
      41
      41
      47
      41
      43
      53
      50
      46
      50
      29
      47
      44
      35
      48
      36
      38
      44
      35
      48
      44
      51
      38
      50
      37
      35
      50
      45
      36
      47
      30
      51
      26
      35
      36
      50
      43
      32
      45
      46
      39
      47
      36
      42
      39
      38
      48
      26
      34
      46
      46
      37
      54
      35
      45
      49
      42
      37
      47
      50
      44
      49
      54
      43
      28
      36
      38
      35
      47
      37
      35
      42
      39
      49
      47
      39
      31
      39
      39
      42
      36
      44
      45
      42
      50
      44
      47
      44
      32
      31
      43
      51
      48
      49
      52
      38
      46
      37
      45
      30
      38
      33
      44
      51
      56
      40
      44
      53
      51
      34
      55
      41
      38
      48
      40
      42
      36
      52
      44
      39
      37
      56
      52
      51
      37
      43
      54
      46
      36
      44
      51
      52
      53
      46
      37
      50
      53
      59
      46
      45
      45
      44
      39
      40
      51
      47
      46
      35
      50
      43
      48
      51
      45
      43
      41
      57
      53
      43
      49
      46
      36
      49
      41
      58
      47
      39
      48
      62
      39
      41
      40
      49
      33
      49
      52
      49
      41
      29
      49
      46
      39
      52
      49
      51
      47
      38
      41
      44
      38
      55
      42
      38
      42
      54
      44
      51
      45
      41
      36
      50
      33
      52
      53
      45
      49
      42
      39
      33
      45
      28
      51
      47
      39
      45
      45
      48
      41
      41
      40
      44
      43
      35
      41
      33
      37
      49
      32
      46
      46
      37
      43
      43
      39
      36
      39
      48
      49
      40
      56
      43
      46
      32
      48
      44
      44
      40
      39
      47
      45
      42
      41
      43
      41
      44
      42
      38
      46
      31
      47
      30
      33
      46
      43
      42
      38
      54
      40
      41
      42
      49
      50
      47
      52
      54
      48
      45
      40
      51
      43
      40
      38
      37
      49
      54
      52
      38
      40
      37
      34
      36
      53
      44
      51
      42
      47
      33
      48
      44
      46
      43
      48
      37
      51
      44
      43
      48
      56
      36
      38
      51
      56
      51
      54
      55
      37
      41
      35
      36
      37
      53
      37
      55
      41
      42
      39
      42
      45
      41
      39
      32
      43
      50
      36
      42
      33
      32
      57
      39
      39
      44
      36
      37
      39
      39
      38
      41
      49
      42
      41
      42
      37
      36
      45
      47
      44
      29
      40
      42
      47
      59
      38
      39
      42
      41
      41
      46
      32
      34
      29
      44
      52
      42
      57
      40
      49
      53
      32
      38
      41
      44
      42
      44
      49
      54
      52
      38
      50
      47
      46
      40
      43
      55
      49
      35
      44
      40
      38
      46
      45
      50
      54
      42
      47
      39
      34
      55
      45
      52
      55
      46
      49
      39
      37
      49
      40
      43
      41
      43
      48
      50
      43
      42
      46
      39
      47
      47
      44
      33
      46
      47
      53
      43
      48
      53
      42
      38
      43
      43
      48
      38
      51
      37
      50
      55
      46
      40
      41
      42
      35
      52
      39
      55
      41
      40
      41
      43
      45
      39
      51
      53
      55
      51
      33
      54
      54
      34
      40
      39
      50
      44
      40
      41
      49
      44
      47
      53
      36
      50
      55
      37
      45
      34
      35
      38
      34
      52
      44
      46
      41
      45
      39
      38
      45
      37
      52
      43
      43
      45
      44
      35
      42
      47
      45
      55
      31
      45
      39
      46
      42
      35
      36
      44
      46
      41
      52
      52
      60
      51
      46
      41
      49
      55
      39
      32
      41
      44
      48
      47
      48
      30
      51
      48
      46
      46
      41
      56
      51
      49
      56
      48
      44
      49
      51
      38
      45
      39
      50
      59
      41
      42
      45
      49
      38
      34
      53
      38
      47
      40
      36
      43
      43
      38
      45
      55
      50
      49
      47
      54
      47
      43
      44
      41
      42
      44
      45
      51
      43
      42
      48
      36
      49
      38
      53
      40
      51
      51
      40
      45
      39
      39
      41
      42
      45
      49
      43
      45
      39
      46
      46
      44
      53
      52
      45
      51
      43
      43
      48
      53
      42
      49
      42
      48
      39
      67
      44
      43
      39
      46
      53
      38
      40
      47
      51
      54
      46
      48
      65
      52
      42
      43
      49
      47
      49
      46
      42
      43
      45
      48
      45
      41
      49
      47
      45
      47
      46
      53
      52
      46
      39
      46
      45
      37
      48
      46
      25
      37
      50
      36
      45
      50
      51
      54
      42
      55
      37
      35
      52
      49
      58
      32
      54
      44
      43
      44
      49
      55
      50
      51
      54
      41
      59
      32
      35
      59
      44
      49
      47
      31
      41
      49
      46
      44
      47
      43
      54
      43
      64
      40
      51
      52
      45
      49
      48
      57
      53
      49
      42
      45
      58
      46
      51
      44
      52
      43
      34
      45
      54
      53
      48
      51
      43
      36
      40
      43
      57
      42
      51
      44
      50
      58
      39
      45
      40
      42
      52
      49
      39
      40
      42
      44
      48
      47
      30
      44
      46
      62
      46
      49
      36
      56
      46
      38
      42
      48
      42
      43
      47
      43
      50
      46
      57
      41
      51
      50
      51
      48
      55
      50
      42
      44
      56
      62
      58
      49
      48
      57
      44
      47
      48
      39
      48
      40
      60
      46
      60
      33
      47
      46
      41
      51
      46
      60
      62
      40
      40
      59
      52
      60
      49
      46
      42
      42
      46
      50
      49
      55
      54
      56
      52
      44
      46
      52
      56
      39
      48
      47
      50
      50
      65
      51
      45
      51
      46
      57
      36
      54
      56
      38
      51
      51
      59
      54
      53
      50
      55
      49
      56
      59
      53
      39
      56
      44
      52
      41
      60
      52
      52
      52
      50
      50
      44
      55
      57
      46
      44
      42
      45
      53
      56
      56
      45
      49
      51
      58
      47
      48
      35
      46
      46
      55
      48
      48
      39
      37
      49
      51
      42
      56
      48
      46
      43
      54
      47
      45
      56
      53
      54
      52
      50
      54
      36
      46
      53
      48
      48
      43
      62
      61
      60
      43
      58
      39
      43
      53
      47
      50
      43
      51
      51
      58
      46
      50
      56
      55
      66
      51
      40
      63
      47
      61
      44
      62
      41
      54
      48
      52
      60
      48
      59
      46
      53
      46
      46
      56
      56
      66
      48
      48
      55
      50
      52
      43
      51
      54
      64
      51
      55
      54
      39
      51
      40
      51
      50
      49
      51
      45
      41
      54
      40
      49
      44
      39
      54
      43
      45
      52
      46
      44
      56
      41
      56
      40
      51
      42
      63
      48
      53
      45
      54
      59
      39
      29
      46
      50
      57
      41
      52
      42
      58
      43
      68
      54
      43
      41
      49
      37
      44
      61
      41
      45
      62
      60
      47
      59
      57
      49
      49
      48
      48
      53
      52
      51
      71
      51
      53
      53
      45
      51
      62
      55
      56
      45
      52
      45
      52
      53
      46
      41
      54
      47
      48
      52
      49
      60
      43
      59
      55
      45
      59
      50
      51
      42
      62
      66
      48
      42
      43
      53
      43
      58
      51
      48
      45
      44
      41
      50
      65
      49
      50
      41
      46
      57
      51
      48
      58
      45
      44
      70
      50
      55
      62
      45
      43
      47
      59
      41
      55
      56
      58
      51
      44
      55
      50
      45
      52
      62
      53
      61
      40
      60
      44
      43
      65
      56
      46
      45
      58
      51
      46
      56
      49
      59
      57
      59
      33
      50
      56
      46
      48
      54
      58
      51
      49
      50
      41
      46
      63
      52
      45
      54
      46
      53
      48
      49
      55
      36
      42
      37
      47
      67
      63
      44
      38
      59
      44
      51
      38
      52
      47
      51
      55
      58
      63
      62
      46
      67
      48
      58
      52
      52
      42
      53
      54
      53
      54
      49
      45
      62
      55
      57
      48
      66
      44
      58
      47
      45
      58
      54
      50
      45
      58
      55
      61
      64
      51
      50
      63
      45
      56
      48
      42
      49
      59
      37
      56
      42
      40
      45
      58
      62
      63
      59
      52
      56
      61
      61
      69
      49
      61
      48
      56
      67
      56
      58
      42
      55
      54
      46
      52
      54
      60
      54
      65
      54
      54
      61
      67
      62
      52
      48
      59
      51
      52
      62
      54
      59
      57
      67
      57
      52
      63
      63
      53
      51
      65
      59
      46
      50
      51
      50
      42
      44
      56
      43
      43
      56
      59
      60
      37
      47
      62
      63
      55
      58
      59
      48
      56
      56
      39
      53
      75
      59
      55
      65
      46
      46
      52
      57
      45
      58
      56
      36
      52
      55
      42
      48
      65
      60
      56
      55
      51
      55
      57
      53
      52
      63
      63
      48
      38
      64
      73
      54
      56
      54
      57
      63
      56
      49
      61
      55
      50
      52
      48
      53
      53
      55
      56
      59
      49
      48
      55
      67
      51
      48
      65
      69
      59
      57
      55
      54
      47
      43
      51
      51
      55
      67
      64
      62
      62
      50
      52
      55
      48
      65
      60
      48
      53
      53
      57
      42
      56
      51
      66
      51
      62
      51
      58
      45
      57
      63
      56
      45
      64
      51
      42
      47
      49
      51
      52
      59
      43
      36
      70
      69
      47
      52
      55
      54
      61
      61
      52
      55
      62
      60
      55
      61
      59
      59
      57
      44
      53
      59
      64
      60
      64
      57
      56
      61
      49
      65
      61
      46
      67
      53
      62
      47
      51
      70
      59
      66
      64
      57
      51
      41
      73
      61
      38
      57
      59
      59
      52
      54
      59
      61
      62
      66
      62
      46
      56
      49
      49
      59
      42
      62
      78
      59
      64
      57
      61
      52
      62
      52
      56
      53
      38
      60
      54
      57
      65
      83
      64
      45
      54
      62
      66
      75
      60
      56
      57
      69
      62
      64
      47
      60
      68
      64
      50
      51
      67
      51
      77
      44
      60
      50
      53
      54
      67
      56
      52
      50
      63
      61
      47
      47
      65
      68
      54
      61
      60
      50
      57
      56
      56
      73
      57
      64
      58
      71
      51
      72
      51
      81
      52
      49
      66
      59
      54
      76
      56
      51
      63
      52
      69
      55
      62
      60
      35
      70
      69
      58
      57
      65
      46
      61
      53
      47
      51
      55
      52
      63
      60
      57
      58
      67
      68
      61
      67
      53
      69
      54
      72
      46
      66
      58
      54
      57
      44
      60
      57
      59
      45
      55
      61
      71
      57
      63
      65
      63
      53
      63
      50
      53
      56
      70
      77
      53
      77
      58
      68
      48
      69
      64
      50
      67
      64
      75
      52
      55
      63
      73
      69
      53
      56
      48
      59
      63
      66
      61
      61
      58
      71
      48
      60
      67
      64
      60
      64
      59
      67
      70
      54
      61
      59
      58
      62
      59
      79
      42
      65
      58
      70
      65
      51
      58
      55
      55
      84
      58
      66
      63
      60
      57
      52
      73
      54
      57
      72
      68
      63
      67
      58
      63
      59
      65
      62
      56
      63
      59
      75
      66
      66
      58
      62
      53
      66
      73
      60
      61
      59
      60
      74
      63
      60
      64
      68
      71
      51
      53
      63
      71
      65
      65
      56
      55
      54
      70
      58
      70
      58
      62
      72
      49
      74
      64
      64
      48
      64
      54
      66
      67
      60
      63
      65
      79
      70
      63
      67
      66
      57
      55
      63
      81
      50
      60
      64
      66
      76
      57
      71
      66
      68
      62
      63
      54
      71
      63
      61
      67
      75
      54
      74
      51
      43
      63
      68
      61
      70
      63
      50
      64
      60
      57
      61
      70
      60
      72
      77
      56
      69
      52
      70
      71
      81
      70
      68
      89
      67
      62
      60
      74
      71
      67
      57
      62
      91
      74
      79
      78
      78
      60
      55
      78
      80
      70
      77
      61
      75
      65
      67
      75
      67
      76
      66
      67
      78
      71
      86
      77
      61
      71
      65
      64
      58
      54
      65
      53
      68
      62
      87
      73
      63
      54
      76
      77
      71
      73
      88
      75
      68
      67
      75
      64
      66
      80
      74
      70
      72
      74
      80
      77
      71
      69
      67
      64
      65
      71
      63
      59
      77
      69
      73
      67
      83
      75
      67
      70
      77
      66
      69
      54
      65
      69
      70
      75
      74
      70
      68
      58
      79
      86
      58
      67
      70
      76
      84
      60
      65
      85
      70
      62
      59
      77
      55
      73
      59
      67
      78
      75
      68
      77
      64
      78
      70
      78
      67
      65
      68
      72
      74
      63
      64
      84
      61
      71
      67
      65
      57
      65
      68
      62
      82
      64
      73
      70
      81
      76
      70
      72
      67
      77
      67
      79
      81
      67
      69
      68
      71
      67
      74
      83
      67
      85
      83
      76
      87
      67
      68
      55
      77
      73
      83
      73
      78
      79
      71
      72
      80
      77
      78
      64
      75
      79
      84
      78
      63
      86
      76
      64
      66
      76
      72
      81
      66
      69
      94
      71
      81
      83
      77
      78
      83
      85
      83
      99
      69
      84
      81
      72
      96
      74
      79
      77
      76
      94
      78
      90
      92
      79
      91
      74
      87
      86
      92
      79
      89
      89
      73
      73
      98
      92
      81
      84
      75
      89
      96
      96
      76
      73
      81
      71
      76
      61
      74
      80
      76
      80
      77
      58
      70
      71
      76
      79
     100
      77
      73
      74
      70
      69
      81
      74
      86
      66
      87
      78
      83
      69
      70
      86
      81
      82
      72
      70
      74
      88
      68
      73
      75
      81
      81
      67
      72
      66
      68
      71
      81
      81
      87
      85
      70
      69
      77
      70
      87
      75
      73
      76
      91
      80
      83
      96
      88
      75
      87
      81
      89
      68
      75
      79
      67
      87
      72
      73
      98
      73
      67
      73
      72
      79
      87
      75
      75
      80
      91
      76
      82
      76
      79
      77
      69
      77
      88
      78
      86
      76
      86
      78
      72
      75
      77
      93
      81
      84
      77
      99
      77
      82
      80
      77
      92
      78
      92
      86
      93
      86
      94
      80
      73
      89
      84
      80
      83
      72
      74
      77
      92
      88
      72
      80
      83
      88
      86
      73
      89
      80
     106
      79
      81
      77
      79
      75
      74
      80
      84
      94
      92
      91
      97
      97
      70
      93
      88
      77
      97
      70
      74
      85
      98
      93
     101
      92
      74
      63
      67
      79
      92
      76
      85
      75
      85
      93
      82
      88
      77
      77
     116
      86
      72
      83
      82
      79
      85
      89
      98
      79
      86
      71
      79
      85
      72
      93
     103
      88
      77
      71
      89
      83
      94
      84
      73
      98
      78
      86
      85
      84
      98
      78
      88
      96
     103
      78
      96
      76
      84
      68
      71
      80
      75
      86
      86
      74
      86
      95
      75
      81
      93
     100
      80
      83
      79
      79
      92
      74
      94
      89
      95
     105
      79
      74
      88
      74
      77
      87
      74
      76
      76
      97
      72
      86
      82
      87
      95
      81
      94
      79
      94
      91
      89
      75
      94
      95
      92
      94
      74
      87
      82
      71
     107
      74
      81
      76
      85
      96
      86
     106
      89
      89
      77
      95
      76
     103
      87
     104
      92
      90
     103
      90
      89
      88
      87
      93
      90
      81
      94
      97
      85
      87
      72
      78
      66
      77
      98
      86
      90
      92
      93
      86
      89
      89
      86
      85
     104
      93
     100
      85
      79
      86
      84
      71
      96
     100
      91
      86
      87
      86
      99
      88
      81
      85
      81
      79
      80
      99
      93
     104
      83
      92
      70
      71
      92
      69
      74
      82
      85
      80
      91
      90
      94
      89
      84
     103
      92
      74
      80
      84
      89
      70
      74
      91
      75
      76
      72
      74
      76
      94
      84
      70
      64
      79
      63
      66
      75
      68
      84
      71
      85
      75
      86
      60
      83
      64
      80
      54
      92
      65
      79
      68
      59
      60
      72
      83
      65
      66
      77
      69
      63
      71
      76
      54
      59
      63
      56
      55
      61
      61
      70
      67
      56
      56
      69
      68
      57
      64
      55
      62
      73
      63
      54
      44
      59
      51
      53
      64
      67
      74
      59
      65
      65
      59
      53
      56
      59
      58
      49
      64
      62
      53
      47
      47
      51
      48
      52
      62
      55
      46
      55
      53
      64
      60
      51
      58
      55
      52
      42
      62
      39
      47
      48
      53
      54
      62
      60
      47
      49
      53
      54
      51
      50
      45
      52
      55
      43
      42
      55
      52
      67
      59
      50
      54
      55
      49
      65
      63
      48
      69
      59
      66
      62
      43
      41
      57
      45
      43
      57
      63
      51
      33
      59
      42
      48
      50
      51
      45
      45
      41
      51
      51
      59
      55
      48
      38
      50
      60
      45
      42
      55
      53
      61
      57
      42
      56
      54
      59
      62
      40
      53
      71
      51
      48
      40
      54
      48
      43
      40
      40
      37
      49
      46
      54
      51
      41
      53
      49
      51
      39
      50
      47
      44
      39
      42
      52
      50
      33
      38
      45
      44
      42
      49
      52
      49
      36
      44
      56
      51
      39
      53
      50
      49
      50
      54
      45
      46
      43
      41
      53
      42
      60
      49
      54
      45
      48
      57
      37
      57
      47
      38
      53
      44
      43
      46
      47
      39
      45
      51
      42
      48
      55
      46
      48
      45
      55
      36
      49
      54
      37
      47
      47
      45
      50
      37
      29
      38
      37
      46
      44
      31
      48
      42
      48
      39
      46
      55
      30
      52
      47
      34
      37
      52
      52
      48
      40
      45
      52
      43
      41
      42
      41
      46
      42
      48
      42
      51
      36
      32
      49
      56
      42
      43
      44
      45
      54
      41
      38
      34
      49
      36
      53
      55
      50
      62
      46
      44
      49
      44
      52
      40
      44
      42
      40
      47
      44
      49
      47
      48
      47
      46
      53
      42
      43
      46
      49
      46
      31
      30
      35
      52
      59
      29
      33
      32
      40
      47
      32
      34
      36
      37
      36
      48
      53
      41
      49
      33
      39
      35
      55
      52
      39
      34
      48
      41
      40
      44
      47
      51
      43
      36
      43
      41
      47
      40
      42
      35
      36
      33
      30
      38
      45
      41
      47
      40
      46
      50
      40
      39
      53
      36
      39
      43
      41
      46
      48
      54
      42
      51
      38
      53
      31
      53
      60
      46
      50
      36
      49
      50
      39
      25
      36
      35
      37
      38
      38
      43
      36
      35
      49
      43
      46
      31
      46
      42
      50
      45
      30
      37
      34
      39
      37
      40
      50
      46
      44
      47
      41
      39
      51
      44
      37
      27
      34
      45
      34
      38
      30
      35
      36
      32
      42
      45
      40
      34
      35
      48
      41
      28
      36
      35
      29
      46
      44
      30
      45
      40
      47
      50
      48
      40
      44
      36
      48
      37
      42
      47
      35
      38
      27
      37
      39
      43
      32
      37
      47
      36
      39
      54
      40
      45
      27
      39
      44
      40
      40
      28
      39
      33
      44
      41
      36
      38
      45
      36
      44
      37
      32
      33
      31
      40
      32
      30
      37
      38
      41
      30
      56
      48
      36
      32
      39
      37
      49
      48
      33
      29
      38
      49
      40
      32
      30
      44
      45
      40
      46
      35
      33
      45
      41
      45
      38
      33
      34
      34
      32
      38
      33
      40
      29
      42
      44
      46
      36
      36
      29
      38
      40
      33
      44
      30
      42
      37
      21
      30
      43
      36
      38
      36
      33
      37
      44
      41
      35
      36
      30
      41
      45
      37
      43
      37
      42
      28
      40
      41
      31
      33
      47
      46
      39
      30
      33
      41
      34
      32
      31
      38
      35
      29
      41
      28
      36
      33
      39
      47
      45
      34
      33
      21
      30
      44
      37
      54
      37
      41
      36
      36
      44
      30
      31
      39
      42
      35
      34
      28
      49
      36
      40
      39
      37
      39
      40
      40
      46
      30
      32
      37
      26
      43
      21
      35
      32
      35
      23
      40
      32
      40
      35
      25
      34
      24
      32
      35
      38
      39
      35
      47
      40
      44
      26
      31
      37
      44
      31
      28
      40
      35
      26
      33
      34
      23
      27
      31
      25
      25
      34
      22
      37
      23
      29
      31
      35
      28
      26
      42
      27
      31
      35
      28
      28
      34
      49
      26
      27
      26
      25
      33
      40
      25
      26
      31
      33
      30
      37
      32
      25
      30
      39
      31
      44
      25
      38
      28
      31
      34
      20
      34
      33
      26
      30
      34
      32
      30
      20
      28
      31
      24
      35
      33
      36
      24
      28
      28
      23
      32
      21
      27
      27
      30
      25
      30
      22
      28
      28
      34
      22
      19
      42
      29
      32
      36
      28
      21
      29
      31
      29
      30
      24
      23
      33
      32
      34
      36
      35
      29
      31
      37
      29
      31
      30
      27
      23
      29
      21
      35
      27
      29
      16
      25
      28
      26
      33
      16
      27
      32
      30
      27
      36
      26
      30
      34
      27
      17
      36
      24
      30
      15
      28
      33
      35
      25
      29
      18
      26
      43
      34
      30
      33
      31
      30
      28
      24
      31
      28
      21
      37
      25
      38
      27
      22
      31
      30
      25
      29
      33
      28
      28
      33
      21
      26
      25
      27
      25
      36
      28
      34
      23
      22
      25
      22
      24
      24
      21
      23
      29
      24
      21
      22
      29
      22
      27
      16
      15
      26
      23
      27
      30
      22
      35
      29
      27
      27
      25
      27
      26
      22
      27
      27
      29
      31
      18
      21
      22
      26
      23
      17
      17
      34
      28
      33
      21
      23
      23
      24
      22
      17
      33
      29
      27
      20
      25
      29
      20
      22
      21
      30
      22
      26
      23
      20
      28
      18
      25
      21
      29
      22
      28
      22
      28
      25
      25
      22
      29
      24
      17
      18
      22
      31
      24
      31
      18
      38
      20
      24
      19
      19
      22
      26
      14
      25
      18
      14
      22
      21
      25
      25
      18
      22
      31
      34
      16
      22
      12
      15
      25
      22
      31
      25
      19
      22
      19
      14
      13
      18
      18
      21
      27
      19
      21
      23
      17
      21
      22
      18
      17
      13
      28
      16
      16
      23
      26
      17
      26
      18
      11
      29
      24
      17
      19
      28
      28
      22
      14
      16
      15
      16
      18
      17
      17
      16
      22
      21
      22
      21
      23
      27
      21
      16
      25
      19
      16
      25
      20
      15
      19
      30
      15
      20
      13
      15
      22
      13
      20
      19
      19
      18
      16
      19
      17
      15
      11
      23
      19
      27
      21
      20
      17
      15
      16
      23
      20
      20
      17
      15
      23
      16
      17
      21
      10
      16
      16
      23
      15
      11
      26
      16
      20
      23
      19
      21
      16
      11
      21
      15
      21
      20
      18
      16
      17
      14
      22
      11
      20
      16
      21
      19
      11
      12
      18
      19
      12
      19
      19
      21
      24
      15
      17
      12
      14
      23
      13
      20
      21
      18
      21
      10
      18
      17
      18
      13
      18
      25
      17
      14
      19
      15
      10
      12
      25
       9
      18
      27
      18
      20
      21
      10
      15
      13
      20
      21
      18
      20
      23
      19
      16
      17
      17
       7
      18
      15
      14
      27
      14
       4
       9
      27
      19
      18
      16
      21
      13
       8
      21
      17
      13
      13
      14
      18
       8
      16
      13
      22
      23
      17
      15
      16
      19
      21
      14
      22
      13
      10
      19
      12
       8
      15
      16
      18
      15
      20
      10
      15
      12
      18
      19
      15
      13
      11
      18
      14
      12
      19
      19
      13
      16
       6
      20
      18
      10
      17
      18
      14
       9
      21
      18
      21
      13
      16
       5
      14
      16
      11
      22
      17
      26
      21
      16
      13
      11
      22
      10
      13
      11
      11
      14
      15
      12
      22
      19
      12
      11
      16
      10
      20
      14
      14
      15
      17
      12
      14
      14
       9
      19
      10
      12
       8
      15
       8
      13
      17
       8
      11
      11
      12
       7
      16
       5
      15
      14
      15
      13
      16
      16
      21
      13
      23
      13
      16
      22
      12
      15
       9
      12
      17
      16
      10
      18
      14
      13
      19
      15
       9
      12
      10
      15
      20
      17
      10
      16
      16
      12
      12
      13
      15
      11
      11
      21
       8
      10
      11
      11
      13
      16
      10
      19
      16
      15
      13
      13
      17
      17
      12
      14
       9
       9
      15
      12
      22
      16
      14
      17
      16
      13
       9
      11
      11
      10
      10
      15
      13
      11
       9
      15
      15
      13
      16
      14
      12
      21
       7
      10
      14
      12
      15
      19
      12
      17
      10
      12
      11
      10
       9
      12
      12
      11
      11
      13
      10
      17
      12
      16
       9
      13
      12
      12
       5
      13
      12
      12
      14
      12
      12
      12
      11
      15
      25
      14
      20
       9
      16
      11
      14
      13
      15
      17
      18
      11
      17
      17
      11
      13
      16
      11
      11
      17
      12
      14
       9
      19
      13
      19
      13
      10
      10
      10
      15
      14
      20
      10
      12
      10
      20
      16
       7
      15
      10
      12
      10
      11
       7
       6
      11
      11
      13
      16
       8
      10
      12
      20
      16
      15
      14
      13
      19
      18
      11
      11
      17
      12
      10
      14
      17
      12
       7
      11
      11
      10
      10
      14
      16
      13
      13
      22
      10
      13
      13
      11
      14
       8
      13
       8
      16
       5
      16
      14
      14
      18
      16
       8
      11
      10
      18
      11
      15
      16
      10
      10
      10
      11
       9
      13
      21
      12
      17
      10
      11
      16
      11
      15
      15
      12
      14
       9
      16
      12
      14
      13
       9
      12
      10
      13
      16
       6
      12
      14
      21
      12
      16
      18
      13
      12
      16
      13
      11
      11
      20
      12
      20
       7
      15
      12
      11
      10
      10
      20
       9
       9
      10
       7
      13
      11
      12
      15
      13
      11
      10
      13
      17
      16
      18
      15
      14
      15
      15
      16
      12
      16
      13
      15
       9
      13
       8
       6
       9
      10
      10
      18
      14
       9
      17
      16
      23
      13
      16
      14
       8
      16
       9
      12
      11
      10
      12
      11
      10
      19
      11
       5
      13
      17
      12
      20
      12
      16
       8
      12
      20
      12
       7
       9
      24
       7
      14
      14
      12
      15
      12
      11
      11
      13
      10
      14
      12
      14
      15
      11
      13
      10
      10
      17
      12
       9
       8
      17
      12
      11
      11
      16
      14
       6
      11
      14
      16
      10
      11
       9
      15
      12
      12
      14
      14
      14
       9
      16
      11
      15
       9
      18
      11
      12
      14
      14
       8
      18
      14
      15
      17
      15
      16
      13
      13
       6
      17
      11
      11
      17
      11
      12
      14
       8
       9
      14
      13
      12
      12
      14
      13
      15
      11
      11
      16
      14
      19
       9
      12
      11
      11
      12
      10
      18
      16
      11
      12
      11
       6
      13
      13
       8
      13
      16
       7
      12
      14
       7
      12
      10
      12
      12
      11
      14
       8
       9
      16
      14
      19
      14
      10
      20
      18
      14
      14
      15
      14
      14
      10
       8
      14
      11
      15
      11
      18
      11
      13
       6
      14
       7
      10
      15
      13
      19
      16
      16
      10
      19
      22
       7
      17
      12
      15
      12
      15
      16
      15
      10
      15
      12
      11
      14
      17
      14
      13
      13
      18
       9
      11
      12
      11
      13
       9
      13
      16
      16
       9
       6
      11
      13
      10
      21
      11
      12
      20
      10
      13
      13
       8
      11
      10
      11
      12
      10
      13
      16
       7
      16
       6
       7
      14
      16
      19
      14
       8
      15
      15
      10
      11
      10
      13
      21
      10
      12
      13
      13
       8
      11
      13
      14
      17
      16
      11
      13
       8
       5
      13
      12
      10
      12
      16
      10
      11
      13
      15
      12
      10
      14
      11
      14
      10
      23
      11
      15
      22
      12
      14
      15
      13
      14
      10
      10
      13
       7
      10
      10
       7
      15
       5
      11
      18
       7
       8
      10
      12
      15
       7
      15
       8
      16
      15
      12
      13
       9
      20
      12
      17
       7
      21
      11
      10
      10
       9
      10
      14
      20
       8
      19
      15
       8
      10
       9
       7
      15
      17
       6
      11
      11
      14
      13
      18
      17
      17
      14
      10
      16
      14
      12
      15
      10
      16
      12
      11
      10
      12
      16
      14
       9
      11
      13
       8
      14
      17
      11
       9
      16
      18
      12
      18
      12
      15
       8
      10
      17
      12
      12
      13
      15
      12
       6
      13
       7
       8
      10
       7
      18
      16
      18
      11
      12
       7
      18
       7
      10
      18
       7
      15
      10
      13
      12
      12
       9
       9
      17
      13
       8
      16
      14
      16
       9
       9
      10
      12
      13
       8
      17
       8
      20
       9
      15
       9
      15
      14
      15
       7
      17
       9
      16
      11
      15
      18
      16
      19
      13
      11
      11
      12
      22
      13
      11
      15
      12
       8
       6
      14
      17
      14
      10
       9
      11
      15
      12
      18
      18
      12
      19
      11
      13
      14
      17
      11
      10
       8
      11
      14
      14
      13
      12
      14
       9
      12
      13
      11
       7
       8
       7
      14
       8
      15
      12
      16
      17
       9
      14
      20
       7
      12
       7
      13
      13
      15
      17
      13
      11
      10
      13
      13
      17
      13
      12
      14
      13
      17
      12
      13
      11
      13
      10
      15
      18
      19
      15
      10
      13
       8
      18
      11
      13
       8
      15
      17
      17
      19
       9
      18
      16
      15
      15
      17
       8
      14
      14
      14
      14
      13
      12
      21
      11
      25
      10
      12
      10
      14
      13
      15
      21
      11
      13
      17
      15
      15
      13
      13
      16
      16
      10
      13
      22
      18
      21
      14
      15
      18
      19
      19
      11
      16
      13
      17
      16
      14
      18
      16
      20
      18
      17
      17
      23
       8
      14
      22
      15
      26
      14
      21
      16
      13
      20
      20
      21
      25
      21
      20
      25
      20
      24
      33
      25
      25
      31
      26
      33
      29
      40
      36
      38
      54
      53
      50
      69
      92
      69
      93
      96
     113
     149
     155
     200
     215
     282
     311
     385
     429
     538
     644
     778
     949
    1096
    1353
    1550
    1734
    2062
    2340
    2745
    2866
    3221
    3474
    3752
    4029
    3956
    4290
    4143
    4107
    4001
    3651
    3461
    3107
    3063
    2525
    2242
    1910
    1629
    1282
    1021
     879
     616
     457
     385
     290
     213
     159
     118
      73
      56
      48
      49
      30
      19
      32
      23
      27
      19
      14
      18
      20
      10
      19
      17
      13
      19
      22
      18
       9
      11
      16
      18
      19
      16
      18
      19
      16
      17
      13
      12
      22
      13
      17
      10
      20
      13
      12
      13
      21
      11
      10
      13
      13
      17
      18
      12
      14
      15
      16
      14
      19
       7
      11
      15
      13
      15
      16
      17
      12
      16
       7
       8
      17
       9
      15
       9
      13
      10
      14
       6
       7
      16
       6
      15
      12
       9
      11
      12
      14
       9
      16
      11
      14
       6
      15
      11
      10
      11
       6
      14
       9
      11
      15
       8
       8
      11
      12
       8
       9
      11
      12
      13
      13
      14
      14
       7
      12
      11
      18
      10
      10
      10
       8
       8
      11
       6
       8
      14
      11
      10
       9
      13
       5
       6
       9
      10
       8
      10
      12
      10
      10
       8
      11
      12
       7
       5
      10
       6
      10
       3
       7
      12
       7
      14
       9
       6
      15
       6
      13
      14
       7
       6
       5
       4
       8
      12
       9
       5
      11
       7
      16
       7
       7
       7
      11
      12
      11
       8
       7
      10
      10
       8
       5
       5
       6
       4
       8
      10
       8
      15
       6
      11
      15
      10
      10
       7
      10
      12
       5
       7
       7
       7
      10
       9
      10
       8
      11
       4
       3
      12
       7
       7
       6
      13
      12
       4
      18
       6
       9
       1
       9
      11
       5
      10
       6
      11
       7
       7
       9
      18
       8
       5
       8
       8
       9
      10
       7
       6
       5
       8
       8
       6
       6
      10
       8
       5
       5
      13
      11
      12
       7
      10
       8
      10
       7
       4
      10
       7
      10
       8
       9
       9
       4
       8
       6
       4
       9
       8
      13
       4
       8
      10
       6
       9
       5
       4
       8
      16
       9
       8
       8
       8
       8
       4
       9
       6
       9
       9
       3
       8
       6
       7
       9
       4
       3
       5
      17
      10
      12
       8
       7
       8
       4
       7
       8
      10
       8
       9
       7
       4
       5
       3
      11
       7
       5
       8
       5
       6
       5
       5
      11
       8
      10
       7
       6
       7
      10
       8
       7
      10
       3
       2
       9
       3
       4
      13
       7
       9
       5
      10
       6
       6
      12
      11
       5
       7
       6
      10
       7
       8
       8
       9
       8
       6
       8
       3
       6
       6
       5
      16
       3
       3
       6
       8
       7
       4
       8
       8
       8
       7
       8
       8
       6
       7
      10
      10
       4
      11
       8
       4
       5
       5
       5
       8
      10
       9
       9
       7
       3
       8
       8
       5
       6
       9
       6
       6
       6
       9
      10
       8
       4
       1
       7
       5
       7
       7
       4
       4
       9
      12
       6
       5
       4
       5
       6
       7
      12
       6
       7
      10
       3
      12
       5
       7
       6
       3
       5
       6
       4
       2
       6
      10
       4
       6
       4
       6
      13
       4
      10
      12
       8
       4
      10
      11
       4
       6
       7
       7
       6
      12
       9
       8
       9
       5
       5
      10
       6
      10
       3
       8
      12
       5
       6
       4
       4
      10
      12
       4
       3
       4
       5
       3
      10
      10
       4
       7
       7
       4
       4
       7
       3
      11
       4
       6
       4
       6
       7
       6
       5
       8
       1
       8
       8
       5
       5
       8
       8
       2
      10
       8
       5
       7
       3
       5
       5
       7
       6
       7
       7
       6
       3
       5
       7
       7
       7
      13
       5
       5
       6
       6
       7
       7
       2
       4
       6
      10
       6
       5
       4
       8
       7
       9
       7
       6
       7
       3
       8
       7
       6
      11
       4
       7
       6
       1
       8
       5
       5
       4
       3
      10
       5
       4
       4
       8
       6
       4
       5
       9
       6
       9
       5
       4
       5
       3
       5
       4
       6
       5
       7
       8
       4
       9
       3
       4
       9
       7
       4
       9
      14
       8
       9
       9
      10
       6
       4
       2
       1
       6
      14
       7
       7
       4
       5
       6
       9
       7
       9
       5
      11
       2
       8
       8
       6
       9
       4
       3
       8
       9
       4
       6
       6
       8
       4
      10
       9
       9
       3
      11
       6
       7
       8
      12
       4
       9
       7
      11
       3
       8
       6
       7
       8
       5
       5
       2
       5
       7
       2
       3
       8
       8
       8
       9
       9
       4
       7
       6
      10
       5
       6
      12
       3
       5
      10
       9
       8
       5
       7
       6
       4
       6
       5
      11
       5
       5
       5
       4
       3
       4
       9
       5
       7
      10
       4
       4
       7
       5
      11
       4
       6
       6
       2
       4
       7
       7
       6
       6
       8
       4
       4
      10
       7
       5
       5
      10
       7
       6
       7
       7
       6
       5
       4
       4
       2
       8
       2
       5
      10
       7
       7
       9
       3
       8
       8
      11
       7
       4
       4
       5
       1
       8
       8
       7
       6
       5
       6
       5
       5
       4
      11
       4
       5
       5
       5
       6
       7
       9
       9
       4
       6
       6
       5
       9
      13
       6
      10
      10
       6
       8
       5
       6
       7
       3
      13
       6
       6
       8
       5
       7
       8
       4
       7
       7
       4
       2
       2
       8
      10
       4
       5
       6
       7
      14
       6
       3
       7
       5
       5
       8
       6
       3
       1
       6
      10
       4
       8
       8
       1
       5
       4
       5
       4
       6
       4
       4
       4
       3
       8
       5
       4
       4
       6
       5
       4
       8
       6
       3
       2
       3
       3
       4
       2
       6
       5
       5
       4
       8
       7
       6
       7
       6
       8
       5
       6
       3
       3
       4
       8
       7
       5
       9
       7
       5
       7
       7
       7
       9
      11
       2
       5
       4
       4
       4
       3
       5
       7
       3
       4
      11
      10
       6
       7
       6
       6
       6
       6
       5
       7
       8
       6
       5
       8
       2
       7
       6
       2
       6
       7
       4
       4
       7
       7
       9
       4
      12
       5
       7
       4
       4
      11
       4
       3
       5
       4
       6
       2
       7
       3
       4
       8
      10
       5
       3
       6
       2
       3
       6
       6
       6
       4
       8
       6
       3
       9
       6
       4
       3
       9
       6
       5
       1
       7
       5
       6
       9
       6
       5
       2
       5
       8
       3
       9
       4
       5
       4
       3
       4
      10
       5
       5
       3
       5
       1
       5
       5
       7
       7
       7
       9
       2
       7
       5
       2
       7
      13
       4
       3
       4
       8
       6
       7
       8
       6
       3
       2
       2
       4
       6
       6
       4
       3
       7
       6
       6
       8
       5
       4
       4
       7
       6
       5
      11
       6
       6
       3
       6
      11
       3
       6
       6
       7
       5
       5
      14
      10
      11
       8
       4
       5
       7
       3
       2
       1
       6
       6
       4
       9
       6
       5
       3
       3
       6
       5
       7
       2
       4
       8
       5
       8
       5
       4
       6
       6
       5
      11
       5
      13
       4
       6
       5
       8
       7
       5
       3
       9
       7
       6
      10
       8
       6
       6
       5
       3
       7
       6
      10
       5
       6
       4
       6
       3
       4
       7
       6
       3
       5
       6
       5
       6
       7
       2
       6
       3
       6
       3
       3
       4
       4
       8
       2
       4
       9
       5
       7
       5
       8
       5
       8
       7
       4
       7
       5
       4
       3
       6
       6
       5
       3
       3
       6
      11
      10
       4
       4
       6
       8
       3
       5
       3
       5
       5
       8
       4
       5
       1
      10
       4
       2
       6
       5
       5
       4
       8
       7
       5
       4
       5
       8
       4
       5
       5
       4
       5
       7
       5
       6
      10
       8
       6
       5
       5
       4
       2
       6
       7
       4
       5
       3
       8
       8
       7
       2
       6
       3
       3
       6
       2
       6
       4
       4
       4
       4
       9
       2
       3
       4
       6
       6
       2
       2
       6
       6
       7
       3
       7
       5
       5
       4
       5
       6
       2
       3
       7
       8
       6
       8
       2
       4
       7
       3
       6
       5
       8
       6
       6
       5
       5
       7
       3
       5
      14
       5
       5
       4
       5
       8
       2
       2
       4
       6
       6
       5
       3
       5
       6
       6
       7
       8
       6
       5
       6
       4
       6
       6
       4
       7
       4
       4
       6
       4
       3
       4
      11
       6
       9
       4
       3
       5
       4
      10
       3
       8
       8
       2
       6
       4
       2
       3
       6
       2
       8
       5
       6
       4
       5
       2
       4
       6
       4
       4
       1
       3
       7
       2
       6
       6
       4
       3
       4
       3
       3
       8
       5
       5
       4
       6
       4
       3
       6
       3
       3
       3
       6
       5
      11
       8
       4
       8
       7
       2
       4
       6
       8
       5
       5
       7
       3
       5
       7
       2
       6
       2
       2
       4
       5
      10
       6
       5
       4
       5
       4
       2
       4
       4
       8
       5
       3
       4
       7
       9
       5
       2
       4
       7
       4
       4
       2
       2
       6
       6
       7
       6
       6
       7
       1
       5
       4
       6
       5
       4
       2
       6
       4
       5
       3
       4
       3
       5
       9
       4
       2
       8
       4
      11
       2
       6
       1
       3
       5
       4
       4
       6
       3
       5
       5
       3
       4
       7
       1
       4
       4
       3
       6
       6
       3
       4
       6
       6
       5
      10
      11
       3
       5
       4
       4
       3
       5
       3
       4
       4
       4
       4
       7
       3
       7
       4
       6
       6
       7
       3
       9
       5
       5
       6
       3
       1
       3
       4
       5
       1
       6
       2
       6
       5
       4
       7
       7
       6
       5
       7
       6
       7
       7
       5
       4
       7
       5
       2
       6
       4
       2
       3
       2
       3
       5
       7
       2
       1
       6
       1
       0
       5
       7
       7
       4
       8
       6
       6
       7
       6
       3
       4
       2
       7
       5
       5
       4
       4
       1
       3
       5
       4
       3
       9
       8
       2
       5
       3
       3
       5
       3
       9
       4
       5
       6
       4
       4
       5
       3
       7
       5
       3
       5
       5
       6
       2
      11
       1
       4
       8
       3
       4
       6
       5
       8
       4
       4
       4
       5
       5
       7
       7
       5
       2
       6
       5
       3
       7
       3
       4
       4
       6
       1
       3
       5
       2
       3
       3
       4
       6
       8
       5
       3
       4
       1
       4
       4
       3
       2
       2
       5
      10
       5
       7
       1
       3
       4
       4
       7
       3
       8
       1
       1
       8
       4
       7
       6
       6
       9
       4
       4
       3
       4
      10
       2
       3
       5
       6
       9
       6
       4
       5
       1
       3
       4
       3
       3
       3
       5
       5
       5
       7
       5
       4
       4
       5
       2
       4
       7
       2
       5
       5
       7
       4
       2
       6
       4
       8
       6
       3
       4
       4
       3
       6
       3
       8
       4
       5
       6
       3
       2
       1
       5
       4
       5
       3
       5
       3
       4
       3
       3
       1
       4
       5
       5
       1
       8
       4
       7
       2
       8
       7
       6
       5
       8
       8
       6
       6
       6
       4
       2
       5
       7
       3
       2
       7
       6
       6
       3
       1
       5
       5
       3
       3
       3
       3
       6
       5
       8
       2
       7
       4
       2
       6
       6
       5
       9
       3
       5
       3
       6
       6
       4
       6
       2
       2
       2
       4
       4
       7
       3
       3
       3
       6
       6
       3
       2
       2
       3
       7
       4
       3
       9
       3
       6
       3
       3
       2
       3
       6
       1
       5
       1
       8
       4
       8
       7
       4
       1
       5
       3
       6
       2
       4
       3
      11
       0
       7
       4
       5
       8
       5
       2
       4
       7
       2
       7
       6
       0
       7
       2
       4
       6
       3
       3
       5
       2
       5
       6
       6
       2
       4
       7
       7
       3
      10
       3
       8
       4
       6
       5
       4
       8
       9
       6
       2
       4
       6
       5
       7
       3
       4
       4
       3
       6
       5
       3
       3
       4
       4
       8
       4
       1
       7
      10
       3
       6
      10
       4
       6
       9
       6
       9
       5
       2
       5
       7
       7
       4
       3
       1
       3
       7
       2
       5
       2
       9
       3
       8
       3
       1
       4
       8
       7
       4
       5
       7
       3
       1
       5
       4
       3
       1
       6
       5
       5
       2
       5
       9
       4
       5
       5
       6
       5
       6
       7
       4
       6
       5
       6
       5
       6
       2
      11
       1
       2
       8
       7
       1
       4
       7
       2
       2
       3
       3
       3
       9
       3
      10
       2
       6
       4
       1
       5
       7
       8
       9
       4
      10
       5
       7
       4
       4
      10
      14
      10
       9
       4
       8
       7
       9
      16
      11
      18
      19
      16
      20
      17
       9
      16
      15
      12
       9
      14
      15
      13
      15
      16
       8
       9
       8
       9
       9
      12
       8
       9
      14
       3
       8
       5
       6
       4
       6
       6
       3
       6
       4
       8
       3
       2
       5
       4
       7
       3
       3
       7
       9
       3
       0
       6
       5
       1
       3
       5
       6
       6
       5
       4
      11
       5
       6
       2
       6
       3
       0
       3
       5
       2
       2
       7
       7
       4
       5
       4
       7
      10
       7
       7
       6
       6
       4
       3
       6
       2
       4
       5
       7
       4
       5
       4
       4
       3
       4
       5
       2
       5
       3
       6
       5
       6
       7
       4
       3
       2
       6
       2
       3
       7
       2
       5
       7
       9
       5
       3
       5
       2
       6
       6
       9
       5
       4
       6
       8
       2
       2
       6
       5
       8
       5
       6
       2
       6
       2
       7
       5
       2
       5
       4
       5
       6
       3
       5
       6
       4
       4
       3
       1
       4
       7
       3
       4
       5
       6
       7
       4
       3
       2
       3
       1
       8
       5
       5
       4
       3
       5
       2
       2
       3
       4
       2
       2
       6
       1
       5
       6
       1
       3
       7
       6
       2
       6
       4
       5
       7
       6
       6
       4
       4
       3
       8
       7
       3
       3
       2
       4
       2
       6
       5
       4
       7
       4
       2
       8
       4
       5
       8
       2
       4
       6
       7
       7
       9
       2
       3
       3
       7
       4
       3
       6
       6
       6
       6
       5
       6
       3
       5
       1
       3
       2
       7
       6
       3
       6
       5
       5
       3
       8
       3
       4
       5
       6
       6
       5
       4
       3
       6
       3
       7
       2
       5
       5
       9
       8
       5
       4
       5
       5
       7
       4
       3
       7
       2
       4
       4
       6
       6
       6
       1
       2
       3
       4
       2
       6
       9
       2
       6
       3
       9
       5
       8
       5
       8
       4
       4
       4
       2
       4
       5
       2
       5
       4
       6
       6
       3
       2
       4
       3
       3
       4
       3
       6
       6
       6
       3
       5
       7
       7
       5
       6
       4
       3
       4
       4
       3
       8
       6
       3
       4
       3
       7
       1
       4
       3
       3
       2
       2
       7
       4
       6
       5
       6
       4
       4
       2
       6
       6
       7
       3
       3
       5
       7
       2
       5
       3
       3
      14
       5
       5
       3
       6
       3
       3
       6
       4
       2
       5
       9
       6
       4
       3
       5
       3
       9
       5
       2
       4
       3
       4
       1
       1
       3
       4
       2
       4
       6
       9
       5
       5
       7
       2
       4
       9
       8
       4
       8
       5
       6
       4
       6
       4
       6
       2
      10
       3
       1
       4
       3
       6
       1
       2
       5
       6
       9
       3
       5
       6
       3
       4
       4
       7
       5
       5
       4
       6
       9
       6
       4
       8
       3
       8
      10
       3
       6
       4
       6
       2
       4
       3
       5
       8
       4
       5
       5
       1
       3
       7
       8
       6
       3
       5
       4
       7
       5
       3
       5
       2
       1
       4
       5
       5
       2
       4
       5
       8
       6
       4
       5
       9
       3
       2
       7
       3
       5
       2
       2
       5
       4
       6
       3
       1
       3
       4
       4
       7
       3
       8
       3
       4
       4
       3
       3
       5
       3
       7
       6
       3
       4
       3
       7
       3
       6
       4
       8
       4
       3
       3
       1
       2
      11
      10
       7
       6
       6
       8
       4
       4
       1
       3
       3
       6
       5
       5
       5
       2
       8
       5
       4
       8
       4
       3
       6
       6
       6
       3
       5
       4
       3
       4
       8
       3
       2
       1
       6
       2
       3
       7
       4
       5
       5
       1
       4
       2
      14
       4
       5
       4
       6
       1
       4
       5
       4
       7
       1
       1
       4
       6
       2
       5
       4
       6
       9
       3
      10
       2
       7
       3
       4
       5
       5
       7
       2
       3
       8
       9
       6
       3
       3
       5
       4
       5
       6
       2
       5
       1
       3
       4
       8
       4
       2
       7
       7
       4
       7
       6
       5
       5
       4
       7
       2
       3
       6
      10
       5
       4
       6
       5
       5
       4
       7
       2
       6
       4
       9
       4
       6
       2
       7
       4
       4
       4
       5
       3
       0
       2
       4
       4
       6
       1
       2
       3
       4
       5
       6
       4
       2
       4
       6
       0
       5
       8
       0
       2
       6
       1
       5
       7
      10
       3
       6
       1
       3
       5
       5
       4
       3
       7
       1
       7
       3
       4
       4
       3
       4
       6
       5
       3
       8
       6
       2
       7
       4
       8
       0
       0
       6
       4
       9
       6
       2
       9
       5
       9
       8
       3
       7
       0
       5
       4
       6
       5
       4
       9
       4
       1
       3
       1
       5
       4
       7
       3
       4
       7
       1
       3
       3
       4
       2
       4
       6
       2
       5
       6
       9
       2
       7
       9
       5
       4
       5
       9
       4
       5
       6
       3
       5
       4
       6
       6
       2
       7
      10
       2
       7
      10
       5
       4
       3
       7
       3
       4
       8
       6
       3
       6
       4
       4
       6
       8
       2
       2
       1
       5
       8
       6
       4
       6
       4
       3
       5
       4
       4
       5
       1
       8
       3
       7
       8
       1
       4
       4
       3
       2
       9
       5
       9
       5
       3
       5
       2
       2
       4
       5
       3
       6
       7
       4
       6
       7
       5
       6
       4
       2
       5
       6
       6
       7
       4
       5
       3
       5
       3
       7
       8
       5
       4
       4
       5
       2
       2
       9
       7
       5
       8
       4
       6
       3
       7
       2
       5
       7
       3
      10
       6
       4
       2
       5
       2
       3
       5
       4
       5
       2
       3
       3
       2
       6
       2
       8
       4
       8
       3
       4
       4
       3
       9
       2
       7
       2
       3
       7
       7
       5
       7
       4
       8
       4
       4
       5
       3
       6
       6
       5
      11
       5
       6
       4
       5
       0
       5
       1
       4
       1
       3
       5
       3
       6
      11
       5
       3
       3
       3
       5
       4
       2
       6
       1
       4
       9
       5
       4
       2
       6
       6
       7
       1
       6
       7
       6
       3
       4
       3
       6
       8
       5
       5
      10
       4
       4
       4
       4
       3
       8
       5
       1
       4
       6
       3
       3
       6
       3
       5
       2
       7
       7
       7
       6
       4
       5
       5
       2
       4
       8
       2
       6
       3
       9
       6
      10
       4
       2
       8
       5
       4
       3
       4
       6
       4
       4
       6
       1
       2
       4
       4
       2
       3
       3
       3
       3
       2
       5
      11
       4
       9
       3
       6
       5
       8
       7
       1
       3
       4
       5
       3
       3
       4
       8
       5
       6
       6
       7
       4
       6
       4
       4
       8
       4
       3
       4
       6
       4
       4
       2
       5
       7
       7
       3
       5
       5
       2
       3
       5
       4
       4
       3
       7
       2
       5
       5
       2
       9
       4
      13
       5
       8
       4
       6
       8
       8
       8
       6
       7
       4
       7
       6
       3
       7
       5
       4
       8
       4
       7
       2
       3
       7
       7
       2
       7
       7
       6
       5
       5
       6
      10
       1
       1
       5
       4
       5
       5
       4
       9
       2
       8
       7
       4
       8
       6
       4
       7
       5
       7
       5
       4
       5
       6
       7
       7
       2
       8
       3
       7
       4
       3
       5
       4
       7
       3
       1
      10
       4
      12
       4
       6
       7
       0
       7
       3
       2
       6
       7
       4
       6
       8
       4
       6
       4
       3
       3
       7
      11
       6
       3
       2
       0
       6
       2
       4
       8
       6
       4
       5
       5
       3
       9
       5
       8
       5
       4
       3
       2
       6
       3
       5
       4
       5
       4
       9
       6
       6
      10
       2
       5
       6
       4
       5
       2
       6
       6
       6
       4
       5
       2
       2
       7
       2
       3
       2
       4
       6
       5
       6
       5
       1
       3
      10
       7
       7
       5
       3
       4
       2
       5
       4
       2
       1
       7
       3
       6
       4
       4
       6
       3
       2
       5
       5
       4
      10
       4
       5
       4
       6
       5
       1
       1
       6
       2
       5
       6
       3
       3
       3
       4
       8
       7
       4
       4
       2
       7
       5
       2
       5
       4
       1
       2
       3
       3
       3
       5
       3
       5
       5
       3
       3
       5
       2
       3
       3
       6
       3
       3
       4
       3
       6
       4
       2
       2
       5
       4
       5
       3
       7
       5
       2
       2
       3
       4
       8
       3
       7
       5
       2
       4
       4
       5
       3
       2
       7
       4
       3
       3
       5
       2
       3
       5
       4
       7
       6
       4
       8
       0
       4
       3
       1
       2
       6
       5
       5
       2
       3
       8
       3
       3
       1
       5
       4
       8
       4
       3
       4
       6
       7
       2
       5
       2
       2
       0
       3
       0
       2
       4
       3
       1
       4
       7
       4
       3
       8
       2
       5
       4
       3
       3
       4
       3
       3
       0
       2
       3
       7
       4
       4
       6
       2
       4
       5
       4
       3
       5
       2
       3
       3
       8
       5
       6
       3
       4
       5
       4
       6
       2
       2
       3
       7
       5
       1
       1
       3
       2
       7
       8
       5
       2
       4
       4
       4
       3
       6
       5
       2
       4
       3
       7
       2
       1
       1
       4
       6
       5
       1
       2
       6
       5
       4
       2
       5
       5
       3
       2
       6
       3
       6
       7
       5
       3
       4
       2
       6
       3
       5
       4
       3
       2
       7
       5
       6
       3
       1
       2
       8
       3
       8
       9
       2
       8
       6
       2
       3
       4
       4
       5
       5
       1
       3
       5
       7
       6
       5
       5
       7
       6
       1
       5
       5
       5
       6
       4
       6
       4
       7
       4
       4
       2
       4
       2
       4
       5
       6
       5
       6
       3
       2
       9
       5
       5
       2
       3
       3
       7
       3
       1
       6
       4
       4
       7
       4
       2
       2
       8
       2
       5
       3
       1
       4
       3
       3
       6
       2
       3
       6
       4
       5
       2
       1
       4
       4
       2
       3
       1
       2
       3
       6
       7
       4
       3
       5
       3
       6
       6
       4
       4
       1
       5
       4
       4
       8
       5
       3
       4
       2
       2
       4
       6
       2
       2
       4
       3
       6
       3
       1
       1
       5
       4
       7
       6
       3
       1
       6
       3
       5
       3
       5
       6
       4
       9
       5
       5
       4
       3
       3
       6
       7
       4
       9
       4
       9
       8
       2
       2
       2
       4
       4
       5
       2
       1
       3
       4
       6
       5
       0
       0
       0
       0
       0
       0
       0
       0
       0
       0
       0
       0
       0
       0
       0
       0
       0
       0
       0
       0
       0
       0
       0
       0
       0
       0
       0
       0
       0
       0
       0
       0
       0
       0
       0
       0
       0
       0
       0
       0
       0
       0
       0
       0
       0
       0
       0
       0
       0
       0
       0
       0
       0
       0
       0
       0
       0
       0
       0
       0
       0
       0
       0
       0
       0
       0
       0
       0
       0
       0
       0
       0
       0
       0
       0
       0
       0
       0
       0
       0
       0
       0
       0
       0
       0
       0
       0
       0
       0
       0
       0
       0
       0
       0
       0
       0
       0
       0
       0
       0
       0
       0
       0
       0
       0
       0
       0
       0
       0
       0
       0
       0
       0
       0
       0
       0
       0
       0
       0
       0
       0
       0
       0
       0
       0
       0
       0
       0
       0
       0
       0
       0
       0
       0
       0
       0
       0
       0
       0
       0
       0
       0
       0
       0
       0
       0
       0
       0
       0
       0
       0
       0
       0
       0
       0
       0
       0
       0
       0
       0
       0
       0
       0
       0
       0
       0
       0
       0
       0
       0
       0
       0
       0
       0
       0
       0
       0
       0
       0
       0
       0
       0
       0
       0
       0
       0
       0
       0
       0
       0
       0
       0
       0
       0
       0
       0
       0
       0
       0
       0
       0
       0
       0
       0
       0
       0
       0
       0
       0
       0
       0
       0
       0
       0
       0
       0
       0
       0
       0
       0
       0
       0
       0
       0
       0
       0
       0
       0
       0
       0
       0
       0
       0
       0
       0
       0
       0
       0
       0
       0
       0
       0
       0
       0
       0
       0
       0
       0
       0
       0
       0
       0
       0
       0
       0
       0
$ROI:
2
4852 5354
12587 12888
$PRESETS:
Live Time
10800
0
$ENER_FIT:
0.358687 0.099971
$MCA_CAL:
3
3.586871E-001 9.997089E-002 0.000000E+000 keV
$SHAPE_CAL:
3
3.638087E+001 -1.552510E-003 0.000000E+000
