$SPEC_ID:
JKL Model 927 SN 17053844 Input 1 HEC-Cr-HEC-Cr-T30-D100-HPGe1-2
$SPEC_REM:
DET# 2
DETDESC# BULK Model 927 SN 17053844 Input 1
AP# Maestro Version 6.08
$DATE_MEA:
05/11/2026 12:49:57
$MEAS_TIM:
251 355
$DATA:
0 16383
       0
       0
       0
       0
       0
       0
       0
       0
       0
       0
       0
       0
       0
       0
       0
       0
       0
       0
       0
       0
       0
       0
       0
       0
       0
       0
       0
       0
       0
       0
       0
       0
       0
       0
       0
       0
       0
       0
       0
       0
       0
       0
       0
       0
       0
       0
       0
       0
       0
       0
       0
       0
       0
       0
       0
       0
       0
       0
       0
       0
       0
       0
       0
       0
       0
       0
       0
       0
       0
       0
       0
       0
       0
       0
       0
       0
       0
       0
       0
       0
       0
       0
       0
       0
       0
       0
       0
       0
       0
       0
       0
       0
       0
       0
       0
       0
       0
       0
       0
       0
       0
       0
       0
       0
       0
       0
       0
       0
       0
       0
       0
       0
       0
       0
       0
       0
      16
     188
     519
     601
     553
     493
     523
     495
     474
     500
     460
     436
     428
     456
     451
     438
     466
     437
     482
     471
     469
     499
     456
     462
     440
     466
     462
     406
     469
     483
     462
     437
     464
     470
     451
     440
     442
     450
     458
     434
     448
     454
     428
     429
     446
     441
     435
     437
     460
     442
     432
     425
     427
     418
     429
     399
     441
     432
     437
     419
     444
     422
     430
     431
     414
     462
     438
     425
     432
     423
     387
     439
     422
     421
     415
     462
     404
     435
     416
     424
     455
     426
     440
     396
     441
     431
     390
     387
     444
     406
     393
     380
     344
     404
     391
     410
     372
     398
     399
     430
     397
     441
     430
     393
     385
     411
     410
     396
     412
     417
     406
     443
     437
     395
     357
     414
     391
     380
     389
     465
     352
     416
     369
     372
     395
     382
     381
     408
     411
     369
     359
     363
     341
     382
     422
     403
     363
     368
     377
     396
     386
     410
     374
     383
     388
     367
     403
     400
     369
     383
     368
     404
     361
     355
     367
     369
     369
     373
     342
     433
     373
     353
     367
     348
     384
     368
     369
     409
     351
     384
     356
     361
     384
     367
     394
     416
     358
     366
     361
     351
     342
     335
     347
     352
     357
     382
     379
     377
     353
     331
     373
     388
     344
     338
     355
     380
     376
     373
     346
     344
     351
     350
     318
     386
     397
     359
     371
     356
     347
     369
     363
     365
     386
     323
     386
     346
     351
     347
     339
     392
     370
     361
     349
     364
     387
     360
     324
     358
     345
     341
     381
     357
     371
     337
     385
     358
     303
     362
     344
     358
     337
     383
     375
     377
     333
     305
     330
     344
     364
     362
     358
     365
     367
     354
     345
     352
     336
     336
     331
     336
     318
     333
     370
     356
     375
     325
     362
     362
     349
     331
     318
     332
     340
     352
     327
     341
     345
     350
     331
     351
     350
     346
     372
     340
     348
     343
     358
     367
     307
     340
     313
     383
     331
     353
     308
     322
     328
     365
     352
     333
     314
     351
     313
     315
     358
     348
     322
     370
     336
     346
     385
     338
     349
     343
     360
     327
     308
     342
     356
     324
     351
     337
     324
     336
     335
     315
     327
     320
     335
     338
     355
     337
     339
     342
     361
     325
     335
     347
     362
     338
     335
     338
     336
     329
     326
     331
     329
     378
     332
     329
     341
     319
     336
     306
     351
     316
     358
     368
     349
     330
     319
     364
     335
     346
     319
     336
     299
     361
     326
     330
     345
     331
     327
     315
     337
     306
     313
     339
     300
     319
     321
     338
     321
     295
     294
     342
     302
     334
     340
     314
     304
     311
     330
     340
     290
     347
     334
     329
     326
     319
     323
     313
     361
     307
     303
     307
     350
     312
     315
     297
     311
     317
     356
     324
     298
     305
     337
     306
     338
     320
     348
     329
     349
     319
     323
     349
     283
     318
     316
     331
     305
     305
     322
     327
     279
     307
     306
     320
     321
     342
     334
     371
     299
     327
     328
     344
     342
     321
     310
     315
     283
     339
     318
     294
     306
     344
     334
     333
     299
     334
     337
     349
     330
     350
     313
     344
     307
     292
     338
     312
     321
     338
     308
     332
     297
     311
     336
     318
     324
     293
     334
     314
     323
     284
     332
     326
     315
     316
     310
     329
     332
     315
     308
     321
     333
     306
     314
     321
     332
     347
     330
     303
     290
     318
     320
     329
     316
     331
     330
     343
     296
     317
     349
     305
     333
     295
     299
     345
     317
     297
     318
     328
     321
     350
     329
     304
     345
     326
     316
     327
     351
     305
     296
     342
     293
     314
     323
     338
     330
     295
     331
     336
     292
     331
     299
     351
     319
     324
     324
     331
     315
     337
     308
     342
     342
     342
     334
     313
     343
     325
     279
     308
     322
     291
     298
     308
     305
     303
     312
     330
     307
     352
     325
     313
     340
     336
     308
     295
     313
     325
     294
     317
     306
     341
     341
     336
     316
     346
     341
     335
     304
     344
     337
     340
     323
     360
     339
     339
     338
     345
     362
     336
     351
     376
     357
     365
     365
     343
     340
     352
     343
     342
     324
     341
     338
     335
     375
     315
     356
     333
     338
     374
     342
     375
     387
     375
     368
     380
     400
     398
     343
     342
     326
     334
     344
     332
     340
     297
     318
     317
     352
     295
     354
     346
     324
     330
     337
     325
     317
     319
     309
     344
     323
     311
     327
     312
     326
     348
     322
     324
     352
     290
     317
     332
     300
     301
     312
     273
     311
     288
     330
     337
     315
     332
     325
     336
     337
     336
     296
     311
     280
     294
     331
     312
     339
     283
     318
     331
     311
     317
     307
     332
     336
     291
     325
     315
     354
     358
     332
     324
     322
     315
     304
     306
     325
     315
     301
     312
     293
     324
     340
     322
     352
     298
     333
     320
     350
     356
     315
     306
     303
     314
     327
     358
     349
     339
     338
     330
     371
     298
     333
     297
     314
     283
     320
     281
     300
     322
     317
     337
     320
     333
     336
     306
     320
     311
     320
     319
     342
     320
     315
     347
     316
     320
     334
     320
     296
     335
     328
     338
     332
     300
     320
     313
     306
     303
     322
     332
     345
     277
     317
     317
     306
     316
     336
     333
     320
     294
     286
     377
     308
     334
     336
     303
     306
     321
     309
     333
     294
     319
     317
     316
     346
     315
     285
     304
     327
     311
     316
     311
     285
     318
     311
     322
     301
     305
     340
     297
     299
     301
     319
     323
     285
     300
     318
     285
     327
     294
     302
     296
     306
     305
     308
     320
     312
     287
     307
     325
     320
     330
     329
     325
     331
     296
     317
     287
     323
     298
     339
     295
     339
     322
     317
     310
     304
     315
     321
     322
     326
     320
     339
     317
     323
     316
     332
     287
     320
     332
     324
     292
     294
     312
     321
     299
     297
     314
     302
     324
     313
     290
     320
     299
     277
     355
     321
     325
     283
     306
     298
     327
     294
     307
     312
     312
     376
     298
     311
     314
     308
     272
     304
     331
     285
     273
     316
     321
     318
     309
     330
     343
     320
     307
     316
     309
     290
     296
     312
     276
     285
     332
     309
     307
     319
     303
     279
     320
     277
     302
     305
     311
     310
     304
     316
     326
     304
     312
     319
     314
     316
     301
     310
     300
     321
     297
     331
     289
     293
     312
     264
     271
     307
     343
     301
     304
     289
     321
     343
     354
     307
     323
     333
     293
     350
     330
     310
     302
     303
     302
     287
     309
     320
     306
     311
     313
     310
     311
     291
     317
     294
     282
     310
     333
     320
     344
     307
     292
     297
     295
     303
     292
     301
     341
     312
     351
     283
     341
     318
     312
     316
     293
     312
     280
     322
     320
     302
     313
     287
     304
     342
     302
     369
     299
     331
     341
     299
     275
     328
     289
     303
     310
     292
     296
     340
     321
     325
     304
     300
     308
     317
     314
     343
     299
     309
     309
     317
     306
     310
     312
     286
     285
     300
     325
     329
     296
     301
     284
     301
     321
     271
     312
     291
     297
     263
     315
     291
     341
     302
     310
     291
     312
     313
     318
     311
     328
     308
     298
     307
     306
     282
     306
     280
     294
     301
     318
     328
     289
     293
     293
     307
     293
     326
     310
     312
     304
     298
     291
     307
     340
     338
     301
     322
     295
     315
     353
     292
     271
     315
     318
     328
     307
     306
     310
     347
     314
     301
     312
     305
     289
     339
     312
     315
     287
     281
     307
     306
     292
     294
     312
     329
     339
     315
     315
     298
     311
     319
     324
     307
     318
     297
     303
     298
     317
     306
     335
     314
     303
     320
     292
     310
     334
     338
     315
     308
     299
     311
     322
     311
     265
     316
     300
     315
     295
     322
     316
     323
     322
     283
     290
     312
     298
     322
     305
     310
     294
     305
     304
     334
     292
     310
     302
     281
     290
     336
     333
     321
     307
     294
     294
     323
     308
     313
     286
     287
     307
     330
     297
     321
     288
     278
     308
     291
     299
     313
     265
     321
     311
     332
     291
     310
     306
     329
     309
     305
     315
     300
     324
     324
     323
     337
     282
     289
     295
     306
     312
     318
     287
     309
     311
     307
     322
     305
     305
     330
     330
     323
     303
     295
     336
     283
     332
     307
     301
     296
     303
     326
     274
     297
     323
     282
     338
     290
     314
     313
     318
     301
     310
     333
     290
     313
     286
     316
     326
     304
     338
     328
     266
     263
     311
     282
     313
     295
     297
     296
     321
     303
     292
     291
     280
     315
     318
     289
     322
     303
     314
     310
     311
     335
     331
     283
     276
     293
     315
     327
     320
     291
     283
     336
     267
     326
     304
     274
     310
     298
     292
     281
     308
     301
     280
     292
     331
     319
     292
     342
     274
     324
     330
     297
     297
     291
     313
     345
     305
     298
     315
     292
     332
     330
     314
     333
     298
     293
     277
     293
     281
     290
     325
     301
     326
     312
     340
     315
     304
     333
     282
     308
     315
     310
     297
     313
     296
     325
     292
     301
     301
     296
     336
     286
     305
     296
     301
     274
     322
     316
     324
     287
     320
     306
     281
     288
     307
     299
     267
     315
     288
     292
     275
     290
     293
     310
     317
     291
     315
     282
     312
     338
     317
     283
     295
     320
     294
     323
     284
     298
     284
     298
     302
     286
     260
     292
     298
     323
     301
     281
     292
     317
     260
     309
     306
     294
     281
     328
     305
     305
     319
     280
     308
     273
     303
     308
     285
     280
     279
     331
     268
     302
     302
     274
     312
     309
     307
     318
     288
     321
     307
     318
     289
     281
     269
     307
     321
     264
     275
     297
     294
     300
     316
     269
     309
     299
     301
     308
     293
     290
     278
     310
     267
     296
     304
     310
     275
     276
     293
     306
     339
     341
     311
     324
     296
     243
     265
     268
     283
     297
     347
     310
     299
     313
     307
     314
     259
     309
     307
     294
     281
     286
     312
     279
     299
     297
     301
     296
     303
     299
     301
     259
     267
     302
     286
     276
     316
     299
     323
     313
     337
     309
     261
     299
     324
     291
     310
     292
     308
     316
     280
     287
     289
     295
     304
     302
     285
     292
     317
     313
     301
     282
     321
     284
     290
     344
     297
     298
     309
     289
     285
     344
     300
     279
     314
     332
     310
     317
     309
     312
     321
     277
     309
     347
     310
     297
     287
     297
     304
     327
     320
     312
     338
     322
     299
     296
     304
     339
     283
     295
     311
     277
     322
     319
     321
     309
     331
     326
     295
     284
     328
     315
     293
     304
     307
     329
     292
     297
     310
     313
     317
     307
     327
     336
     321
     363
     352
     352
     299
     339
     334
     352
     326
     317
     294
     327
     370
     358
     295
     344
     317
     351
     338
     394
     344
     353
     340
     354
     357
     380
     372
     368
     351
     349
     358
     350
     395
     376
     363
     358
     344
     365
     389
     391
     354
     362
     339
     350
     352
     338
     364
     370
     359
     378
     338
     339
     355
     376
     353
     369
     361
     365
     372
     394
     377
     356
     348
     357
     364
     344
     344
     383
     358
     351
     356
     352
     344
     394
     378
     393
     396
     369
     360
     370
     324
     382
     356
     395
     356
     332
     353
     367
     348
     363
     346
     362
     375
     346
     326
     329
     314
     343
     359
     346
     375
     343
     352
     352
     347
     348
     388
     377
     345
     380
     362
     367
     343
     332
     344
     362
     350
     348
     328
     380
     328
     351
     332
     357
     364
     366
     375
     353
     380
     361
     342
     329
     324
     390
     353
     343
     353
     335
     407
     359
     338
     367
     367
     327
     364
     369
     335
     377
     358
     364
     344
     333
     349
     344
     350
     336
     376
     350
     353
     351
     346
     331
     345
     362
     358
     364
     352
     386
     335
     338
     340
     374
     359
     329
     343
     357
     311
     371
     315
     326
     347
     367
     328
     325
     333
     345
     319
     335
     349
     356
     332
     374
     334
     346
     367
     332
     357
     352
     337
     322
     322
     371
     376
     332
     326
     332
     338
     369
     318
     355
     371
     356
     351
     323
     342
     331
     334
     329
     343
     348
     330
     363
     318
     350
     343
     310
     329
     365
     315
     360
     313
     341
     324
     330
     358
     339
     359
     336
     325
     315
     330
     343
     320
     365
     324
     353
     316
     319
     328
     295
     304
     321
     337
     342
     330
     366
     311
     350
     312
     329
     356
     332
     331
     295
     320
     346
     358
     354
     347
     311
     332
     315
     344
     319
     340
     306
     327
     322
     339
     345
     326
     324
     323
     361
     364
     332
     326
     335
     317
     338
     342
     295
     337
     321
     317
     316
     379
     311
     315
     330
     337
     309
     311
     343
     294
     315
     350
     296
     325
     327
     323
     293
     342
     344
     327
     333
     348
     320
     319
     307
     357
     315
     304
     290
     344
     291
     330
     322
     349
     348
     355
     346
     312
     338
     321
     334
     316
     323
     335
     335
     303
     314
     293
     318
     322
     321
     303
     326
     320
     315
     323
     310
     301
     342
     318
     339
     323
     317
     339
     297
     311
     310
     324
     379
     310
     309
     315
     284
     303
     321
     361
     344
     341
     316
     300
     305
     324
     329
     318
     329
     303
     357
     318
     313
     318
     336
     343
     334
     315
     304
     319
     327
     336
     316
     307
     329
     330
     296
     341
     304
     340
     312
     290
     338
     308
     317
     319
     333
     316
     294
     318
     325
     362
     331
     337
     313
     304
     304
     314
     303
     324
     312
     309
     346
     300
     339
     307
     309
     363
     324
     346
     316
     333
     331
     312
     297
     365
     304
     312
     338
     354
     319
     307
     311
     313
     309
     334
     310
     297
     349
     331
     323
     345
     337
     325
     324
     318
     295
     357
     323
     328
     338
     338
     338
     315
     361
     353
     341
     290
     336
     318
     306
     365
     313
     303
     352
     328
     304
     318
     294
     328
     335
     310
     335
     316
     324
     333
     311
     320
     321
     338
     299
     339
     318
     345
     321
     322
     324
     317
     312
     289
     313
     317
     321
     303
     317
     342
     287
     290
     314
     276
     355
     337
     313
     355
     332
     297
     322
     322
     324
     329
     301
     292
     305
     338
     315
     330
     313
     321
     304
     302
     343
     317
     311
     278
     310
     297
     329
     324
     303
     328
     338
     323
     315
     329
     317
     318
     292
     292
     331
     324
     323
     339
     335
     312
     343
     320
     302
     296
     303
     277
     298
     300
     320
     316
     312
     293
     330
     350
     314
     331
     305
     319
     315
     263
     286
     314
     313
     310
     304
     316
     285
     294
     292
     296
     308
     342
     281
     319
     332
     286
     329
     324
     317
     309
     279
     284
     294
     294
     300
     318
     287
     301
     300
     312
     319
     291
     307
     291
     322
     327
     312
     314
     293
     270
     310
     295
     310
     291
     317
     314
     318
     305
     315
     298
     309
     301
     307
     285
     296
     281
     303
     279
     324
     277
     311
     319
     327
     287
     294
     298
     275
     307
     273
     299
     284
     279
     298
     307
     288
     317
     319
     284
     323
     285
     298
     284
     297
     322
     287
     282
     327
     291
     300
     322
     299
     281
     271
     316
     287
     304
     303
     311
     295
     313
     303
     317
     288
     307
     275
     280
     302
     304
     282
     294
     298
     313
     317
     287
     296
     270
     289
     341
     309
     295
     316
     323
     323
     288
     287
     310
     308
     303
     330
     315
     272
     279
     275
     288
     288
     283
     342
     305
     295
     314
     307
     282
     311
     306
     315
     310
     315
     315
     336
     283
     340
     299
     282
     272
     288
     302
     343
     305
     300
     300
     308
     312
     287
     281
     293
     286
     313
     297
     324
     298
     295
     278
     316
     300
     297
     298
     292
     300
     295
     298
     291
     313
     284
     259
     284
     288
     300
     287
     305
     291
     279
     288
     268
     266
     297
     313
     295
     292
     283
     324
     300
     252
     304
     277
     299
     297
     296
     283
     290
     295
     311
     273
     271
     308
     309
     300
     284
     298
     276
     309
     292
     301
     315
     310
     300
     298
     292
     303
     328
     290
     298
     283
     299
     295
     307
     282
     303
     268
     285
     309
     291
     296
     334
     280
     301
     331
     270
     305
     287
     306
     295
     330
     309
     305
     297
     279
     306
     288
     319
     301
     289
     277
     292
     335
     316
     295
     314
     295
     269
     326
     319
     292
     306
     276
     280
     304
     268
     287
     336
     284
     271
     284
     323
     304
     315
     258
     276
     274
     319
     312
     294
     292
     325
     313
     269
     295
     257
     278
     263
     285
     285
     290
     311
     292
     288
     271
     294
     282
     291
     304
     310
     299
     304
     282
     301
     303
     272
     279
     257
     310
     327
     319
     297
     309
     315
     270
     296
     284
     322
     298
     283
     272
     262
     274
     304
     299
     266
     300
     311
     304
     294
     272
     266
     249
     270
     296
     298
     272
     272
     299
     277
     293
     270
     264
     293
     291
     294
     267
     297
     262
     284
     291
     270
     299
     300
     282
     286
     281
     301
     308
     315
     277
     319
     293
     316
     285
     252
     295
     284
     270
     290
     263
     296
     298
     287
     278
     285
     295
     279
     306
     326
     313
     282
     253
     301
     290
     284
     302
     287
     296
     276
     309
     298
     293
     302
     299
     282
     266
     264
     300
     289
     306
     255
     297
     269
     290
     300
     299
     286
     270
     260
     302
     303
     308
     280
     314
     278
     290
     279
     268
     302
     297
     271
     284
     336
     289
     298
     292
     294
     286
     293
     282
     299
     296
     270
     299
     290
     332
     263
     297
     337
     300
     308
     288
     288
     268
     309
     279
     265
     319
     317
     291
     272
     294
     311
     286
     285
     287
     312
     291
     280
     286
     288
     288
     261
     290
     296
     273
     233
     309
     277
     281
     320
     301
     295
     311
     334
     299
     265
     290
     270
     293
     297
     267
     308
     329
     318
     294
     274
     294
     290
     290
     308
     298
     271
     280
     279
     270
     282
     318
     292
     278
     260
     265
     309
     280
     288
     298
     294
     277
     310
     319
     314
     279
     302
     306
     283
     252
     287
     262
     322
     290
     295
     295
     304
     283
     317
     315
     310
     296
     309
     300
     311
     310
     311
     301
     318
     288
     287
     284
     289
     297
     283
     311
     278
     301
     302
     319
     288
     294
     268
     314
     307
     304
     276
     306
     304
     311
     315
     317
     303
     280
     316
     297
     292
     310
     313
     269
     288
     277
     285
     310
     314
     294
     280
     270
     306
     310
     310
     306
     330
     273
     310
     310
     295
     322
     307
     288
     281
     299
     291
     318
     299
     280
     297
     282
     326
     312
     287
     314
     298
     299
     293
     318
     300
     289
     310
     300
     292
     315
     306
     279
     306
     299
     315
     297
     307
     283
     304
     321
     310
     310
     296
     289
     291
     351
     266
     301
     318
     324
     303
     301
     327
     295
     297
     327
     328
     316
     318
     309
     297
     327
     315
     325
     292
     295
     283
     299
     308
     313
     308
     300
     285
     336
     265
     320
     324
     297
     326
     305
     313
     330
     318
     308
     297
     301
     320
     296
     311
     331
     298
     305
     312
     326
     336
     311
     331
     335
     323
     305
     330
     288
     314
     295
     302
     339
     318
     322
     300
     298
     306
     310
     327
     319
     351
     331
     290
     322
     302
     314
     296
     320
     319
     307
     324
     306
     329
     277
     300
     323
     319
     323
     326
     310
     314
     329
     309
     332
     292
     331
     324
     303
     303
     324
     310
     306
     332
     324
     324
     305
     294
     323
     291
     348
     332
     310
     319
     312
     303
     314
     317
     338
     324
     336
     318
     349
     311
     321
     315
     307
     296
     313
     315
     297
     316
     341
     307
     320
     301
     336
     341
     310
     299
     321
     330
     301
     343
     340
     311
     325
     344
     326
     334
     328
     309
     359
     342
     310
     318
     324
     309
     307
     283
     347
     355
     330
     333
     340
     332
     346
     326
     322
     336
     341
     332
     308
     365
     343
     333
     333
     324
     354
     356
     347
     317
     335
     316
     333
     335
     337
     300
     359
     334
     311
     286
     357
     343
     349
     349
     313
     341
     337
     323
     382
     330
     335
     323
     338
     329
     331
     336
     329
     356
     336
     323
     332
     315
     332
     337
     345
     375
     359
     338
     341
     346
     357
     345
     303
     361
     360
     304
     332
     294
     345
     320
     327
     360
     350
     362
     339
     351
     341
     329
     319
     355
     334
     370
     299
     342
     333
     358
     367
     354
     347
     345
     383
     330
     359
     350
     344
     352
     373
     342
     364
     349
     379
     337
     378
     371
     345
     364
     337
     323
     352
     358
     338
     333
     345
     354
     369
     319
     341
     393
     369
     385
     367
     365
     340
     397
     358
     349
     362
     366
     358
     319
     365
     353
     373
     325
     367
     333
     360
     367
     338
     350
     357
     345
     351
     363
     346
     306
     354
     381
     378
     339
     370
     343
     355
     390
     356
     371
     366
     352
     390
     365
     378
     364
     406
     357
     370
     384
     340
     366
     377
     382
     367
     337
     354
     419
     387
     381
     359
     415
     382
     363
     409
     360
     370
     379
     384
     375
     388
     402
     369
     408
     361
     380
     374
     384
     372
     379
     402
     390
     358
     355
     361
     381
     351
     382
     396
     364
     398
     381
     381
     357
     362
     353
     402
     363
     371
     410
     410
     402
     388
     395
     364
     353
     379
     364
     369
     387
     382
     384
     378
     370
     360
     395
     365
     366
     420
     382
     371
     369
     396
     393
     407
     370
     355
     390
     388
     394
     361
     411
     386
     361
     346
     366
     414
     369
     375
     391
     383
     380
     363
     384
     415
     376
     362
     364
     361
     367
     372
     350
     393
     398
     398
     384
     390
     387
     406
     400
     389
     415
     387
     408
     398
     397
     409
     393
     388
     394
     390
     346
     368
     346
     396
     374
     376
     374
     403
     379
     375
     356
     361
     345
     361
     352
     401
     364
     407
     399
     369
     372
     350
     382
     390
     379
     352
     329
     345
     346
     367
     355
     361
     379
     330
     352
     349
     354
     383
     377
     406
     369
     373
     370
     331
     350
     391
     336
     334
     373
     312
     314
     364
     343
     298
     325
     299
     314
     304
     327
     295
     297
     313
     360
     305
     332
     304
     309
     303
     335
     311
     297
     297
     292
     285
     300
     304
     296
     290
     284
     284
     305
     263
     270
     275
     233
     298
     273
     255
     242
     272
     288
     268
     288
     264
     254
     248
     250
     244
     263
     286
     233
     223
     256
     251
     261
     218
     278
     250
     211
     238
     252
     256
     237
     237
     239
     228
     240
     254
     213
     232
     244
     225
     216
     259
     228
     240
     223
     214
     223
     229
     220
     234
     219
     219
     222
     227
     218
     203
     234
     228
     221
     221
     229
     219
     227
     236
     215
     197
     243
     213
     215
     198
     225
     218
     207
     210
     220
     228
     198
     212
     227
     208
     212
     214
     237
     204
     217
     214
     212
     207
     235
     216
     230
     225
     221
     236
     221
     204
     223
     219
     205
     233
     186
     208
     226
     211
     204
     217
     194
     212
     198
     209
     192
     205
     162
     200
     215
     205
     190
     197
     204
     191
     181
     183
     195
     198
     189
     214
     186
     173
     185
     222
     191
     229
     200
     186
     200
     176
     180
     192
     187
     176
     189
     198
     195
     202
     184
     186
     198
     193
     212
     188
     228
     170
     164
     190
     193
     189
     158
     198
     189
     182
     181
     176
     194
     185
     190
     171
     186
     185
     171
     201
     162
     148
     181
     190
     160
     169
     174
     176
     179
     183
     188
     172
     186
     189
     182
     170
     172
     184
     176
     182
     179
     199
     177
     181
     166
     166
     200
     173
     168
     162
     191
     212
     192
     165
     167
     173
     157
     166
     150
     152
     153
     148
     166
     174
     174
     187
     160
     155
     186
     180
     165
     180
     166
     152
     166
     155
     192
     164
     156
     165
     189
     143
     180
     189
     176
     156
     174
     168
     145
     157
     156
     158
     167
     161
     163
     186
     170
     166
     186
     166
     144
     172
     187
     169
     166
     165
     138
     141
     156
     158
     189
     160
     170
     164
     157
     178
     144
     152
     144
     146
     182
     154
     156
     158
     173
     162
     176
     174
     160
     144
     184
     152
     185
     154
     166
     168
     151
     152
     157
     154
     137
     155
     156
     159
     142
     158
     162
     173
     167
     138
     172
     155
     122
     151
     137
     148
     172
     161
     150
     135
     167
     154
     158
     145
     150
     169
     173
     151
     147
     165
     147
     144
     146
     151
     145
     133
     124
     141
     157
     157
     143
     152
     151
     141
     142
     162
     152
     167
     136
     146
     151
     130
     169
     153
     160
     134
     129
     157
     150
     132
     139
     153
     138
     129
     134
     142
     126
     150
     145
     139
     131
     123
     126
     137
     137
     121
     140
     144
     138
     116
     137
     151
     129
     156
     147
     129
     156
     129
     154
     147
     149
     152
     130
     124
     134
     139
     142
     150
     123
     141
     129
     120
     148
     159
     119
     138
     152
     144
     151
     137
     136
     131
     136
     105
     134
     128
     139
     134
     116
     123
     148
     160
     124
     108
     135
     122
     128
     137
     138
     134
     132
     127
     141
     111
     114
     128
     105
     132
      93
     127
     116
     125
     133
     127
     126
     124
     122
     126
     113
     137
     149
     126
     121
     133
     133
     136
     125
     111
     115
     153
     127
      99
     137
     113
     122
     122
     119
     135
     111
     110
     103
     152
     116
     133
     131
     118
     132
     108
     116
     118
     131
     129
     121
     125
     113
     143
     118
     123
     120
     109
     112
     122
     122
     120
     116
     141
     119
     115
     109
     125
     118
     127
     127
     127
     115
     102
     117
     125
     123
     122
     118
     112
     123
     124
     105
     115
     131
     109
     118
     124
     122
     110
     111
      95
     123
     130
     113
     107
      90
     125
     141
     115
     110
     116
     132
     116
     100
     112
     110
     110
     122
     102
     110
     104
     122
     104
      99
     110
     108
     100
     116
     105
     117
     111
     128
      95
      93
     104
     110
     106
     108
     123
     115
     105
      93
      88
     115
      96
      92
      97
      93
     109
     109
     108
     117
     113
     119
     111
     113
      98
     107
     104
     104
     113
     128
     119
     133
     107
     117
     117
     102
     115
      94
     115
     105
     105
     103
     112
     110
     111
     113
     112
     112
     100
     102
      97
     117
     101
      98
     116
     106
      99
      97
      98
      98
     110
     103
     105
     117
     114
      77
      93
     101
     111
     116
      94
      80
     113
      88
     111
      88
      82
     105
     102
     100
     108
      99
     104
      86
     110
     114
      98
      97
      90
     103
      91
      79
      93
      94
     100
      94
      89
     101
     111
      97
      90
     108
     100
     103
     114
      91
      90
      99
      85
     110
      67
     110
      78
      80
     101
      99
      68
     101
      89
      92
      75
      88
     120
      95
      98
      87
      84
      90
      77
      95
      99
      96
      87
      83
      89
      98
      92
     108
      99
      87
      87
      94
      99
      87
      85
      88
      84
     105
      90
     103
      89
      94
      93
      98
      90
      88
      73
     100
      94
      91
     102
      90
      94
      87
      94
      98
      82
      92
      84
     107
      89
      84
      85
      89
     103
      79
      95
      80
      81
      82
      82
      95
      67
      90
      84
     102
      89
      89
      96
      76
      84
      86
      81
      91
      90
      93
      82
      93
      87
      86
      88
      97
      85
     100
      88
      97
      94
      94
      84
      85
      92
      86
      75
     113
      88
      97
      88
      77
      75
     109
      81
      81
      79
      82
      86
      96
      94
      88
      76
      99
      96
      69
      82
      97
      78
      92
      93
      87
      89
      75
      90
      82
      77
      93
      97
      90
      92
      93
      76
      81
     101
      90
      92
      98
      87
      79
     100
      99
      97
      75
      95
      78
      92
      79
      74
      87
      88
      94
      86
      96
      83
      86
      91
      84
      78
     104
      87
      81
      81
      72
      89
      80
      87
      99
      94
      90
      96
      80
      83
      82
      61
      92
      78
      84
      86
      75
      81
      81
      77
      91
      86
     118
      82
      74
      94
      83
      86
      71
      91
      77
      92
      90
      89
      85
      83
      75
      82
      94
     103
      72
      93
      87
      73
      80
     100
      85
      83
      85
      91
      72
     102
      89
      82
      83
      78
     104
      77
      80
      84
      92
      89
      95
      98
      70
      91
      77
      93
      90
      83
      99
      86
      84
      76
      88
      82
      82
      74
     100
      88
      76
      97
      81
      85
     101
      83
      82
      82
      86
      90
      73
      83
      97
      85
      86
      70
      78
      80
      82
      84
      83
      91
     102
      62
      76
      85
      91
      79
      83
      80
      79
      89
      87
      85
      90
      83
      66
      84
      65
      98
      84
      69
      92
      81
      86
      81
      89
     104
      83
      68
      76
      82
      86
      91
      86
      93
      89
      82
      62
      87
      86
      73
      84
      83
      83
      83
      75
      90
      79
      78
      78
      81
      96
      80
      80
      75
     110
      81
      91
      80
      88
      83
      87
      80
      77
      77
      97
      79
      85
      79
      89
      95
      81
      82
      68
      86
      78
     109
      81
      74
      73
      96
      73
      88
      81
      96
      84
      92
      64
      84
      89
      87
      89
      83
      71
      85
      74
      90
     103
      81
      72
      72
      89
      79
      79
      78
      68
      66
      91
      77
      75
      82
      76
      92
      91
      85
      82
      79
      83
      83
      80
      82
      85
      91
      78
      82
      83
      93
      84
      86
      88
      80
      71
      81
      82
      95
      67
      89
      94
      86
      86
      64
      68
      95
      81
      88
      84
      95
      80
      92
      91
      78
      81
      87
      83
      70
      93
      95
      85
      75
      88
      99
      89
      75
      72
      71
      80
      79
      77
      82
      75
      80
      79
      66
      86
      78
      76
      87
      77
      94
      67
      77
     100
      83
      81
      77
      52
      73
      87
      75
      81
      92
      88
      81
      93
      80
      91
      83
      79
      73
      62
      86
      88
      69
      71
      73
      80
      86
      84
      72
      77
      98
      82
      80
      97
      72
      99
      78
      80
      72
      81
      72
      69
     104
      92
     101
      82
      89
      84
      93
      72
      83
      92
      90
      92
      79
      98
      88
      86
      78
      74
      80
      75
      77
      97
      80
      82
      81
      69
      93
      86
      85
      77
      78
      79
      96
      91
      81
      82
      80
      87
      79
      88
      72
      95
      63
      97
      83
      88
      80
      81
      72
      89
      87
      74
      91
      66
      67
      95
      79
      81
      89
      85
      80
      74
      89
      90
      97
      79
      85
      69
      68
      77
      82
      76
      62
      92
      73
      97
      82
      90
      72
      86
      74
      87
      81
      67
      81
      75
      78
      66
      80
      88
      73
      87
      68
      73
      83
      82
      73
      82
      65
      86
      78
      78
      75
      71
      74
      81
      89
      71
      90
      95
      98
      83
      84
      88
      60
      78
      93
      90
      91
      74
      84
      85
      70
      89
      80
      73
      72
      77
      86
      86
      66
      82
      82
      74
      65
      82
      63
      87
      74
      83
      74
      84
      86
      81
      72
      82
      84
      79
      76
      72
      77
      92
      85
      73
      90
      94
      97
      80
      69
      92
      85
      72
      79
      68
      95
      88
      78
      99
      79
      81
      85
      76
      71
      56
      91
      83
      69
      74
      64
      91
      69
      84
      96
     102
      90
      89
      65
      70
      82
      70
      72
      92
      91
      86
      89
      69
      88
      86
      74
      82
      71
      67
      75
      84
      90
      98
      81
      77
      87
      83
      81
      87
      87
      79
      85
      93
      76
      86
      68
      79
      93
      90
      73
      89
      85
      79
      85
      80
      63
      73
      75
      81
      83
      94
      87
      73
      80
      78
      84
      87
      87
      75
      83
      84
      65
      79
     101
      82
      81
      82
      89
      69
      76
      69
      85
      92
      91
     107
      95
      78
      78
      89
      80
      91
      82
      82
      74
      83
      79
      88
      81
      72
      90
      88
     100
      87
      75
      89
      76
      96
      77
      72
      69
      86
      90
      76
      69
      87
      88
      90
      73
      85
      99
      81
      78
      86
      81
      85
      90
      97
      83
      79
      75
      88
      84
      93
     100
      74
      82
      83
      85
     102
      91
      76
      77
      87
      82
      70
      81
      91
      86
      94
      92
      96
      90
      81
      64
      75
      81
      73
      96
      69
      72
      94
      80
      97
      84
      86
      81
      83
      79
     106
      88
      81
      90
      77
      88
      79
     103
      72
      72
      82
      78
      86
      90
      79
      83
     100
     111
      78
      98
      98
      96
      75
      89
      95
      81
      83
     104
      91
     109
      84
      81
      93
      96
      90
      80
      86
      86
      98
      90
      86
      94
      92
      95
      76
      90
      99
      88
      96
      91
      88
      82
      94
      92
      94
      78
      69
      92
     108
      74
     101
      85
     101
      95
      98
      82
      92
      96
     107
      66
      84
      79
      98
      93
     108
      91
      90
     105
     112
      77
      88
      98
      96
     100
      90
     103
      95
      88
      64
      78
     104
     103
      81
      97
     103
      96
     107
     103
     103
     107
     100
      80
      95
     112
     103
      86
      87
      94
     101
      97
      93
      96
     106
     116
     109
      89
     116
      84
     111
     113
     121
     114
     118
     110
     115
     115
     117
     107
     113
     111
     129
     111
     136
     112
     138
     129
     140
     121
     136
     143
     140
     134
     156
     170
     154
     167
     179
     179
     178
     180
     209
     222
     232
     279
     280
     323
     325
     362
     420
     444
     520
     541
     632
     690
     837
     941
    1029
    1191
    1387
    1555
    1813
    2122
    2426
    2939
    3261
    3859
    4336
    4990
    5593
    6388
    7080
    7812
    8548
    9292
    9825
   10394
   11150
   11662
   12025
   12283
   12398
   12543
   13098
   12967
   12641
   12730
   12287
   12268
   11839
   11338
   10750
   10280
    9775
    9202
    8368
    7705
    6991
    6243
    5567
    4791
    4247
    3598
    3007
    2474
    2092
    1787
    1428
    1115
     947
     827
     643
     571
     441
     425
     345
     312
     265
     292
     256
     205
     210
     186
     179
     159
     152
     130
     134
     143
     135
     113
     107
     126
     119
      90
     107
     105
      64
      95
      93
      60
      74
      83
      95
      70
      68
      80
      86
      67
      74
      81
      71
      55
      79
      81
      61
      79
      60
      72
      60
      64
      67
      69
      72
      68
      70
      63
      71
      63
      61
      77
      51
      53
      63
      59
      51
      43
      69
      55
      70
      72
      59
      64
      48
      55
      42
      63
      65
      70
      67
      62
      71
      62
      63
      51
      46
      55
      68
      63
      65
      48
      56
      47
      56
      61
      58
      53
      57
      58
      53
      56
      57
      50
      51
      55
      44
      60
      49
      47
      61
      54
      61
      52
      48
      49
      54
      61
      57
      68
      59
      49
      58
      53
      42
      47
      61
      42
      61
      42
      50
      54
      35
      58
      51
      66
      50
      62
      55
      46
      46
      40
      34
      54
      56
      51
      48
      58
      49
      67
      41
      36
      52
      57
      53
      46
      57
      50
      43
      48
      53
      49
      68
      49
      46
      44
      48
      54
      43
      51
      53
      48
      58
      50
      52
      45
      51
      46
      48
      41
      51
      61
      48
      36
      43
      58
      43
      61
      40
      40
      55
      52
      39
      36
      51
      59
      36
      53
      52
      55
      42
      43
      50
      45
      38
      44
      36
      37
      63
      57
      42
      41
      49
      48
      58
      42
      57
      39
      61
      33
      51
      45
      57
      41
      51
      52
      45
      47
      40
      36
      35
      49
      47
      58
      52
      49
      46
      58
      57
      39
      47
      46
      45
      35
      43
      44
      45
      44
      33
      49
      50
      39
      53
      54
      38
      41
      53
      48
      39
      63
      37
      35
      45
      54
      47
      42
      42
      44
      41
      50
      47
      50
      41
      38
      45
      37
      37
      31
      51
      44
      42
      49
      46
      43
      47
      45
      38
      47
      45
      57
      44
      47
      53
      50
      34
      57
      37
      33
      44
      44
      48
      38
      42
      44
      53
      36
      35
      50
      33
      34
      49
      36
      35
      48
      49
      48
      36
      44
      40
      56
      43
      52
      35
      52
      56
      37
      38
      42
      50
      39
      55
      41
      36
      35
      48
      34
      44
      42
      40
      41
      44
      52
      36
      45
      59
      32
      44
      52
      45
      50
      31
      39
      48
      54
      49
      43
      51
      44
      30
      37
      42
      40
      57
      38
      42
      43
      48
      42
      37
      41
      35
      50
      45
      43
      45
      35
      40
      49
      42
      48
      51
      51
      37
      44
      38
      44
      42
      41
      46
      41
      48
      40
      34
      35
      47
      41
      41
      48
      33
      51
      38
      41
      40
      34
      38
      47
      43
      51
      47
      44
      40
      30
      41
      32
      36
      36
      42
      40
      29
      43
      38
      53
      30
      44
      29
      40
      40
      35
      41
      52
      45
      31
      48
      41
      48
      48
      36
      49
      42
      44
      28
      44
      39
      43
      37
      36
      44
      41
      36
      39
      32
      37
      40
      45
      35
      37
      36
      42
      35
      45
      52
      43
      35
      47
      53
      46
      41
      51
      44
      44
      43
      40
      38
      35
      44
      39
      46
      30
      55
      49
      34
      41
      51
      31
      42
      44
      42
      44
      41
      30
      48
      40
      37
      44
      43
      48
      39
      39
      44
      33
      41
      35
      38
      36
      44
      43
      49
      42
      33
      38
      41
      44
      50
      44
      43
      47
      36
      47
      45
      41
      48
      37
      40
      52
      35
      43
      55
      47
      38
      43
      30
      39
      43
      47
      47
      40
      55
      35
      48
      35
      42
      46
      31
      34
      37
      48
      37
      35
      39
      50
      50
      39
      55
      39
      39
      43
      40
      41
      47
      43
      45
      36
      37
      41
      39
      37
      33
      39
      34
      38
      42
      48
      45
      41
      34
      32
      40
      35
      36
      48
      37
      32
      40
      40
      49
      33
      39
      44
      31
      50
      35
      52
      40
      46
      37
      28
      44
      47
      32
      40
      29
      43
      44
      32
      39
      34
      42
      38
      50
      42
      39
      39
      39
      45
      36
      37
      40
      45
      43
      34
      49
      46
      46
      39
      39
      44
      34
      42
      41
      41
      44
      42
      43
      42
      48
      34
      41
      48
      52
      39
      48
      38
      38
      40
      25
      37
      31
      31
      53
      40
      40
      40
      49
      47
      47
      48
      41
      33
      43
      47
      50
      39
      31
      41
      34
      52
      39
      36
      43
      42
      32
      46
      33
      37
      31
      35
      29
      58
      32
      31
      42
      38
      39
      34
      38
      42
      46
      44
      42
      47
      46
      28
      36
      48
      36
      36
      35
      37
      51
      40
      52
      39
      40
      54
      41
      27
      49
      35
      32
      49
      40
      47
      31
      44
      27
      39
      32
      35
      39
      34
      39
      36
      32
      44
      44
      34
      42
      33
      39
      27
      31
      45
      52
      44
      49
      43
      41
      27
      41
      33
      35
      47
      30
      44
      41
      36
      36
      26
      38
      47
      35
      46
      42
      49
      42
      31
      35
      33
      43
      43
      38
      43
      41
      41
      41
      41
      30
      40
      40
      39
      46
      36
      49
      45
      49
      37
      44
      29
      43
      39
      44
      41
      30
      44
      41
      38
      32
      44
      38
      41
      37
      33
      45
      24
      41
      37
      36
      36
      38
      42
      41
      39
      43
      40
      35
      40
      33
      52
      42
      50
      27
      43
      33
      35
      30
      31
      30
      37
      30
      36
      38
      33
      36
      47
      45
      42
      48
      42
      41
      36
      42
      49
      33
      43
      36
      50
      53
      51
      35
      43
      33
      40
      44
      26
      38
      47
      42
      39
      39
      42
      35
      41
      41
      34
      34
      36
      35
      49
      38
      45
      48
      47
      37
      39
      44
      40
      41
      36
      37
      54
      41
      36
      36
      36
      47
      35
      36
      40
      45
      35
      21
      44
      45
      55
      29
      31
      22
      38
      40
      40
      54
      32
      24
      44
      35
      31
      39
      37
      36
      39
      39
      40
      29
      30
      31
      40
      48
      43
      48
      46
      34
      38
      31
      37
      50
      37
      34
      42
      41
      28
      46
      43
      32
      39
      41
      45
      34
      37
      26
      51
      45
      40
      40
      32
      38
      44
      42
      40
      37
      35
      36
      45
      47
      35
      34
      37
      39
      38
      35
      46
      41
      39
      35
      52
      40
      51
      43
      57
      32
      34
      32
      53
      49
      53
      46
      44
      51
      40
      45
      39
      54
      46
      41
      30
      32
      34
      33
      41
      45
      43
      32
      37
      36
      47
      38
      30
      32
      29
      44
      50
      51
      31
      36
      36
      38
      36
      37
      29
      44
      35
      38
      37
      39
      42
      43
      41
      40
      34
      44
      37
      36
      40
      35
      32
      45
      47
      28
      37
      32
      40
      27
      41
      42
      39
      46
      39
      30
      36
      35
      47
      39
      35
      35
      39
      32
      34
      49
      35
      32
      35
      40
      33
      43
      32
      33
      40
      53
      37
      37
      37
      36
      36
      36
      42
      31
      50
      32
      45
      36
      30
      39
      44
      41
      36
      35
      39
      37
      34
      36
      33
      38
      38
      37
      39
      39
      50
      35
      35
      35
      51
      32
      28
      42
      36
      37
      42
      47
      39
      46
      47
      23
      38
      43
      25
      34
      44
      48
      37
      41
      44
      40
      47
      39
      44
      30
      37
      48
      30
      30
      42
      41
      37
      31
      35
      26
      43
      34
      40
      52
      54
      45
      37
      39
      40
      44
      42
      37
      42
      38
      38
      32
      32
      38
      42
      38
      41
      34
      42
      41
      39
      46
      45
      37
      30
      31
      26
      46
      48
      36
      47
      28
      46
      38
      42
      42
      28
      42
      43
      36
      44
      32
      36
      36
      36
      33
      40
      40
      30
      35
      42
      52
      38
      46
      36
      45
      32
      35
      31
      32
      38
      53
      37
      50
      37
      34
      27
      42
      35
      33
      34
      37
      58
      43
      34
      49
      32
      49
      39
      46
      36
      47
      40
      34
      37
      41
      38
      43
      48
      39
      39
      42
      44
      41
      38
      42
      38
      40
      39
      29
      35
      29
      51
      43
      33
      37
      37
      25
      41
      46
      40
      42
      40
      38
      33
      37
      40
      37
      25
      41
      36
      33
      40
      36
      29
      41
      43
      37
      44
      34
      38
      35
      42
      42
      44
      52
      34
      35
      42
      33
      39
      33
      44
      43
      34
      30
      44
      30
      40
      39
      41
      40
      37
      45
      43
      31
      38
      44
      59
      34
      43
      40
      32
      29
      46
      37
      38
      35
      40
      29
      38
      46
      39
      39
      39
      44
      31
      31
      30
      45
      39
      36
      40
      46
      41
      41
      29
      37
      42
      34
      34
      42
      29
      36
      27
      32
      31
      40
      44
      30
      33
      42
      36
      31
      38
      33
      39
      37
      36
      37
      55
      38
      35
      51
      48
      29
      42
      52
      45
      51
      37
      32
      43
      36
      34
      48
      35
      40
      39
      38
      44
      29
      46
      26
      32
      40
      29
      44
      37
      29
      37
      41
      33
      41
      41
      33
      51
      30
      29
      25
      55
      43
      35
      26
      46
      40
      28
      47
      44
      46
      38
      37
      48
      46
      39
      47
      44
      35
      34
      42
      40
      35
      40
      35
      57
      46
      33
      43
      40
      34
      42
      38
      39
      43
      46
      38
      32
      28
      29
      44
      37
      38
      30
      41
      50
      51
      49
      41
      44
      32
      40
      35
      41
      42
      37
      42
      35
      23
      37
      41
      45
      40
      39
      35
      26
      36
      44
      39
      24
      38
      32
      37
      37
      29
      35
      33
      31
      40
      49
      42
      31
      37
      32
      33
      44
      27
      44
      44
      28
      30
      35
      39
      41
      36
      47
      43
      39
      43
      32
      33
      50
      39
      51
      43
      41
      39
      44
      39
      38
      50
      43
      46
      35
      52
      43
      41
      40
      45
      27
      39
      36
      34
      45
      46
      35
      50
      40
      38
      35
      41
      31
      39
      31
      39
      36
      41
      35
      28
      49
      45
      37
      30
      46
      35
      44
      33
      27
      35
      35
      38
      38
      39
      41
      41
      38
      36
      30
      33
      43
      40
      37
      38
      34
      38
      47
      34
      34
      42
      27
      36
      41
      42
      36
      38
      43
      33
      42
      45
      40
      36
      37
      35
      51
      50
      44
      40
      40
      36
      28
      40
      46
      37
      47
      25
      47
      32
      27
      34
      33
      40
      49
      49
      46
      34
      33
      30
      35
      35
      40
      38
      43
      34
      31
      39
      26
      40
      41
      29
      23
      27
      32
      36
      34
      38
      32
      39
      37
      42
      39
      30
      38
      48
      46
      30
      33
      37
      37
      37
      35
      42
      45
      38
      34
      39
      36
      26
      40
      43
      33
      31
      31
      33
      32
      39
      47
      36
      40
      42
      31
      33
      47
      34
      38
      28
      39
      45
      34
      50
      50
      38
      40
      32
      43
      36
      39
      46
      46
      41
      36
      42
      39
      35
      37
      22
      33
      43
      39
      38
      36
      45
      32
      39
      42
      35
      48
      42
      51
      38
      41
      44
      43
      37
      40
      48
      35
      32
      43
      29
      47
      29
      41
      40
      45
      36
      55
      45
      46
      46
      41
      31
      44
      35
      38
      36
      40
      33
      24
      46
      37
      44
      46
      48
      42
      43
      29
      50
      40
      45
      48
      43
      31
      45
      39
      46
      37
      44
      31
      25
      41
      34
      41
      45
      42
      39
      35
      46
      40
      31
      32
      50
      31
      46
      25
      37
      47
      35
      45
      43
      47
      35
      36
      35
      46
      39
      35
      42
      50
      33
      35
      42
      51
      40
      42
      32
      31
      46
      27
      43
      42
      45
      42
      31
      36
      42
      45
      46
      33
      34
      42
      30
      42
      39
      37
      49
      40
      32
      43
      42
      41
      38
      34
      35
      39
      43
      42
      47
      29
      27
      38
      41
      40
      43
      38
      49
      41
      38
      43
      36
      34
      27
      49
      38
      41
      46
      41
      47
      41
      50
      53
      38
      41
      33
      42
      29
      34
      32
      39
      32
      45
      35
      40
      44
      39
      35
      42
      36
      35
      36
      37
      34
      38
      28
      53
      43
      38
      43
      29
      33
      42
      39
      35
      33
      38
      43
      36
      42
      38
      45
      42
      44
      35
      41
      44
      37
      37
      34
      34
      44
      35
      28
      38
      41
      47
      40
      34
      50
      39
      36
      47
      40
      38
      50
      48
      41
      35
      50
      38
      36
      43
      35
      39
      42
      39
      42
      50
      25
      35
      39
      26
      29
      38
      41
      35
      52
      39
      47
      29
      33
      36
      29
      33
      33
      44
      50
      33
      37
      35
      32
      40
      41
      47
      45
      41
      37
      37
      50
      38
      44
      48
      40
      34
      34
      25
      44
      40
      40
      45
      44
      37
      38
      49
      39
      37
      33
      34
      36
      43
      30
      41
      47
      29
      38
      46
      48
      35
      40
      51
      40
      39
      41
      35
      36
      30
      39
      51
      47
      40
      45
      49
      33
      44
      25
      36
      51
      40
      34
      29
      36
      37
      33
      46
      39
      37
      44
      31
      31
      51
      30
      46
      34
      32
      36
      34
      35
      44
      41
      34
      34
      44
      34
      47
      46
      36
      32
      39
      33
      42
      31
      33
      32
      33
      34
      41
      46
      34
      45
      40
      32
      34
      42
      39
      47
      39
      37
      41
      34
      32
      43
      32
      53
      31
      44
      38
      37
      42
      31
      37
      31
      29
      35
      35
      37
      37
      33
      37
      41
      42
      45
      28
      28
      44
      40
      40
      38
      34
      34
      49
      38
      39
      39
      40
      34
      39
      31
      40
      39
      38
      40
      37
      36
      45
      38
      42
      40
      43
      43
      34
      40
      45
      40
      38
      48
      33
      36
      45
      40
      42
      44
      36
      36
      47
      50
      32
      45
      44
      36
      38
      47
      35
      43
      39
      36
      40
      43
      43
      28
      44
      40
      48
      32
      51
      49
      26
      46
      41
      48
      41
      43
      38
      29
      45
      45
      41
      31
      32
      33
      40
      41
      36
      40
      40
      34
      46
      31
      59
      40
      49
      45
      38
      34
      37
      37
      40
      41
      44
      26
      37
      40
      43
      40
      43
      38
      39
      36
      42
      45
      40
      34
      49
      42
      41
      36
      34
      43
      28
      53
      43
      47
      37
      39
      45
      39
      31
      38
      51
      43
      52
      44
      36
      31
      38
      40
      38
      40
      36
      44
      36
      34
      41
      33
      33
      40
      36
      48
      36
      30
      38
      42
      40
      41
      34
      34
      34
      36
      50
      39
      46
      42
      50
      41
      48
      33
      40
      42
      40
      36
      41
      37
      37
      35
      44
      36
      48
      40
      33
      32
      47
      35
      37
      38
      27
      43
      44
      44
      42
      34
      36
      42
      27
      30
      36
      36
      38
      38
      34
      40
      43
      34
      35
      52
      34
      35
      26
      45
      31
      36
      41
      38
      39
      38
      36
      52
      40
      39
      41
      43
      40
      40
      45
      55
      52
      41
      43
      31
      37
      43
      41
      30
      44
      33
      36
      53
      33
      43
      40
      41
      40
      35
      39
      40
      35
      36
      36
      42
      42
      51
      46
      41
      42
      33
      41
      43
      38
      58
      40
      38
      53
      44
      38
      42
      45
      42
      37
      39
      36
      32
      38
      39
      37
      33
      29
      47
      57
      38
      42
      42
      30
      40
      44
      30
      42
      37
      30
      48
      34
      41
      32
      46
      43
      37
      31
      39
      42
      42
      45
      46
      49
      44
      46
      40
      49
      50
      39
      36
      45
      49
      43
      34
      35
      43
      29
      45
      48
      33
      35
      32
      43
      33
      41
      44
      44
      29
      60
      40
      43
      31
      34
      36
      36
      40
      41
      37
      39
      30
      48
      38
      53
      34
      43
      34
      42
      37
      47
      38
      41
      41
      36
      34
      50
      37
      39
      43
      41
      30
      48
      41
      42
      40
      54
      35
      37
      29
      49
      40
      42
      34
      45
      29
      44
      38
      40
      46
      31
      42
      42
      34
      56
      46
      32
      36
      42
      38
      54
      46
      40
      30
      38
      47
      36
      41
      43
      27
      45
      32
      44
      47
      38
      34
      35
      32
      44
      46
      43
      38
      47
      38
      40
      44
      44
      37
      39
      34
      36
      34
      37
      56
      35
      49
      42
      49
      43
      31
      33
      44
      46
      32
      43
      32
      45
      35
      45
      44
      34
      35
      42
      34
      49
      59
      42
      54
      43
      39
      52
      53
      34
      57
      45
      56
      53
      44
      54
      55
      32
      52
      51
      54
      49
      48
      48
      56
      42
      44
      50
      42
      54
      36
      40
      41
      41
      45
      45
      48
      52
      49
      53
      40
      49
      29
      42
      44
      48
      31
      40
      42
      27
      47
      39
      40
      30
      50
      37
      29
      37
      45
      44
      52
      36
      46
      47
      30
      54
      39
      46
      48
      39
      45
      39
      46
      52
      48
      44
      37
      43
      37
      39
      62
      37
      35
      32
      42
      37
      38
      35
      33
      50
      31
      56
      35
      34
      46
      39
      47
      43
      49
      33
      40
      44
      30
      34
      41
      37
      46
      50
      45
      34
      33
      48
      25
      40
      41
      43
      47
      41
      30
      35
      34
      26
      36
      37
      37
      35
      43
      26
      41
      42
      51
      34
      36
      42
      38
      45
      48
      28
      38
      42
      51
      43
      39
      36
      41
      38
      45
      45
      45
      39
      30
      44
      45
      34
      37
      36
      34
      39
      36
      49
      33
      50
      47
      36
      47
      46
      37
      46
      40
      36
      40
      45
      40
      41
      35
      47
      34
      35
      33
      43
      44
      39
      38
      38
      46
      38
      43
      42
      44
      45
      39
      32
      43
      38
      31
      32
      52
      41
      49
      57
      48
      39
      37
      52
      37
      37
      36
      53
      35
      46
      53
      31
      38
      49
      48
      43
      42
      37
      55
      31
      38
      51
      38
      38
      34
      35
      39
      44
      23
      39
      28
      27
      49
      46
      37
      53
      34
      37
      45
      42
      32
      40
      38
      39
      36
      44
      46
      39
      38
      45
      43
      54
      38
      38
      44
      49
      37
      40
      35
      38
      41
      54
      39
      39
      33
      45
      36
      36
      48
      37
      47
      32
      30
      45
      42
      39
      38
      38
      42
      36
      56
      41
      44
      37
      36
      47
      45
      46
      38
      41
      45
      44
      34
      37
      33
      38
      49
      47
      36
      48
      43
      35
      40
      54
      28
      50
      47
      38
      48
      43
      35
      37
      32
      44
      39
      45
      38
      34
      49
      44
      48
      45
      40
      49
      43
      40
      52
      38
      35
      43
      45
      38
      42
      43
      44
      49
      39
      39
      33
      41
      36
      53
      39
      35
      34
      32
      34
      38
      50
      35
      46
      32
      32
      30
      42
      30
      33
      44
      42
      35
      37
      29
      41
      41
      46
      46
      44
      49
      30
      55
      51
      41
      30
      24
      38
      31
      45
      47
      44
      39
      39
      33
      35
      46
      51
      44
      37
      49
      48
      31
      50
      47
      34
      53
      33
      47
      48
      46
      49
      36
      39
      40
      36
      48
      42
      46
      34
      39
      36
      42
      44
      27
      33
      43
      35
      39
      39
      38
      41
      38
      27
      37
      46
      35
      36
      41
      44
      29
      36
      39
      47
      40
      38
      53
      46
      43
      45
      38
      44
      33
      46
      41
      47
      34
      35
      33
      38
      43
      39
      44
      42
      42
      43
      32
      47
      58
      39
      35
      39
      38
      48
      40
      39
      64
      65
      46
      50
      44
      36
      42
      46
      42
      48
      38
      28
      35
      45
      50
      41
      45
      53
      37
      41
      45
      40
      34
      41
      37
      41
      51
      44
      34
      43
      51
      40
      41
      43
      43
      43
      46
      36
      46
      41
      37
      38
      47
      36
      37
      32
      49
      38
      45
      31
      50
      34
      42
      46
      39
      34
      41
      43
      31
      31
      37
      47
      33
      43
      44
      40
      41
      33
      46
      46
      53
      42
      40
      32
      46
      38
      44
      46
      53
      34
      41
      53
      36
      46
      47
      29
      59
      43
      54
      40
      37
      38
      38
      33
      46
      38
      45
      47
      33
      43
      41
      52
      50
      45
      35
      43
      46
      35
      50
      29
      41
      40
      40
      50
      48
      44
      38
      41
      51
      48
      54
      49
      46
      40
      45
      36
      43
      39
      39
      51
      40
      34
      45
      39
      41
      37
      37
      40
      44
      52
      47
      37
      46
      43
      36
      31
      38
      35
      47
      42
      44
      47
      35
      45
      46
      36
      48
      51
      43
      50
      45
      31
      46
      31
      36
      46
      50
      39
      42
      46
      39
      37
      45
      47
      36
      32
      36
      43
      39
      35
      44
      35
      40
      46
      57
      42
      36
      44
      29
      41
      36
      35
      31
      44
      39
      37
      49
      38
      46
      38
      37
      45
      45
      41
      45
      35
      44
      45
      47
      33
      42
      39
      37
      37
      47
      33
      46
      46
      48
      31
      47
      38
      44
      39
      32
      48
      43
      39
      32
      38
      37
      41
      49
      29
      44
      44
      40
      42
      49
      48
      41
      38
      39
      49
      41
      45
      37
      51
      39
      50
      50
      45
      32
      42
      37
      36
      42
      35
      43
      30
      58
      55
      38
      40
      49
      50
      37
      45
      35
      44
      40
      28
      40
      42
      46
      47
      47
      48
      43
      42
      43
      50
      38
      49
      36
      41
      43
      33
      40
      42
      57
      48
      43
      47
      40
      41
      43
      42
      38
      43
      49
      43
      45
      52
      45
      45
      46
      46
      33
      35
      54
      58
      42
      54
      50
      39
      42
      44
      51
      35
      43
      50
      48
      40
      42
      39
      40
      51
      40
      44
      50
      52
      32
      54
      46
      38
      42
      39
      42
      39
      46
      48
      49
      45
      44
      43
      39
      51
      42
      48
      44
      54
      40
      38
      41
      46
      41
      49
      47
      33
      39
      49
      45
      45
      44
      37
      44
      46
      42
      49
      35
      52
      39
      50
      50
      55
      35
      38
      54
      43
      44
      47
      38
      43
      57
      48
      28
      40
      42
      46
      48
      30
      45
      51
      48
      35
      38
      45
      40
      44
      39
      39
      46
      41
      52
      56
      31
      42
      46
      45
      48
      47
      49
      50
      43
      55
      46
      35
      47
      34
      47
      46
      63
      53
      43
      42
      47
      36
      35
      30
      38
      47
      31
      48
      51
      42
      58
      39
      40
      42
      40
      48
      50
      51
      36
      50
      47
      39
      34
      32
      39
      53
      52
      48
      43
      35
      40
      33
      43
      42
      49
      53
      47
      46
      36
      47
      54
      43
      58
      48
      38
      47
      48
      50
      44
      50
      36
      53
      37
      34
      33
      33
      55
      41
      47
      34
      43
      43
      38
      41
      41
      44
      50
      43
      33
      47
      39
      39
      45
      45
      35
      46
      38
      43
      40
      53
      61
      42
      46
      55
      45
      39
      51
      53
      49
      38
      44
      47
      47
      54
      29
      47
      48
      44
      45
      31
      45
      48
      41
      49
      45
      40
      65
      42
      49
      50
      39
      44
      46
      51
      38
      52
      35
      59
      46
      45
      62
      47
      28
      48
      53
      40
      43
      57
      43
      49
      43
      52
      42
      33
      50
      45
      56
      47
      42
      53
      56
      35
      48
      48
      51
      39
      55
      56
      47
      41
      60
      44
      55
      34
      45
      47
      44
      41
      45
      55
      45
      58
      39
      48
      50
      47
      34
      48
      42
      48
      45
      36
      40
      43
      41
      41
      37
      54
      43
      41
      46
      39
      37
      40
      40
      54
      57
      39
      42
      48
      39
      37
      42
      41
      50
      53
      44
      60
      47
      49
      51
      57
      47
      39
      34
      49
      43
      47
      60
      44
      39
      36
      42
      49
      32
      44
      28
      31
      44
      42
      45
      39
      34
      41
      50
      37
      44
      45
      44
      57
      50
      53
      45
      45
      45
      36
      52
      47
      46
      38
      46
      45
      37
      35
      50
      37
      48
      33
      49
      40
      40
      44
      48
      49
      37
      47
      48
      50
      38
      44
      50
      41
      49
      51
      44
      44
      51
      44
      51
      48
      42
      45
      39
      48
      34
      43
      52
      38
      49
      56
      39
      41
      43
      40
      45
      49
      47
      40
      52
      41
      39
      41
      47
      45
      59
      51
      36
      53
      44
      57
      51
      38
      38
      55
      46
      40
      52
      54
      50
      55
      49
      43
      42
      49
      43
      55
      34
      46
      51
      37
      51
      60
      30
      30
      44
      41
      51
      51
      47
      38
      40
      42
      56
      51
      40
      51
      37
      43
      44
      54
      30
      54
      44
      30
      46
      41
      42
      57
      44
      46
      53
      39
      37
      40
      56
      34
      60
      43
      39
      44
      50
      35
      36
      36
      39
      43
      36
      46
      59
      50
      46
      41
      50
      53
      59
      48
      53
      41
      59
      46
      44
      37
      44
      45
      47
      42
      39
      40
      51
      40
      47
      44
      37
      54
      46
      58
      46
      40
      35
      42
      58
      37
      40
      54
      51
      37
      40
      50
      43
      55
      57
      46
      40
      42
      67
      31
      58
      53
      52
      45
      43
      42
      47
      39
      43
      51
      46
      48
      43
      38
      44
      48
      40
      51
      35
      45
      48
      57
      41
      52
      47
      47
      35
      58
      46
      59
      52
      41
      50
      62
      51
      48
      38
      50
      47
      49
      43
      46
      45
      52
      49
      55
      42
      43
      49
      53
      45
      43
      53
      43
      46
      34
      41
      40
      40
      48
      46
      45
      48
      48
      47
      37
      49
      42
      51
      45
      45
      47
      32
      52
      50
      57
      48
      59
      42
      46
      46
      44
      52
      42
      46
      56
      44
      43
      52
      47
      45
      45
      44
      49
      44
      48
      38
      51
      49
      40
      47
      50
      42
      38
      40
      51
      46
      43
      44
      51
      60
      34
      53
      42
      56
      49
      38
      33
      41
      46
      49
      37
      40
      53
      37
      54
      45
      50
      42
      46
      38
      52
      46
      60
      54
      53
      61
      38
      41
      50
      57
      33
      41
      44
      58
      47
      39
      47
      50
      44
      63
      41
      55
      41
      46
      52
      38
      43
      39
      58
      45
      49
      52
      37
      43
      48
      44
      54
      45
      44
      40
      50
      53
      39
      46
      48
      49
      37
      54
      52
      48
      53
      46
      48
      58
      48
      49
      36
      43
      59
      45
      40
      42
      59
      51
      47
      45
      58
      54
      46
      48
      57
      54
      47
      60
      47
      51
      48
      50
      56
      57
      51
      48
      46
      43
      55
      50
      47
      56
      43
      43
      45
      43
      55
      45
      48
      50
      39
      53
      38
      57
      44
      37
      62
      51
      43
      47
      37
      53
      51
      43
      34
      49
      42
      49
      45
      52
      48
      44
      43
      51
      46
      54
      46
      49
      42
      48
      42
      49
      51
      42
      53
      57
      44
      36
      42
      55
      60
      53
      54
      46
      55
      52
      43
      58
      51
      52
      44
      40
      47
      50
      52
      50
      38
      46
      43
      53
      40
      59
      58
      41
      50
      61
      43
      39
      61
      51
      52
      50
      50
      44
      43
      54
      45
      63
      43
      61
      46
      51
      49
      38
      52
      49
      52
      46
      46
      40
      49
      52
      46
      46
      47
      55
      45
      40
      47
      51
      49
      56
      38
      38
      50
      68
      49
      50
      56
      51
      64
      63
      43
      52
      44
      47
      43
      41
      52
      45
      44
      48
      57
      50
      52
      43
      50
      52
      55
      43
      56
      50
      55
      54
      46
      46
      55
      46
      39
      58
      48
      33
      49
      48
      40
      42
      54
      66
      46
      52
      55
      61
      51
      44
      49
      37
      50
      42
      50
      56
      45
      44
      45
      45
      42
      54
      48
      48
      42
      44
      53
      53
      61
      54
      45
      50
      55
      43
      45
      51
      49
      50
      65
      51
      43
      50
      45
      60
      41
      58
      37
      60
      62
      50
      44
      50
      51
      35
      48
      49
      64
      47
      58
      58
      40
      56
      44
      48
      49
      51
      48
      58
      40
      47
      50
      47
      64
      63
      46
      52
      47
      58
      56
      50
      45
      53
      51
      44
      51
      46
      48
      42
      51
      50
      51
      60
      49
      44
      46
      50
      50
      32
      55
      45
      42
      47
      58
      37
      52
      64
      45
      59
      46
      58
      47
      54
      54
      48
      53
      48
      49
      47
      47
      60
      52
      53
      50
      49
      56
      48
      64
      55
      53
      41
      53
      45
      54
      52
      69
      58
      56
      58
      58
      42
      56
      54
      60
      35
      63
      48
      62
      59
      70
      49
      51
      61
      57
      42
      43
      60
      59
      42
      45
      56
      50
      59
      51
      62
      49
      41
      49
      47
      50
      55
      56
      58
      56
      57
      59
      58
      54
      58
      66
      48
      60
      64
      45
      53
      48
      54
      60
      52
      60
      59
      52
      51
      51
      55
      55
      50
      52
      44
      41
      53
      43
      61
      59
      59
      75
      61
      41
      50
      45
      47
      59
      55
      52
      64
      55
      54
      54
      49
      53
      64
      48
      61
      51
      54
      61
      46
      54
      53
      52
      62
      48
      43
      69
      63
      47
      53
      61
      64
      69
      49
      52
      52
      55
      69
      56
      68
      56
      52
      47
      46
      59
      50
      46
      40
      57
      50
      65
      56
      48
      55
      45
      58
      48
      55
      54
      53
      51
      56
      58
      70
      44
      36
      60
      60
      54
      57
      42
      67
      56
      62
      50
      64
      53
      64
      49
      55
      62
      51
      57
      45
      51
      55
      59
      46
      40
      65
      39
      52
      54
      63
      40
      64
      46
      58
      65
      64
      66
      56
      52
      52
      56
      45
      52
      51
      62
      64
      54
      68
      61
      46
      61
      58
      59
      55
      52
      55
      55
      58
      63
      62
      63
      58
      58
      57
      50
      54
      42
      64
      61
      55
      49
      68
      35
      52
      61
      50
      67
      57
      60
      69
      59
      61
      49
      60
      56
      49
      62
      70
      52
      64
      56
      57
      56
      66
      64
      44
      63
      61
      65
      46
      63
      64
      57
      64
      52
      57
      50
      66
      49
      65
      51
      46
      59
      56
      59
      57
      47
      57
      55
      53
      61
      42
      66
      52
      51
      49
      57
      57
      59
      51
      62
      61
      44
      50
      65
      58
      65
      55
      50
      53
      61
      63
      68
      57
      55
      46
      55
      58
      58
      46
      56
      61
      55
      55
      59
      62
      59
      49
      57
      56
      61
      52
      49
      54
      61
      57
      55
      56
      47
      76
      50
      58
      65
      57
      68
      62
      51
      52
      49
      64
      66
      56
      66
      67
      58
      58
      58
      52
      50
      55
      58
      50
      65
      60
      53
      70
      61
      50
      64
      61
      55
      58
      45
      55
      65
      64
      61
      46
      74
      53
      67
      77
      56
      67
      53
      76
      63
      57
      51
      55
      55
      55
      56
      65
      68
      66
      70
      56
      56
      56
      69
      61
      61
      62
      65
      52
      59
      50
      55
      43
      65
      65
      57
      69
      46
      59
      52
      68
      77
      70
      62
      63
      54
      55
      52
      65
      53
      61
      62
      48
      57
      64
      48
      65
      58
      58
      68
      66
      54
      67
      65
      66
      54
      59
      66
      53
      44
      51
      48
      70
      62
      56
      63
      65
      65
      70
      69
      67
      69
      61
      62
      58
      54
      72
      65
      69
      65
      49
      47
      63
      51
      58
      63
      42
      53
      69
      49
      62
      67
      65
      58
      57
      71
      57
      56
      70
      71
      58
      66
      74
      58
      63
      56
      62
      73
      52
      64
      60
      64
      56
      67
      50
      63
      60
      58
      59
      63
      57
      62
      57
      73
      65
      67
      49
      70
      58
      63
      64
      70
      68
      80
      53
      72
      66
      68
      71
      50
      74
      60
      66
      60
      47
      66
      58
      61
      52
      64
      63
      49
      53
      64
      54
      75
      61
      77
      67
      65
      64
      85
      76
      71
      89
      74
      78
      61
      56
      55
      62
      74
      85
      56
      66
      53
      73
      62
      76
      78
      78
      72
      63
      79
      65
      71
      58
      65
      58
      64
      65
      59
      69
      56
      55
      76
      74
      53
      55
      67
      69
      63
      77
      79
      65
      54
      74
      75
      57
      74
      54
      69
      55
      59
      61
      73
      85
      63
      58
      69
      54
      60
      62
      81
      62
      48
      72
      56
      57
      66
      50
      56
      76
      60
      67
      65
      87
      55
      72
      63
      73
      46
      64
      75
      73
      62
      81
      67
      52
      58
      61
      61
      72
      73
      62
      50
      67
      59
      66
      73
      75
      76
      75
      63
      74
      64
      67
      62
      70
      64
      65
      64
      67
      73
      69
      72
      60
      73
      58
      81
      66
      69
      60
      69
      62
      80
      71
      67
      74
      71
      68
      78
      61
      72
      73
      82
      56
      65
      77
      68
      76
      51
      70
      72
      67
      72
      68
      57
      81
      66
      71
      63
      68
      79
      65
      64
      70
      72
      74
      61
      60
      57
      65
      71
      81
      73
      75
      60
      81
      75
      70
      73
      83
      74
      56
      70
      81
      55
      80
      74
      74
      69
      67
      62
      72
      70
      66
      73
      72
      83
      78
      81
      62
      75
      71
      68
      67
      71
      75
      58
      64
      63
      74
      59
      67
      62
      85
      77
      77
      61
      72
      77
      61
      62
      70
      74
      87
      83
      69
      92
      67
      64
      57
      68
      80
      68
      59
      74
      65
      71
      72
      72
      72
      78
      72
      73
      68
      79
      60
      66
      73
      68
      87
      75
      67
      69
      69
      61
      68
      79
      80
      77
      60
      80
      85
      88
      71
      66
      66
      72
      84
      91
      84
      87
      88
      78
      76
      87
      71
      92
      86
      80
      80
      69
      74
      87
      79
      72
      96
      75
      76
      82
      76
      73
      85
      89
      74
      77
      69
      80
      89
      80
      67
      76
      82
      90
      74
      73
      66
      81
      99
      86
      89
      89
      76
      72
      89
      90
      82
      84
      94
      86
      73
      77
      78
      78
      63
      59
      69
      92
      70
      63
      74
      75
      66
      76
      83
      61
      72
      85
      68
      76
      79
      74
      67
      70
      80
      71
      78
      72
      91
      74
      84
      93
      74
      74
      80
      76
      85
      69
      97
      75
      69
      86
      75
      87
      86
      78
      74
      67
      95
      73
      85
      78
      92
      61
      82
      71
      75
      70
      73
      87
      86
      83
      65
      77
      83
      67
      80
      82
      78
      69
      80
      84
      74
      83
      73
      85
      66
      87
      62
      73
      72
      78
      73
      75
      75
      78
      78
      92
      92
      90
      79
      80
      78
      72
      77
      86
      73
      65
      81
      82
      96
      86
      90
      72
      76
      88
     121
      75
      66
      71
      77
      77
      77
      80
      68
      93
      90
      72
      73
      84
      57
      87
      80
      72
      85
      91
      79
      82
      90
      76
      99
      74
      88
      88
      88
      68
      80
      87
      87
      94
      78
      83
      76
      84
      82
      86
      84
      87
      80
      97
      77
      77
      76
      89
      88
      73
      91
      80
      92
      94
      86
      80
      74
      77
      99
      79
      97
      82
      69
      97
      73
      76
      96
      87
      93
      82
      77
      83
      70
      94
      97
      76
      73
      73
      87
      76
      95
      77
      81
      57
      90
      93
      82
      85
      88
      93
      80
      92
     100
     102
      73
      91
      88
      89
      88
      83
      73
      95
      81
      82
      84
      85
      83
      86
      76
      97
      71
      94
      87
      94
     108
      73
      94
      92
      78
      92
      81
      76
      90
      78
      89
      80
      84
      84
      92
     106
      98
      80
      94
      74
      91
      79
      76
      88
      92
      96
      84
      75
      67
      86
      85
      87
      78
      78
      69
      69
      96
      93
      70
      77
      85
      99
      91
      94
      80
      96
      86
      94
      88
      88
     101
      86
      96
      97
      74
      94
     102
      85
      95
      99
     100
      97
      80
      86
      84
      87
     101
      90
      77
      86
      93
      96
      97
      91
      65
      92
      76
      80
      74
      88
      94
      88
      84
      91
      95
      85
      99
      81
      66
      75
      79
     101
     101
      94
      92
      89
      66
      84
      81
      78
      72
      72
      87
      77
      75
      92
      69
      89
      88
      75
      72
      97
      89
      68
      84
      79
      77
      65
      79
      77
      68
      72
      71
      92
      75
      84
      82
      86
      92
      85
      82
      80
      85
      83
      61
      74
      72
      84
      67
      82
      69
      95
      94
      76
      75
      68
      81
      69
      72
      78
      76
      72
      72
      87
      68
      82
      57
      54
      71
      73
      63
      64
      68
      77
      77
      57
      75
      60
      67
      70
      55
      66
      58
      72
      60
      54
      71
      70
      55
      61
      53
      62
      73
      78
      60
      68
      68
      70
      56
      62
      48
      70
      68
      64
      60
      63
      59
      50
      64
      53
      55
      59
      60
      67
      57
      54
      40
      57
      61
      47
      50
      41
      45
      60
      58
      60
      60
      60
      60
      43
      44
      65
      51
      59
      53
      48
      43
      48
      52
      48
      61
      50
      56
      55
      48
      61
      54
      58
      42
      48
      49
      64
      66
      50
      59
      47
      51
      54
      54
      49
      40
      44
      63
      54
      61
      50
      55
      47
      45
      44
      55
      53
      46
      59
      36
      45
      43
      57
      58
      51
      48
      49
      45
      50
      47
      51
      62
      41
      41
      51
      56
      53
      50
      56
      59
      59
      47
      51
      47
      52
      50
      54
      45
      51
      58
      41
      41
      52
      54
      48
      54
      32
      60
      50
      39
      50
      50
      33
      45
      57
      39
      43
      48
      40
      48
      48
      49
      55
      54
      39
      48
      44
      52
      47
      48
      42
      54
      47
      50
      53
      43
      61
      49
      55
      47
      49
      48
      56
      49
      55
      45
      39
      57
      41
      40
      45
      44
      48
      44
      54
      53
      41
      48
      53
      46
      42
      39
      40
      42
      38
      36
      48
      42
      56
      49
      53
      58
      44
      46
      47
      53
      45
      49
      40
      45
      42
      45
      41
      40
      54
      47
      50
      44
      30
      51
      46
      35
      55
      46
      55
      47
      43
      44
      48
      53
      41
      40
      37
      53
      49
      48
      48
      32
      52
      48
      45
      69
      43
      42
      43
      44
      47
      42
      36
      42
      51
      48
      47
      42
      36
      49
      49
      46
      49
      42
      36
      35
      39
      56
      42
      44
      43
      47
      36
      43
      41
      37
      47
      46
      38
      35
      36
      61
      49
      31
      40
      43
      42
      47
      50
      37
      35
      55
      37
      41
      56
      47
      37
      43
      52
      46
      38
      42
      44
      52
      47
      45
      55
      51
      35
      37
      46
      50
      45
      39
      35
      44
      56
      31
      40
      43
      35
      42
      43
      42
      46
      36
      34
      33
      36
      34
      51
      47
      57
      48
      44
      38
      30
      52
      44
      39
      48
      41
      43
      43
      38
      42
      33
      43
      34
      28
      35
      43
      37
      55
      52
      50
      52
      35
      32
      48
      38
      38
      45
      35
      45
      40
      30
      31
      44
      36
      44
      44
      34
      33
      31
      35
      41
      34
      42
      43
      42
      33
      36
      35
      37
      34
      39
      40
      35
      33
      44
      36
      45
      45
      30
      52
      41
      28
      40
      43
      34
      36
      39
      43
      35
      35
      38
      44
      32
      41
      47
      31
      44
      43
      36
      35
      42
      40
      31
      48
      34
      37
      36
      43
      43
      42
      40
      38
      24
      38
      42
      31
      40
      37
      40
      49
      33
      40
      39
      42
      33
      41
      46
      48
      35
      36
      33
      31
      48
      38
      37
      38
      38
      44
      38
      28
      39
      34
      39
      37
      44
      45
      36
      35
      31
      46
      41
      39
      44
      27
      34
      50
      37
      37
      22
      34
      34
      40
      36
      35
      38
      33
      30
      30
      41
      39
      38
      36
      43
      28
      42
      35
      43
      40
      40
      29
      40
      32
      37
      30
      35
      41
      29
      42
      38
      41
      47
      30
      39
      37
      33
      35
      35
      38
      40
      44
      41
      30
      30
      33
      32
      24
      34
      40
      33
      44
      36
      33
      30
      38
      31
      38
      22
      30
      38
      44
      42
      41
      34
      33
      32
      37
      30
      38
      34
      27
      34
      37
      27
      43
      34
      34
      55
      27
      37
      36
      27
      40
      38
      30
      33
      33
      40
      46
      38
      42
      35
      45
      25
      24
      24
      40
      36
      34
      39
      24
      35
      41
      30
      33
      27
      37
      36
      33
      32
      36
      32
      28
      35
      36
      36
      31
      36
      37
      24
      37
      29
      32
      39
      40
      30
      33
      31
      35
      33
      49
      33
      34
      27
      32
      37
      26
      28
      38
      31
      37
      35
      35
      49
      33
      27
      27
      33
      29
      24
      25
      33
      31
      32
      27
      37
      25
      37
      39
      22
      26
      38
      24
      19
      37
      34
      39
      23
      41
      37
      51
      29
      31
      37
      31
      28
      32
      29
      30
      28
      26
      35
      36
      36
      32
      28
      39
      41
      33
      41
      35
      34
      38
      25
      32
      32
      32
      29
      24
      27
      26
      22
      39
      24
      29
      29
      29
      30
      39
      24
      37
      29
      39
      19
      28
      27
      27
      28
      20
      36
      30
      41
      27
      35
      29
      19
      30
      22
      33
      18
      26
      25
      30
      27
      32
      40
      25
      25
      25
      24
      35
      26
      26
      29
      27
      36
      30
      30
      32
      25
      31
      40
      38
      35
      23
      29
      36
      32
      24
      31
      32
      28
      34
      29
      25
      34
      29
      31
      23
      22
      29
      27
      29
      32
      26
      31
      29
      32
      30
      31
      34
      29
      20
      27
      31
      29
      27
      25
      32
      29
      30
      23
      23
      18
      28
      24
      29
      29
      28
      32
      33
      23
      31
      26
      35
      28
      28
      22
      19
      20
      29
      39
      24
      22
      28
      17
      20
      33
      23
      24
      29
      27
      30
      27
      22
      27
      24
      25
      23
      26
      32
      33
      26
      26
      25
      13
      34
      19
      27
      18
      23
      18
      19
      17
      30
      24
      22
      28
      37
      28
      36
      21
      26
      23
      28
      27
      19
      32
      26
      26
      29
      27
      31
      20
      26
      28
      21
      28
      20
      27
      20
      26
      19
      23
      16
      22
      29
      25
      22
      22
      31
      32
      14
      20
      26
      28
      21
      19
      18
      21
      34
      20
      26
      19
      27
      20
      25
      34
      23
      18
      22
      22
      31
      17
      15
      16
      31
      21
      27
      27
      26
      17
      23
      19
      18
      21
      21
      24
      19
      20
      21
      18
      20
      32
      19
      22
      28
      21
      20
      22
      16
      16
      15
      19
      24
      19
      21
      18
      21
      18
      17
      26
      15
      21
      29
      17
      25
      21
      17
      17
      26
      28
      23
      26
      23
      20
      18
      27
      22
      18
      19
      24
      24
      17
      19
      21
      16
      16
      14
      29
      18
      18
      22
      21
      17
      23
      27
      17
      19
      26
      18
      15
      21
      21
      12
      17
      15
      26
      17
      12
      17
      19
      17
      13
      18
      22
      22
      18
      12
      22
      21
      13
      30
      19
      19
      24
      17
      20
      15
      23
      20
      19
      17
      19
      22
      13
      12
      17
      16
      16
      23
      19
      23
      17
      13
      18
      11
      17
      12
      14
      25
      31
      12
      19
      15
       8
      14
      22
      17
      25
      14
      15
      18
      19
      15
      20
      17
      21
      15
      23
      10
      14
      15
      14
      19
      16
      18
      20
      15
      20
      19
      19
      27
      19
      17
      16
      17
      21
      17
      15
      18
      17
      15
      13
      11
      17
      12
      20
      18
      19
      16
      16
      12
      21
      12
      19
      13
      16
       8
      16
      21
      23
      12
      10
      18
      13
      17
      21
      17
      11
      18
      12
      17
      15
      13
      20
      15
      15
      13
      10
      12
      18
      12
      17
      19
      20
      19
      16
      21
      11
      15
      30
      21
      17
      14
      19
      15
      19
      19
      13
      12
      14
      16
      15
      21
      10
      20
      16
      12
      17
      22
      18
      19
      16
      15
      12
      16
       7
      15
      20
      20
      14
      16
      20
      20
      17
      15
      12
      18
      12
      13
       9
      15
      20
      14
      14
      12
      10
      14
       9
      12
      19
      17
      13
      18
       9
      11
      24
      14
      19
      14
      19
       8
       4
      17
      15
      16
      13
      15
      11
      18
      13
      25
      12
      18
      11
      17
      16
       9
      17
       8
      15
       9
      17
      22
      13
      12
      20
      19
      17
      16
      16
      16
      14
      10
      14
       7
      10
      10
      11
       8
      11
      15
      14
      10
       7
      10
      11
      13
      17
       9
      12
      13
      10
       9
      16
       8
       9
      20
      13
      12
      18
      14
      12
      15
      14
      11
      14
      21
      13
       6
      14
      20
      20
      15
      19
      15
      22
      20
       9
      11
      12
       9
       9
      18
      11
      14
      19
      17
      17
      10
      13
      18
      14
      18
      21
      16
       6
      18
      14
      26
      11
      10
      11
      11
      10
      21
      19
      16
      11
      14
      15
      22
      16
      17
       7
      15
      11
      15
      13
       6
      16
       9
      16
      20
      13
      14
      21
      19
      12
      10
      15
       9
      13
       8
      11
      16
      16
      15
      16
      10
      18
      13
      14
      15
      17
      11
      19
      14
       8
      17
      14
      15
       9
      15
      17
      14
      18
      10
      13
       9
      10
      12
      12
      13
      15
       9
      10
      10
       9
      11
      15
      12
       9
      10
       9
      11
      19
      10
      13
      19
      14
      13
      17
      12
      13
       7
      11
      17
      15
       8
      13
      14
      16
      12
      14
      14
       9
      15
      13
      15
      15
       8
       8
       6
      17
       8
      13
      11
      13
      11
      17
      13
      12
      18
      13
      15
      13
      17
       8
      10
      13
       9
      18
      12
      19
      12
      11
      17
      17
      18
      13
       5
       9
      11
      24
       8
      17
      13
      21
      11
       7
      11
      12
      14
       7
      10
      13
       8
      10
      15
      19
       6
      13
      10
      16
      12
      17
       9
      22
       8
      10
      12
      17
      13
      14
      16
      13
      14
      15
       7
       8
       7
      15
       8
       9
      10
      11
      13
      18
      21
       9
      19
      13
      10
      14
      15
      15
      12
      17
      12
       8
      18
      14
      13
      13
       9
       8
      17
      13
      12
      16
      14
      12
      12
      16
      11
      12
      22
      15
      15
      12
      14
      19
      10
      16
      14
      10
      14
      13
      17
      19
      12
      17
      11
      13
       8
       5
      15
       9
      13
      18
      18
      12
      13
      12
       9
      11
      16
      12
      14
      12
      15
       6
      10
      14
      12
      14
      11
      11
      20
       7
       6
      18
      17
      15
      22
       8
       9
      11
      13
      12
       8
      11
      12
      16
      16
       8
      13
      11
      11
       9
      15
       9
      10
      10
       7
      15
      17
      15
       7
      19
      12
       8
      21
       6
       8
      13
      15
       8
      16
      17
      10
      15
      15
      13
       8
      20
      17
      17
      12
      12
      20
       9
      12
      10
      16
      17
       9
      12
      12
      16
      20
      14
      12
      10
      10
      14
       9
      12
      15
      17
      18
       8
      10
      16
       5
       8
      17
      12
      16
       8
      14
      10
      15
      12
      15
      10
      10
      13
       9
      11
      17
      11
      14
      10
      11
      12
      12
       9
      17
       6
      15
       9
      18
       9
      15
      12
       8
      21
      10
      14
      11
      11
       7
      14
      11
      11
      12
      10
      10
      15
       7
      14
      12
      12
      16
      14
      17
       8
       9
      15
      11
       9
      16
      15
      19
      12
      10
      18
      10
      17
      15
      13
      15
      10
      15
       9
      14
      12
      16
      10
      14
      10
       9
      18
      13
      20
      13
      10
      15
      11
      19
      13
      12
      15
      14
      19
      14
      10
      10
      10
      14
      23
      14
      19
      16
      13
      10
      17
      20
      10
      10
       6
      11
      12
      10
      11
       7
      13
      11
      10
      17
      17
      14
      12
      15
      19
       9
      16
       7
      13
      13
      13
      15
      12
      11
      15
      16
      18
      12
      15
      14
      18
      11
      12
       8
       8
      11
       8
      13
       7
      12
      14
      10
      11
      16
      11
      12
      15
      10
      16
      16
      14
       9
      14
       9
      14
      12
       7
      16
      15
      16
       7
      11
      11
      18
      16
      10
      10
      18
      14
      14
      14
      17
      15
      25
      17
       9
      15
      14
      10
      10
      22
      10
       9
      12
       7
       9
      11
      13
      12
       8
      11
      16
      14
      11
      14
      13
       9
      15
      14
      12
       9
      11
       9
      17
      12
       9
      12
      10
      14
      12
      13
      13
       9
       9
      14
      11
      20
      17
      14
      16
      12
      10
       5
      13
      14
      17
      21
       6
       8
      11
      13
      14
       7
       7
       6
      16
      12
      18
      16
      16
      13
      20
       7
      17
      18
      13
       9
      12
      12
      14
      12
      15
      13
      12
      15
      12
       9
      13
      16
      11
      16
      11
      21
      18
      11
      20
      13
      11
      12
      18
       8
      15
       7
      14
       9
      10
       9
      14
      14
      11
       8
      12
      11
      13
      13
      12
       7
      15
       9
      11
       8
      20
      12
       6
      11
      19
      14
      14
       9
      14
      10
      17
       6
       8
      14
      12
      20
       8
       9
       9
      15
      13
       8
      11
       9
      10
      12
       7
      10
      17
      10
      18
      13
      16
      14
      12
      13
      17
      13
       6
       7
      12
      12
      16
       7
       8
      18
      18
      11
      19
      13
      12
      16
      13
      10
      13
      15
      12
       9
      19
      15
      12
      14
      11
      17
      10
       9
      11
      11
      12
      16
      14
      11
       9
      13
       6
      11
      16
      22
      15
      11
      11
      19
      12
      20
      12
      16
      19
      10
      18
      16
      11
      11
      13
       8
      20
      16
      10
      17
      17
       9
      19
      13
      14
      16
      10
       9
      12
      19
      20
      11
      13
       7
      15
      14
      16
       7
      14
       8
      15
      13
      17
      18
      14
      21
      11
      16
      15
      19
      18
      11
      13
       9
      18
      12
      13
      12
      16
      18
      16
      19
      13
      11
      21
      21
       8
      16
      20
      25
      13
      15
      16
      22
      14
      10
      11
      18
      24
      13
      15
      17
      17
      21
      20
      21
      15
       9
      24
      14
      13
      31
      11
      17
      21
      20
      12
      13
      17
      20
      11
      20
      12
      20
      15
      21
      15
      19
      11
      28
      19
      19
      23
      20
      24
      21
      12
      23
      14
      19
      26
      30
      23
      23
      28
      29
      33
      51
      36
      45
      52
      50
      53
      52
      88
      92
     114
     123
     132
     163
     202
     237
     253
     309
     352
     461
     543
     633
     793
     919
    1095
    1328
    1598
    1767
    1992
    2352
    2688
    2937
    3226
    3596
    3841
    3978
    4149
    4141
    4182
    4097
    4026
    3783
    3508
    3262
    2858
    2499
    2219
    1861
    1598
    1228
     989
     886
     633
     478
     368
     305
     188
     167
     144
      77
      55
      46
      41
      30
      27
      28
      20
      19
      21
      18
      17
      21
      15
      18
      19
      16
      16
      18
      11
      10
      17
      19
      17
       9
      11
      19
      16
      19
      18
      20
      17
      11
      19
      15
      14
      17
      17
      15
      16
      14
      19
      11
       9
      11
      13
      15
      20
      15
      11
      14
      14
      10
      14
      12
      13
      16
      14
      12
      11
      14
       9
      12
      16
      12
      14
       8
      14
      15
       8
       9
       9
      12
       7
      11
      18
      10
      10
      11
      19
       8
       9
      16
       8
      11
      14
       9
       8
       9
      16
      11
       9
       9
       8
      12
      15
       8
      13
       6
       6
      10
       9
      15
       7
       9
       8
      11
      11
       5
       9
      13
      14
       4
      11
      10
      13
       9
      13
       9
      16
      18
       6
      13
       9
      10
      10
      12
      10
      11
      12
      12
       4
      12
      16
      11
       9
      12
      13
      11
      10
       5
       9
       6
      13
       6
      10
       5
      10
      14
       6
       3
       5
       6
      13
      13
       9
      13
       8
      12
      10
       6
       6
      15
      12
      15
       9
      10
       7
      13
       7
      12
       7
      10
      10
       9
       9
       7
       8
       6
       6
      15
       8
       7
      15
       8
       8
       9
       6
       6
       8
       4
       5
       9
       8
      10
       8
       4
      11
       8
       8
       6
      14
       8
       6
       5
       7
       4
       9
       4
       9
       6
       8
      15
       2
       4
       9
       7
       6
      13
       5
      13
       7
      11
       4
       6
       2
       6
       5
       4
       7
       4
       8
       9
      10
      13
      10
       9
       4
       9
      16
       7
       5
      12
       6
      11
       9
       9
       8
       7
       7
       5
       8
       7
       7
       9
       8
      10
      13
       6
       9
      15
       5
       5
       5
       6
      10
      10
      10
       8
       2
       9
       4
       7
      10
       5
       9
      12
       8
       7
       6
       7
       8
       6
       8
       6
       5
       4
       9
       6
       1
       5
       9
       3
       6
      11
       9
       7
       6
       9
       5
      15
       9
       6
       8
      10
       4
       5
      11
       9
       7
       7
       3
      11
       6
       8
       3
       8
      10
       9
       3
      11
      11
       6
       7
       8
      10
      14
       7
       8
       3
       7
       5
       5
       9
      12
       7
       5
       5
       7
       8
      10
       6
       8
       4
       6
      11
       5
       6
       6
       3
       9
       2
       3
      10
       9
      10
       9
       4
      11
       3
       9
       9
       6
      11
       1
       8
       4
       5
      14
      11
      10
       8
       7
       4
       7
       9
       6
       6
       7
       3
       7
       3
       7
       6
      14
       7
       9
      10
       7
       9
       7
       4
       5
       5
       3
       4
       6
       3
      14
      11
       7
       3
       4
      11
       4
       9
       4
       9
       5
       6
       5
      10
       5
       6
      13
       7
       6
       7
       7
       2
       3
       4
       8
       8
       5
       7
       8
       6
       9
       6
       4
       6
      10
       2
       7
       8
       3
       4
       7
       9
       6
       6
       6
      12
       6
       4
       9
      15
      11
       5
       8
       8
      12
       6
       8
       3
       6
       9
       6
       2
       9
       6
       7
       9
      11
       4
       7
       7
       7
       4
       6
       9
       6
       3
       3
      14
       7
       6
       7
      10
       7
       7
       7
       5
       6
      10
       7
       4
       3
       5
       6
       7
       4
       8
       9
       6
       4
       5
       7
       6
       5
       6
      10
       9
       9
       4
       3
       5
       9
       5
       5
       6
       7
       6
       9
      10
       4
       9
       2
      10
       5
       6
       6
       7
       5
       8
       7
       5
       7
       3
       8
       2
      10
       7
       5
       6
       5
       3
       8
       1
       4
       8
       7
       8
       8
       6
       6
       6
       5
       5
       7
      10
       6
      11
      11
       7
       7
       6
       7
       9
       4
      10
       4
       6
       9
       5
      12
       8
       4
       6
       4
      11
       3
       6
      11
       6
       8
       4
       9
       9
       6
       9
       5
      10
       7
       2
      10
       8
       6
      12
      11
       7
      10
       9
       8
       4
      10
       8
       8
       8
       6
       4
       4
       7
       6
       7
      10
       9
       6
       3
       4
       6
       8
       3
       5
       9
       7
       7
       3
       7
       7
       5
       6
       4
       6
      10
      10
       7
       2
       6
       6
       3
       4
       3
       5
       4
       7
       7
       7
       4
       8
      11
       7
       9
       4
       5
       7
       8
       6
       8
       7
       3
       9
       7
       2
       7
       3
       4
       5
       6
      10
       6
       2
       9
       7
       5
       7
       5
       4
       3
       9
       7
       7
       9
      11
       8
       9
       8
       4
       5
       6
       5
       6
       7
       4
      12
       5
       5
      13
       5
       8
       4
       5
       6
       5
       7
       9
       6
       7
       9
       2
       3
       3
       9
       5
       2
       8
       7
       2
      10
       5
       6
       6
       6
       2
       4
       1
       1
       4
       5
       5
       4
       5
       2
       5
       8
       3
       3
       5
       8
       6
       7
       8
       5
       5
       4
       4
      11
       6
       5
       4
       5
       5
       4
       9
       3
       3
      11
       2
       3
       5
       6
       5
      10
       7
       6
       8
       7
       5
       7
      12
       9
       9
       7
       7
       4
       6
       9
       7
       2
       7
       8
       5
       6
       6
       8
       7
       6
       8
       9
       8
       8
       6
       4
       6
      10
       5
       9
       7
       6
       8
       7
       5
       6
       6
       7
       7
       7
       2
       8
       6
       6
       2
       6
       4
       6
      10
       6
       4
       3
       6
       4
       5
       3
       4
       6
       9
       8
       3
       8
       7
       4
       5
       5
       5
       3
       6
       8
       8
       5
       7
       7
       6
       3
       9
       6
       7
       7
       3
      10
       9
       7
      11
       3
       6
       7
       7
       7
       8
      10
       4
       8
       8
       6
       4
       4
      10
       5
       6
       7
       3
       5
       8
      10
       8
       6
       9
       9
       5
       3
       5
       6
       1
       3
       8
       4
       7
       6
       6
      10
       7
       5
       3
       9
       5
       5
       7
       8
       6
       5
       3
       4
       8
       7
       7
       2
       5
       4
       7
       3
       6
       5
       6
       4
       6
       4
      10
       2
       8
       5
       2
       4
       3
       5
       3
       5
       4
       9
       2
       6
       8
       5
       3
       4
       2
       7
      10
       6
       4
       6
       5
       7
       6
       6
       6
       4
       9
       7
       3
       7
       3
       5
       9
       4
       4
       4
       6
       3
       5
       3
       7
       6
       3
       7
       7
       6
       5
       4
       3
       4
       4
       8
       8
       4
       6
       4
       6
       9
       2
      12
       4
       3
       4
       7
       4
       6
       5
       3
       4
      10
       7
       7
      10
       5
       4
       5
       7
       5
       8
       5
       7
       8
       6
       6
       4
       5
       4
       1
       8
       3
       9
       5
       6
       5
       5
       5
       5
       6
       9
       4
       5
       7
       5
       5
       7
       5
       3
       7
       9
       8
      10
       7
      12
       5
       6
       8
       6
       5
       6
       8
       5
       2
       3
       3
       4
       4
       6
       8
       8
       2
       4
       6
       8
       7
       5
       9
       6
       5
       7
       3
       3
       4
       4
       6
       6
       7
       4
       8
       2
       3
       6
       8
       6
       6
       6
       5
       3
       8
       4
       4
       5
       4
       5
       3
       8
       7
       2
       6
       4
       8
       8
       4
       5
       6
       8
       5
       8
       8
       6
       7
       4
       3
       7
       9
       3
       4
       3
       4
       5
       5
       3
       4
       5
       4
       7
       6
       4
       6
       6
       4
       7
       9
       2
       7
      10
       6
       2
       2
       7
       3
       4
       3
       4
       8
       4
       5
       3
       3
       3
       3
      10
       6
       9
       4
       3
       8
       2
       4
       7
       8
       5
       5
       6
       4
       1
       6
       2
       8
      10
       2
       3
       7
       3
       7
       5
       3
       4
       6
       3
       6
       8
       6
       4
       5
       4
       2
       6
       6
       4
       7
       4
       5
       4
       4
       4
       5
       6
       8
       4
       5
       5
       6
       4
       2
       4
       4
       5
       7
      10
       8
       2
       9
       1
       6
       6
       7
       2
       6
       5
       5
       4
       4
       4
       4
       3
       3
       4
       7
       4
       8
       4
      10
       4
       6
       9
       4
       4
      10
       8
       3
       6
       3
       2
       3
       4
       6
       0
       8
       1
       9
      11
       2
       4
       6
       2
       1
       7
       6
       6
       4
       3
       4
       9
       3
       9
       8
       7
       6
       7
       6
       5
      10
       3
       2
       5
       3
       5
      13
       6
       2
       9
       1
       2
       5
       2
       5
       3
       8
       2
       3
       4
       8
       8
       5
       5
       6
       9
       5
       3
       6
       3
       3
       8
       6
       3
       9
       2
       2
       5
       8
       8
       8
       1
       4
       6
       2
       8
       7
       8
       3
       6
      10
       8
       8
       5
       9
       4
       1
       6
       4
       7
       7
       6
       5
       7
       4
       7
       3
       7
       3
       4
       5
       3
       4
       6
       5
       4
       4
       9
       7
       1
       5
       7
       2
      10
       9
       5
       1
       5
       4
       7
       3
       6
       8
       5
       3
       5
       4
       1
       8
       3
       8
       2
       7
       5
       6
       4
       6
       8
       2
       6
       7
       3
       4
       5
       5
       1
       4
       8
       2
       7
       6
       3
       2
       3
       6
       3
       5
       8
       4
       3
       4
       4
      10
       3
       4
       2
       3
       5
       4
       6
       2
       6
       6
       4
       6
       1
       5
       8
       5
       3
       8
       9
       5
       4
      10
       5
       6
       2
       7
       8
       2
      13
       5
       5
       2
       4
       7
       8
       4
       5
       6
       5
       5
       5
       3
       3
       7
       3
       9
       4
       5
       6
       2
       2
       3
       5
       6
       5
       6
       1
       3
       5
       1
       4
       4
       6
       8
       3
       6
       9
       4
       5
       6
       3
       9
       9
       2
       4
       6
       6
       3
       2
       8
       2
       2
       4
       3
       5
       3
       5
       3
       4
       5
       2
       4
       7
       7
       6
       6
       4
       5
       2
       5
       8
       5
       2
       7
       5
       4
       2
       9
       4
       4
       3
       7
       8
       5
       2
       3
       6
       7
       4
       5
       4
       8
       3
       9
       5
       3
       5
       4
       3
       5
       3
       9
       3
       7
       9
       7
       4
       7
       6
       3
       5
       4
       5
       4
       4
       7
       3
       9
       3
      10
       4
       7
       3
       3
       6
       4
       4
       3
       3
       6
       5
       4
       6
       4
       5
       5
       5
       6
       3
       9
       3
       0
       3
      10
       6
       5
       2
       3
       6
       7
       7
       7
       6
       5
       4
       1
       4
       2
       2
       1
       4
       2
       1
       5
       3
       1
       6
       6
       4
       4
       5
       3
       8
       8
       4
       3
       6
       5
       9
       3
       8
       2
       3
       4
       3
       3
       6
       6
       3
       2
       3
       5
       6
       5
       6
       4
       1
       4
       4
       2
       2
       8
       4
       8
       4
       3
       9
       8
       2
       8
       8
       1
       5
       4
       6
       1
       3
       6
       3
       4
       6
       4
       4
       7
       3
       3
       8
       2
       6
       6
       3
       3
       7
       4
       9
       4
       2
       2
       6
       6
      10
       4
       5
       5
       3
       5
       4
       2
       6
       6
       4
       4
       2
      10
       5
       3
       5
       4
       3
       8
       4
       5
       5
       4
       8
       2
       5
       7
       4
       4
       3
       5
       4
       7
       2
       2
       3
       1
       3
       5
       5
       5
       6
       6
       5
       5
       5
       8
       6
       5
       8
       7
       6
       9
       5
       7
       4
       6
       2
       4
       0
       5
       2
       4
       5
       1
       0
       4
       6
      12
       6
       3
       0
       2
       5
       7
       7
       5
       3
       6
       1
       7
       6
       7
       7
       5
       4
       6
       6
      10
       6
       4
       1
       7
       1
       7
       4
       9
       3
       6
       6
       7
       5
       5
       3
       6
       3
       7
       4
       3
       5
       4
       2
       5
       3
       1
       7
       2
       3
       5
       6
       4
       6
       2
       4
       3
       3
       7
       3
       3
       8
       7
       8
       3
       7
       6
       2
       5
       4
       4
       3
       1
       8
       6
       8
       2
       4
       5
       3
       5
       3
       4
       6
       1
       4
       5
       5
       3
       0
       4
       7
       6
       6
       4
       8
       4
       5
       8
       4
       6
      13
      11
      10
       8
       7
      18
      13
      13
      10
      13
      14
      11
      13
      17
      15
      13
      15
      28
      17
      15
      16
      17
      22
      20
      13
      16
      10
      10
      10
       9
      11
       4
       6
       5
       7
       2
       6
       5
       4
       5
       6
       8
       3
       8
       5
       6
       2
       5
       9
       4
       3
      11
       3
       8
       8
       5
       8
       4
      10
       2
       4
       4
       4
       2
       2
       3
       8
       3
       2
       5
       6
       2
       5
       4
       5
       9
       3
       8
       8
       3
       6
       4
       2
       6
       5
       6
       4
       2
       3
       2
       4
       5
       6
       4
       2
       4
       1
       7
       4
       7
       6
       6
       5
       1
       4
       8
       6
       3
       4
       4
       3
       6
       4
       4
       3
       6
       5
       3
       6
       7
       2
       5
       3
       3
       2
       4
       4
       2
       7
       3
       5
       3
       1
       3
       3
       7
       3
       4
       3
      11
       8
       6
       6
       5
       4
       5
       4
       5
       3
      10
       4
       3
       3
       7
       5
       5
       7
       5
       6
       3
       2
       5
       6
       7
       4
       6
       2
       4
       8
       5
       2
       5
       7
       3
       7
       3
       5
       4
       5
       6
       3
       4
       3
       4
       3
       3
       6
       3
       2
       3
       2
       3
       4
       5
       2
       3
       5
       6
       6
       2
       8
       3
       7
       2
       6
       4
       4
       4
       7
       5
       4
       3
       4
       3
       7
       4
       6
       7
       4
       3
       9
       2
       4
       6
       4
       3
       2
       4
       4
       4
       5
       5
       4
       2
       8
      11
       4
       5
       7
       4
       1
       3
       6
       2
       3
       8
       4
       4
       4
       9
       6
       2
       5
       5
       2
       2
       4
       3
       1
       2
       8
       5
       1
       7
       3
       3
       7
       5
       7
       6
       5
       3
       4
       1
       2
       7
       5
       2
       8
       7
       4
       2
       4
       6
       8
       3
       1
       5
       1
       3
       4
       6
       4
      10
       2
       1
       4
       5
       2
       6
       4
       4
       5
       3
       4
       5
       3
       4
       2
       5
       2
       5
       4
       1
       4
       7
       4
       6
       2
       7
       4
       5
       5
       3
       3
       6
       4
       3
       5
       3
       7
       2
       5
       4
       3
       8
       3
       2
       5
       7
       5
       6
       7
       5
       3
       2
       5
       6
       3
       4
       4
       2
       2
       2
       2
       3
       5
       4
       4
       8
       5
       5
       8
       2
       9
       6
       2
       3
       5
       5
       4
       8
       4
       3
       5
       2
       2
       6
       3
       2
       4
       5
       6
       7
       4
       8
       6
       7
       1
       4
       4
       2
       8
       7
       3
       3
       7
       8
       7
       3
       2
       5
       3
       3
       4
       4
       5
       5
       4
       3
       3
       3
       5
       9
       4
       4
       4
       2
       3
       5
       1
       4
      10
       3
       3
      11
       2
       7
       2
       2
       7
       2
       3
       3
       3
       3
       4
      10
       4
       3
       3
       4
       4
       3
       3
      10
       3
       0
       8
       5
       3
       4
       9
       2
       6
       6
       6
       5
       3
       1
       3
       5
       8
       6
       4
       6
       6
       2
       4
       4
       3
       5
       5
       5
       3
       1
       6
       5
       5
       5
       6
       2
       4
       4
       3
       5
       3
       5
       2
       4
       4
       2
       8
       2
       7
       4
      10
       7
       4
       7
       3
       3
       6
       6
       3
       3
       8
       7
       4
       4
       0
       1
       3
       2
       2
       2
       4
      10
       6
       4
       4
       0
       7
       4
       2
       6
       7
       5
       6
       6
       4
       5
       4
       5
       6
       3
       4
       6
       6
       6
       0
       6
       1
       6
       6
       7
       2
       4
       5
       6
       3
       7
       6
       9
       5
       5
       5
       2
       3
       6
       3
       6
       3
       5
       9
       4
       4
       7
       2
       5
       6
       3
       3
       5
       5
       3
       3
       4
       2
       2
       5
       6
       6
       2
       5
       5
       7
       4
       5
       2
       4
       4
       4
       5
       2
       4
       6
       4
       4
       4
       4
       2
       6
       7
       8
       6
       3
       5
       2
       1
       4
       4
       2
       4
       2
       4
       3
       4
       5
       6
       9
       4
      10
       3
       5
       8
       4
       1
       6
       2
       3
       6
       4
       1
       3
       9
       3
       5
       6
       6
       3
       1
       3
       6
       0
       5
       2
       5
       2
       2
       5
       5
       3
       2
       5
       7
       6
       3
       5
       4
       3
       0
       6
       5
       6
       4
       3
       5
       4
       8
       7
       4
       2
       7
       7
       5
       8
       4
       3
       4
       1
       0
       8
       3
       7
       7
       5
       2
       7
       4
       1
       5
       4
       3
       7
       2
       5
       4
       8
       1
       5
       3
       2
       3
       5
       7
       7
       3
       5
       6
       6
       7
       3
       5
       4
       4
       4
       3
       5
       2
       2
       6
       7
       1
       4
       1
       2
       5
       4
       3
      12
       4
       8
      10
       3
       4
       8
       7
       7
       5
       4
       4
       4
       3
       3
       8
       6
       6
       4
       3
       4
       7
       3
       3
       1
       5
       7
       8
       2
       6
       4
       5
       8
       9
       5
       5
       5
       5
       6
       1
       5
       7
       2
       8
       8
       7
       3
       3
       7
       2
       4
       4
       5
       6
       2
       7
       7
       5
       4
       4
       3
       3
       6
       2
       4
       5
       6
       4
       5
       2
       5
       4
       7
       7
       3
       3
       3
       6
       4
       6
       3
       3
       7
       2
       6
       1
       3
       3
      10
       1
       7
       6
       5
       8
       6
       7
       7
       6
       6
       4
       3
       5
       1
       8
       3
       3
       5
       0
       4
       5
       4
       6
       4
       4
       4
       6
       7
       5
       2
       0
       2
       5
       8
       7
       2
       3
       7
       3
       5
       5
       7
       8
       6
       3
       7
       3
       0
       2
       1
       8
       5
       2
      10
       1
       7
       8
       1
       2
       3
       5
       4
       2
       7
       4
       4
       6
       3
       6
       6
       3
       8
       7
       2
       9
       6
       5
       4
       8
       4
       5
       4
       1
       6
       6
       9
       6
       4
       4
       4
       4
       4
       3
       7
       4
       5
       9
       4
       3
       6
       6
       3
       5
       6
       7
       3
       5
       7
       0
       1
       6
       6
       8
       3
       6
       6
       3
       4
       2
       5
       8
       5
      14
       6
       7
       1
      10
       8
       8
       3
       9
       3
       9
       3
       7
       2
       4
       8
       5
       6
       6
       3
       6
       8
       4
       7
       7
       3
       0
       4
       4
       5
       2
       3
       3
       5
       6
      11
       6
       6
       5
       7
       1
       7
       6
       2
      10
       4
       4
       3
       6
       2
       2
       6
       3
       3
       4
       5
       3
       2
      11
       2
       5
       2
       3
       2
      10
       4
       8
       3
       1
       4
       4
       6
       4
       2
       5
       9
       6
       2
       6
       5
       8
       7
       6
       4
       5
       4
       5
       5
       9
       6
       3
       5
      12
       6
       1
       6
       5
       4
       5
       2
       6
       6
       5
       2
       7
       5
       5
       3
       2
       3
       4
       3
       1
       5
       8
       2
       3
       4
       7
       2
       6
       2
       2
       5
       9
       2
       6
       4
       5
       3
       4
       8
       7
       4
       4
       6
       4
       8
       7
      10
       7
       9
       5
       5
       6
       2
       4
       7
       4
       8
       5
       9
       7
       3
       8
       6
       2
       5
       5
       3
       4
       6
       6
       2
       6
       8
       7
       2
       2
       5
       2
       6
       3
       5
       6
       6
       8
       2
       5
       7
       2
       6
       3
       6
       5
       4
       5
       3
       5
       3
       3
       4
       2
       6
       1
       2
       7
       6
       2
       1
       4
       4
       5
       2
       3
       3
       2
       3
       4
       7
       8
       4
       7
       3
       4
       0
       5
       3
       6
       3
       3
       6
       5
       6
       7
       3
       7
       6
       6
       4
       5
       4
       5
       5
       9
       2
       9
       4
       6
       2
       3
       6
       4
       6
       4
       5
       3
       7
       2
       5
       4
       2
       2
       2
       3
       3
       5
       1
       5
       2
      11
       5
       5
       9
       3
       6
       5
       5
       7
       4
       4
       3
       5
       2
       5
       2
       5
       3
       1
       6
       7
       8
       2
       3
       4
       3
       5
       7
       3
       0
       5
       5
       4
      12
       1
       3
       2
       5
       5
       8
       6
       3
       6
       3
       2
       4
       5
       4
       2
       4
       8
       5
       3
       0
       5
       2
       5
       4
       2
       3
       3
       2
       2
       7
       5
       4
       3
       3
       2
       4
       3
       5
       2
       9
       5
       4
       2
       5
       4
       1
       6
       2
       1
       5
       3
       3
       4
       1
       8
       3
       1
       5
       1
       0
       6
       1
       7
       4
       2
       5
       2
       3
       6
       7
       5
       4
       3
       6
       5
       2
       1
       7
       4
       3
       5
       2
       1
       2
       5
       2
       5
       4
       4
       2
       5
       9
       5
       3
       8
       6
       4
       5
       2
       3
       4
       7
       4
       4
       3
       4
       3
       4
       6
       4
       3
       5
       5
      10
       3
       3
       6
       1
       4
       9
       5
       6
       7
       4
       4
       5
       5
       6
       2
       4
       3
       4
       3
       3
       5
       4
       2
       8
       2
       2
       4
       2
       3
       4
       7
       1
       6
       3
       6
       2
       4
       4
       6
       1
       7
       4
       4
       3
       9
       5
       6
       4
       3
       1
       3
       3
       5
       3
       3
       2
       8
       5
       8
       8
       5
       3
       6
       5
       4
       6
       2
       4
       4
       3
       4
       4
       2
       4
       6
       4
       3
       6
       3
       3
       4
       3
       5
       4
       6
       8
       3
       5
       5
       4
       5
       5
       5
       1
       5
       2
       6
       5
       3
       5
       5
       5
       4
       3
       2
       7
       3
       5
       4
       3
       5
       5
       7
       3
       6
       3
       2
       5
       4
       3
       3
       7
       7
       7
       4
       5
       5
       4
       4
       6
       4
       3
       2
       4
       2
       1
       2
       6
       4
       5
       5
       3
       0
       7
       5
       6
       4
       6
       6
       3
       4
       5
       0
       4
       1
       4
       8
       6
       2
       1
       2
       2
       3
       4
       5
       4
       3
       5
       0
       2
       1
       7
       5
       2
       7
       4
       2
       0
       7
       3
       2
       5
       0
       7
       3
       4
       4
       1
       3
       5
       2
       4
       3
       4
       3
       0
       0
       0
       0
       0
       0
       0
       0
       0
       0
       0
       0
       0
       0
       0
       0
       0
       0
       0
       0
       0
       0
       0
       0
       0
       0
       0
       0
       0
       0
       0
       0
       0
       0
       0
       0
       0
       0
       0
       0
       0
       0
       0
       0
       0
       0
       0
       0
       0
       0
       0
       0
       0
       0
       0
       0
       0
       0
       0
       0
       0
       0
       0
       0
       0
       0
       0
       0
       0
       0
       0
       0
       0
       0
       0
       0
       0
       0
       0
       0
       0
       0
       0
       0
       0
       0
       0
       0
       0
       0
       0
       0
       0
       0
       0
       0
       0
       0
       0
       0
       0
       0
       0
       0
       0
       0
       0
       0
       0
       0
       0
       0
       0
       0
       0
       0
       0
       0
       0
       0
       0
       0
       0
       0
       0
       0
       0
       0
       0
       0
       0
       0
       0
       0
       0
       0
       0
       0
       0
       0
       0
       0
       0
       0
       0
       0
       0
       0
       0
       0
       0
       0
       0
       0
       0
       0
       0
       0
       0
       0
       0
       0
       0
       0
       0
       0
       0
       0
       0
       0
       0
       0
       0
       0
       0
       0
       0
       0
       0
       0
       0
       0
       0
       0
       0
       0
       0
       0
       0
       0
       0
       0
       0
       0
       0
       0
       0
       0
       0
       0
       0
       0
       0
       0
       0
       0
       0
       0
       0
       0
       0
       0
       0
       0
       0
       0
       0
       0
       0
       0
       0
       0
       0
       0
       0
       0
       0
       0
       0
       0
       0
       0
       0
       0
       0
       0
       0
       0
       0
       0
       0
       0
       0
       0
       0
       0
       0
       0
       0
       0
       0
       0
       0
       0
       0
       0
$ROI:
2
4852 5354
12587 12888
$PRESETS:
Live Time
10800
0
$ENER_FIT:
0.358687 0.099971
$MCA_CAL:
3
3.586871E-001 9.997089E-002 0.000000E+000 keV
$SHAPE_CAL:
3
3.638087E+001 -1.552510E-003 0.000000E+000
