$SPEC_ID:
JKL Model 927 SN 17053844 Input 1 HEC-Cr-HEC-Cr-T30-D100-HPGe1-2
$SPEC_REM:
DET# 2
DETDESC# BULK Model 927 SN 17053844 Input 1
AP# Maestro Version 6.08
$DATE_MEA:
05/11/2026 15:12:34
$MEAS_TIM:
251 355
$DATA:
0 16383
       0
       0
       0
       0
       0
       0
       0
       0
       0
       0
       0
       0
       0
       0
       0
       0
       0
       0
       0
       0
       0
       0
       0
       0
       0
       0
       0
       0
       0
       0
       0
       0
       0
       0
       0
       0
       0
       0
       0
       0
       0
       0
       0
       0
       0
       0
       0
       0
       0
       0
       0
       0
       0
       0
       0
       0
       0
       0
       0
       0
       0
       0
       0
       0
       0
       0
       0
       0
       0
       0
       0
       0
       0
       0
       0
       0
       0
       0
       0
       0
       0
       0
       0
       0
       0
       0
       0
       0
       0
       0
       0
       0
       0
       0
       0
       0
       0
       0
       0
       0
       0
       0
       0
       0
       0
       0
       0
       0
       0
       0
       0
       0
       0
       0
       0
       0
      15
     230
     496
     591
     557
     498
     499
     505
     496
     487
     466
     480
     454
     451
     424
     463
     418
     461
     487
     448
     456
     463
     480
     428
     499
     477
     453
     480
     432
     445
     489
     414
     453
     455
     462
     454
     440
     461
     444
     436
     401
     457
     440
     415
     418
     447
     422
     431
     451
     431
     420
     399
     409
     464
     457
     433
     397
     442
     428
     392
     406
     413
     378
     424
     451
     427
     427
     449
     419
     433
     431
     436
     393
     409
     420
     450
     437
     414
     399
     391
     393
     387
     412
     398
     384
     411
     399
     412
     449
     412
     397
     436
     375
     389
     394
     424
     398
     356
     422
     414
     402
     446
     377
     408
     397
     403
     386
     387
     399
     398
     379
     382
     402
     383
     377
     401
     415
     426
     413
     393
     406
     382
     357
     372
     382
     404
     397
     387
     390
     446
     379
     396
     410
     391
     395
     369
     368
     374
     391
     386
     429
     390
     371
     354
     381
     382
     347
     390
     410
     385
     359
     386
     407
     396
     356
     411
     367
     364
     393
     368
     350
     392
     352
     373
     364
     362
     350
     366
     371
     368
     375
     351
     352
     360
     362
     370
     384
     380
     364
     380
     393
     363
     369
     390
     405
     376
     414
     382
     373
     365
     368
     397
     381
     372
     388
     359
     342
     316
     343
     362
     370
     360
     347
     395
     386
     406
     377
     350
     346
     354
     379
     376
     382
     341
     372
     356
     347
     337
     389
     394
     377
     380
     346
     359
     323
     350
     328
     350
     344
     376
     322
     366
     345
     359
     365
     366
     355
     355
     373
     314
     362
     335
     354
     365
     346
     375
     339
     344
     329
     371
     336
     330
     342
     330
     374
     339
     346
     342
     367
     357
     350
     333
     351
     379
     369
     358
     357
     350
     296
     353
     357
     326
     321
     349
     365
     361
     289
     333
     342
     319
     354
     318
     366
     357
     320
     308
     354
     349
     346
     316
     337
     324
     395
     336
     313
     319
     353
     306
     361
     337
     378
     336
     334
     345
     342
     315
     371
     340
     309
     345
     352
     346
     306
     352
     370
     348
     319
     353
     335
     324
     316
     329
     320
     331
     379
     334
     353
     306
     317
     364
     334
     338
     355
     334
     344
     298
     317
     330
     343
     299
     329
     312
     284
     348
     305
     330
     318
     305
     312
     332
     294
     358
     324
     317
     356
     347
     306
     343
     358
     302
     298
     322
     302
     345
     322
     310
     334
     338
     307
     330
     294
     308
     317
     329
     321
     356
     331
     326
     309
     357
     354
     313
     307
     328
     345
     335
     341
     331
     334
     307
     293
     318
     305
     347
     326
     319
     336
     304
     342
     328
     294
     311
     316
     327
     326
     301
     324
     293
     359
     290
     331
     389
     317
     319
     318
     328
     314
     358
     310
     333
     327
     341
     305
     335
     321
     356
     322
     302
     320
     348
     313
     345
     345
     324
     281
     340
     310
     306
     325
     310
     338
     313
     335
     313
     302
     312
     338
     322
     309
     314
     331
     332
     294
     318
     329
     323
     380
     326
     330
     324
     310
     348
     298
     325
     337
     306
     293
     314
     327
     307
     332
     319
     309
     351
     309
     311
     338
     304
     308
     318
     289
     322
     290
     301
     327
     348
     286
     317
     308
     305
     349
     331
     323
     311
     327
     321
     304
     314
     341
     327
     329
     308
     365
     270
     328
     318
     331
     362
     364
     349
     320
     322
     342
     340
     351
     301
     327
     321
     314
     330
     312
     322
     306
     325
     323
     305
     320
     350
     307
     331
     294
     322
     298
     335
     331
     339
     317
     336
     322
     335
     348
     357
     302
     319
     326
     329
     367
     308
     301
     339
     360
     337
     316
     341
     329
     342
     339
     310
     284
     319
     308
     324
     309
     317
     318
     321
     321
     335
     308
     334
     323
     349
     290
     334
     309
     323
     329
     336
     304
     327
     308
     319
     320
     311
     338
     341
     297
     326
     313
     309
     327
     324
     316
     349
     347
     356
     322
     280
     321
     325
     296
     346
     348
     351
     362
     342
     341
     372
     336
     356
     346
     361
     319
     347
     307
     329
     304
     342
     342
     339
     342
     348
     369
     421
     360
     377
     393
     392
     355
     380
     383
     352
     331
     316
     307
     340
     289
     357
     322
     302
     325
     320
     305
     324
     359
     313
     312
     306
     343
     363
     349
     358
     290
     307
     337
     312
     297
     307
     350
     324
     308
     324
     330
     319
     338
     313
     296
     351
     317
     268
     331
     339
     324
     332
     304
     320
     314
     321
     315
     315
     299
     329
     307
     306
     297
     310
     307
     305
     349
     309
     314
     324
     311
     294
     301
     323
     314
     301
     332
     336
     303
     308
     322
     315
     318
     307
     295
     355
     321
     317
     302
     295
     312
     306
     344
     309
     342
     338
     339
     301
     304
     326
     363
     306
     352
     338
     327
     361
     361
     303
     328
     322
     312
     333
     329
     305
     292
     326
     322
     316
     330
     331
     312
     321
     336
     332
     335
     301
     280
     355
     334
     365
     314
     333
     326
     310
     313
     349
     350
     288
     273
     327
     327
     278
     295
     271
     305
     312
     345
     298
     327
     322
     314
     318
     325
     273
     321
     275
     343
     319
     318
     319
     289
     300
     320
     318
     310
     306
     338
     300
     293
     328
     299
     311
     296
     330
     346
     295
     276
     301
     308
     301
     315
     275
     320
     327
     333
     296
     313
     320
     301
     303
     354
     312
     311
     306
     309
     331
     341
     316
     326
     327
     327
     337
     284
     303
     316
     320
     311
     309
     345
     320
     298
     331
     312
     305
     322
     309
     322
     313
     295
     291
     304
     302
     326
     294
     314
     345
     332
     282
     277
     324
     296
     312
     314
     315
     319
     286
     288
     322
     301
     312
     304
     324
     311
     315
     327
     311
     321
     312
     290
     296
     312
     298
     339
     313
     309
     315
     323
     290
     308
     335
     314
     291
     330
     318
     323
     324
     303
     327
     302
     345
     287
     328
     331
     270
     287
     296
     327
     269
     325
     300
     303
     298
     307
     332
     297
     298
     300
     297
     317
     294
     296
     309
     312
     286
     311
     291
     329
     349
     317
     311
     301
     330
     294
     350
     310
     308
     290
     332
     305
     325
     310
     355
     321
     309
     325
     306
     303
     339
     299
     292
     288
     323
     337
     320
     298
     352
     319
     309
     340
     307
     308
     249
     300
     337
     303
     319
     287
     311
     310
     292
     310
     295
     310
     300
     297
     295
     345
     293
     301
     322
     322
     285
     275
     304
     313
     301
     346
     326
     295
     296
     297
     289
     309
     300
     281
     312
     327
     333
     330
     294
     292
     309
     283
     303
     284
     305
     351
     325
     317
     310
     297
     333
     308
     288
     319
     293
     352
     322
     304
     303
     319
     297
     302
     305
     281
     325
     315
     309
     324
     316
     318
     267
     311
     316
     334
     299
     316
     312
     313
     323
     326
     285
     318
     281
     296
     347
     299
     307
     305
     290
     314
     295
     300
     298
     330
     301
     307
     323
     345
     323
     304
     306
     295
     311
     304
     320
     305
     319
     284
     292
     272
     322
     294
     333
     319
     309
     321
     305
     300
     278
     304
     314
     339
     311
     289
     345
     304
     310
     318
     315
     309
     280
     310
     317
     305
     332
     284
     313
     324
     305
     311
     289
     323
     322
     327
     301
     315
     294
     325
     295
     280
     288
     326
     328
     299
     303
     308
     329
     313
     297
     282
     327
     323
     318
     313
     314
     321
     309
     317
     307
     312
     298
     315
     315
     307
     309
     307
     321
     339
     289
     257
     300
     317
     316
     306
     312
     281
     288
     293
     317
     320
     287
     298
     341
     292
     326
     326
     305
     286
     335
     316
     293
     309
     294
     308
     339
     322
     297
     280
     285
     299
     314
     284
     301
     305
     311
     298
     298
     308
     301
     314
     263
     308
     315
     311
     285
     316
     304
     318
     303
     315
     299
     308
     288
     330
     296
     306
     302
     326
     283
     293
     310
     271
     274
     285
     313
     318
     290
     310
     327
     290
     296
     322
     304
     313
     311
     293
     318
     315
     313
     332
     308
     275
     319
     327
     295
     311
     299
     281
     319
     310
     315
     312
     295
     309
     317
     313
     291
     308
     290
     298
     280
     268
     301
     322
     310
     321
     342
     318
     287
     345
     297
     315
     310
     311
     310
     319
     313
     271
     306
     281
     300
     301
     329
     296
     321
     277
     319
     345
     314
     269
     316
     298
     286
     339
     292
     316
     292
     322
     344
     298
     300
     293
     317
     294
     308
     317
     308
     283
     309
     314
     323
     321
     312
     293
     344
     317
     312
     270
     316
     319
     300
     307
     291
     300
     325
     280
     335
     291
     327
     315
     284
     297
     312
     286
     308
     292
     289
     297
     270
     293
     299
     312
     274
     316
     323
     274
     331
     290
     303
     294
     299
     325
     293
     292
     310
     343
     280
     282
     306
     303
     283
     290
     295
     290
     337
     323
     320
     296
     292
     308
     322
     280
     304
     278
     284
     324
     274
     317
     315
     323
     302
     297
     299
     298
     316
     311
     320
     312
     299
     310
     298
     294
     316
     283
     327
     299
     288
     301
     322
     290
     302
     273
     310
     308
     315
     282
     306
     301
     281
     268
     286
     297
     296
     284
     298
     316
     290
     280
     305
     293
     281
     295
     311
     309
     313
     273
     313
     309
     273
     311
     331
     292
     286
     293
     304
     317
     303
     279
     333
     348
     271
     333
     300
     289
     325
     300
     287
     321
     289
     339
     292
     294
     307
     323
     304
     307
     297
     297
     312
     289
     304
     301
     287
     316
     296
     291
     307
     302
     300
     319
     325
     320
     301
     275
     283
     305
     298
     292
     309
     308
     331
     300
     311
     319
     269
     288
     276
     297
     287
     313
     287
     330
     299
     334
     283
     304
     310
     287
     305
     296
     319
     310
     337
     310
     294
     325
     308
     308
     287
     299
     321
     305
     307
     292
     318
     290
     314
     297
     306
     311
     317
     276
     321
     303
     317
     305
     293
     297
     291
     287
     316
     294
     297
     341
     288
     278
     298
     281
     292
     321
     277
     315
     322
     281
     305
     310
     307
     309
     301
     295
     303
     333
     315
     297
     281
     315
     289
     311
     288
     300
     310
     283
     319
     319
     345
     320
     298
     301
     292
     303
     294
     342
     326
     325
     347
     284
     299
     325
     295
     285
     306
     313
     305
     315
     295
     317
     316
     340
     329
     297
     326
     331
     307
     342
     296
     340
     310
     326
     319
     307
     324
     360
     356
     334
     317
     348
     357
     349
     379
     305
     336
     385
     351
     333
     384
     352
     387
     355
     370
     361
     372
     369
     362
     345
     349
     372
     344
     353
     361
     402
     317
     368
     381
     360
     360
     357
     302
     362
     352
     359
     370
     358
     397
     353
     356
     375
     357
     369
     387
     357
     371
     391
     335
     370
     350
     385
     383
     365
     361
     366
     341
     366
     373
     376
     352
     380
     387
     373
     364
     301
     359
     347
     379
     378
     371
     401
     344
     382
     376
     335
     373
     357
     376
     346
     356
     367
     351
     367
     365
     375
     392
     348
     319
     335
     354
     368
     368
     351
     361
     365
     359
     339
     344
     358
     371
     329
     375
     353
     350
     319
     356
     340
     363
     338
     349
     342
     349
     347
     354
     329
     336
     353
     380
     362
     352
     365
     363
     355
     338
     373
     381
     369
     358
     346
     331
     381
     341
     330
     345
     344
     376
     336
     353
     331
     346
     367
     365
     356
     327
     342
     363
     356
     348
     353
     351
     372
     334
     373
     333
     384
     363
     348
     368
     354
     358
     323
     376
     334
     345
     351
     361
     353
     363
     343
     324
     331
     360
     307
     362
     346
     353
     348
     323
     357
     320
     365
     384
     357
     347
     332
     330
     370
     315
     324
     345
     361
     383
     350
     336
     375
     336
     354
     315
     367
     333
     318
     348
     364
     351
     327
     345
     340
     325
     329
     307
     340
     363
     335
     304
     332
     354
     335
     346
     307
     306
     336
     334
     365
     334
     326
     333
     334
     355
     338
     323
     379
     334
     325
     315
     331
     339
     313
     302
     336
     354
     344
     348
     309
     349
     314
     319
     341
     324
     319
     336
     319
     321
     337
     344
     346
     347
     339
     358
     326
     336
     382
     332
     280
     311
     322
     358
     333
     306
     320
     328
     358
     326
     332
     294
     341
     304
     316
     353
     309
     357
     320
     320
     309
     318
     323
     311
     344
     306
     323
     338
     342
     335
     331
     334
     342
     327
     314
     349
     297
     329
     332
     337
     343
     351
     337
     340
     314
     327
     313
     318
     336
     309
     282
     346
     326
     340
     306
     312
     290
     279
     343
     284
     327
     324
     308
     311
     319
     332
     289
     325
     321
     315
     310
     337
     357
     346
     335
     336
     339
     292
     342
     335
     354
     297
     353
     294
     306
     286
     333
     324
     296
     326
     308
     360
     332
     314
     350
     318
     320
     304
     320
     324
     325
     315
     342
     350
     311
     292
     305
     330
     312
     312
     315
     300
     326
     301
     299
     304
     341
     288
     297
     325
     335
     346
     331
     351
     309
     337
     314
     368
     351
     338
     309
     302
     298
     318
     340
     300
     281
     301
     311
     312
     322
     314
     328
     296
     310
     333
     285
     329
     306
     279
     321
     339
     312
     336
     302
     318
     312
     317
     349
     310
     317
     339
     329
     301
     308
     318
     330
     331
     364
     335
     299
     307
     322
     370
     317
     340
     335
     315
     357
     330
     306
     305
     315
     318
     319
     288
     323
     329
     312
     311
     323
     323
     381
     316
     333
     308
     305
     308
     314
     342
     317
     318
     330
     292
     318
     316
     300
     326
     339
     338
     291
     296
     317
     304
     294
     319
     317
     309
     284
     301
     308
     334
     307
     290
     320
     325
     313
     318
     289
     334
     294
     300
     293
     329
     298
     342
     317
     313
     296
     319
     335
     310
     332
     320
     332
     286
     316
     348
     299
     324
     310
     302
     301
     303
     333
     280
     326
     331
     293
     326
     336
     301
     328
     292
     308
     332
     302
     321
     315
     289
     300
     330
     325
     309
     330
     322
     301
     319
     311
     325
     288
     296
     294
     321
     274
     319
     299
     305
     275
     356
     289
     341
     286
     313
     298
     288
     330
     313
     336
     298
     318
     292
     291
     307
     329
     315
     291
     298
     297
     324
     329
     290
     315
     304
     291
     308
     308
     302
     299
     295
     320
     321
     313
     322
     312
     314
     297
     307
     333
     311
     318
     317
     330
     304
     266
     309
     294
     333
     340
     321
     293
     286
     312
     308
     274
     303
     289
     301
     317
     310
     271
     305
     270
     294
     290
     301
     327
     286
     298
     309
     315
     304
     304
     299
     327
     301
     322
     302
     314
     310
     318
     301
     305
     320
     310
     310
     282
     281
     290
     308
     311
     302
     314
     321
     303
     294
     301
     298
     297
     273
     301
     302
     285
     307
     277
     284
     297
     281
     306
     331
     313
     305
     309
     328
     302
     297
     306
     271
     287
     311
     324
     305
     281
     295
     293
     279
     310
     309
     320
     318
     316
     298
     291
     297
     316
     331
     310
     300
     318
     287
     300
     323
     310
     266
     303
     296
     311
     282
     299
     279
     335
     290
     301
     270
     268
     292
     308
     283
     332
     294
     305
     285
     295
     305
     299
     321
     292
     282
     311
     305
     305
     320
     286
     312
     314
     289
     283
     297
     328
     267
     275
     302
     298
     313
     303
     283
     277
     289
     284
     307
     303
     282
     308
     292
     257
     288
     287
     297
     343
     335
     262
     322
     320
     272
     330
     293
     310
     305
     284
     328
     298
     277
     309
     267
     314
     298
     287
     301
     291
     292
     299
     302
     329
     330
     291
     297
     294
     288
     280
     308
     294
     255
     339
     287
     300
     259
     281
     301
     281
     281
     278
     282
     282
     286
     288
     314
     299
     288
     315
     270
     269
     296
     280
     323
     277
     283
     296
     278
     324
     249
     279
     313
     273
     284
     315
     315
     278
     289
     300
     339
     282
     273
     312
     308
     322
     286
     269
     330
     328
     270
     329
     306
     268
     274
     314
     310
     294
     283
     297
     307
     277
     294
     308
     290
     292
     288
     296
     279
     288
     298
     288
     281
     293
     276
     316
     259
     307
     317
     296
     291
     278
     285
     261
     293
     296
     281
     292
     302
     300
     309
     285
     287
     295
     271
     277
     305
     278
     308
     307
     285
     306
     291
     277
     293
     291
     282
     275
     283
     280
     303
     293
     329
     296
     279
     302
     270
     273
     290
     278
     314
     328
     302
     285
     307
     295
     289
     315
     295
     309
     273
     260
     304
     300
     311
     305
     297
     285
     300
     264
     284
     292
     279
     272
     283
     271
     298
     309
     326
     299
     296
     314
     262
     265
     289
     285
     299
     290
     288
     279
     272
     290
     315
     305
     314
     288
     309
     301
     274
     295
     279
     291
     299
     261
     279
     310
     297
     292
     259
     278
     274
     269
     282
     285
     299
     289
     315
     267
     305
     279
     280
     303
     290
     294
     302
     307
     294
     280
     321
     297
     256
     304
     255
     307
     276
     307
     285
     273
     277
     286
     299
     315
     294
     282
     299
     302
     311
     294
     271
     275
     306
     302
     277
     288
     289
     287
     292
     316
     271
     305
     304
     330
     287
     279
     280
     293
     282
     282
     305
     265
     276
     281
     286
     271
     300
     295
     279
     278
     315
     307
     270
     297
     302
     291
     309
     286
     289
     290
     311
     313
     269
     296
     289
     307
     325
     263
     331
     276
     315
     274
     288
     304
     315
     280
     269
     301
     255
     291
     327
     291
     275
     296
     289
     310
     318
     251
     278
     304
     284
     280
     331
     253
     296
     291
     272
     316
     288
     287
     295
     304
     290
     281
     290
     306
     325
     292
     320
     305
     291
     315
     290
     308
     297
     262
     281
     282
     316
     289
     299
     292
     310
     299
     297
     314
     307
     274
     283
     305
     305
     299
     314
     293
     319
     306
     283
     295
     277
     294
     310
     332
     310
     293
     273
     307
     291
     296
     288
     296
     308
     281
     277
     316
     298
     286
     321
     292
     288
     281
     293
     260
     312
     306
     280
     283
     316
     293
     305
     272
     301
     258
     283
     257
     315
     300
     275
     300
     293
     343
     295
     321
     321
     296
     276
     292
     286
     301
     296
     290
     326
     299
     321
     289
     291
     314
     315
     308
     338
     297
     306
     309
     300
     319
     308
     279
     306
     328
     277
     309
     257
     334
     307
     289
     310
     342
     261
     292
     320
     286
     294
     304
     295
     328
     288
     279
     289
     319
     296
     287
     312
     292
     285
     312
     280
     307
     313
     307
     300
     293
     321
     320
     369
     288
     289
     305
     335
     316
     271
     326
     307
     287
     331
     330
     335
     343
     298
     325
     319
     315
     315
     321
     342
     327
     297
     311
     292
     287
     332
     295
     330
     316
     294
     318
     358
     311
     328
     308
     307
     307
     328
     296
     303
     266
     324
     306
     281
     325
     290
     315
     310
     282
     320
     298
     323
     325
     333
     301
     311
     329
     321
     327
     323
     299
     320
     293
     307
     311
     338
     312
     319
     301
     300
     322
     307
     320
     313
     336
     319
     304
     338
     348
     326
     315
     351
     332
     331
     310
     341
     301
     305
     310
     330
     309
     311
     332
     308
     327
     341
     307
     301
     308
     326
     303
     301
     333
     279
     349
     332
     303
     323
     303
     319
     354
     297
     332
     304
     341
     357
     322
     329
     338
     324
     338
     322
     330
     303
     356
     350
     327
     335
     351
     314
     305
     295
     328
     341
     314
     346
     327
     302
     322
     329
     338
     342
     356
     298
     339
     354
     347
     334
     339
     329
     336
     355
     318
     319
     313
     319
     318
     297
     314
     308
     325
     307
     334
     317
     330
     353
     319
     365
     312
     358
     340
     330
     341
     335
     332
     348
     339
     363
     334
     328
     305
     288
     355
     341
     344
     369
     356
     365
     337
     355
     319
     325
     336
     346
     328
     352
     358
     356
     350
     360
     316
     330
     332
     345
     333
     314
     331
     362
     342
     345
     365
     356
     360
     315
     319
     323
     348
     341
     358
     334
     322
     348
     364
     319
     323
     371
     360
     337
     341
     348
     338
     351
     365
     332
     349
     324
     361
     367
     351
     348
     357
     327
     361
     348
     386
     359
     358
     360
     342
     355
     383
     332
     376
     376
     338
     364
     397
     370
     355
     340
     365
     349
     388
     353
     339
     389
     328
     376
     352
     363
     367
     388
     374
     349
     347
     375
     361
     347
     354
     376
     313
     353
     359
     361
     351
     373
     387
     372
     344
     348
     367
     358
     347
     345
     355
     383
     395
     320
     358
     366
     395
     372
     357
     373
     352
     367
     344
     362
     339
     386
     328
     397
     367
     376
     376
     412
     377
     420
     371
     373
     393
     386
     350
     359
     401
     379
     384
     370
     391
     386
     379
     362
     385
     358
     350
     365
     348
     403
     366
     381
     386
     342
     356
     371
     352
     369
     337
     374
     346
     404
     366
     379
     355
     377
     428
     410
     369
     381
     393
     377
     395
     344
     363
     383
     400
     368
     390
     346
     389
     386
     366
     380
     368
     374
     387
     365
     358
     371
     385
     376
     380
     395
     384
     397
     373
     384
     355
     389
     394
     415
     402
     341
     374
     395
     381
     381
     396
     387
     381
     379
     394
     382
     338
     384
     398
     416
     424
     334
     381
     413
     398
     398
     395
     347
     391
     405
     390
     399
     397
     381
     370
     383
     363
     382
     404
     380
     374
     396
     426
     382
     366
     370
     401
     364
     385
     363
     384
     383
     375
     345
     339
     370
     372
     403
     336
     383
     384
     338
     367
     346
     336
     362
     373
     380
     370
     367
     352
     345
     369
     331
     387
     320
     331
     344
     381
     368
     328
     328
     346
     324
     341
     322
     360
     355
     326
     353
     328
     309
     350
     335
     316
     303
     334
     320
     331
     307
     326
     308
     335
     308
     292
     314
     292
     311
     294
     257
     292
     300
     270
     271
     287
     282
     299
     275
     302
     297
     259
     275
     259
     232
     242
     271
     271
     277
     270
     259
     240
     228
     280
     236
     243
     240
     252
     262
     265
     243
     223
     266
     261
     245
     239
     285
     230
     243
     229
     242
     223
     213
     254
     234
     231
     213
     249
     240
     234
     228
     234
     248
     236
     237
     239
     237
     205
     206
     236
     228
     239
     250
     240
     225
     229
     223
     216
     232
     212
     226
     224
     227
     225
     215
     235
     233
     211
     181
     222
     210
     190
     221
     224
     236
     228
     242
     219
     223
     232
     226
     231
     223
     162
     221
     206
     200
     220
     199
     219
     226
     222
     190
     239
     194
     228
     208
     214
     213
     197
     206
     188
     200
     185
     221
     188
     206
     206
     227
     198
     209
     188
     187
     201
     157
     181
     213
     186
     197
     207
     175
     179
     217
     200
     192
     188
     195
     178
     222
     205
     216
     206
     191
     193
     193
     212
     218
     196
     204
     232
     176
     219
     181
     194
     217
     190
     188
     175
     211
     200
     209
     196
     185
     164
     189
     159
     192
     196
     183
     202
     185
     171
     186
     174
     189
     196
     168
     205
     205
     176
     165
     173
     195
     199
     196
     175
     174
     198
     201
     185
     158
     211
     186
     173
     155
     182
     187
     173
     168
     189
     195
     175
     163
     158
     148
     183
     186
     189
     164
     168
     192
     186
     199
     198
     173
     164
     179
     181
     168
     156
     173
     179
     198
     161
     168
     174
     195
     177
     198
     174
     153
     155
     149
     157
     176
     157
     178
     173
     186
     172
     169
     162
     214
     173
     159
     180
     170
     173
     184
     172
     178
     159
     157
     167
     148
     185
     175
     181
     170
     166
     162
     173
     191
     173
     172
     163
     155
     145
     143
     162
     169
     151
     179
     160
     154
     162
     153
     160
     161
     183
     148
     164
     156
     134
     155
     153
     173
     158
     156
     181
     139
     156
     158
     164
     160
     153
     180
     168
     141
     139
     165
     186
     157
     163
     164
     148
     141
     139
     158
     154
     157
     148
     159
     173
     156
     136
     178
     167
     156
     142
     146
     155
     147
     135
     130
     155
     155
     132
     168
     147
     162
     149
     136
     127
     137
     155
     144
     151
     144
     148
     151
     156
     157
     130
     146
     147
     137
     147
     145
     133
     149
     156
     158
     140
     147
     128
     146
     153
     133
     146
     139
     136
     142
     155
     144
     146
     142
     130
     129
     140
     134
     128
     142
     127
     114
     137
     127
     160
     132
     142
     137
     151
     147
     140
     136
     161
     156
     148
     138
     124
     133
     166
     126
     141
     151
     136
     137
     155
     150
     145
     139
     147
     121
     116
     151
     143
     132
     140
     135
     145
     156
     133
     118
     140
     141
     135
     128
     139
     152
     126
     135
     133
     137
     127
     131
     126
     128
     127
     149
     129
     155
     136
     110
     138
     131
     145
     132
     143
     144
     143
     120
     143
     111
     131
     133
     114
     119
     132
     118
     127
     130
     134
     127
     138
     119
     128
     133
     127
     142
     118
     119
     125
     103
     130
     113
     149
     129
     128
     128
     106
     139
     119
     109
     113
     122
     123
     130
     157
      97
     127
     121
     116
     140
     137
     122
     105
     119
     119
     129
     132
     130
     123
     117
     137
     135
     120
     118
     138
     115
     107
     107
     103
     108
     118
     142
     120
     130
     131
     116
     118
     131
     118
     119
     128
     107
     106
     115
     127
     121
     115
     109
     119
     110
     107
     122
     133
     115
      98
     102
     120
     119
     120
     114
     111
      95
     117
     113
     103
     121
     120
     107
     129
     121
     119
     114
     130
     126
     114
     111
     115
     101
     107
      89
      99
     102
     111
     115
     100
     115
     107
     120
      80
     123
     107
     106
     100
     105
     120
     103
      98
      97
     118
     108
     131
     118
     116
     116
      94
     109
     108
     111
     119
      96
     112
     109
     106
     107
      95
     116
     110
      81
      94
     111
      99
      88
     109
     110
     123
     106
      93
     113
     124
      97
      95
      92
      95
      97
     102
     110
     104
     100
     106
     122
     100
      95
     110
      88
     107
     101
      96
     114
      98
     108
     105
     128
     107
     105
      99
     110
      82
     115
      92
     118
      91
      99
      99
     106
     102
      95
     110
     109
      89
     108
     104
      90
     105
      99
      95
      83
      97
      84
     107
      97
     114
     100
      81
     101
     101
      96
     105
      87
      77
      99
      99
     113
      90
      99
      99
     106
     106
      81
     109
      93
      93
      96
      87
      95
      88
      97
      98
     111
      90
     103
      96
      90
      95
     109
      89
      91
     102
     103
      93
      87
      96
     106
      90
      84
     100
     104
     100
      91
      76
      61
      81
      90
      86
      98
      88
      92
      82
      80
      95
     110
      86
     113
      79
      78
      98
     107
      97
      81
      90
      90
      70
      76
      76
      87
      85
      77
      92
      83
      94
     106
      83
      92
     103
      92
      88
      93
      93
      99
     106
      76
      96
      92
      88
      86
      92
      90
      99
      92
      81
      84
      99
      89
      78
     111
      91
     108
      73
      80
      88
      83
     101
      94
      87
     101
      75
      88
      83
      88
      88
      86
      88
      80
      96
      89
      72
      78
      88
      93
      75
      93
     104
      90
      96
      91
     105
      98
      74
      88
      86
      69
      78
     104
      98
      80
      95
     104
      82
     100
      92
      70
      67
      82
      92
      90
      82
      68
     110
      81
      90
      82
      86
      87
      65
      78
      98
      78
      73
      90
     105
      89
      79
      74
     105
      90
      93
      81
      79
      62
      75
      88
      92
      79
      94
      85
      70
      86
      87
      79
      87
      92
      86
      75
      72
      79
      78
      97
      82
      69
      88
      85
      81
      88
      92
      95
      81
      85
      80
      82
      83
      82
      87
      85
      86
      97
      82
      87
      80
      79
      89
      81
      95
      89
      87
      97
      87
      91
      68
      82
      78
      83
      78
      76
      69
      96
      93
      80
      88
      76
      78
      94
      84
      80
      92
      83
      85
      86
      86
      97
      93
      85
      86
      66
      75
      89
     100
      79
      84
      89
      74
      89
      92
      80
      81
      79
      77
      99
      84
      67
      76
      87
      88
      84
      85
      65
     113
      80
      79
      77
     101
      94
      92
      69
      77
      76
      80
      94
      86
      85
      89
      84
      77
      73
      71
      87
      95
      80
      87
      83
      72
      90
      89
      75
      88
      78
      81
      72
      83
      73
      80
      81
      85
      84
     104
      84
      93
      84
      81
      95
      71
      88
      80
      75
      89
      79
      90
      96
      74
      74
      96
      72
      86
      73
      75
      82
      92
      76
      61
      83
      92
      82
      84
      89
      94
      82
      83
      81
      73
      99
      84
      77
      77
      88
      83
      58
      82
      95
      63
      74
      87
      86
      83
      88
      71
      92
      82
      87
      83
      68
      82
      76
      94
      97
      64
      67
      76
      83
      63
      91
      76
      87
      80
      77
      69
      85
      78
      82
      84
      76
     102
      84
      85
      86
      75
      75
      84
      87
      72
      92
      84
      86
      78
      76
      88
      75
      87
      76
     100
      92
     103
      69
      73
      79
      83
      87
      94
      99
      92
      78
      86
      76
      72
      88
      86
      76
      98
      77
      70
      70
      87
      67
      85
      93
      74
      72
      77
      99
     101
      84
      71
      74
      84
     101
      77
      67
      74
      77
      88
      80
      83
      67
      81
      85
      83
      91
      79
      80
      84
      96
      81
      77
      74
      90
      84
      61
      79
      66
      87
      83
      85
      77
      85
      84
      75
      80
      89
      63
      76
      85
      71
      82
      79
      98
      70
      87
      89
      83
      79
      85
      84
      98
      76
      88
      88
      76
      84
      83
      80
      84
      80
      79
      69
      70
      70
      86
      83
      77
      94
      77
      78
      83
      83
      84
      82
      77
      67
      82
      87
      76
      96
      89
      80
      81
      70
      78
      95
      83
      80
      81
      84
      76
      80
      88
      88
      78
      79
      72
      94
      87
      96
     104
      81
      93
      78
      78
      78
     102
      70
      91
      56
      84
      91
      75
      83
      82
      75
      79
      85
      94
      70
      85
      81
      76
      85
      73
      76
      86
      71
      94
      72
      77
      63
      83
      94
      77
      82
      70
      88
      83
      78
      82
      86
      79
      73
      92
      71
      78
      82
      84
      82
      80
      85
      78
      80
      68
      79
      83
      82
      84
      81
      77
      76
      78
      69
      86
      72
      79
      87
      72
      90
      82
      89
      72
      76
      64
      89
      73
      84
      88
      74
      68
      87
      80
      85
      82
      85
      84
      66
      87
      83
      71
     101
      80
      93
      75
      84
      76
      87
      78
      79
      70
      73
      72
      80
      78
      87
      75
      90
      84
      83
      73
      97
      83
      78
      95
      74
      86
     100
      71
      82
      87
      92
      70
      74
      90
      93
      65
      98
      78
      76
      74
      74
      78
      75
      64
      78
      88
      83
      71
      84
      79
      72
      78
      83
      77
      75
      94
      81
      75
      65
      93
      81
      86
      79
      93
      74
      84
      89
      83
      74
      88
      87
      77
     100
      83
      74
      62
      83
      89
      88
      95
      91
      75
      74
      67
      99
      74
      69
     107
      76
      82
      79
      72
      79
      88
      74
      84
      92
      81
      84
      78
      75
      82
      88
      86
      90
      77
      91
      71
      91
      72
      90
      73
      95
      87
      97
      78
      75
      58
      79
      73
      82
      85
     107
      85
      92
      82
      64
      85
      87
      74
      75
      86
      96
      95
      81
      91
      69
      71
      74
      77
      91
     103
      91
      87
      85
      75
      81
      88
      67
      95
      97
      86
      81
      78
      73
      83
      81
      97
      74
      86
      78
      76
      70
      87
      91
      95
      79
      94
     103
      77
      82
      76
      77
      86
     104
      76
      85
      81
      65
      92
      75
      83
     100
      96
     106
      70
      81
      83
     104
      76
      83
      88
      80
      83
      85
      72
      82
      82
      80
      92
      75
      64
      83
      83
      87
      89
      86
      79
      82
      86
      78
      88
      65
      85
      80
      76
      81
     101
      85
      84
     109
      70
      94
      88
      80
      84
      74
      86
      78
      94
      88
      69
      79
      96
      91
      87
      93
      90
      68
      81
      94
     104
      93
      94
      81
      88
      91
      90
      85
      89
      71
      77
      82
     100
      69
      91
      79
      88
      75
      73
      94
      91
     103
      91
      87
      91
     106
      92
      84
      98
      94
      92
      94
      87
      97
      85
      78
      85
     103
      92
      94
      84
     100
      86
      91
      84
      86
      85
      93
     101
      89
      89
      88
      67
      89
      74
      91
      83
      87
     107
      99
      93
      89
      89
     104
      84
      93
      83
     102
     110
      84
     120
     113
     106
     103
      99
     100
      98
      87
      96
      96
      85
     104
      97
     108
      94
      84
      88
     101
     108
     102
     129
      95
     112
     103
     104
     117
     101
     127
      94
     111
     103
      95
     112
     117
     116
     144
     123
     131
     120
     123
     119
     138
     124
     116
     145
     142
     136
     139
     139
     144
     187
     162
     168
     202
     210
     225
     227
     262
     280
     283
     302
     328
     353
     411
     448
     489
     548
     628
     708
     754
     884
    1041
    1162
    1360
    1546
    1758
    2036
    2300
    2735
    3140
    3614
    4272
    4929
    5473
    6294
    6763
    7421
    8192
    8899
    9809
   10369
   10895
   11245
   11877
   12110
   12520
   12700
   12705
   12737
   12730
   12915
   12591
   12104
   11852
   11625
   11167
   10444
    9902
    9288
    8751
    7768
    7153
    6378
    5801
    5076
    4391
    3790
    3154
    2713
    2264
    1773
    1518
    1336
    1041
     851
     711
     606
     503
     421
     409
     355
     318
     284
     240
     236
     215
     217
     176
     159
     153
     153
     141
     114
     132
     136
     133
      92
     101
      96
     112
      93
      95
      78
      96
      95
      95
      80
      87
      76
      73
      76
      73
      74
      80
      57
      77
      91
      83
      53
      63
      69
      62
      66
      57
      76
      71
      64
      61
      66
      62
      65
      65
      78
      70
      64
      54
      53
      58
      59
      54
      49
      68
      60
      79
      53
      67
      48
      65
      63
      55
      59
      62
      60
      59
      64
      50
      46
      63
      52
      82
      54
      58
      61
      64
      58
      51
      59
      55
      64
      47
      52
      55
      58
      52
      50
      50
      58
      49
      55
      54
      56
      55
      46
      63
      48
      62
      53
      55
      60
      50
      56
      51
      59
      40
      54
      55
      52
      59
      55
      55
      49
      62
      60
      65
      56
      54
      36
      49
      41
      38
      55
      50
      49
      61
      53
      57
      46
      39
      66
      44
      56
      56
      55
      50
      58
      49
      62
      60
      65
      49
      53
      37
      65
      61
      43
      47
      54
      52
      43
      49
      38
      54
      58
      51
      55
      56
      35
      40
      44
      50
      47
      65
      62
      62
      38
      72
      44
      55
      56
      51
      35
      50
      58
      48
      37
      45
      55
      34
      42
      56
      44
      58
      54
      48
      61
      47
      47
      49
      44
      52
      45
      55
      56
      40
      47
      39
      59
      52
      53
      41
      46
      52
      40
      50
      49
      42
      40
      49
      47
      55
      58
      64
      55
      32
      49
      53
      38
      32
      42
      56
      57
      41
      39
      44
      38
      38
      42
      39
      39
      48
      51
      47
      52
      44
      44
      44
      47
      48
      47
      51
      47
      54
      49
      51
      29
      43
      55
      47
      49
      49
      48
      35
      49
      48
      46
      35
      49
      37
      41
      36
      43
      38
      56
      42
      37
      45
      56
      69
      30
      45
      40
      44
      47
      47
      43
      34
      50
      51
      50
      39
      41
      52
      39
      41
      40
      51
      43
      56
      50
      53
      51
      58
      42
      48
      30
      37
      47
      47
      42
      43
      31
      40
      41
      37
      39
      46
      49
      45
      31
      45
      40
      36
      42
      48
      48
      42
      53
      44
      37
      48
      45
      42
      47
      42
      51
      29
      33
      48
      39
      39
      47
      54
      37
      46
      45
      44
      45
      57
      38
      45
      36
      42
      35
      40
      39
      40
      62
      38
      47
      38
      35
      45
      49
      48
      42
      43
      36
      41
      36
      40
      44
      53
      39
      38
      31
      37
      39
      45
      37
      39
      57
      45
      46
      56
      47
      33
      41
      50
      38
      27
      54
      43
      40
      45
      42
      37
      38
      42
      38
      52
      35
      39
      50
      42
      39
      42
      39
      48
      36
      29
      37
      46
      49
      35
      41
      46
      50
      38
      45
      43
      50
      50
      46
      55
      34
      47
      40
      57
      40
      41
      37
      48
      35
      42
      40
      44
      45
      43
      31
      44
      41
      52
      34
      41
      41
      29
      46
      48
      45
      43
      37
      42
      41
      51
      34
      49
      40
      49
      46
      39
      42
      43
      46
      48
      36
      42
      44
      40
      37
      42
      31
      37
      35
      45
      34
      30
      44
      39
      39
      45
      51
      46
      37
      43
      30
      41
      39
      42
      46
      38
      34
      38
      47
      36
      40
      49
      50
      44
      36
      54
      42
      44
      43
      46
      43
      38
      39
      43
      50
      45
      32
      40
      40
      43
      28
      50
      39
      46
      39
      44
      50
      41
      38
      32
      35
      45
      49
      43
      43
      59
      41
      34
      36
      46
      42
      43
      34
      43
      46
      35
      46
      46
      32
      43
      43
      32
      38
      24
      46
      47
      49
      42
      34
      38
      49
      50
      49
      46
      32
      54
      52
      44
      43
      35
      35
      34
      39
      38
      32
      44
      47
      39
      53
      40
      45
      43
      39
      45
      37
      46
      49
      36
      35
      36
      43
      37
      34
      56
      38
      43
      42
      41
      44
      37
      38
      41
      31
      35
      40
      42
      44
      30
      37
      39
      48
      33
      41
      39
      46
      50
      45
      48
      36
      37
      40
      34
      46
      34
      48
      35
      30
      43
      45
      39
      48
      29
      53
      38
      42
      37
      31
      52
      32
      37
      43
      38
      47
      46
      29
      41
      38
      36
      36
      43
      37
      37
      40
      38
      40
      42
      31
      43
      48
      38
      40
      34
      40
      34
      41
      46
      37
      40
      41
      36
      46
      35
      36
      37
      37
      44
      44
      39
      47
      37
      48
      31
      41
      39
      42
      37
      43
      37
      39
      33
      30
      47
      43
      43
      50
      38
      33
      32
      39
      53
      42
      44
      38
      34
      36
      50
      43
      41
      45
      50
      36
      40
      44
      35
      24
      32
      42
      37
      41
      42
      37
      47
      46
      45
      50
      36
      36
      36
      52
      38
      42
      34
      46
      34
      38
      41
      39
      35
      35
      41
      42
      33
      35
      32
      53
      46
      39
      38
      49
      37
      43
      38
      42
      35
      39
      37
      41
      28
      51
      39
      40
      39
      46
      34
      47
      38
      41
      41
      45
      44
      39
      40
      43
      35
      58
      40
      36
      33
      45
      44
      33
      37
      45
      50
      45
      40
      39
      42
      38
      47
      49
      43
      36
      33
      47
      38
      39
      48
      37
      35
      42
      44
      46
      40
      39
      39
      39
      41
      50
      47
      47
      46
      37
      53
      41
      42
      35
      36
      51
      35
      44
      48
      45
      41
      40
      32
      39
      36
      26
      39
      40
      37
      34
      40
      42
      47
      35
      37
      37
      45
      43
      42
      43
      36
      37
      36
      43
      33
      40
      35
      47
      44
      42
      36
      28
      37
      39
      34
      40
      31
      36
      30
      38
      43
      37
      37
      38
      33
      43
      37
      36
      37
      42
      48
      41
      32
      30
      42
      44
      44
      40
      37
      29
      36
      50
      40
      32
      34
      46
      42
      30
      39
      45
      29
      39
      44
      36
      34
      46
      41
      45
      39
      33
      49
      44
      29
      40
      40
      51
      44
      47
      39
      32
      36
      35
      31
      42
      41
      43
      31
      44
      29
      38
      38
      34
      39
      51
      32
      39
      40
      34
      34
      53
      39
      34
      37
      35
      48
      27
      36
      44
      41
      41
      48
      45
      47
      48
      37
      39
      30
      49
      41
      33
      48
      59
      51
      57
      57
      46
      51
      33
      48
      51
      55
      62
      31
      39
      37
      41
      36
      40
      37
      32
      35
      34
      46
      45
      32
      32
      35
      39
      35
      41
      39
      31
      32
      42
      43
      39
      45
      43
      36
      44
      53
      33
      37
      36
      38
      41
      38
      40
      26
      45
      36
      40
      49
      28
      48
      46
      37
      31
      45
      42
      41
      44
      46
      43
      38
      26
      35
      53
      35
      32
      44
      35
      40
      50
      45
      49
      43
      36
      38
      37
      48
      43
      31
      40
      42
      29
      40
      45
      44
      32
      29
      30
      44
      43
      52
      35
      39
      46
      33
      47
      36
      40
      45
      38
      32
      34
      31
      36
      28
      43
      29
      37
      30
      35
      51
      40
      45
      38
      41
      32
      41
      31
      31
      39
      39
      28
      32
      27
      48
      43
      28
      41
      41
      47
      34
      53
      30
      48
      37
      42
      49
      37
      42
      46
      42
      35
      34
      42
      33
      35
      45
      22
      48
      32
      28
      41
      42
      33
      40
      26
      37
      39
      31
      33
      43
      37
      42
      26
      44
      32
      43
      40
      35
      39
      35
      38
      30
      36
      27
      27
      43
      36
      36
      44
      32
      39
      36
      39
      30
      49
      35
      44
      44
      28
      39
      30
      41
      38
      45
      31
      42
      39
      46
      40
      28
      46
      35
      35
      44
      33
      44
      40
      42
      45
      38
      38
      47
      31
      42
      39
      43
      34
      31
      28
      37
      38
      44
      34
      33
      31
      42
      37
      35
      26
      41
      43
      46
      32
      32
      26
      46
      34
      34
      41
      40
      35
      32
      38
      43
      33
      29
      35
      42
      44
      44
      45
      44
      47
      35
      42
      40
      34
      37
      41
      30
      34
      35
      51
      34
      24
      37
      41
      51
      41
      32
      41
      38
      29
      42
      42
      33
      34
      26
      41
      41
      43
      39
      38
      30
      48
      28
      49
      42
      42
      45
      43
      34
      40
      52
      40
      40
      40
      34
      40
      46
      41
      47
      32
      36
      36
      44
      44
      41
      42
      36
      30
      41
      38
      38
      43
      41
      39
      37
      37
      35
      37
      44
      35
      56
      38
      30
      31
      38
      40
      32
      41
      36
      45
      46
      45
      44
      30
      40
      40
      40
      41
      40
      31
      26
      41
      42
      38
      42
      26
      37
      40
      39
      40
      45
      29
      42
      33
      31
      38
      34
      57
      36
      46
      38
      49
      38
      38
      40
      38
      41
      32
      32
      34
      45
      33
      32
      35
      42
      37
      36
      36
      41
      27
      30
      38
      43
      39
      46
      41
      51
      40
      39
      39
      37
      40
      51
      32
      35
      37
      42
      39
      45
      39
      35
      36
      38
      30
      43
      56
      28
      37
      44
      32
      40
      32
      38
      34
      46
      37
      34
      46
      39
      43
      36
      34
      44
      35
      30
      38
      25
      38
      38
      35
      38
      37
      38
      48
      40
      34
      45
      28
      33
      39
      48
      47
      31
      39
      39
      29
      36
      33
      42
      44
      40
      53
      46
      40
      53
      35
      39
      47
      37
      45
      42
      49
      54
      34
      36
      47
      32
      35
      38
      23
      28
      35
      42
      40
      35
      32
      43
      37
      28
      42
      48
      50
      42
      40
      30
      31
      34
      34
      38
      36
      45
      30
      44
      41
      40
      40
      37
      29
      30
      44
      38
      40
      26
      29
      38
      44
      37
      34
      39
      47
      40
      31
      50
      28
      47
      40
      48
      32
      30
      28
      35
      41
      24
      31
      38
      37
      44
      46
      45
      33
      41
      32
      38
      37
      35
      32
      53
      32
      30
      38
      33
      41
      39
      34
      43
      41
      38
      26
      39
      39
      28
      40
      39
      47
      46
      33
      50
      36
      24
      45
      37
      48
      52
      34
      23
      29
      45
      51
      30
      37
      34
      54
      43
      44
      37
      38
      56
      34
      31
      44
      42
      41
      41
      36
      28
      26
      40
      29
      36
      34
      41
      37
      40
      28
      37
      38
      36
      49
      34
      34
      37
      31
      44
      46
      44
      27
      36
      33
      46
      42
      39
      30
      40
      45
      37
      39
      43
      38
      32
      32
      35
      45
      40
      40
      40
      41
      38
      38
      41
      43
      39
      43
      50
      37
      34
      35
      47
      32
      42
      33
      47
      47
      52
      39
      35
      49
      38
      36
      32
      34
      41
      51
      37
      37
      53
      38
      34
      47
      48
      39
      40
      37
      37
      38
      35
      30
      33
      43
      35
      46
      29
      36
      39
      30
      35
      38
      25
      30
      34
      39
      37
      31
      44
      34
      43
      43
      30
      47
      40
      32
      60
      38
      35
      44
      42
      45
      38
      41
      49
      29
      50
      43
      40
      36
      41
      45
      37
      31
      35
      41
      39
      38
      38
      39
      40
      40
      35
      34
      40
      38
      41
      37
      47
      44
      38
      39
      30
      37
      42
      41
      40
      44
      41
      48
      49
      47
      38
      36
      44
      43
      36
      46
      39
      41
      48
      37
      41
      53
      40
      40
      40
      38
      51
      37
      29
      38
      53
      37
      44
      42
      53
      38
      46
      35
      41
      39
      45
      42
      40
      42
      54
      40
      40
      54
      27
      37
      45
      48
      30
      47
      32
      40
      48
      30
      47
      28
      34
      43
      42
      36
      37
      46
      45
      41
      41
      43
      38
      28
      40
      37
      42
      38
      43
      34
      39
      27
      40
      32
      37
      46
      31
      26
      40
      40
      27
      34
      37
      39
      42
      54
      37
      37
      35
      33
      44
      42
      35
      43
      44
      39
      36
      38
      44
      52
      39
      37
      47
      35
      28
      27
      45
      31
      33
      30
      47
      56
      44
      40
      34
      47
      41
      50
      36
      55
      44
      40
      37
      46
      42
      39
      32
      37
      29
      32
      35
      45
      30
      49
      43
      34
      40
      49
      30
      53
      43
      36
      39
      33
      34
      50
      49
      41
      37
      31
      38
      35
      43
      39
      32
      30
      44
      36
      39
      27
      44
      35
      44
      29
      40
      30
      42
      44
      42
      39
      35
      24
      37
      46
      41
      42
      36
      41
      24
      40
      43
      38
      45
      47
      32
      46
      27
      43
      45
      36
      43
      42
      40
      31
      38
      36
      39
      42
      32
      36
      28
      32
      47
      39
      39
      32
      37
      46
      21
      30
      45
      29
      39
      38
      38
      34
      43
      32
      38
      41
      29
      50
      45
      42
      42
      34
      45
      42
      47
      44
      34
      37
      42
      26
      30
      32
      37
      31
      35
      47
      36
      50
      45
      37
      48
      46
      31
      28
      32
      45
      46
      40
      40
      38
      40
      34
      30
      43
      37
      33
      41
      39
      46
      41
      36
      42
      40
      47
      41
      35
      34
      35
      49
      36
      46
      24
      42
      36
      44
      53
      38
      36
      49
      38
      43
      34
      37
      36
      36
      38
      37
      46
      31
      43
      46
      36
      43
      48
      34
      43
      35
      37
      41
      50
      38
      50
      42
      43
      41
      35
      44
      40
      37
      32
      41
      34
      42
      26
      46
      41
      42
      48
      46
      48
      36
      37
      31
      40
      42
      47
      32
      37
      36
      32
      46
      37
      46
      41
      34
      48
      40
      40
      40
      34
      45
      24
      39
      47
      48
      35
      34
      25
      27
      46
      39
      43
      36
      28
      31
      34
      40
      42
      52
      40
      40
      29
      44
      30
      50
      46
      34
      37
      40
      39
      34
      36
      33
      33
      59
      40
      46
      39
      30
      36
      37
      37
      48
      31
      43
      41
      41
      38
      52
      46
      44
      40
      28
      46
      49
      34
      45
      36
      24
      48
      34
      33
      38
      39
      32
      43
      45
      34
      31
      34
      35
      50
      36
      38
      39
      39
      41
      37
      47
      27
      46
      54
      40
      35
      35
      40
      45
      40
      39
      43
      39
      42
      35
      45
      50
      44
      39
      34
      48
      42
      44
      43
      34
      47
      49
      41
      37
      29
      50
      47
      28
      40
      46
      36
      41
      32
      46
      41
      41
      48
      45
      30
      45
      42
      44
      47
      36
      45
      35
      41
      43
      45
      28
      31
      30
      35
      43
      46
      41
      34
      38
      39
      42
      44
      51
      44
      30
      25
      46
      26
      42
      55
      51
      42
      47
      34
      43
      43
      37
      30
      38
      27
      39
      39
      50
      36
      48
      38
      38
      28
      33
      35
      31
      42
      41
      40
      50
      48
      40
      35
      38
      47
      42
      38
      39
      39
      46
      43
      31
      49
      36
      48
      47
      48
      38
      34
      50
      41
      31
      52
      37
      31
      37
      37
      39
      38
      38
      32
      44
      38
      44
      47
      42
      43
      35
      45
      46
      33
      29
      40
      33
      46
      44
      41
      41
      41
      41
      36
      42
      32
      39
      43
      40
      37
      40
      48
      37
      46
      33
      38
      38
      37
      45
      37
      40
      39
      38
      27
      33
      37
      32
      47
      33
      52
      36
      44
      51
      33
      41
      45
      35
      44
      37
      41
      37
      37
      47
      42
      44
      36
      51
      42
      29
      40
      38
      44
      41
      28
      39
      38
      37
      35
      44
      35
      25
      51
      34
      38
      38
      30
      33
      34
      32
      32
      37
      39
      44
      29
      40
      37
      40
      41
      45
      44
      46
      41
      38
      40
      42
      46
      24
      44
      35
      41
      30
      28
      29
      46
      35
      46
      32
      29
      33
      38
      45
      25
      29
      56
      43
      38
      39
      41
      46
      40
      40
      44
      29
      29
      42
      26
      46
      42
      36
      42
      37
      39
      54
      36
      59
      46
      38
      46
      41
      46
      41
      43
      38
      39
      29
      40
      37
      33
      44
      41
      45
      49
      35
      41
      44
      34
      55
      31
      33
      44
      39
      45
      33
      35
      44
      48
      31
      45
      53
      45
      51
      62
      42
      47
      37
      36
      44
      33
      35
      45
      41
      53
      46
      48
      42
      42
      36
      58
      42
      45
      35
      36
      29
      27
      33
      42
      51
      33
      36
      28
      33
      36
      43
      35
      38
      44
      44
      44
      37
      45
      52
      35
      39
      46
      41
      43
      31
      40
      37
      46
      36
      36
      32
      39
      51
      43
      49
      45
      35
      37
      32
      45
      38
      40
      37
      45
      44
      38
      45
      46
      48
      46
      35
      50
      42
      50
      56
      47
      46
      40
      52
      44
      37
      47
      56
      32
      42
      47
      50
      54
      52
      47
      46
      44
      53
      53
      47
      40
      43
      36
      39
      40
      28
      38
      42
      40
      36
      43
      47
      40
      40
      45
      46
      45
      41
      48
      42
      31
      43
      40
      47
      35
      36
      53
      36
      38
      40
      44
      45
      40
      49
      36
      36
      49
      41
      49
      45
      42
      40
      46
      36
      50
      32
      42
      34
      41
      33
      49
      37
      40
      31
      44
      29
      40
      44
      52
      41
      34
      47
      46
      45
      49
      35
      35
      41
      45
      49
      41
      41
      44
      45
      38
      37
      32
      34
      45
      37
      34
      44
      46
      57
      45
      46
      47
      35
      42
      37
      44
      37
      43
      54
      45
      44
      40
      31
      49
      52
      43
      40
      47
      41
      31
      45
      35
      46
      30
      40
      45
      49
      43
      45
      47
      50
      36
      37
      49
      39
      34
      35
      32
      35
      35
      46
      50
      39
      48
      46
      31
      36
      39
      49
      43
      46
      47
      41
      38
      52
      45
      35
      34
      30
      54
      38
      37
      41
      38
      39
      42
      48
      39
      27
      56
      42
      40
      42
      43
      34
      37
      41
      40
      42
      34
      46
      47
      40
      45
      50
      30
      29
      49
      46
      33
      36
      56
      38
      42
      59
      37
      58
      34
      43
      35
      29
      51
      35
      36
      54
      40
      43
      42
      46
      35
      38
      36
      44
      38
      33
      44
      28
      54
      34
      35
      43
      39
      32
      36
      38
      38
      38
      46
      43
      43
      42
      38
      38
      29
      52
      39
      56
      43
      32
      32
      50
      38
      43
      40
      37
      49
      35
      33
      36
      32
      35
      35
      47
      30
      48
      43
      49
      42
      46
      38
      49
      39
      35
      36
      39
      40
      44
      31
      44
      33
      35
      48
      36
      47
      38
      42
      48
      41
      40
      38
      29
      44
      36
      38
      46
      40
      46
      49
      38
      37
      41
      41
      35
      40
      42
      42
      33
      39
      49
      42
      41
      50
      41
      32
      39
      37
      27
      41
      39
      34
      47
      42
      42
      35
      35
      43
      49
      43
      46
      40
      47
      42
      41
      44
      44
      54
      39
      44
      46
      56
      45
      41
      40
      38
      35
      48
      37
      37
      33
      46
      41
      41
      47
      42
      45
      44
      31
      49
      45
      34
      42
      41
      49
      41
      32
      36
      53
      42
      46
      51
      40
      44
      31
      40
      48
      42
      54
      44
      33
      49
      37
      45
      42
      50
      45
      32
      29
      45
      38
      41
      34
      37
      40
      47
      31
      47
      55
      47
      41
      31
      42
      49
      33
      44
      34
      49
      43
      41
      48
      44
      41
      39
      39
      44
      50
      41
      52
      34
      52
      34
      40
      49
      51
      32
      25
      37
      46
      39
      47
      45
      35
      44
      47
      43
      40
      53
      43
      38
      34
      39
      44
      39
      55
      36
      38
      45
      44
      42
      36
      37
      30
      51
      37
      41
      43
      42
      42
      40
      47
      30
      42
      34
      57
      34
      44
      37
      41
      46
      46
      35
      31
      30
      41
      38
      48
      32
      42
      43
      49
      38
      46
      39
      31
      35
      36
      51
      41
      34
      41
      38
      43
      34
      51
      47
      43
      36
      39
      38
      43
      32
      33
      45
      51
      52
      34
      36
      48
      45
      28
      44
      36
      27
      37
      44
      43
      51
      43
      42
      48
      49
      34
      43
      43
      42
      30
      43
      51
      31
      42
      41
      40
      40
      32
      50
      40
      36
      37
      46
      49
      43
      38
      43
      51
      47
      35
      33
      31
      46
      34
      46
      40
      41
      40
      52
      43
      30
      46
      55
      43
      36
      52
      40
      46
      32
      54
      35
      36
      47
      42
      41
      47
      46
      34
      44
      36
      38
      51
      50
      44
      44
      45
      43
      37
      37
      40
      48
      47
      41
      39
      37
      31
      43
      35
      35
      38
      52
      40
      34
      44
      37
      51
      51
      49
      37
      37
      47
      35
      44
      31
      49
      51
      50
      43
      50
      42
      36
      37
      37
      45
      47
      42
      53
      48
      33
      32
      49
      47
      45
      51
      35
      44
      45
      42
      54
      43
      41
      50
      37
      46
      44
      32
      42
      49
      33
      39
      31
      63
      51
      50
      43
      48
      47
      32
      46
      44
      47
      36
      44
      47
      28
      42
      52
      35
      41
      63
      43
      40
      41
      43
      38
      44
      46
      47
      43
      41
      39
      39
      32
      47
      52
      43
      40
      41
      47
      44
      54
      45
      55
      39
      35
      42
      40
      39
      46
      43
      52
      37
      51
      38
      60
      45
      46
      36
      43
      50
      46
      51
      50
      36
      48
      25
      35
      42
      46
      48
      46
      41
      51
      52
      44
      28
      41
      38
      39
      40
      52
      54
      51
      49
      39
      36
      40
      51
      42
      41
      39
      45
      38
      36
      50
      40
      39
      45
      47
      38
      43
      36
      36
      53
      49
      39
      47
      30
      42
      54
      38
      45
      59
      47
      39
      29
      39
      51
      43
      38
      47
      34
      41
      47
      34
      46
      51
      47
      46
      43
      42
      32
      55
      38
      45
      34
      40
      44
      61
      27
      46
      50
      42
      48
      49
      40
      41
      36
      49
      47
      49
      34
      42
      42
      52
      40
      44
      37
      36
      30
      43
      40
      37
      40
      50
      26
      41
      46
      43
      39
      54
      37
      41
      43
      48
      38
      47
      43
      43
      62
      49
      42
      49
      42
      38
      42
      44
      34
      52
      37
      38
      39
      30
      45
      38
      32
      47
      44
      60
      33
      38
      50
      51
      46
      41
      35
      42
      48
      48
      58
      46
      43
      45
      39
      44
      49
      54
      40
      46
      35
      44
      55
      38
      43
      51
      41
      33
      40
      47
      45
      49
      44
      67
      47
      34
      42
      59
      41
      34
      36
      47
      35
      48
      39
      36
      44
      43
      43
      32
      45
      43
      48
      39
      58
      36
      38
      35
      46
      52
      46
      50
      43
      54
      41
      58
      38
      53
      40
      32
      34
      35
      38
      46
      53
      38
      45
      41
      46
      49
      46
      48
      40
      44
      37
      50
      37
      39
      46
      37
      30
      55
      49
      55
      40
      48
      49
      38
      44
      46
      47
      39
      43
      30
      47
      45
      40
      48
      44
      43
      37
      40
      41
      47
      47
      47
      48
      41
      33
      49
      48
      38
      46
      48
      54
      50
      40
      38
      67
      41
      38
      38
      51
      47
      55
      48
      45
      49
      44
      42
      57
      43
      47
      40
      51
      32
      56
      41
      34
      45
      43
      54
      51
      49
      41
      31
      55
      33
      33
      45
      42
      48
      39
      36
      50
      46
      30
      47
      46
      35
      48
      53
      42
      45
      48
      44
      47
      48
      42
      49
      30
      42
      41
      43
      44
      55
      48
      49
      37
      50
      45
      48
      41
      52
      48
      49
      40
      50
      35
      47
      43
      46
      47
      47
      42
      44
      52
      44
      52
      41
      43
      48
      51
      48
      47
      40
      40
      47
      49
      43
      34
      54
      42
      49
      45
      55
      53
      48
      47
      48
      44
      53
      58
      55
      43
      59
      37
      54
      55
      50
      36
      45
      46
      43
      49
      36
      38
      37
      49
      42
      47
      48
      42
      47
      43
      35
      47
      48
      42
      40
      42
      42
      55
      42
      44
      47
      56
      43
      53
      43
      56
      49
      50
      32
      38
      32
      43
      40
      36
      52
      45
      50
      46
      42
      53
      40
      42
      49
      41
      44
      42
      47
      41
      44
      36
      47
      41
      46
      41
      34
      37
      43
      45
      53
      36
      43
      47
      56
      40
      39
      43
      36
      51
      46
      57
      41
      41
      51
      39
      43
      42
      41
      55
      43
      39
      40
      45
      48
      48
      49
      46
      49
      42
      49
      46
      42
      40
      38
      45
      53
      49
      44
      39
      55
      53
      44
      49
      52
      48
      43
      42
      42
      49
      40
      51
      43
      40
      44
      40
      45
      44
      50
      45
      33
      39
      45
      44
      43
      53
      51
      44
      36
      47
      44
      52
      47
      46
      37
      49
      42
      43
      52
      61
      58
      39
      46
      36
      49
      58
      53
      34
      36
      32
      41
      36
      52
      40
      60
      42
      35
      47
      46
      44
      48
      40
      54
      59
      46
      43
      44
      53
      49
      43
      42
      42
      40
      50
      55
      38
      41
      44
      48
      53
      41
      39
      49
      43
      36
      47
      45
      38
      65
      53
      51
      33
      59
      37
      52
      42
      50
      45
      46
      47
      53
      44
      48
      46
      32
      44
      56
      52
      36
      61
      46
      47
      36
      46
      45
      34
      43
      50
      47
      42
      50
      36
      43
      45
      50
      47
      45
      50
      44
      48
      47
      45
      36
      48
      42
      58
      47
      47
      52
      39
      46
      49
      51
      43
      55
      36
      46
      46
      54
      41
      52
      37
      35
      41
      48
      41
      40
      49
      63
      46
      45
      53
      49
      45
      53
      53
      52
      55
      46
      47
      39
      43
      62
      47
      54
      59
      45
      39
      47
      43
      50
      43
      28
      36
      49
      57
      40
      42
      52
      49
      56
      37
      41
      38
      35
      58
      45
      48
      44
      45
      48
      40
      49
      43
      58
      46
      43
      49
      43
      48
      47
      66
      32
      47
      42
      49
      54
      43
      44
      36
      42
      47
      36
      32
      56
      31
      50
      52
      45
      57
      45
      42
      44
      42
      44
      46
      47
      50
      51
      51
      52
      39
      50
      41
      49
      66
      60
      54
      54
      44
      41
      49
      41
      46
      63
      54
      51
      49
      53
      49
      46
      45
      43
      46
      44
      46
      56
      40
      43
      52
      50
      47
      55
      49
      51
      42
      46
      55
      49
      54
      55
      40
      50
      41
      46
      46
      62
      41
      41
      56
      47
      41
      45
      58
      49
      37
      49
      51
      42
      56
      54
      46
      41
      66
      45
      56
      48
      42
      44
      57
      59
      39
      49
      48
      50
      51
      43
      42
      43
      47
      49
      57
      42
      49
      41
      41
      55
      52
      48
      36
      40
      57
      59
      50
      63
      45
      47
      36
      64
      52
      54
      50
      54
      44
      41
      52
      59
      58
      44
      53
      53
      45
      46
      46
      31
      50
      50
      61
      54
      47
      44
      65
      57
      53
      38
      46
      52
      47
      46
      56
      42
      51
      58
      45
      48
      47
      51
      53
      48
      47
      39
      46
      42
      44
      56
      63
      59
      47
      43
      46
      44
      50
      65
      67
      49
      54
      40
      52
      42
      50
      52
      45
      56
      56
      50
      51
      54
      46
      48
      43
      50
      39
      58
      50
      39
      49
      41
      61
      48
      33
      45
      50
      54
      52
      47
      42
      47
      61
      42
      60
      62
      50
      54
      40
      48
      53
      41
      48
      44
      53
      57
      44
      52
      54
      44
      40
      52
      41
      53
      50
      47
      45
      50
      53
      49
      53
      57
      60
      51
      42
      53
      46
      48
      59
      53
      50
      39
      45
      36
      48
      49
      46
      50
      60
      48
      43
      58
      42
      59
      52
      45
      58
      39
      42
      46
      55
      54
      45
      58
      53
      37
      53
      49
      49
      53
      30
      51
      60
      50
      53
      61
      48
      39
      49
      45
      67
      60
      70
      46
      39
      51
      60
      48
      62
      61
      56
      50
      42
      52
      37
      52
      46
      58
      60
      50
      43
      53
      42
      49
      63
      55
      53
      41
      41
      53
      57
      39
      46
      41
      40
      55
      36
      64
      52
      71
      50
      52
      57
      37
      68
      52
      51
      48
      57
      59
      40
      52
      51
      68
      38
      55
      45
      43
      49
      56
      47
      54
      43
      49
      62
      53
      60
      39
      49
      38
      49
      59
      57
      70
      49
      53
      55
      62
      63
      53
      47
      53
      47
      49
      45
      56
      53
      52
      66
      62
      57
      52
      57
      52
      51
      49
      62
      55
      53
      35
      50
      46
      38
      58
      67
      45
      53
      53
      49
      51
      59
      47
      59
      52
      45
      49
      52
      68
      61
      51
      65
      58
      55
      57
      42
      61
      44
      62
      60
      63
      47
      56
      56
      57
      55
      50
      54
      45
      48
      48
      64
      50
      58
      43
      49
      37
      44
      38
      45
      55
      61
      68
      57
      45
      60
      65
      47
      64
      53
      66
      61
      56
      49
      48
      38
      58
      45
      50
      46
      61
      54
      59
      50
      58
      50
      69
      51
      62
      70
      66
      57
      50
      47
      52
      50
      64
      77
      58
      72
      44
      63
      60
      52
      54
      54
      57
      51
      59
      66
      39
      61
      54
      64
      57
      54
      40
      52
      54
      56
      61
      47
      42
      51
      50
      66
      60
      58
      49
      52
      51
      57
      60
      44
      52
      49
      58
      57
      64
      62
      62
      50
      57
      42
      59
      50
      51
      56
      48
      55
      65
      57
      50
      60
      62
      49
      49
      62
      52
      57
      53
      72
      66
      65
      67
      63
      62
      64
      55
      51
      53
      49
      54
      58
      72
      52
      62
      47
      70
      49
      60
      50
      55
      46
      46
      63
      48
      74
      48
      56
      52
      51
      54
      44
      59
      47
      70
      55
      55
      52
      38
      44
      53
      71
      44
      56
      58
      63
      65
      66
      59
      54
      64
      51
      57
      61
      52
      62
      57
      56
      49
      53
      57
      60
      56
      53
      54
      41
      64
      79
      68
      66
      65
      54
      50
      59
      66
      64
      42
      46
      63
      74
      64
      55
      60
      49
      40
      53
      55
      54
      48
      43
      63
      60
      62
      58
      62
      51
      67
      61
      54
      48
      64
      63
      62
      52
      53
      58
      63
      51
      68
      66
      49
      49
      60
      63
      58
      79
      48
      63
      65
      56
      68
      54
      54
      54
      64
      61
      52
      62
      44
      60
      55
      56
      56
      55
      66
      50
      78
      60
      52
      48
      56
      62
      57
      55
      68
      43
      60
      52
      49
      54
      41
      66
      59
      64
      61
      52
      69
      53
      49
      58
      69
      68
      67
      58
      64
      47
      54
      59
      67
      55
      61
      64
      59
      55
      58
      59
      65
      59
      51
      65
      37
      71
      59
      56
      49
      56
      59
      71
      59
      57
      58
      61
      75
      54
      49
      66
      65
      54
      68
      65
      54
      40
      46
      74
      61
      61
      65
      54
      57
      56
      71
      58
      59
      56
      65
      60
      62
      53
      66
      65
      57
      60
      45
      72
      65
      62
      52
      51
      71
      57
      52
      64
      57
      49
      60
      67
      57
      59
      64
      61
      56
      65
      48
      67
      49
      57
      48
      56
      69
      56
      52
      75
      64
      63
      65
      49
      57
      57
      65
      57
      59
      64
      67
      73
      73
      63
      78
      67
      58
      55
      68
      57
      61
      65
      73
      56
      55
      67
      70
      49
      56
      61
      66
      54
      67
      54
      53
      75
      68
      59
      62
      67
      64
      56
      62
      60
      50
      69
      66
      57
      70
      82
      66
      67
      67
      49
      59
      63
      53
      57
      60
      83
      57
      56
      64
      47
      60
      60
      70
      74
      61
      61
      70
      56
      48
      56
      65
      61
      44
      64
      67
      65
      71
      63
      56
      66
      57
      75
      57
      56
      59
      67
      64
      59
      94
      73
      68
      57
      71
      53
      70
      53
      58
      67
      61
      68
      58
      73
      64
      65
      70
      55
      69
      52
      71
      56
      68
      71
      59
      67
      76
      68
      82
      57
      78
      59
      61
      62
      77
      79
      52
      59
      78
      60
      63
      68
      70
      59
      55
      59
      60
      69
      63
      75
      68
      73
      50
      68
      71
      52
      68
      70
      68
      72
      75
      74
      70
      62
      59
      70
      72
      68
      78
      72
      76
      64
      67
      66
      71
      72
      69
      70
      67
      87
      73
      68
      53
      67
      55
      70
      59
      66
      63
      74
      55
      83
      62
      69
      60
      42
      66
      82
      74
      67
      60
      75
      67
      60
      69
      61
      61
      65
      67
      67
      65
      74
      61
      67
      87
      64
      72
      78
      75
      70
      57
      75
      81
      67
      67
      65
      81
      79
      65
      51
      66
      82
      64
      86
      79
      62
      61
      62
      81
      62
      65
      63
      76
      67
      62
      66
      73
      67
      59
      60
      67
      60
      71
      65
      71
      66
      82
      71
      83
      87
      62
      77
      66
      65
      75
      73
      60
      60
      74
      68
      65
      61
      76
      67
      63
      65
      73
      76
      75
      87
      69
      74
      83
      63
      69
      77
      68
      72
      76
      54
      62
      62
      72
      61
      73
      67
      93
      60
      70
      69
      73
      78
      74
      58
      79
      73
      69
      80
      80
      69
      85
      58
      61
      65
      67
      68
      66
      72
      78
      59
      63
      69
      80
      58
      65
      74
      62
      59
      66
      89
      72
      67
      70
      72
      72
      85
      83
      74
      78
      74
      54
      72
      73
      67
      84
      60
      86
      74
      75
      77
      66
      71
      68
      80
      70
      70
      78
      65
      73
      69
      71
      84
      77
      66
      75
      63
      65
      78
      80
      80
      71
      85
      60
      81
      80
      76
      82
      77
      76
      66
      65
      72
      83
      78
      90
      98
      83
      79
      91
      87
      77
      88
      84
      80
      93
      89
      86
      73
      96
      91
      79
      96
      84
      94
      91
      81
      91
      78
      66
      84
      87
      68
      78
      73
      83
      89
      67
      88
      79
      84
      72
      83
      68
      66
      77
      86
      69
      67
      66
      86
      74
      83
      79
      76
      77
      79
      71
      79
      74
      74
      69
      87
      55
      78
      71
      70
      74
      70
      81
      86
      80
      82
      70
      76
      97
      81
      80
      69
      70
      67
      69
      85
      72
      66
      81
      76
      80
      95
      80
      92
      67
      77
      87
      76
      78
      67
      96
      76
      83
     106
      61
      77
      82
      68
      83
      73
      74
      81
      73
      80
      77
      78
      82
      73
      74
      76
      91
      89
      81
      70
      71
      79
      65
      95
      79
      86
      70
      66
      92
     101
      85
      72
      70
      78
      93
      75
      67
      83
      71
      63
      84
      82
      89
      81
      70
     102
      78
     103
      87
      75
      72
      82
      85
      77
      70
      80
      86
      86
      69
      63
      84
      95
      83
      99
      74
      75
      91
      84
      80
      82
      69
      80
      84
      85
      77
      90
      84
      82
      76
      95
      86
      85
      82
      88
      77
      92
      93
      74
      92
     100
      91
      87
      73
     103
      75
      66
      69
      92
      64
      84
      75
      85
      87
      95
      88
      92
      92
      85
      76
      78
     103
      80
      78
      86
      78
      94
      83
      77
      75
      92
      85
      90
      93
      86
      72
     104
      85
      85
      90
      71
      66
      86
      82
      85
      94
      88
      95
      86
      68
      96
      89
      85
      95
      75
      96
      63
     101
      86
      72
      76
      89
      80
      69
      91
      83
      74
      99
      82
      73
      70
      85
      86
      71
      74
      72
      82
      98
      79
      80
      73
     101
      86
      94
      92
      81
      76
      86
      84
      84
      90
      70
      77
      84
      86
      81
      62
      93
      98
      95
      86
      75
      88
      86
      88
      96
      90
      81
      91
      98
      99
      77
      94
      74
      88
      81
      92
      94
      90
      79
      82
      91
      65
      80
      79
      87
      86
      89
      91
     110
      89
      71
      85
      85
      79
      77
     103
      84
      74
      95
      75
      83
      92
      85
      92
      88
      97
      82
      84
      87
      80
      93
      81
      79
      88
      77
      77
      84
      75
      90
      74
     104
      94
      77
     104
      85
      87
      99
      87
      80
      93
      92
      86
      94
      94
      77
      89
      78
      71
      94
      75
      72
      92
      84
      92
      88
      85
      85
     106
      87
      94
      79
      89
      70
      80
      96
      80
      80
      72
      75
      81
      71
      79
      83
      84
      83
      88
      77
      67
      79
      70
      88
      84
      71
      93
      97
      78
      85
      76
      82
      78
      71
      86
      69
      86
      72
      70
      83
      79
      68
      67
      76
      49
      69
      71
      83
      73
      68
      68
      71
      67
      67
      61
      69
      65
      67
      94
      80
      67
      74
      68
      59
      60
      57
      72
      51
      66
      65
      52
      54
      52
      72
      76
      44
      57
      57
      67
      54
      45
      74
      71
      63
      52
      53
      57
      59
      82
      54
      72
      67
      57
      74
      53
      67
      57
      57
      61
      63
      48
      61
      58
      57
      43
      61
      67
      39
      56
      58
      58
      45
      60
      62
      51
      46
      38
      56
      42
      36
      43
      52
      44
      69
      61
      52
      49
      74
      59
      52
      57
      48
      56
      50
      51
      54
      41
      57
      44
      53
      54
      51
      43
      53
      43
      45
      36
      39
      39
      63
      46
      46
      55
      57
      61
      43
      48
      54
      49
      46
      42
      63
      39
      53
      58
      53
      56
      55
      46
      37
      50
      45
      54
      48
      52
      56
      54
      47
      49
      53
      52
      39
      52
      48
      61
      47
      57
      38
      44
      61
      41
      44
      49
      47
      44
      47
      35
      35
      52
      54
      49
      57
      36
      36
      50
      57
      48
      44
      55
      39
      54
      52
      43
      54
      58
      50
      42
      50
      61
      49
      50
      45
      64
      49
      39
      44
      56
      43
      54
      48
      53
      51
      52
      44
      42
      60
      53
      39
      46
      35
      33
      46
      46
      44
      52
      47
      46
      48
      44
      46
      42
      55
      45
      39
      44
      46
      45
      41
      50
      43
      44
      46
      64
      54
      51
      47
      53
      36
      46
      42
      43
      42
      43
      52
      48
      51
      44
      36
      47
      44
      50
      47
      44
      45
      37
      48
      45
      48
      46
      47
      49
      36
      49
      41
      46
      59
      50
      42
      54
      41
      45
      53
      38
      57
      41
      40
      49
      40
      42
      41
      36
      30
      40
      49
      49
      41
      59
      54
      51
      52
      39
      45
      30
      40
      43
      49
      51
      37
      43
      47
      42
      35
      39
      41
      47
      48
      60
      39
      49
      41
      40
      45
      33
      43
      48
      38
      47
      38
      50
      40
      47
      30
      41
      44
      38
      46
      47
      48
      54
      39
      44
      45
      47
      43
      44
      37
      53
      49
      36
      45
      30
      44
      36
      40
      44
      45
      48
      46
      41
      48
      52
      46
      47
      41
      43
      51
      34
      39
      38
      42
      50
      45
      45
      34
      53
      42
      44
      37
      34
      37
      39
      48
      49
      41
      52
      41
      48
      31
      44
      39
      40
      47
      48
      41
      40
      37
      45
      48
      44
      36
      35
      49
      49
      44
      42
      41
      39
      39
      56
      47
      49
      43
      30
      40
      42
      40
      45
      32
      29
      44
      37
      58
      42
      41
      42
      29
      39
      48
      44
      39
      34
      38
      44
      36
      41
      43
      49
      53
      54
      31
      42
      40
      46
      39
      33
      32
      47
      41
      34
      24
      42
      34
      42
      34
      46
      45
      42
      30
      38
      35
      39
      48
      31
      42
      40
      32
      38
      40
      49
      33
      40
      38
      37
      40
      37
      45
      35
      51
      42
      47
      36
      42
      39
      29
      38
      51
      34
      51
      49
      36
      28
      43
      42
      33
      39
      32
      41
      28
      50
      33
      34
      35
      37
      47
      40
      39
      36
      34
      31
      36
      49
      39
      26
      43
      42
      45
      36
      26
      41
      31
      35
      39
      38
      43
      32
      37
      34
      35
      36
      31
      36
      35
      37
      34
      34
      30
      34
      38
      35
      28
      31
      38
      40
      40
      43
      21
      42
      37
      38
      41
      33
      38
      35
      30
      35
      29
      37
      31
      37
      44
      34
      28
      38
      29
      34
      26
      29
      38
      38
      31
      37
      37
      28
      43
      44
      34
      32
      33
      38
      43
      37
      25
      26
      41
      26
      35
      31
      40
      35
      33
      42
      29
      31
      30
      37
      37
      46
      27
      32
      30
      37
      42
      46
      52
      39
      33
      32
      33
      28
      38
      31
      40
      34
      33
      41
      42
      46
      38
      34
      36
      39
      38
      32
      29
      46
      37
      29
      38
      32
      30
      39
      36
      33
      34
      38
      29
      32
      35
      30
      30
      38
      46
      33
      34
      30
      42
      36
      35
      27
      35
      29
      36
      30
      28
      32
      32
      27
      29
      28
      29
      27
      29
      24
      32
      36
      25
      30
      27
      38
      31
      24
      37
      23
      37
      36
      43
      31
      37
      23
      41
      29
      39
      28
      26
      22
      33
      37
      25
      42
      24
      26
      23
      28
      35
      30
      29
      25
      22
      31
      30
      29
      34
      31
      34
      31
      26
      31
      31
      28
      33
      26
      29
      29
      26
      34
      35
      35
      35
      31
      39
      23
      36
      30
      32
      23
      26
      32
      34
      27
      36
      29
      28
      29
      42
      25
      36
      22
      32
      26
      28
      34
      29
      27
      39
      37
      45
      36
      21
      28
      30
      29
      27
      34
      35
      24
      34
      30
      17
      18
      35
      21
      25
      24
      36
      28
      23
      22
      28
      31
      35
      27
      22
      21
      24
      28
      37
      24
      27
      30
      29
      34
      26
      22
      41
      26
      26
      22
      26
      25
      33
      27
      29
      29
      32
      27
      30
      24
      26
      19
      28
      26
      21
      28
      31
      32
      16
      24
      27
      23
      23
      30
      22
      23
      26
      23
      26
      37
      23
      25
      28
      30
      30
      27
      27
      13
      30
      22
      27
      32
      22
      25
      24
      19
      24
      23
      26
      30
      26
      28
      21
      31
      28
      23
      23
      25
      28
      31
      20
      23
      25
      20
      26
      26
      22
      23
      26
      31
      25
      24
      26
      30
      33
      29
      21
      21
      28
      24
      30
      21
      22
      28
      15
      31
      29
      24
      22
      26
      22
      40
      30
      22
      22
      25
      20
      28
      25
      24
      23
      22
      29
      23
      27
      14
      22
      21
      17
      18
      25
      23
      24
      26
      18
      22
      17
      28
      19
      18
      14
      32
      23
      22
      18
      24
      29
      24
      28
      21
      18
      16
      26
      26
      23
      21
      27
      27
      20
      32
      19
      23
      21
      23
      34
      18
      29
      21
      18
      18
      24
      16
      25
      18
      22
      10
      16
      14
      21
      21
      23
      26
      19
      30
      27
      28
      23
      17
      21
      17
      15
      25
      24
      22
      30
      25
      13
      23
      26
      14
      24
      19
      23
      21
      17
      21
      15
      22
      21
      15
      23
      21
      17
      20
      21
      20
      23
      16
      17
      14
      25
      19
      29
      20
      30
      15
      16
      21
      16
      18
      12
      18
      20
      21
      15
      19
      20
      18
      23
      22
      26
      22
      16
      13
      14
      16
      15
      19
      29
      14
      20
      16
      19
      16
      16
      23
      16
      19
      16
      10
      17
      16
      14
      14
      21
      17
      18
      16
      16
      18
      20
      15
      10
      23
      24
      17
      22
      15
      16
      22
      19
      20
      13
      22
      11
      10
      18
      23
      18
      22
      16
      12
      13
      17
      17
      17
      19
      18
      22
      20
      15
      15
      24
      29
      19
      20
      22
      14
      20
      14
      21
      17
      15
      14
      17
      10
      26
      26
      22
      18
      10
      14
      16
      19
      21
      20
      17
      18
      11
      12
      10
      19
      11
      12
      17
      16
      12
      18
      16
      16
      20
      15
      11
      12
      17
      16
      16
      16
      14
      18
      11
      15
      20
      16
      11
      11
      15
      20
      15
      14
      13
      22
      21
      18
      18
      19
      16
      12
      13
      14
      11
      16
      19
      11
      16
      20
      12
      15
      24
      20
      20
      20
      21
      14
      18
      14
      23
      20
      14
      22
      17
      16
      11
      12
      11
      13
      21
      13
      16
      16
      13
      14
      10
      18
      15
      18
      14
      16
      22
      16
      13
      23
      21
      12
      19
      15
      13
      23
       9
      17
      18
      15
      16
      16
      12
      26
      16
      17
      11
       9
      16
      12
       9
      11
      14
      10
      17
      14
      16
      11
      12
      11
      15
      10
      14
      17
      13
      11
      14
       9
      12
      23
      14
      14
      13
      11
      16
      15
      14
      17
      11
      17
      13
      15
      19
      16
      19
      24
      11
      16
      12
      16
      13
      22
      10
      13
      11
      11
      12
      19
      11
      21
      13
      15
      13
      16
      13
      23
      16
      17
       8
       8
      17
      15
      21
      11
      15
      15
      15
      17
      19
       7
      13
      17
      14
      18
       7
      18
      21
      10
      13
      20
      11
      17
      13
      19
      15
      11
      16
      14
      14
      17
      13
      12
      16
      16
      11
      12
      12
      19
      15
      13
      15
      20
      14
      15
      14
       7
      17
      23
      16
      15
      11
      17
      15
      11
      14
      16
      14
       9
      13
      15
      10
      13
      10
      14
      21
       6
       9
      13
      14
      12
      12
      16
      13
      14
      16
      12
      14
      14
       9
      12
      16
      15
      15
      12
      12
      12
      10
      14
      21
      11
      13
      20
      13
      13
       5
       9
       8
      15
      10
      10
      16
      13
      11
       9
      13
       7
      15
      12
      15
       5
      11
      14
      10
      14
      11
      13
      13
      10
      15
      10
      15
      12
       7
       9
       9
      16
      13
      13
      11
      19
      15
      13
       8
      12
      12
      10
      11
      12
      12
      13
       9
       7
      14
       8
      11
      14
      21
      18
      13
      16
      12
      15
      14
      13
      14
      13
      10
      14
       7
       8
       8
      15
      14
      16
       8
      12
      16
      14
      14
       9
      13
      19
      11
      13
      14
      12
      13
       9
      16
      16
      12
      10
      13
      10
      14
       8
      10
       9
      11
       8
      14
      12
      11
      11
      13
      17
      15
      16
      14
      12
      14
      12
       9
      12
      14
      11
      15
      16
      12
      11
       9
      15
       9
       8
      20
      10
       8
      13
      20
      16
      16
      17
       9
      14
      10
      13
      12
      13
      12
       2
       9
      12
      12
       9
      14
       7
      13
      18
      15
      16
      12
       7
      12
      13
      17
      11
      17
      14
      16
      11
      12
      11
      10
      23
       9
      14
       8
       9
      11
      14
      16
      12
      10
      18
       5
      12
      13
      18
      18
      14
      16
      14
      17
      15
      20
       9
      11
      13
      10
      12
       9
       8
      13
       9
      13
      15
      11
      18
       7
      13
      11
      15
      16
      14
       9
      13
      12
       8
      14
      17
      11
      13
      15
       8
      14
      18
      13
      16
      14
       9
      13
      10
      11
      16
      12
       8
      11
       7
      14
      12
      22
      17
      16
      20
       4
       9
      11
      13
      18
      12
      14
      18
      10
      14
      11
       9
      13
      12
      15
      14
       8
      10
      14
      15
      17
      15
      14
      11
       9
       9
       9
       8
      12
       9
      11
      17
      11
      18
      11
      14
      14
      14
      13
      11
      15
      14
      13
      10
      17
      12
      18
       7
      16
      14
      13
      12
      17
      10
      13
      14
      14
      10
      12
      13
       7
      16
      11
      11
      16
       8
      12
      19
      15
      12
      10
      11
      20
      15
      10
      11
      14
      12
       9
      14
      12
      12
       9
       9
      13
       8
      10
      12
      11
      12
       8
      15
       6
       9
      13
      10
       9
      16
       9
      13
       7
      15
      13
      15
       9
       9
      21
      16
      10
      11
      11
      16
      17
      17
       7
      11
      12
      10
      13
       7
       8
      17
      10
      13
      11
       7
      15
      13
       6
      10
      14
      12
      13
      16
      17
      12
      12
      13
      16
      11
      13
       8
      11
      11
      19
      18
       8
       8
      12
      13
       8
      11
       8
      14
      11
      14
      11
       9
      10
      18
      11
      17
      12
       4
       8
      16
      12
      11
      16
      15
      18
       9
      14
      14
      11
      16
      10
      10
      19
      18
       7
      12
      11
      22
      13
       9
      15
       6
      10
      14
      21
      13
       8
      10
       9
      14
      15
      11
       9
      11
      16
      15
      17
      13
      10
      11
      10
      11
      14
      11
      11
      15
      18
      17
       9
      10
      12
      11
      11
      14
       8
       4
       7
      12
      11
      10
      13
      16
      17
      12
      10
      11
      13
       5
      17
      12
      13
      13
      12
      11
      13
      11
      16
      14
      14
      13
       7
      21
      18
      10
      20
      13
       7
      14
      16
      16
      11
      14
      11
      15
      12
      16
      13
       9
      14
      15
       7
      18
       6
      10
      14
      15
      23
      12
       5
      12
      14
      17
      12
      12
       8
      13
      12
      17
      12
      14
       9
      11
      19
      13
       7
      12
      15
      16
      11
       6
      18
       7
       9
      14
      15
      16
       9
      14
       8
      14
      13
      18
       9
      11
      14
      14
      12
      11
      15
       9
      16
      10
      14
       6
       9
      14
      10
      15
      10
      18
      16
      16
      13
       4
      14
      16
      13
      14
      11
      11
      18
       8
      12
      10
      15
      12
      12
      14
      12
      13
       9
       7
       9
      15
      13
       7
       8
      17
      14
      13
      17
      14
      10
       9
      11
      13
      20
       9
      11
       8
      13
      14
      12
      11
      16
      12
      13
      16
      13
      16
      11
      11
      11
      19
      19
      12
      10
      13
       8
      10
       9
      13
      13
       9
      16
      14
      16
      12
      16
      15
      13
      17
      15
      14
      14
      17
      11
      16
      16
      17
      11
      13
      13
      15
      15
      16
      14
      16
      16
       8
      12
      13
       6
      10
       7
      12
      10
      15
      13
      10
      12
       9
      18
      10
       9
      16
      15
      22
      10
      11
      15
      14
      10
       7
      18
      11
       5
      10
      13
      14
      10
      15
      20
      18
      12
      13
      16
      14
      14
      12
      13
      12
      15
      20
      17
      14
      20
      10
      18
      13
       9
      16
      16
      16
      16
      13
      12
       9
      10
      12
      14
      13
      14
      11
      20
      20
      15
      12
      13
      13
       9
      27
      13
       9
      14
      19
      13
      13
      23
       5
      15
      22
      20
      11
      23
      19
      15
      19
      20
      17
      16
      23
      16
      26
      16
      21
      21
      20
      20
      19
      14
      15
      17
      18
      25
      21
      18
      23
      20
      21
      25
      24
      37
      37
      31
      34
      36
      44
      33
      53
      41
      61
      75
      72
      89
     104
     137
     140
     160
     198
     224
     252
     326
     374
     420
     566
     633
     756
     974
    1100
    1340
    1568
    1796
    2076
    2343
    2508
    2934
    3277
    3499
    3933
    3851
    4176
    4133
    4291
    4152
    4040
    3871
    3509
    3178
    2908
    2520
    2171
    1894
    1513
    1252
    1078
     798
     647
     495
     346
     257
     211
     135
     120
      86
      49
      47
      39
      45
      28
      20
      21
      17
      11
      20
      20
      22
      22
      17
      18
      19
      13
      14
      15
      19
      22
      20
      17
      24
      21
      16
      12
      14
      13
      11
      20
      14
      15
      10
      19
      16
      10
      13
      17
      10
      22
      13
      14
       9
      14
       9
       5
       9
      17
      14
      17
      10
      14
      11
      17
       6
       7
       9
      10
       6
      13
      10
       8
      12
      20
      12
      11
       5
      11
      20
      12
      13
       8
       6
      12
       7
      12
      10
      18
       8
       4
       6
      14
      12
      12
      12
       8
       4
      11
       6
      11
      11
      11
       9
       8
      15
       9
      14
       7
       6
      17
      10
      12
      12
      14
       3
      12
       8
       6
      11
      14
       3
       9
       9
       5
      12
      13
      11
       6
       9
       6
      10
       5
      13
      13
      12
       5
       9
      12
      14
      13
       3
      15
       9
       8
       9
      12
       7
      12
       5
      11
      12
       5
       6
       8
      13
       8
       6
      12
       8
      10
      12
       4
       9
       9
      13
      11
      13
       4
      10
       5
       6
       9
      10
       5
      11
      11
       6
       8
       9
       7
       5
      12
       6
      11
       9
      12
       7
       9
       8
       7
       9
       9
       4
       2
       4
      16
       8
       8
       8
       6
      18
       8
       2
      10
       7
       8
      12
       3
      11
       4
      11
      11
       6
      11
       9
       7
       5
       4
       6
       6
       8
       9
       7
       9
       5
      10
      12
       8
       5
       4
      11
       3
       3
       9
       6
       8
       7
       9
       4
       8
      12
       8
       7
       8
       7
      12
      14
       8
      12
      11
       6
      15
      11
      11
       6
      11
       3
       9
      10
       9
       8
       2
      11
       5
       9
      10
      10
       5
       8
       8
       5
       6
       8
       8
       4
       9
      10
       7
      10
       8
       6
       5
       7
      12
       8
       8
       7
       9
       4
       5
       8
       7
      13
       2
      11
       8
      13
       9
      11
      10
       5
       6
      10
      10
       8
      15
      12
      10
       7
       4
       8
       8
       5
      11
       7
       7
       6
       5
       4
       8
      16
       7
       8
       6
       7
       5
       4
       7
       6
       5
       7
      10
       9
       4
       8
       9
       8
       9
      10
      10
       8
       5
       4
       4
       6
       2
      11
       6
       6
       6
       6
       6
       8
      10
       6
       5
       5
       5
       6
       9
       5
       9
      10
      14
       9
      12
       4
       5
      14
       4
      12
       4
      12
      10
       6
       8
       4
      11
       9
       7
      14
       7
       6
       4
       3
       5
       4
       6
       8
       5
       7
       5
       8
       6
      13
      13
       8
       7
       7
       6
       3
       7
       8
       7
       7
       7
       5
       9
       4
      11
       6
       3
       6
       7
       9
       3
       4
       7
       5
       4
      11
       2
       7
       7
       7
       1
       6
       7
      13
       5
       5
       6
       4
       7
       9
       4
       8
       7
       8
       5
       7
       7
       7
       7
       6
      10
       8
       5
      10
       5
       6
      10
       7
       7
      11
       4
       6
       9
       8
       3
       4
       4
       7
       7
       8
       2
       7
       4
       4
       9
       5
       9
       9
       7
       6
       6
      10
       6
      10
       6
       8
       9
       7
       4
       5
      13
       6
       5
       6
       5
       9
       3
       7
      10
      13
       8
       1
       8
       7
       6
       7
      10
       6
       7
       7
       7
       4
       7
       4
       8
       6
      10
       8
       7
       7
       5
       3
       5
      11
       7
       4
       6
       8
       7
       9
       7
      10
      11
      11
       3
      11
       8
       7
       9
       4
       6
       9
       5
       4
       2
       7
       2
       9
       8
       5
      12
      10
       9
       8
       5
       6
      10
       9
       5
       7
       3
       6
       7
       4
       3
       7
       8
       6
      12
       6
      13
       6
       6
       7
       8
       7
       5
       5
       5
       9
       6
       3
       6
       9
       8
       5
       4
       5
       5
       3
       8
       9
      11
       9
       8
       6
       8
       7
       7
       8
       8
       4
       4
      10
       5
       5
       8
       2
       4
       6
       9
       6
      11
       9
       3
       7
       6
       8
       7
       8
       4
       6
       6
      12
       5
      12
       7
       2
       4
       8
       5
       6
       6
       9
       7
       4
       6
       7
       5
       5
       4
       6
       9
      10
       6
       6
       8
       7
       6
       4
      10
       4
       8
       1
       5
      10
       8
       6
       8
       6
       7
       3
       9
       7
       8
       9
       2
       8
       9
       9
       5
       6
       5
       6
       5
       5
       2
       4
       8
       9
       4
       5
       7
       6
       7
      10
       7
       3
       2
       3
       3
       8
       8
       8
       6
       5
       9
       8
       7
       2
       4
       5
       6
       7
       6
       9
       7
       5
       3
       2
       8
       4
      11
       8
       9
      10
      11
       5
       7
       7
       6
       5
       8
       3
       8
       4
       4
       7
       4
       6
       5
       7
       4
       4
       6
       5
       4
       5
       9
       8
       9
       6
       7
       5
       6
       4
      13
       3
      10
       6
       6
       3
      10
       5
       5
       5
       7
       7
       9
       7
       3
       6
       5
       6
       6
       9
       7
       5
       9
       0
       8
      10
       5
       4
       6
       9
       6
       7
       4
       6
       3
       5
       6
       4
       7
       8
       6
       5
       6
       2
       5
       5
       4
       3
       9
       5
       3
       5
       8
       5
       6
       5
       7
       6
       2
       3
       5
       3
       5
       6
       4
       6
       5
       5
       8
      11
       9
       4
       4
       5
       5
       3
       4
       8
      10
       7
       3
       7
      11
       7
       9
       4
       6
       6
       4
       5
       9
       5
      10
       4
       7
       5
       5
      11
       9
       9
      11
       3
       3
       6
       3
       7
       1
       7
       5
       5
       4
       5
       4
       6
       5
       7
       2
       5
       3
       5
       2
       4
       4
       3
       5
       6
       6
       9
       7
       6
       3
       7
       3
       2
       4
       5
       8
       5
       7
       3
       2
       6
       2
      10
       6
       5
       9
       6
       6
       3
       9
      10
       2
       8
       6
       8
      11
       4
       8
       7
       4
       7
       6
       4
       7
       2
       7
       6
       4
       2
       5
       4
       6
       8
       3
       5
       8
       4
      12
       7
       2
       3
      10
       4
       4
       5
       8
       3
       9
       2
       2
       3
       5
       5
       6
       8
       6
      11
      10
       5
       6
       3
       5
       4
       4
       9
       9
       6
       2
       8
       5
       5
       4
       3
       5
       9
       7
       6
       7
       8
       2
       4
       8
       4
       2
       8
       9
       5
       5
       3
       7
       7
       3
       9
       3
       6
       5
       7
       4
       8
       8
       1
       7
       3
       7
       6
       3
       3
       4
       7
       3
       3
       2
       3
       5
       4
       5
       9
       5
       4
       6
       6
      14
       6
       5
       4
       2
       1
       4
       8
       4
       6
       4
       2
       2
       5
       5
       3
       4
       2
      10
       6
       5
       8
       6
       4
       3
       6
       9
       3
       3
       5
       8
       7
      11
       7
       7
       2
       4
       6
       5
      11
       4
       8
       6
      10
       2
       7
       3
       8
      11
       7
       9
       5
       2
       8
       2
       4
       5
       2
       3
       6
       4
       3
       4
       6
       6
       4
       6
       7
       3
      11
       5
       3
       4
      11
       7
      11
       6
       9
       4
       7
       3
       6
      10
       8
       8
       6
       8
       3
       3
       4
       3
       8
       7
      12
       5
      10
       4
       6
      12
       1
       2
       7
       3
       4
       6
       6
       6
       2
      11
       9
       4
       6
       6
       5
       6
       5
       4
       6
       4
       2
       4
       4
       6
       5
      11
       5
       9
       8
       3
       2
       8
      10
       6
       5
       4
       9
       2
       8
       9
       5
       3
       7
       6
       5
       5
       2
       4
       4
       2
       7
       8
      10
       3
       4
       6
       7
       1
       5
       5
       8
       1
      11
       3
       4
       3
       9
       7
       4
       3
       7
       3
       4
       8
       5
       5
       6
       3
       2
       5
       2
       7
       3
       3
       2
       3
       3
       1
       4
       4
       4
       2
       5
       5
       2
       4
       4
       2
       5
       5
       5
       7
       6
       6
       3
       5
       2
       9
       5
       5
       5
       4
       7
       7
       5
       2
       7
       1
       8
       6
       8
       5
       3
       4
       7
       5
       8
       6
       5
       2
       0
       6
       2
       4
       4
       6
       7
       4
       3
       6
       2
       3
       4
       4
       3
       2
       4
       3
      11
       5
       7
       7
       6
       7
       4
       5
       3
       2
       4
       3
      14
       3
       7
       5
       2
       6
       5
       7
       4
       2
       3
       3
       5
       8
       2
       6
       7
       9
       8
       4
       4
       6
       2
       4
       5
       7
       1
       4
       6
      10
       7
       1
       8
       3
       6
       5
       5
       2
       2
       8
       5
       4
       3
       1
       2
       3
       2
       6
       3
       5
       5
       4
       5
       4
       8
       4
       8
       2
       6
       8
       7
       5
       4
       7
       8
       3
       3
       7
       6
       3
       6
       6
       7
       3
       5
       5
       5
       8
       4
       4
       3
       2
       4
       4
       7
       6
       4
       5
       5
       3
       6
       6
       5
       5
       8
       1
       4
       5
       4
       3
       3
       6
       8
       5
       3
       4
       3
       2
       6
       4
       5
       6
       4
       6
      10
       5
       8
       4
       7
       6
       3
       5
       7
       8
       2
       6
       5
       4
       3
       1
       3
       4
       3
       3
       2
       6
       7
       1
       8
       5
       4
       8
       4
       7
       7
       7
       3
       5
       5
       4
       2
       5
       5
       4
       3
       3
       8
       7
      10
       2
       4
       3
       1
       5
       4
       5
      10
       5
       3
       3
       3
       6
       6
       4
       9
       5
       5
       6
       4
       4
       7
       6
       4
       8
       5
       2
       4
       5
       5
       5
       6
       4
       5
       4
       4
       1
       2
       4
       5
       4
       4
       5
       7
       9
       3
       4
       6
       4
       2
       3
       6
       4
       6
       6
       6
       7
       3
       4
       7
       5
       6
       2
       4
       8
       7
       5
       6
       3
       2
       4
       7
       7
       3
       3
       6
      10
       7
       1
       9
       4
       2
       4
       6
       4
       2
       6
       3
       6
       8
       5
       5
       3
       5
       6
       6
       6
       5
       6
       4
       3
       6
       3
       3
       9
       7
       4
       6
       6
       5
       4
       3
       4
       8
       7
       0
       5
       2
       5
       6
       5
       3
       6
       5
       3
       6
       6
       3
       8
       4
       3
       5
       7
       4
       2
       2
       3
       4
       7
       3
       5
       3
       4
       5
       3
       9
       7
       6
       3
       5
       3
       5
       5
       6
       7
       4
      10
      11
       3
       4
       2
       3
       2
       3
       8
       6
       8
       6
       2
       3
       4
       8
       5
      10
      10
       5
       2
       8
       6
       9
       2
       9
       5
       5
       2
       3
       2
       5
       7
       3
       2
       4
       5
       6
       4
       3
       5
       4
       7
       7
       4
       6
       5
       4
      10
       7
       7
       4
       1
       5
       2
       3
       6
       4
       3
       7
       6
       3
       5
       3
       6
       5
       5
       3
       4
       6
       4
       3
       6
       2
       3
       8
       4
       7
       5
       8
       4
       4
      12
       4
       4
       4
       9
       1
       7
       3
       6
       4
       6
       3
       4
       2
       6
       6
       3
       3
       2
       8
       2
       4
       4
       3
       5
       3
       5
       6
       2
       6
       4
       5
       5
       2
       5
       5
       1
       7
       6
       3
       7
       4
       5
       9
       4
       5
       2
       5
       7
       4
       6
       4
       1
       9
       6
       9
       7
       3
       3
       6
       4
       8
       2
       3
       6
       4
       8
       3
       5
       8
       2
       8
       8
       5
       5
       2
       4
       5
       2
       4
       8
       3
       5
       3
       6
       3
       4
       5
      10
       6
       5
       2
       7
       9
       7
       9
       2
       6
       5
      10
       3
       1
       7
       3
       5
       6
       3
       8
       6
       6
       8
       7
       4
       4
       5
       3
       6
       7
       9
       7
       6
       8
       4
       3
       4
      10
       5
       6
       7
       6
       5
       6
       8
       4
       5
       0
       8
       5
       5
       5
      10
       3
       0
       2
       2
       5
       6
       5
       4
       3
       6
       3
       3
       3
       5
       4
       2
       4
       7
       8
       5
       3
       6
       5
       4
       8
       6
      10
       8
       7
       4
       7
       7
       3
       5
       5
       7
      13
       9
       6
      10
      18
      17
      14
      14
      19
      12
      20
      16
      13
      23
      21
      11
      16
      15
      17
      19
      16
      16
      14
       5
       7
      11
      11
       7
       5
       6
       4
       4
       7
       2
       7
       5
       5
       5
       5
       5
       4
       2
       5
       7
       3
       1
       9
       2
       6
       4
       3
       4
       6
       7
       5
       9
       2
       9
       8
       1
       6
       4
       6
       8
       9
       4
       4
       5
       5
       6
       7
       2
       2
       4
       1
       8
       5
       4
       7
       5
       6
       4
       4
       4
       5
       4
       3
       4
       2
       8
       6
       6
       8
       5
      11
       7
       9
       5
       2
       4
       7
       7
       3
       1
       4
       2
       2
       3
       4
       2
       3
       6
       3
       7
       5
       7
       7
       5
       2
       3
       6
      10
       1
       3
       4
       4
       4
       3
       6
       4
       3
       2
       7
       7
       1
       2
       4
       4
       2
       9
       2
       5
       3
       3
       4
       2
       7
       4
       5
       4
       7
       6
       6
       6
       1
       4
       5
       4
       2
       5
       3
       4
       9
       5
       3
       4
       4
       5
       7
       3
       2
       5
       6
       8
       8
       3
       3
       1
       1
       5
       2
       7
       3
       2
       8
       5
       3
       4
       7
       6
       5
       9
       7
       7
       0
       5
       4
       6
       4
       7
       0
       1
       7
       3
       2
       5
       5
       5
       4
       4
       0
       3
       7
       3
       0
       5
       3
       1
       3
      11
       9
       8
       3
       3
       3
       5
       4
       5
       7
       4
       4
       4
      11
       2
       5
       3
       7
       6
       3
       3
       2
       3
       2
      11
       3
       5
       3
       5
       3
       4
       3
       6
       6
       6
       7
       5
       5
       5
       2
       0
       5
       6
       2
       0
      12
       2
       3
       5
       7
       4
       2
       6
       7
      11
       7
       2
       6
       3
       2
       3
       3
       5
       3
       6
       5
       9
      11
       7
       4
       3
       2
       1
       9
       3
      10
       4
       3
       6
       9
       3
       5
       6
       7
       5
      10
       3
       2
       8
       3
       2
       5
       4
       2
       5
       3
       2
       6
       4
       4
       6
       3
       3
       2
       1
       7
       8
       3
       2
       6
       7
       1
       4
       5
       1
       6
       4
       4
       6
       4
       1
       5
       4
       1
       5
       4
       6
       8
       4
       3
       7
       5
       4
       5
       4
       8
       5
       5
       3
       6
       3
       7
       6
       4
       4
       5
       2
       5
       3
       6
       0
       4
       2
       4
       4
       2
       7
       4
       5
       5
       3
       2
       7
       4
       4
       2
       4
       3
       6
       5
       6
       8
       1
       5
       6
       7
       7
       1
       5
       0
       2
       2
       5
       5
       4
       3
       5
       6
       4
       5
       6
       6
       5
       2
       8
       5
       3
      10
       3
       7
       3
       2
       5
       3
       3
       6
       2
       4
       2
       3
       3
       5
       4
       8
       6
       2
       6
      11
       7
       2
       1
       6
       2
       6
       3
       1
       4
       2
       3
       4
       2
       6
       2
       3
       3
       6
       4
       0
       7
       2
      10
       3
       4
       4
       4
       9
       4
       3
       6
       2
       4
       2
       3
       4
       2
       3
       1
       3
       3
       2
       5
       2
       4
       6
       5
       8
       8
       8
       5
       5
       4
       3
       4
       8
       7
       7
       9
       9
       6
       5
       6
       7
       2
       1
       5
       4
       7
       6
       4
       4
       2
       6
       3
       6
       8
       5
       2
       3
       6
       3
       2
       4
       5
       4
       2
       2
       1
       2
       5
       5
       5
       3
       6
       6
       5
       7
       5
       7
       4
       2
       9
       4
       8
       4
       3
       2
       6
       6
       7
       4
       3
       9
       4
       3
       2
       4
       4
       2
       8
       3
       3
       6
       4
       3
       2
       5
       2
       2
       5
       6
       3
       5
       5
       2
       5
       5
       4
       3
       6
       6
       3
       4
       3
       2
       8
       2
       6
       4
       4
       4
       5
       7
      10
       2
       9
       4
       8
       3
       1
       2
      10
       3
       3
       4
       2
       7
       5
       3
       3
       2
       4
       1
       6
       3
       4
       1
       2
       8
       3
       3
       6
       5
       5
       8
       3
      11
       6
       5
       5
       8
       4
       5
       3
       6
       2
       7
       4
       5
       8
       5
       6
       3
       1
       6
       1
       1
       5
       3
       5
       5
       3
       8
       6
       4
       6
       8
       2
       4
       6
       6
       4
       2
       5
       5
       4
       8
       7
       5
       5
       2
       3
       5
       2
       0
       2
       4
       4
       7
       2
       7
       3
       6
       3
       8
       7
       4
       2
       3
       7
       5
       7
       9
       3
       5
       5
       3
       3
       8
       1
       1
       4
       3
       3
       3
       2
       4
       7
       4
       6
       4
       4
       2
       2
       6
       7
       2
       8
       3
       7
       7
       3
       5
       8
       5
       3
       3
       6
       6
       9
       5
       4
      10
       5
       4
       4
       7
       3
       9
      10
       6
       2
       5
       5
       8
       4
       2
       5
       7
       5
       7
       4
       5
       4
       3
       2
       6
       6
       4
       1
       4
       5
       2
       3
       7
       7
       4
       5
       6
       4
       4
       2
       1
       2
       2
       7
       6
       6
       8
       7
       6
       6
       2
       7
       6
       8
       3
       3
       5
       4
       6
       3
       1
       5
       7
      10
       6
       5
       5
       4
       0
       5
       5
       6
       8
       5
       7
       0
       1
       4
       5
       4
       3
       4
       5
       7
       7
       2
       8
       3
       9
       3
       4
       5
       4
       2
       5
       5
       7
       3
       3
       7
       4
       2
       4
       9
       2
       3
       5
       5
       4
       7
       7
       4
       3
       5
       1
       6
       9
       4
       6
       2
       4
       4
       6
      11
       6
       3
       5
      10
       5
       5
       3
       7
       7
       5
       5
       2
       3
       2
       5
       7
       9
       5
       5
       1
       3
       5
       3
       3
       5
       5
       5
       1
       2
       3
       2
       7
       7
       4
       3
       4
       2
       6
       8
       5
       8
       3
       6
       7
       4
       6
       5
       1
       7
       4
       3
       3
       5
       7
       5
       2
       2
       1
       7
       2
       6
       7
       3
       9
       7
       4
       4
       6
       5
       3
       9
       5
       6
       8
       3
       3
       4
       6
       7
       5
       5
       4
       5
       1
       5
       6
       5
       5
       2
       4
       2
       5
       6
       5
       9
       4
       2
       6
       5
       6
       3
       8
       1
       7
       4
       7
       6
       5
       5
       7
       4
       5
       5
       4
       4
       5
      11
       3
       9
       9
       2
       3
      10
       5
       5
       6
      12
       2
       6
       6
       6
       5
       2
       2
       5
       5
       2
       2
       6
       6
       4
       7
       6
       6
       3
       7
       8
       7
       7
       1
       7
       5
       8
       3
       5
       6
       2
       4
       7
       3
       7
       7
       7
       3
       3
       7
       7
       5
       3
       4
       4
       6
       3
       7
       5
       4
       7
       7
       4
       4
       4
       8
       7
       7
       5
       4
       2
       3
       3
       8
       1
       4
       7
       5
       4
       4
       6
       4
       6
       3
       1
       4
       3
       3
       7
       7
       2
       3
       4
       4
       6
       8
       6
       5
       5
       4
       3
       9
       7
       9
       9
       2
       4
       7
       1
       6
       2
       4
       7
       5
       6
       7
       4
       3
       4
       4
       4
       4
       4
       0
       4
       5
       8
       4
       6
       3
       5
       3
       9
       6
       5
       3
       5
       7
       4
       3
       4
       3
       5
       6
       8
       6
       6
       6
       5
       2
       4
       4
       6
       6
       6
       5
       4
       5
       4
       6
       6
       0
       3
       4
       2
       0
       5
       4
       4
       6
       6
       6
       6
       5
       1
       4
       7
       4
       5
       6
       4
       4
       3
       6
       1
       2
       5
       5
       5
       1
       3
       5
       6
       3
       3
       4
       3
       0
       4
       9
       6
       4
       0
       3
       5
       8
       3
       3
       4
       2
       3
       7
       4
       2
       4
       1
       1
       7
       7
       7
       5
       3
       5
       2
       5
       4
       4
       4
       2
       4
       2
       5
       2
       4
       6
       3
       3
       8
       9
       6
       6
       7
       4
       5
       7
       6
       3
       5
       1
       7
       4
       4
       2
       3
       3
       2
       2
       3
       9
       6
       2
       7
       4
       5
       7
       4
       0
       3
       3
       2
       2
       3
       5
       5
       4
       1
       6
       1
       1
       4
       4
       4
       5
       1
       4
       5
       2
       4
       3
       4
       3
       4
       7
       5
       5
       7
       6
       7
       4
       2
       7
       3
       8
       7
       0
       5
       6
       5
       4
       4
       3
       8
       6
       4
       9
       4
       4
       5
       7
       7
       2
       5
       1
       3
       8
       3
       1
       5
       3
       3
       2
       4
       9
       4
       2
       2
       6
       5
       6
       5
       4
       1
       4
       4
       5
       5
       7
       4
       2
       5
       5
       4
       7
       5
       5
       4
       4
       3
       2
       4
       2
       4
       7
       6
       4
       2
       4
       1
       3
       6
       0
       4
       3
       6
       7
       5
       3
       6
       6
       5
       4
       5
       4
       3
       5
       9
       1
       9
       5
       1
       3
       6
       5
       5
       3
       8
       5
      10
       7
       4
       3
       3
       5
       0
       3
       4
       4
       3
       6
       6
       7
       2
       3
       5
       3
       9
       4
       7
       5
       2
       1
       1
       5
       6
       4
       2
       2
       2
       7
       3
       3
       8
       4
       4
       1
       1
       2
       7
       3
       6
       1
       5
       6
       4
       5
       4
       5
       1
       3
       5
       3
       4
       4
       3
       4
       3
       2
       4
       3
       2
       2
       2
       2
       3
       7
       1
       4
       5
       5
       2
       3
       4
       6
       5
       5
       6
       3
       5
       3
       5
       2
       4
       3
       7
       4
       4
       4
       2
       6
       1
       4
       2
       6
       7
       1
       7
       8
       5
       3
       4
       3
       1
       4
       4
      10
       1
       5
       5
       1
       5
       7
       4
       4
       4
       3
       3
       5
       6
       3
       4
      11
       6
       1
       2
       3
       4
       5
       4
       2
       1
       2
       2
       7
       1
       6
       8
       2
       3
       5
       5
       5
       4
       5
       5
       3
       4
       2
       7
       2
       2
       1
       3
       6
       3
       4
       5
       3
       2
       5
       2
       8
       5
       2
       5
       3
       2
       2
       2
       5
       0
       0
       0
       0
       0
       0
       0
       0
       0
       0
       0
       0
       0
       0
       0
       0
       0
       0
       0
       0
       0
       0
       0
       0
       0
       0
       0
       0
       0
       0
       0
       0
       0
       0
       0
       0
       0
       0
       0
       0
       0
       0
       0
       0
       0
       0
       0
       0
       0
       0
       0
       0
       0
       0
       0
       0
       0
       0
       0
       0
       0
       0
       0
       0
       0
       0
       0
       0
       0
       0
       0
       0
       0
       0
       0
       0
       0
       0
       0
       0
       0
       0
       0
       0
       0
       0
       0
       0
       0
       0
       0
       0
       0
       0
       0
       0
       0
       0
       0
       0
       0
       0
       0
       0
       0
       0
       0
       0
       0
       0
       0
       0
       0
       0
       0
       0
       0
       0
       0
       0
       0
       0
       0
       0
       0
       0
       0
       0
       0
       0
       0
       0
       0
       0
       0
       0
       0
       0
       0
       0
       0
       0
       0
       0
       0
       0
       0
       0
       0
       0
       0
       0
       0
       0
       0
       0
       0
       0
       0
       0
       0
       0
       0
       0
       0
       0
       0
       0
       0
       0
       0
       0
       0
       0
       0
       0
       0
       0
       0
       0
       0
       0
       0
       0
       0
       0
       0
       0
       0
       0
       0
       0
       0
       0
       0
       0
       0
       0
       0
       0
       0
       0
       0
       0
       0
       0
       0
       0
       0
       0
       0
       0
       0
       0
       0
       0
       0
       0
       0
       0
       0
       0
       0
       0
       0
       0
       0
       0
       0
       0
       0
       0
       0
       0
       0
       0
       0
       0
       0
       0
       0
       0
       0
       0
       0
       0
       0
       0
       0
       0
       0
       0
       0
       0
       0
       0
$ROI:
2
4852 5354
12587 12888
$PRESETS:
Live Time
10800
0
$ENER_FIT:
0.358687 0.099971
$MCA_CAL:
3
3.586871E-001 9.997089E-002 0.000000E+000 keV
$SHAPE_CAL:
3
3.638087E+001 -1.552510E-003 0.000000E+000
