$SPEC_ID:
JKL Model 927 SN 17053844 Input 1 HEC-Cr-HEC-Cr-T30-D100-HPGe1-2
$SPEC_REM:
DET# 2
DETDESC# BULK Model 927 SN 17053844 Input 1
AP# Maestro Version 6.08
$DATE_MEA:
05/11/2026 13:01:49
$MEAS_TIM:
251 356
$DATA:
0 16383
       0
       0
       0
       0
       0
       0
       0
       0
       0
       0
       0
       0
       0
       0
       0
       0
       0
       0
       0
       0
       0
       0
       0
       0
       0
       0
       0
       0
       0
       0
       0
       0
       0
       0
       0
       0
       0
       0
       0
       0
       0
       0
       0
       0
       0
       0
       0
       0
       0
       0
       0
       0
       0
       0
       0
       0
       0
       0
       0
       0
       0
       0
       0
       0
       0
       0
       0
       0
       0
       0
       0
       0
       0
       0
       0
       0
       0
       0
       0
       0
       0
       0
       0
       0
       0
       0
       0
       0
       0
       0
       0
       0
       0
       0
       0
       0
       0
       0
       0
       0
       0
       0
       0
       0
       0
       0
       0
       0
       0
       0
       0
       0
       0
       0
       0
       0
      18
     197
     503
     542
     502
     541
     491
     512
     438
     451
     477
     511
     437
     432
     420
     434
     462
     463
     480
     457
     467
     437
     492
     487
     439
     473
     454
     461
     494
     475
     435
     458
     476
     479
     414
     475
     483
     496
     448
     467
     430
     454
     450
     460
     460
     390
     457
     448
     449
     386
     443
     445
     461
     435
     443
     453
     439
     417
     450
     464
     438
     434
     417
     409
     407
     420
     410
     472
     429
     453
     438
     433
     421
     450
     444
     442
     419
     427
     434
     427
     396
     424
     407
     428
     393
     423
     424
     450
     414
     435
     413
     372
     437
     439
     417
     416
     435
     441
     426
     396
     409
     419
     413
     398
     382
     396
     391
     425
     405
     388
     385
     412
     413
     406
     430
     390
     372
     392
     409
     448
     361
     399
     366
     381
     382
     408
     405
     359
     393
     397
     367
     393
     387
     375
     409
     381
     393
     409
     382
     387
     425
     394
     373
     394
     404
     379
     377
     354
     370
     387
     350
     386
     372
     416
     362
     366
     383
     371
     355
     373
     394
     385
     377
     372
     369
     396
     397
     364
     356
     368
     380
     377
     383
     380
     387
     399
     368
     360
     352
     385
     356
     339
     327
     360
     352
     384
     369
     366
     358
     346
     363
     352
     367
     379
     355
     362
     344
     376
     373
     333
     339
     386
     371
     375
     379
     379
     373
     340
     367
     367
     357
     367
     390
     345
     407
     352
     382
     359
     360
     384
     333
     361
     350
     379
     371
     310
     375
     367
     338
     348
     352
     381
     381
     360
     335
     372
     346
     362
     342
     341
     323
     351
     358
     359
     352
     318
     342
     356
     297
     339
     382
     324
     347
     357
     337
     367
     330
     309
     385
     343
     355
     343
     378
     339
     308
     330
     369
     347
     349
     335
     380
     356
     377
     325
     324
     347
     333
     357
     359
     332
     380
     321
     349
     368
     340
     316
     337
     336
     337
     371
     345
     323
     303
     350
     316
     339
     337
     338
     304
     367
     356
     345
     308
     332
     357
     345
     332
     334
     342
     352
     338
     340
     332
     355
     319
     331
     360
     332
     326
     349
     341
     337
     338
     326
     343
     295
     345
     342
     346
     304
     330
     379
     340
     324
     330
     311
     360
     312
     358
     328
     346
     342
     323
     346
     351
     322
     320
     336
     317
     316
     336
     334
     334
     335
     355
     332
     322
     331
     355
     356
     329
     340
     331
     318
     316
     322
     335
     327
     320
     309
     299
     322
     334
     317
     357
     320
     314
     335
     344
     333
     317
     328
     351
     354
     325
     317
     303
     320
     311
     314
     355
     337
     312
     328
     299
     300
     306
     308
     344
     281
     338
     318
     323
     327
     324
     341
     317
     332
     366
     328
     315
     307
     303
     297
     321
     314
     276
     332
     320
     327
     336
     330
     347
     325
     328
     330
     321
     345
     340
     316
     293
     344
     341
     315
     305
     339
     320
     329
     310
     371
     394
     342
     338
     304
     343
     338
     357
     335
     328
     341
     335
     323
     313
     320
     300
     329
     336
     335
     310
     341
     305
     347
     341
     304
     322
     323
     311
     320
     327
     338
     282
     320
     302
     310
     306
     346
     301
     321
     296
     348
     300
     331
     301
     351
     326
     334
     358
     319
     353
     332
     305
     321
     315
     317
     337
     305
     321
     315
     321
     310
     299
     347
     328
     362
     317
     336
     333
     318
     293
     352
     337
     337
     319
     305
     325
     325
     364
     338
     329
     318
     293
     316
     339
     314
     322
     288
     326
     312
     322
     331
     339
     317
     338
     342
     323
     322
     309
     314
     319
     309
     330
     312
     339
     327
     281
     323
     328
     318
     340
     335
     320
     295
     295
     307
     336
     318
     324
     347
     319
     318
     285
     331
     330
     299
     318
     322
     328
     316
     329
     332
     308
     320
     336
     307
     299
     326
     333
     307
     335
     313
     319
     325
     337
     310
     320
     318
     325
     343
     335
     329
     328
     312
     344
     335
     322
     332
     308
     344
     369
     328
     340
     330
     343
     314
     417
     346
     362
     385
     332
     379
     318
     346
     336
     317
     343
     349
     355
     327
     348
     330
     370
     345
     358
     402
     391
     369
     397
     365
     382
     378
     339
     318
     343
     340
     314
     325
     289
     316
     290
     295
     331
     298
     339
     299
     328
     316
     302
     299
     329
     316
     301
     331
     341
     290
     328
     288
     303
     295
     304
     346
     330
     333
     327
     286
     340
     319
     321
     291
     320
     277
     331
     311
     331
     323
     321
     331
     302
     332
     349
     308
     303
     322
     348
     327
     313
     313
     369
     303
     290
     313
     287
     292
     308
     303
     330
     310
     317
     340
     300
     300
     309
     287
     286
     320
     300
     319
     310
     349
     328
     303
     309
     335
     311
     354
     330
     313
     324
     327
     336
     344
     328
     335
     332
     332
     359
     354
     328
     326
     351
     332
     332
     314
     310
     362
     332
     331
     341
     322
     326
     309
     307
     347
     319
     320
     295
     318
     350
     333
     323
     313
     357
     380
     337
     322
     339
     305
     349
     301
     360
     287
     294
     275
     311
     327
     284
     299
     298
     312
     345
     319
     330
     329
     337
     320
     284
     295
     329
     296
     298
     337
     332
     296
     325
     296
     343
     333
     301
     342
     340
     306
     322
     293
     289
     332
     319
     273
     325
     320
     311
     299
     312
     303
     300
     290
     334
     324
     319
     334
     321
     321
     277
     327
     320
     344
     299
     351
     325
     295
     312
     323
     298
     329
     303
     306
     334
     331
     316
     311
     309
     283
     286
     335
     295
     324
     348
     303
     372
     280
     313
     313
     304
     305
     323
     332
     301
     297
     355
     343
     298
     314
     325
     332
     347
     326
     320
     307
     335
     315
     324
     337
     293
     303
     329
     328
     323
     300
     316
     313
     286
     292
     313
     301
     318
     316
     346
     315
     307
     295
     337
     283
     303
     325
     285
     284
     327
     336
     322
     305
     320
     340
     298
     295
     289
     332
     330
     285
     319
     361
     275
     295
     318
     303
     334
     356
     312
     299
     315
     316
     315
     337
     312
     314
     295
     315
     313
     328
     305
     319
     310
     287
     324
     293
     295
     316
     293
     320
     304
     314
     319
     314
     342
     281
     326
     286
     296
     310
     325
     325
     351
     323
     336
     324
     307
     317
     302
     347
     325
     319
     334
     310
     295
     335
     331
     306
     282
     304
     310
     304
     293
     289
     305
     297
     283
     289
     317
     328
     304
     311
     314
     337
     328
     298
     332
     347
     333
     283
     310
     304
     313
     328
     318
     296
     318
     318
     343
     321
     299
     348
     298
     307
     326
     320
     356
     327
     312
     310
     324
     296
     336
     331
     286
     288
     310
     307
     324
     298
     329
     312
     303
     284
     294
     288
     292
     316
     303
     311
     324
     319
     288
     289
     319
     317
     315
     338
     321
     330
     296
     326
     304
     311
     297
     312
     306
     318
     298
     323
     312
     305
     323
     307
     331
     317
     292
     289
     288
     321
     330
     296
     331
     301
     261
     336
     278
     334
     309
     308
     287
     303
     339
     265
     313
     316
     287
     302
     301
     332
     288
     315
     303
     329
     312
     312
     302
     295
     347
     341
     334
     314
     353
     276
     282
     283
     297
     312
     345
     285
     304
     317
     321
     312
     317
     302
     303
     308
     293
     290
     320
     352
     313
     296
     300
     299
     293
     303
     293
     271
     315
     296
     287
     322
     289
     293
     307
     297
     307
     287
     315
     330
     310
     282
     290
     266
     284
     301
     274
     355
     328
     318
     288
     339
     291
     341
     318
     307
     320
     323
     325
     286
     345
     317
     281
     291
     304
     282
     332
     288
     317
     297
     311
     284
     312
     288
     295
     298
     313
     325
     338
     291
     305
     301
     327
     304
     299
     299
     328
     306
     297
     298
     294
     290
     333
     314
     269
     323
     310
     322
     315
     314
     288
     318
     295
     319
     284
     316
     286
     300
     293
     298
     306
     317
     273
     315
     315
     326
     288
     322
     307
     330
     312
     308
     306
     302
     305
     330
     304
     280
     299
     315
     325
     293
     275
     326
     346
     295
     271
     292
     304
     323
     296
     290
     326
     289
     307
     275
     301
     278
     290
     302
     296
     307
     287
     319
     262
     302
     312
     313
     295
     288
     313
     314
     309
     279
     296
     310
     307
     299
     273
     307
     352
     294
     352
     306
     285
     287
     297
     300
     295
     313
     329
     334
     294
     330
     277
     318
     321
     313
     316
     301
     296
     300
     298
     299
     295
     334
     317
     302
     328
     308
     315
     320
     347
     302
     322
     289
     312
     316
     313
     320
     329
     309
     316
     303
     317
     285
     292
     324
     329
     299
     306
     323
     319
     317
     318
     311
     296
     318
     319
     324
     292
     291
     285
     308
     312
     299
     247
     269
     287
     294
     311
     332
     321
     296
     342
     278
     280
     342
     310
     296
     269
     313
     300
     301
     297
     281
     282
     325
     296
     321
     288
     317
     293
     336
     261
     313
     335
     314
     303
     296
     276
     323
     290
     289
     302
     274
     301
     314
     302
     297
     317
     334
     289
     333
     276
     279
     316
     312
     321
     289
     307
     289
     306
     308
     324
     325
     292
     337
     296
     282
     276
     322
     299
     289
     306
     308
     286
     297
     298
     284
     293
     288
     308
     287
     295
     276
     300
     324
     307
     310
     298
     294
     321
     343
     336
     320
     315
     306
     288
     314
     304
     277
     293
     272
     337
     289
     305
     333
     297
     309
     311
     333
     318
     292
     317
     311
     259
     314
     334
     307
     335
     326
     277
     308
     318
     274
     299
     302
     304
     261
     312
     314
     290
     348
     322
     282
     297
     314
     319
     316
     308
     267
     315
     300
     274
     283
     319
     280
     318
     287
     304
     282
     325
     303
     292
     302
     308
     300
     306
     330
     303
     296
     288
     339
     329
     332
     288
     320
     309
     284
     284
     301
     282
     276
     269
     297
     272
     313
     356
     323
     295
     304
     282
     336
     309
     298
     299
     309
     331
     311
     284
     296
     332
     309
     300
     291
     296
     300
     300
     281
     300
     285
     294
     282
     347
     314
     316
     321
     299
     307
     315
     299
     307
     298
     302
     303
     282
     323
     321
     325
     288
     294
     296
     298
     320
     313
     310
     300
     309
     298
     309
     299
     291
     286
     303
     298
     295
     318
     300
     328
     306
     291
     322
     359
     304
     303
     278
     284
     325
     305
     323
     315
     354
     332
     353
     339
     315
     324
     337
     366
     317
     339
     305
     313
     341
     349
     328
     332
     325
     304
     355
     354
     350
     356
     374
     357
     337
     338
     345
     396
     365
     341
     301
     363
     369
     378
     376
     354
     373
     360
     370
     371
     359
     383
     356
     344
     357
     372
     355
     372
     364
     349
     357
     362
     334
     371
     345
     354
     388
     363
     350
     381
     411
     338
     359
     373
     324
     353
     376
     375
     372
     382
     390
     360
     353
     363
     388
     349
     355
     346
     358
     352
     339
     366
     376
     383
     314
     366
     356
     333
     364
     361
     369
     359
     383
     386
     357
     386
     322
     397
     367
     363
     369
     366
     318
     353
     359
     390
     340
     380
     359
     379
     340
     374
     378
     347
     371
     334
     388
     380
     339
     360
     348
     376
     360
     351
     324
     370
     331
     315
     368
     342
     364
     397
     354
     374
     361
     347
     358
     381
     335
     332
     369
     366
     295
     360
     347
     342
     384
     356
     334
     331
     316
     337
     340
     374
     344
     355
     361
     327
     328
     314
     324
     358
     356
     372
     363
     339
     373
     397
     326
     333
     366
     337
     372
     353
     349
     352
     363
     360
     331
     342
     342
     351
     337
     354
     328
     346
     370
     363
     348
     365
     382
     320
     345
     373
     318
     349
     336
     371
     363
     349
     307
     333
     352
     352
     346
     354
     329
     323
     340
     356
     316
     347
     331
     364
     325
     339
     328
     321
     346
     327
     358
     376
     354
     378
     324
     347
     331
     334
     345
     356
     332
     336
     360
     342
     331
     349
     371
     323
     337
     336
     354
     346
     346
     324
     319
     306
     350
     315
     340
     344
     324
     346
     315
     328
     291
     359
     338
     333
     367
     309
     340
     308
     343
     339
     322
     345
     336
     343
     302
     324
     304
     349
     345
     339
     316
     341
     314
     324
     287
     293
     318
     350
     348
     339
     330
     308
     309
     343
     339
     347
     335
     300
     342
     345
     314
     317
     323
     347
     302
     364
     355
     345
     336
     324
     328
     343
     325
     318
     325
     339
     330
     306
     347
     328
     326
     332
     308
     339
     314
     351
     349
     354
     341
     317
     295
     294
     289
     378
     345
     313
     351
     327
     352
     354
     301
     325
     330
     321
     368
     303
     345
     313
     338
     339
     345
     329
     359
     352
     290
     320
     324
     338
     311
     326
     318
     308
     313
     372
     317
     337
     348
     324
     305
     339
     328
     308
     337
     337
     352
     287
     343
     354
     325
     308
     321
     312
     310
     304
     330
     317
     309
     293
     332
     297
     309
     333
     332
     320
     323
     315
     356
     301
     316
     326
     338
     311
     293
     319
     291
     314
     315
     296
     310
     320
     303
     316
     369
     332
     333
     359
     284
     313
     310
     319
     295
     320
     322
     333
     342
     316
     317
     314
     289
     323
     308
     311
     323
     345
     283
     315
     322
     261
     329
     333
     329
     313
     301
     319
     307
     301
     320
     353
     329
     318
     339
     315
     324
     303
     302
     313
     311
     299
     336
     297
     317
     316
     306
     301
     315
     286
     325
     351
     327
     304
     327
     321
     300
     323
     328
     338
     284
     327
     294
     297
     333
     312
     315
     302
     344
     324
     323
     308
     329
     333
     316
     346
     325
     286
     323
     295
     322
     314
     305
     314
     323
     306
     358
     308
     294
     310
     332
     317
     319
     314
     312
     309
     301
     320
     321
     302
     323
     324
     305
     315
     320
     317
     306
     299
     325
     326
     314
     309
     325
     324
     331
     312
     347
     297
     314
     324
     305
     327
     306
     316
     310
     302
     334
     364
     307
     289
     326
     273
     327
     327
     287
     326
     349
     332
     280
     331
     294
     336
     317
     307
     297
     333
     333
     308
     315
     317
     332
     297
     285
     295
     322
     327
     323
     317
     332
     332
     317
     285
     328
     299
     303
     307
     295
     320
     303
     332
     311
     310
     331
     328
     317
     311
     313
     308
     306
     328
     298
     327
     363
     320
     323
     336
     325
     294
     278
     298
     327
     297
     309
     293
     329
     283
     314
     301
     291
     312
     322
     308
     315
     310
     295
     315
     284
     334
     303
     281
     337
     326
     326
     310
     283
     317
     303
     308
     314
     263
     282
     342
     345
     304
     280
     307
     296
     315
     299
     280
     312
     291
     325
     305
     314
     299
     330
     285
     289
     298
     306
     308
     315
     308
     288
     297
     303
     333
     306
     299
     309
     275
     274
     269
     313
     283
     299
     305
     268
     312
     313
     280
     284
     263
     288
     311
     293
     298
     318
     257
     304
     312
     310
     314
     299
     316
     303
     328
     264
     310
     320
     282
     292
     309
     299
     308
     297
     288
     292
     285
     291
     297
     310
     307
     317
     289
     322
     319
     300
     291
     314
     286
     328
     288
     285
     280
     307
     294
     292
     343
     279
     281
     301
     317
     310
     285
     315
     333
     290
     310
     297
     294
     265
     292
     278
     316
     301
     281
     308
     280
     304
     278
     301
     304
     294
     280
     279
     301
     287
     301
     291
     276
     296
     301
     323
     309
     341
     308
     303
     309
     304
     305
     308
     323
     279
     296
     299
     298
     301
     287
     319
     276
     285
     270
     277
     319
     306
     317
     324
     299
     286
     298
     286
     274
     314
     263
     294
     276
     311
     272
     321
     321
     271
     322
     273
     300
     331
     292
     279
     287
     299
     274
     310
     308
     264
     293
     299
     288
     283
     324
     304
     315
     277
     284
     270
     272
     294
     276
     279
     287
     291
     294
     286
     295
     295
     298
     245
     277
     297
     299
     280
     275
     296
     323
     313
     299
     291
     289
     321
     311
     284
     288
     337
     346
     287
     294
     280
     288
     287
     306
     285
     295
     275
     275
     310
     297
     308
     281
     276
     299
     284
     276
     285
     271
     310
     279
     280
     272
     312
     280
     323
     276
     270
     312
     255
     271
     301
     279
     274
     291
     297
     286
     267
     268
     298
     303
     289
     303
     301
     291
     258
     297
     308
     284
     292
     280
     299
     320
     300
     323
     277
     281
     298
     289
     295
     288
     299
     294
     314
     274
     294
     330
     303
     277
     296
     290
     271
     275
     323
     302
     290
     261
     309
     250
     284
     288
     286
     295
     242
     281
     303
     287
     275
     270
     316
     304
     299
     305
     277
     296
     289
     304
     280
     303
     287
     284
     296
     319
     267
     297
     298
     302
     321
     289
     275
     282
     324
     289
     294
     262
     319
     278
     293
     310
     281
     279
     278
     275
     310
     280
     291
     302
     291
     285
     290
     264
     311
     310
     291
     285
     311
     290
     279
     295
     289
     295
     263
     286
     309
     306
     286
     284
     284
     318
     285
     292
     281
     280
     287
     283
     285
     315
     290
     266
     248
     334
     307
     293
     270
     285
     298
     271
     295
     332
     284
     267
     302
     295
     300
     286
     290
     297
     271
     227
     276
     264
     250
     284
     294
     294
     323
     309
     280
     266
     295
     268
     302
     281
     308
     288
     289
     285
     294
     300
     308
     334
     295
     299
     301
     285
     284
     298
     269
     284
     319
     304
     263
     286
     286
     268
     307
     282
     293
     292
     289
     285
     306
     301
     290
     281
     318
     318
     337
     258
     300
     295
     295
     303
     270
     272
     298
     289
     261
     274
     353
     292
     308
     274
     289
     280
     276
     293
     320
     286
     303
     268
     261
     318
     306
     266
     295
     272
     282
     291
     301
     316
     302
     263
     298
     294
     263
     299
     296
     257
     265
     320
     287
     301
     304
     299
     327
     276
     334
     305
     317
     317
     314
     294
     310
     291
     277
     315
     271
     281
     276
     285
     311
     332
     323
     314
     279
     305
     311
     293
     278
     275
     306
     297
     284
     299
     323
     321
     291
     306
     296
     334
     279
     320
     288
     306
     275
     315
     335
     290
     287
     298
     297
     269
     322
     249
     323
     305
     326
     296
     296
     304
     323
     313
     301
     309
     282
     297
     300
     306
     320
     316
     341
     302
     308
     279
     309
     298
     313
     297
     296
     320
     313
     309
     325
     311
     315
     301
     318
     316
     276
     306
     308
     282
     300
     301
     283
     300
     284
     331
     340
     303
     314
     314
     315
     274
     283
     287
     305
     278
     287
     295
     299
     310
     348
     260
     331
     312
     304
     284
     299
     302
     314
     285
     298
     306
     331
     298
     313
     341
     286
     302
     266
     321
     316
     303
     320
     298
     301
     317
     302
     316
     329
     308
     324
     359
     321
     308
     295
     320
     325
     344
     324
     321
     314
     333
     331
     310
     337
     302
     359
     355
     302
     326
     298
     310
     308
     289
     324
     341
     316
     338
     322
     313
     317
     300
     330
     328
     292
     286
     304
     318
     325
     288
     315
     326
     305
     300
     316
     301
     309
     310
     328
     309
     315
     315
     312
     332
     316
     289
     306
     316
     311
     321
     308
     341
     326
     327
     318
     278
     337
     339
     317
     312
     310
     326
     337
     307
     335
     317
     309
     299
     329
     309
     310
     288
     319
     305
     322
     291
     313
     346
     327
     321
     317
     331
     340
     294
     320
     312
     316
     317
     334
     313
     321
     319
     289
     332
     329
     300
     291
     309
     323
     358
     350
     325
     331
     331
     364
     311
     339
     346
     300
     360
     341
     312
     311
     340
     357
     299
     334
     326
     326
     317
     322
     338
     303
     325
     346
     349
     317
     340
     331
     361
     347
     332
     370
     319
     347
     337
     302
     304
     365
     326
     318
     345
     354
     355
     334
     375
     341
     314
     341
     341
     347
     327
     359
     340
     322
     340
     318
     334
     341
     336
     339
     351
     341
     351
     347
     346
     356
     346
     307
     321
     336
     344
     368
     332
     352
     378
     354
     329
     321
     357
     345
     355
     334
     330
     341
     358
     329
     350
     347
     360
     362
     327
     386
     364
     360
     377
     339
     346
     339
     333
     371
     306
     351
     330
     338
     386
     319
     354
     372
     339
     328
     343
     348
     320
     382
     370
     372
     342
     343
     337
     349
     378
     352
     360
     361
     368
     393
     379
     385
     365
     375
     373
     354
     355
     324
     367
     373
     348
     366
     327
     372
     370
     328
     349
     343
     380
     399
     404
     340
     373
     391
     360
     341
     378
     389
     367
     344
     373
     338
     379
     352
     363
     354
     394
     363
     371
     346
     388
     370
     361
     349
     359
     342
     378
     371
     359
     370
     352
     330
     339
     373
     426
     359
     356
     365
     382
     359
     377
     384
     382
     361
     352
     383
     381
     358
     362
     382
     382
     370
     386
     330
     367
     394
     419
     399
     334
     367
     379
     340
     382
     386
     398
     357
     396
     379
     361
     362
     365
     354
     375
     387
     360
     367
     403
     386
     387
     365
     379
     391
     346
     382
     368
     382
     353
     367
     377
     378
     379
     390
     386
     393
     382
     380
     381
     381
     361
     375
     401
     377
     375
     399
     366
     351
     373
     375
     324
     405
     368
     408
     352
     414
     407
     382
     396
     397
     401
     367
     376
     391
     350
     416
     394
     360
     420
     388
     364
     406
     374
     371
     400
     368
     389
     403
     376
     370
     373
     387
     382
     334
     368
     379
     351
     385
     385
     380
     392
     357
     368
     385
     371
     352
     363
     377
     406
     382
     381
     367
     393
     420
     353
     358
     412
     408
     370
     357
     361
     384
     383
     390
     372
     362
     378
     376
     374
     355
     340
     329
     322
     384
     345
     337
     383
     382
     336
     356
     349
     346
     338
     338
     333
     319
     332
     333
     316
     329
     349
     330
     320
     303
     332
     322
     323
     311
     341
     299
     336
     311
     335
     320
     318
     289
     290
     317
     325
     302
     313
     311
     294
     326
     295
     320
     303
     308
     266
     285
     264
     276
     285
     250
     290
     266
     282
     289
     281
     242
     230
     252
     301
     262
     276
     241
     258
     270
     285
     256
     283
     269
     247
     250
     244
     254
     256
     236
     244
     248
     242
     243
     254
     230
     232
     218
     232
     250
     236
     254
     222
     236
     214
     232
     219
     243
     211
     240
     222
     232
     234
     227
     235
     220
     212
     217
     212
     221
     230
     219
     221
     216
     210
     205
     227
     230
     225
     220
     241
     233
     211
     238
     203
     214
     217
     229
     240
     203
     227
     214
     220
     210
     196
     224
     217
     234
     236
     236
     229
     227
     232
     229
     220
     219
     235
     240
     209
     255
     223
     203
     222
     208
     205
     203
     188
     221
     221
     227
     197
     204
     204
     192
     207
     209
     197
     196
     222
     214
     214
     209
     210
     221
     219
     187
     210
     213
     178
     191
     200
     177
     192
     206
     240
     192
     208
     190
     195
     177
     219
     192
     174
     177
     194
     163
     179
     191
     201
     183
     177
     203
     211
     205
     198
     216
     186
     207
     182
     203
     189
     174
     170
     171
     174
     205
     170
     211
     210
     193
     179
     219
     187
     190
     177
     179
     163
     186
     168
     197
     185
     161
     169
     174
     176
     186
     176
     181
     207
     163
     184
     165
     190
     176
     174
     154
     199
     182
     190
     192
     194
     179
     185
     157
     165
     184
     184
     169
     205
     172
     183
     185
     171
     172
     208
     188
     183
     171
     167
     169
     157
     180
     192
     160
     178
     183
     167
     181
     148
     164
     175
     176
     169
     174
     189
     177
     181
     165
     176
     181
     188
     165
     176
     165
     195
     201
     157
     163
     180
     167
     162
     177
     150
     174
     170
     167
     158
     183
     173
     182
     148
     164
     159
     198
     154
     180
     168
     155
     163
     142
     162
     146
     144
     149
     177
     166
     160
     154
     155
     190
     153
     160
     180
     169
     154
     175
     139
     169
     146
     136
     139
     181
     165
     179
     130
     136
     159
     168
     142
     160
     174
     149
     148
     177
     169
     132
     144
     158
     169
     176
     167
     168
     148
     143
     146
     142
     146
     149
     170
     132
     172
     149
     146
     169
     122
     164
     143
     144
     147
     153
     177
     146
     157
     147
     164
     118
     149
     131
     153
     140
     141
     144
     147
     138
     136
     143
     125
     127
     155
     144
     126
     148
     145
     152
     121
     145
     142
     141
     141
     150
     150
     146
     130
     135
     131
     138
     153
     125
     139
     167
     143
     127
     164
     153
     143
     118
     145
     154
     145
     143
     151
     137
     137
     132
     145
     137
     175
     156
     131
     144
     111
     136
     125
     124
     143
     137
     129
     155
     134
     130
     124
     137
     131
     129
     129
     118
     121
     137
     134
     149
     142
     130
     136
     145
     154
     126
     120
     140
     125
     126
     146
     135
     139
     149
     139
     131
     125
     126
     122
     120
     131
     140
     105
     122
     113
     118
     145
     124
     127
     129
     150
     142
     126
     131
     123
     126
     126
     145
     115
     113
     145
     124
     101
     123
     118
     152
     132
     113
     133
     129
     144
     132
     143
     128
     134
     117
     116
     129
     127
     132
     102
     113
     116
     125
     124
     114
     119
     125
     123
     115
     121
     128
     119
     123
     134
     136
     110
     127
     110
     120
     120
     114
     104
     102
     132
     128
     122
     120
     125
     122
     130
     117
     119
     149
     108
     119
     112
     117
     113
     121
     109
     123
     126
     138
     107
     126
     123
     121
     123
     142
     100
     129
     120
     112
     112
     121
     115
     110
     114
      93
     123
     124
     125
     104
     110
     122
      96
     125
     116
     102
     116
     112
     119
     107
     126
     104
     110
     111
     107
     120
     117
     112
     114
     119
     121
     120
     104
     114
      90
     108
     128
     127
     125
      98
     103
     112
     108
     112
     134
     103
      96
     112
      89
      99
     126
     106
      82
     107
     103
      95
     105
     121
     108
     123
      92
     103
      98
     111
     115
     113
      93
     110
      94
     110
      89
     121
     129
     100
     109
     118
      92
      98
      91
     100
     118
     113
     113
     114
      95
     111
     104
     101
     113
      92
      88
     113
     110
      93
     122
      86
      95
     106
      95
      93
     104
     104
      88
     120
     119
     106
     105
     111
      97
     101
     101
     104
      94
      97
      95
      94
     103
      99
      91
      91
      87
     100
      90
      77
      92
      95
      80
     103
      92
      92
      80
     102
      88
     115
     108
     108
     115
      90
     111
     101
      97
      95
     112
     100
      96
     106
      96
      95
      88
     113
     105
      86
     117
     103
      84
     108
      99
      92
     119
      94
     106
     106
      97
      88
      98
      86
      94
      99
      90
      89
      98
      80
      96
      99
      96
      95
      96
     117
      76
      91
      90
      99
      92
     106
      89
      81
      79
      77
      99
      95
      77
      87
      68
     106
      81
      96
      80
      96
      86
      89
      97
      86
     109
      86
      96
      88
      94
      89
      94
      89
      76
      88
      88
     105
      91
      78
      79
     103
      88
      88
      97
      85
      91
      90
      95
      74
      92
      82
      91
      83
      85
      87
      93
      92
      76
      80
      98
      88
      85
      83
      99
      80
      85
      79
      80
      82
      92
      74
      89
      96
      87
      82
     100
      79
      77
      90
      97
      91
      88
      78
      87
      77
      89
      82
      88
      79
      82
     101
      78
     100
      85
      86
      98
      88
      86
      96
      85
      83
      86
      98
      70
     102
      88
      85
      93
      96
      81
      74
      91
      80
      87
      92
      88
      89
      83
      90
      84
      95
      78
      78
      74
      84
      97
      80
      74
      92
      88
      75
      75
      91
     103
      90
      84
     109
      96
      95
      99
      76
      91
      83
      84
      83
      82
      81
      72
      85
      78
      76
      92
      99
     107
      66
      80
      80
      69
      96
      97
      96
      85
      79
      83
      76
      68
      80
      77
      90
      89
      96
      72
      76
      79
      77
      69
      77
      88
      81
      81
      78
      87
      62
      79
      72
      86
      85
      96
      81
      72
      82
      82
      80
      64
      79
      76
      90
      96
      61
      93
      85
      91
      83
      82
     100
      86
      68
      74
      69
      80
      93
      95
      78
      81
      67
      93
      84
      87
      80
      88
      76
      69
     109
      95
      74
      88
      91
      80
      72
      76
      76
      74
      72
      85
      67
      82
      86
      91
      74
      74
      90
      85
      89
      89
      88
      67
      83
      83
      74
      92
     100
      88
      80
      91
      90
      92
      64
      94
      74
      82
      84
      89
      71
      78
      79
      79
      80
      91
      99
      75
      84
      84
      80
      73
      78
      78
      62
     102
      94
      94
      80
      93
      88
      82
      84
      97
      67
      87
      85
      75
      71
      91
     105
      85
      84
      65
      78
      80
      96
      93
      84
      85
      74
      82
      90
      78
      95
      91
      92
      73
      87
     100
      62
      88
      80
      86
      86
      96
      74
      85
      69
      90
      94
      86
      93
      89
      72
      73
      76
      68
      85
      77
      83
      74
      76
      85
      70
      87
      80
      79
      64
      81
      86
      87
      80
      87
      93
      82
      86
      89
      83
      92
      77
      99
      73
      84
      83
      90
     101
      89
      86
      69
      96
      91
      95
      98
      93
      83
      75
      78
      87
      84
      91
      86
      78
      79
      91
      80
      90
      86
      80
      85
      81
      83
      86
      85
      91
      82
      84
     100
      79
      80
      96
      85
      85
      71
      75
      89
      80
      84
      84
      83
      89
      90
      71
      84
      82
     108
      74
      74
      87
      88
      77
      87
      85
      88
      67
      82
      93
      91
      86
      81
      90
      87
      76
      84
      70
      80
      93
      79
      80
      84
     109
      94
      85
      81
      88
      81
      74
      72
      90
      81
      73
      83
      85
      88
      90
      74
      74
      78
      85
      72
      68
      88
      92
      75
      93
      96
      89
      71
      68
      70
      68
      67
      78
      77
      64
      81
      83
      87
      74
      94
      82
      69
      90
      76
      91
      92
      92
      80
      75
      94
      76
      91
      82
      75
      86
      99
      77
     102
      75
      84
      68
      60
      80
      84
      80
      73
      78
      86
      96
      81
      58
      87
      77
      79
      76
      90
      92
      95
      90
      82
      78
      92
      99
      75
      97
      58
      94
      91
      88
      80
      69
      70
      72
      76
      95
      84
      88
      83
      67
      80
      80
      69
      90
      87
      84
      81
      77
      77
      87
      73
      69
      72
      89
      83
      63
      80
      79
      80
      89
      76
      77
      98
      84
      85
      84
      80
      75
      94
      63
      79
      84
      86
      96
      73
      73
      74
      73
      81
      77
      76
      74
      77
      83
      80
      80
      70
      70
      91
      85
      89
      86
      74
      92
      81
      78
      86
      86
      70
      91
      87
      81
      72
      71
      78
      91
      68
      94
      82
      71
      83
      82
      73
      86
      89
      86
      88
      83
      98
      71
      74
      94
      84
      79
      76
      77
      86
      89
      79
      81
     116
      87
      82
      86
      67
      73
      96
      85
      76
      99
      85
      76
      85
      85
      98
      92
      92
      85
      85
      88
      86
      78
      72
      78
      82
      71
      68
      80
      82
      77
     102
      86
      79
      78
      99
      75
      75
      77
      79
      90
      67
      81
      91
      82
      76
      69
      70
      78
      76
      77
      74
      60
      88
      71
      76
      76
      71
      89
      89
      71
      68
      83
      81
      75
      74
      96
      97
      75
      69
      91
      74
      88
      74
      82
      96
      79
      72
      83
      78
      71
      92
      83
      77
      85
      83
      78
      80
      89
      81
      90
      85
      79
      85
      70
      83
      58
      68
      81
      85
      92
      64
      73
      88
      80
      70
      89
      89
      86
      92
      72
      80
      91
      71
      76
      87
      70
      82
      84
      77
      84
      93
      81
      83
      82
      79
      88
      93
      76
      89
      85
      89
      83
      84
      84
      97
      83
      75
      90
      70
      71
      98
      94
      76
      92
      87
      96
      84
      64
      71
      78
      77
      88
      86
      83
      88
      75
      94
      75
      84
      77
      89
      93
      77
      78
      96
      82
      90
      85
      92
      74
      83
      87
      79
      85
     110
      77
      76
      76
      88
      82
      86
     102
     103
      88
      79
      95
      95
      71
      81
      78
      84
     100
      83
      76
      84
      93
      84
      80
      86
      84
      75
     100
     101
      79
     100
      90
      84
      82
      96
      83
      94
      74
      83
     102
      94
      85
      89
      85
      72
     114
      96
      93
      90
     101
      97
     100
     102
      81
      80
      78
      95
     110
      85
      89
     106
     103
      97
      78
     106
      91
      75
     109
      90
      95
      77
     110
      94
      82
     103
      84
      98
     106
      79
      91
      99
      80
      83
      76
      96
      98
     101
     109
     100
     106
     115
      79
      90
      92
      98
     108
      99
     110
     108
      99
      94
     101
      84
      96
      98
      96
      90
     109
      95
     102
     109
     109
     103
     112
      90
     115
     109
     115
     107
     104
     101
     111
     132
     106
      96
     115
     126
     110
     110
     116
     104
     132
     128
     144
     114
     146
     133
     147
     173
     138
     162
     176
     163
     183
     178
     229
     206
     215
     210
     215
     268
     266
     288
     370
     351
     453
     487
     482
     581
     623
     681
     847
     911
    1046
    1204
    1346
    1581
    1831
    2114
    2470
    2772
    3310
    3923
    4327
    4863
    5518
    6247
    6993
    7685
    8398
    9210
    9888
   10467
   11137
   11342
   11820
   12311
   12527
   12573
   12806
   12745
   12911
   12630
   12566
   12262
   11854
   11563
   10707
   10387
    9700
    9165
    8507
    7728
    6945
    6206
    5562
    4883
    4232
    3642
    2979
    2521
    2246
    1768
    1366
    1168
    1017
     807
     666
     586
     508
     423
     360
     338
     307
     304
     254
     234
     209
     229
     192
     158
     167
     140
     131
     113
     138
     109
     130
      92
     123
     100
      95
      94
     112
      97
     110
      87
      88
      81
      83
      89
      86
      72
      64
      84
      72
      78
      87
      75
      76
      63
      83
      67
      57
      97
      62
      72
      62
      49
      54
      61
      75
      63
      61
      72
      74
      56
      65
      55
      53
      58
      72
      63
      78
      72
      59
      72
      68
      67
      64
      61
      48
      53
      55
      64
      70
      62
      49
      70
      70
      63
      66
      59
      45
      51
      72
      53
      54
      64
      58
      60
      50
      65
      58
      46
      56
      69
      61
      58
      62
      59
      56
      52
      61
      52
      58
      58
      48
      63
      52
      53
      42
      70
      66
      62
      48
      50
      58
      47
      62
      47
      59
      65
      59
      40
      58
      57
      55
      50
      54
      52
      45
      36
      58
      53
      58
      55
      56
      50
      46
      46
      52
      42
      56
      50
      46
      53
      42
      47
      47
      65
      38
      65
      44
      38
      59
      42
      43
      52
      50
      38
      59
      34
      42
      41
      36
      47
      61
      56
      44
      56
      42
      55
      51
      49
      50
      52
      55
      55
      41
      48
      37
      62
      54
      55
      54
      52
      39
      50
      35
      46
      46
      56
      47
      53
      48
      51
      43
      42
      46
      39
      49
      46
      49
      46
      39
      35
      48
      47
      45
      45
      57
      51
      39
      55
      56
      53
      54
      42
      47
      48
      41
      49
      44
      36
      30
      47
      47
      40
      33
      47
      34
      42
      54
      41
      56
      45
      62
      47
      44
      42
      54
      46
      57
      46
      50
      45
      37
      53
      56
      49
      45
      57
      31
      55
      44
      53
      52
      44
      42
      55
      46
      47
      46
      37
      40
      28
      51
      49
      45
      51
      42
      45
      45
      55
      41
      37
      52
      30
      47
      44
      52
      46
      55
      50
      40
      48
      38
      49
      41
      39
      40
      32
      53
      40
      37
      45
      39
      46
      39
      45
      41
      40
      40
      53
      41
      54
      42
      41
      52
      49
      38
      43
      45
      43
      48
      39
      38
      47
      40
      52
      37
      39
      46
      63
      50
      38
      50
      49
      45
      45
      43
      47
      34
      45
      42
      31
      34
      36
      40
      44
      48
      57
      40
      36
      53
      38
      40
      49
      42
      42
      48
      56
      51
      44
      44
      48
      33
      36
      56
      37
      46
      37
      45
      34
      34
      41
      40
      48
      49
      51
      37
      47
      50
      41
      54
      26
      56
      53
      41
      44
      42
      44
      33
      38
      52
      40
      45
      38
      42
      37
      40
      33
      41
      44
      33
      36
      41
      45
      41
      41
      43
      47
      40
      49
      43
      45
      42
      41
      52
      35
      42
      43
      46
      35
      43
      39
      49
      51
      50
      43
      38
      42
      49
      45
      43
      28
      46
      47
      46
      45
      44
      50
      42
      53
      54
      47
      35
      47
      42
      50
      43
      51
      20
      42
      46
      44
      39
      50
      37
      54
      54
      46
      36
      33
      39
      41
      39
      47
      37
      32
      24
      27
      30
      43
      45
      26
      37
      35
      48
      35
      46
      44
      37
      43
      33
      47
      43
      30
      48
      44
      60
      50
      36
      43
      40
      34
      43
      39
      45
      37
      53
      39
      37
      31
      47
      51
      33
      43
      43
      37
      32
      41
      35
      45
      44
      38
      38
      48
      51
      41
      39
      40
      51
      35
      50
      33
      41
      41
      36
      31
      45
      48
      36
      48
      39
      33
      34
      31
      45
      43
      44
      40
      34
      39
      52
      46
      36
      43
      47
      42
      45
      48
      39
      49
      44
      47
      49
      40
      36
      37
      43
      43
      50
      45
      52
      50
      35
      54
      42
      39
      40
      34
      38
      38
      48
      39
      35
      44
      40
      44
      43
      37
      45
      48
      34
      41
      30
      36
      44
      38
      35
      42
      32
      53
      35
      37
      42
      44
      56
      40
      40
      46
      46
      36
      44
      47
      46
      45
      36
      41
      36
      43
      45
      37
      45
      40
      41
      47
      40
      33
      50
      43
      38
      42
      39
      33
      43
      49
      41
      45
      46
      36
      39
      53
      41
      32
      40
      44
      42
      42
      40
      38
      45
      39
      49
      39
      39
      30
      42
      35
      44
      48
      40
      41
      40
      32
      36
      33
      37
      45
      31
      37
      38
      40
      39
      34
      44
      41
      43
      39
      34
      33
      43
      41
      37
      36
      43
      44
      32
      42
      40
      37
      50
      47
      40
      51
      27
      34
      37
      36
      47
      39
      45
      41
      36
      37
      39
      52
      33
      44
      38
      37
      50
      45
      46
      55
      41
      49
      37
      47
      37
      33
      44
      44
      33
      39
      42
      44
      34
      36
      48
      42
      44
      51
      42
      45
      41
      37
      41
      41
      42
      33
      36
      37
      49
      41
      30
      47
      42
      39
      32
      43
      43
      42
      36
      40
      42
      56
      35
      41
      36
      42
      55
      30
      41
      41
      36
      30
      43
      39
      31
      35
      36
      31
      37
      44
      43
      38
      38
      40
      37
      41
      43
      31
      38
      44
      45
      37
      44
      52
      25
      48
      33
      30
      36
      44
      40
      48
      47
      46
      33
      33
      43
      36
      45
      25
      45
      33
      47
      40
      39
      46
      25
      33
      39
      34
      47
      35
      32
      34
      59
      42
      32
      32
      35
      39
      33
      28
      39
      45
      47
      40
      60
      40
      25
      45
      40
      45
      69
      43
      49
      44
      42
      38
      37
      39
      50
      26
      46
      57
      48
      35
      36
      32
      35
      30
      33
      32
      47
      44
      42
      36
      36
      39
      36
      50
      38
      45
      35
      32
      27
      34
      40
      39
      45
      42
      36
      39
      53
      37
      33
      34
      48
      40
      35
      41
      36
      33
      36
      38
      47
      41
      35
      31
      33
      50
      36
      39
      41
      49
      32
      43
      36
      28
      46
      49
      46
      39
      35
      42
      34
      33
      35
      36
      37
      29
      38
      40
      30
      28
      31
      36
      41
      43
      36
      37
      41
      37
      41
      49
      34
      35
      32
      48
      37
      34
      30
      35
      31
      39
      33
      28
      36
      40
      31
      31
      37
      43
      40
      39
      28
      32
      29
      37
      36
      49
      46
      40
      42
      39
      43
      48
      46
      47
      43
      38
      47
      40
      43
      49
      38
      37
      57
      43
      39
      47
      58
      42
      47
      51
      51
      40
      32
      57
      33
      31
      29
      41
      42
      36
      49
      39
      39
      42
      37
      44
      35
      37
      30
      35
      42
      41
      39
      43
      37
      43
      43
      53
      37
      42
      39
      41
      35
      41
      35
      53
      35
      45
      45
      37
      34
      41
      36
      43
      34
      36
      36
      39
      31
      41
      40
      38
      46
      44
      35
      31
      38
      44
      32
      33
      29
      40
      45
      25
      32
      40
      39
      28
      36
      32
      42
      43
      40
      38
      49
      42
      34
      44
      36
      31
      36
      43
      25
      27
      42
      39
      32
      26
      37
      38
      36
      44
      29
      29
      34
      47
      42
      41
      38
      44
      29
      43
      38
      31
      41
      39
      30
      37
      37
      44
      39
      30
      43
      33
      31
      42
      34
      46
      36
      44
      48
      49
      33
      31
      43
      33
      32
      40
      34
      33
      37
      33
      47
      40
      38
      46
      40
      28
      46
      38
      29
      38
      46
      41
      46
      42
      37
      48
      35
      36
      32
      44
      35
      34
      29
      37
      39
      46
      48
      38
      32
      41
      43
      42
      48
      37
      42
      31
      38
      31
      47
      38
      35
      35
      33
      55
      39
      37
      36
      45
      39
      28
      36
      36
      43
      41
      47
      41
      46
      42
      33
      44
      36
      39
      39
      47
      39
      34
      30
      35
      33
      31
      30
      39
      42
      55
      44
      30
      36
      34
      26
      30
      40
      30
      40
      41
      45
      46
      36
      26
      29
      38
      39
      34
      38
      41
      38
      41
      26
      33
      42
      43
      33
      34
      41
      29
      41
      37
      52
      41
      43
      43
      39
      32
      45
      41
      53
      47
      37
      37
      34
      29
      33
      36
      36
      42
      49
      34
      31
      34
      33
      49
      45
      46
      40
      38
      47
      33
      28
      42
      44
      37
      44
      33
      43
      37
      33
      44
      36
      35
      35
      33
      33
      45
      45
      38
      35
      43
      37
      34
      43
      50
      39
      39
      48
      34
      35
      41
      45
      30
      38
      40
      41
      40
      41
      40
      31
      32
      45
      39
      32
      30
      29
      32
      35
      46
      39
      46
      45
      38
      43
      34
      51
      44
      28
      40
      38
      36
      53
      37
      50
      33
      37
      36
      41
      41
      43
      48
      41
      50
      37
      43
      34
      33
      34
      38
      34
      21
      28
      42
      38
      45
      31
      34
      38
      39
      46
      36
      46
      40
      30
      36
      37
      37
      45
      41
      39
      34
      59
      37
      40
      34
      36
      36
      42
      47
      40
      40
      38
      43
      34
      38
      40
      39
      39
      45
      38
      43
      44
      29
      34
      42
      46
      30
      37
      34
      45
      31
      32
      39
      38
      47
      35
      46
      43
      35
      39
      30
      40
      29
      40
      32
      41
      40
      38
      29
      35
      45
      40
      34
      42
      40
      37
      39
      34
      27
      53
      41
      45
      41
      39
      34
      35
      42
      34
      30
      37
      40
      33
      44
      41
      27
      35
      42
      36
      39
      44
      40
      37
      35
      39
      44
      39
      26
      45
      39
      38
      53
      31
      41
      36
      27
      46
      37
      37
      34
      28
      31
      35
      45
      49
      38
      25
      44
      35
      46
      42
      36
      42
      42
      43
      33
      33
      42
      30
      33
      33
      38
      43
      38
      45
      32
      34
      42
      47
      26
      38
      47
      47
      47
      34
      39
      41
      46
      35
      51
      33
      45
      40
      29
      27
      41
      39
      46
      48
      45
      43
      36
      37
      45
      43
      49
      34
      44
      31
      36
      36
      37
      45
      42
      34
      43
      32
      40
      33
      37
      37
      40
      46
      46
      36
      49
      45
      33
      46
      30
      40
      41
      35
      43
      37
      40
      44
      35
      44
      38
      32
      32
      37
      42
      29
      33
      52
      39
      38
      40
      38
      48
      58
      42
      26
      51
      24
      37
      48
      29
      43
      37
      38
      44
      37
      41
      33
      42
      47
      33
      43
      43
      30
      40
      39
      35
      39
      40
      40
      38
      39
      36
      26
      31
      40
      38
      47
      56
      40
      51
      38
      37
      41
      34
      34
      39
      37
      41
      44
      37
      39
      40
      36
      36
      31
      38
      38
      53
      31
      39
      37
      43
      39
      44
      43
      34
      42
      36
      38
      30
      46
      44
      47
      35
      37
      42
      37
      42
      33
      32
      28
      37
      33
      34
      44
      40
      23
      47
      44
      25
      32
      42
      42
      37
      44
      34
      41
      48
      33
      35
      38
      43
      36
      40
      35
      36
      29
      39
      38
      48
      37
      50
      40
      38
      44
      36
      40
      45
      45
      37
      33
      42
      42
      45
      41
      49
      35
      25
      38
      37
      36
      45
      34
      36
      28
      44
      36
      38
      41
      38
      41
      34
      36
      40
      30
      34
      41
      34
      36
      37
      36
      49
      38
      32
      47
      42
      36
      34
      43
      38
      27
      45
      42
      41
      54
      41
      36
      37
      51
      36
      46
      45
      36
      36
      39
      51
      36
      42
      44
      32
      40
      39
      53
      42
      35
      39
      41
      44
      45
      28
      40
      28
      41
      42
      39
      38
      43
      43
      41
      37
      40
      35
      41
      39
      49
      54
      31
      36
      49
      45
      45
      34
      49
      50
      39
      44
      48
      29
      39
      38
      35
      34
      39
      32
      26
      42
      34
      45
      41
      32
      34
      44
      52
      36
      33
      27
      46
      39
      40
      46
      36
      46
      33
      38
      41
      39
      41
      41
      33
      35
      40
      32
      32
      31
      38
      30
      41
      42
      40
      40
      47
      48
      34
      33
      37
      38
      48
      30
      28
      31
      38
      29
      55
      44
      46
      33
      45
      42
      41
      29
      23
      44
      33
      35
      39
      51
      34
      39
      53
      39
      43
      37
      32
      32
      49
      39
      32
      29
      44
      35
      38
      40
      33
      35
      41
      43
      34
      40
      37
      51
      40
      42
      34
      31
      36
      30
      44
      33
      39
      40
      36
      28
      58
      38
      39
      27
      50
      31
      53
      40
      39
      43
      45
      37
      28
      37
      40
      27
      35
      47
      41
      28
      43
      26
      34
      43
      34
      24
      47
      43
      40
      51
      37
      53
      41
      39
      30
      43
      39
      45
      46
      30
      43
      29
      40
      45
      39
      32
      35
      43
      45
      41
      44
      40
      41
      38
      28
      43
      32
      47
      40
      38
      42
      35
      48
      43
      32
      35
      35
      46
      43
      30
      40
      30
      37
      38
      33
      38
      39
      54
      46
      33
      43
      34
      32
      40
      35
      41
      39
      32
      34
      28
      48
      42
      44
      35
      43
      35
      49
      34
      39
      45
      42
      46
      37
      43
      47
      39
      47
      43
      40
      39
      48
      29
      25
      48
      31
      39
      40
      39
      37
      42
      39
      36
      35
      43
      35
      25
      51
      37
      35
      41
      45
      40
      36
      37
      32
      51
      37
      34
      36
      25
      37
      25
      36
      54
      55
      39
      45
      33
      37
      47
      43
      45
      40
      35
      47
      44
      35
      37
      51
      41
      30
      43
      36
      37
      27
      39
      42
      26
      35
      26
      39
      41
      38
      37
      38
      43
      43
      32
      41
      35
      38
      42
      38
      36
      39
      31
      46
      42
      43
      38
      34
      36
      36
      38
      42
      39
      31
      41
      31
      25
      28
      27
      40
      46
      38
      39
      40
      40
      41
      28
      35
      30
      39
      39
      35
      37
      43
      45
      45
      39
      40
      43
      33
      32
      31
      42
      31
      38
      45
      40
      35
      41
      43
      31
      37
      34
      34
      34
      40
      39
      34
      41
      40
      48
      48
      29
      28
      50
      36
      44
      36
      40
      39
      55
      29
      37
      33
      32
      41
      59
      40
      46
      43
      45
      33
      37
      42
      39
      37
      37
      30
      30
      39
      40
      41
      40
      32
      39
      41
      50
      42
      25
      38
      51
      27
      39
      32
      37
      43
      30
      44
      33
      38
      37
      40
      41
      45
      28
      39
      40
      62
      40
      38
      42
      37
      33
      37
      46
      39
      46
      51
      49
      53
      31
      43
      42
      34
      39
      37
      36
      32
      33
      35
      47
      49
      31
      36
      34
      42
      43
      31
      46
      47
      42
      44
      44
      27
      38
      39
      55
      40
      49
      30
      34
      41
      40
      43
      39
      44
      27
      48
      45
      36
      41
      40
      43
      38
      48
      51
      26
      45
      38
      34
      46
      37
      38
      46
      50
      40
      38
      36
      33
      32
      34
      51
      46
      41
      45
      54
      29
      50
      34
      49
      45
      44
      41
      34
      46
      38
      36
      38
      40
      40
      42
      53
      40
      42
      35
      42
      36
      42
      51
      46
      41
      55
      46
      43
      37
      29
      36
      31
      45
      30
      34
      42
      36
      40
      36
      40
      35
      36
      29
      42
      50
      35
      33
      41
      38
      36
      28
      41
      35
      45
      42
      36
      38
      28
      31
      35
      49
      56
      35
      50
      28
      34
      48
      43
      28
      33
      40
      47
      33
      41
      42
      37
      43
      33
      39
      46
      33
      41
      37
      33
      40
      30
      44
      40
      40
      43
      39
      35
      38
      34
      42
      50
      44
      35
      36
      44
      35
      34
      35
      46
      35
      35
      32
      37
      47
      47
      38
      43
      37
      35
      44
      39
      32
      41
      44
      44
      46
      25
      30
      47
      55
      37
      31
      39
      37
      45
      41
      37
      39
      37
      37
      40
      40
      37
      34
      38
      39
      42
      44
      48
      30
      27
      30
      35
      40
      43
      48
      44
      43
      42
      36
      41
      36
      38
      41
      45
      43
      36
      34
      33
      44
      45
      41
      47
      34
      39
      41
      40
      46
      49
      41
      42
      32
      54
      35
      54
      43
      33
      41
      36
      32
      44
      35
      34
      32
      34
      39
      41
      27
      39
      38
      48
      30
      40
      28
      44
      35
      46
      42
      50
      49
      47
      39
      50
      61
      33
      43
      32
      35
      32
      39
      42
      47
      36
      42
      42
      35
      45
      33
      39
      36
      43
      44
      39
      41
      43
      51
      45
      50
      42
      43
      42
      32
      31
      48
      44
      53
      43
      29
      43
      45
      44
      44
      50
      42
      48
      33
      43
      40
      45
      41
      39
      52
      37
      48
      35
      57
      41
      37
      38
      57
      36
      40
      48
      43
      50
      43
      59
      48
      41
      38
      40
      61
      60
      50
      43
      52
      33
      40
      43
      37
      41
      48
      48
      42
      48
      35
      30
      46
      39
      39
      46
      42
      42
      35
      34
      38
      46
      44
      40
      36
      28
      47
      44
      60
      39
      33
      44
      43
      44
      39
      46
      28
      36
      45
      41
      39
      45
      41
      39
      32
      50
      48
      38
      41
      47
      58
      37
      42
      40
      40
      40
      39
      38
      37
      43
      44
      41
      38
      39
      45
      52
      37
      36
      40
      50
      56
      51
      34
      33
      42
      25
      37
      35
      41
      38
      33
      41
      49
      18
      36
      34
      57
      51
      39
      32
      36
      30
      39
      42
      27
      42
      36
      43
      41
      39
      43
      46
      39
      39
      41
      46
      36
      31
      45
      32
      46
      43
      31
      37
      32
      33
      54
      31
      45
      50
      42
      40
      39
      44
      45
      30
      35
      42
      39
      34
      30
      44
      32
      47
      38
      37
      53
      45
      36
      35
      46
      40
      44
      44
      41
      43
      50
      54
      47
      44
      37
      41
      30
      27
      42
      45
      46
      36
      33
      40
      40
      33
      40
      33
      36
      47
      36
      41
      51
      40
      38
      39
      39
      50
      39
      33
      42
      29
      37
      25
      38
      35
      47
      49
      34
      48
      36
      51
      34
      38
      42
      40
      36
      41
      48
      36
      33
      45
      47
      46
      51
      42
      44
      29
      34
      36
      33
      34
      33
      46
      41
      50
      35
      30
      41
      45
      33
      27
      28
      47
      45
      49
      34
      37
      54
      40
      35
      41
      43
      36
      37
      54
      40
      38
      45
      47
      51
      39
      35
      33
      44
      50
      53
      49
      34
      45
      38
      36
      34
      38
      39
      37
      33
      43
      41
      33
      43
      43
      25
      43
      41
      31
      46
      51
      48
      45
      32
      45
      45
      45
      41
      44
      48
      30
      43
      40
      34
      39
      31
      48
      48
      40
      35
      43
      32
      38
      35
      40
      39
      33
      45
      44
      44
      47
      51
      35
      37
      47
      45
      52
      38
      38
      33
      42
      37
      35
      41
      48
      49
      50
      31
      53
      44
      45
      43
      30
      50
      39
      46
      37
      36
      39
      38
      29
      34
      36
      39
      28
      47
      40
      40
      41
      44
      48
      27
      40
      45
      46
      47
      34
      49
      37
      34
      42
      40
      38
      55
      38
      41
      38
      38
      44
      36
      39
      27
      32
      48
      40
      41
      36
      50
      42
      19
      38
      39
      46
      34
      41
      45
      40
      40
      32
      34
      42
      41
      44
      47
      37
      49
      33
      39
      52
      42
      32
      38
      54
      40
      46
      51
      57
      39
      30
      49
      41
      32
      34
      46
      44
      45
      43
      37
      44
      37
      31
      27
      38
      42
      43
      30
      48
      41
      38
      37
      40
      40
      37
      47
      46
      42
      49
      43
      43
      45
      37
      41
      49
      34
      32
      49
      54
      49
      38
      35
      34
      35
      47
      36
      37
      37
      32
      31
      38
      44
      52
      37
      37
      38
      38
      49
      37
      45
      44
      40
      37
      45
      34
      45
      37
      44
      40
      44
      49
      38
      42
      51
      38
      36
      34
      41
      40
      36
      35
      52
      47
      37
      48
      39
      34
      40
      45
      49
      43
      31
      41
      42
      47
      37
      44
      42
      41
      37
      25
      39
      55
      36
      56
      43
      36
      48
      45
      46
      43
      47
      30
      38
      47
      43
      36
      35
      44
      53
      35
      34
      36
      46
      33
      36
      38
      35
      41
      44
      39
      48
      39
      35
      41
      41
      36
      60
      33
      47
      41
      32
      43
      35
      29
      51
      38
      43
      57
      43
      39
      37
      45
      44
      49
      45
      36
      48
      48
      53
      49
      38
      51
      32
      43
      40
      52
      37
      49
      45
      49
      40
      56
      55
      36
      35
      35
      39
      64
      45
      39
      55
      37
      54
      37
      46
      40
      36
      32
      43
      25
      33
      39
      45
      31
      41
      40
      47
      52
      41
      37
      50
      47
      29
      53
      34
      47
      38
      33
      63
      39
      43
      57
      41
      48
      50
      39
      45
      43
      58
      46
      45
      45
      37
      53
      36
      47
      43
      37
      39
      41
      31
      44
      34
      46
      35
      47
      37
      46
      39
      40
      33
      57
      51
      51
      42
      37
      45
      39
      46
      34
      37
      38
      37
      50
      38
      41
      34
      39
      59
      52
      47
      46
      55
      59
      35
      37
      37
      49
      42
      35
      39
      38
      48
      40
      42
      40
      37
      41
      32
      46
      37
      54
      35
      42
      46
      43
      39
      46
      45
      45
      44
      45
      43
      44
      50
      41
      43
      45
      34
      42
      35
      32
      52
      41
      40
      49
      45
      48
      41
      43
      48
      39
      41
      49
      36
      40
      56
      39
      46
      44
      46
      41
      51
      49
      46
      29
      54
      50
      53
      45
      40
      41
      38
      44
      45
      42
      39
      34
      54
      41
      39
      40
      47
      46
      47
      39
      31
      41
      47
      47
      38
      45
      51
      47
      37
      48
      41
      46
      51
      40
      30
      55
      49
      35
      42
      42
      47
      46
      46
      38
      53
      59
      40
      51
      52
      48
      47
      44
      40
      44
      42
      44
      42
      43
      46
      55
      28
      57
      47
      44
      38
      43
      40
      33
      45
      40
      36
      44
      54
      37
      35
      44
      34
      38
      51
      48
      51
      35
      43
      41
      40
      35
      52
      57
      54
      34
      48
      50
      51
      46
      53
      45
      48
      48
      39
      44
      49
      45
      41
      46
      43
      29
      41
      50
      35
      50
      33
      45
      39
      46
      43
      43
      52
      42
      43
      39
      49
      47
      42
      39
      46
      53
      41
      51
      42
      57
      59
      46
      41
      41
      42
      36
      43
      48
      44
      44
      50
      57
      38
      38
      43
      45
      48
      34
      41
      41
      42
      33
      50
      37
      42
      45
      35
      40
      35
      39
      38
      46
      42
      43
      48
      50
      42
      41
      52
      48
      53
      43
      51
      39
      49
      48
      53
      44
      49
      37
      50
      47
      46
      34
      56
      40
      43
      44
      38
      42
      39
      43
      53
      50
      48
      41
      56
      42
      41
      44
      52
      47
      39
      41
      41
      47
      53
      40
      38
      47
      48
      37
      50
      45
      45
      47
      44
      43
      45
      46
      53
      39
      39
      42
      48
      49
      39
      42
      40
      39
      53
      54
      38
      30
      44
      49
      43
      46
      50
      54
      45
      44
      53
      47
      49
      41
      49
      46
      47
      43
      45
      54
      36
      46
      54
      48
      43
      50
      45
      47
      29
      40
      45
      52
      42
      47
      51
      43
      40
      41
      44
      38
      43
      39
      37
      48
      46
      53
      33
      57
      54
      41
      38
      49
      56
      39
      42
      48
      38
      41
      46
      32
      45
      49
      35
      49
      46
      41
      51
      54
      49
      42
      33
      45
      39
      42
      52
      51
      26
      41
      31
      47
      58
      43
      43
      35
      50
      40
      49
      47
      57
      46
      51
      43
      60
      51
      36
      49
      43
      45
      47
      45
      40
      48
      32
      37
      38
      57
      30
      44
      44
      45
      45
      49
      35
      36
      42
      45
      50
      44
      38
      38
      57
      49
      50
      50
      49
      42
      52
      49
      40
      49
      47
      41
      51
      60
      38
      47
      35
      55
      51
      56
      44
      48
      46
      46
      44
      44
      41
      42
      42
      40
      52
      49
      44
      38
      43
      44
      41
      47
      50
      44
      45
      50
      44
      36
      46
      41
      44
      56
      57
      44
      46
      53
      53
      42
      44
      51
      52
      42
      36
      49
      55
      41
      46
      34
      46
      43
      29
      45
      46
      44
      45
      57
      46
      55
      45
      41
      40
      41
      40
      41
      43
      41
      39
      53
      49
      44
      55
      58
      45
      51
      48
      60
      48
      51
      48
      47
      46
      44
      42
      31
      31
      41
      49
      47
      45
      45
      38
      39
      38
      50
      46
      44
      37
      45
      50
      41
      60
      33
      50
      44
      50
      39
      45
      55
      32
      43
      44
      47
      48
      42
      54
      40
      46
      53
      41
      50
      35
      43
      51
      47
      50
      61
      42
      50
      41
      43
      42
      38
      46
      41
      47
      43
      36
      40
      35
      46
      45
      51
      46
      56
      51
      51
      46
      36
      48
      40
      45
      42
      52
      41
      41
      46
      44
      38
      32
      40
      53
      55
      46
      45
      47
      43
      45
      36
      40
      45
      43
      47
      47
      50
      46
      48
      35
      35
      49
      49
      42
      44
      63
      38
      53
      46
      37
      40
      50
      58
      44
      41
      48
      34
      43
      66
      55
      49
      46
      55
      51
      39
      52
      48
      43
      43
      49
      49
      40
      67
      39
      42
      47
      43
      47
      54
      54
      48
      54
      46
      49
      43
      52
      49
      59
      52
      45
      58
      47
      37
      32
      61
      51
      44
      47
      63
      47
      43
      39
      34
      37
      57
      59
      46
      56
      48
      40
      38
      68
      44
      51
      43
      55
      48
      55
      42
      47
      41
      51
      57
      55
      61
      52
      41
      43
      45
      56
      48
      48
      49
      51
      47
      50
      60
      42
      44
      49
      55
      53
      46
      43
      50
      44
      71
      49
      36
      49
      38
      46
      55
      51
      50
      42
      48
      51
      49
      37
      44
      44
      48
      55
      40
      47
      32
      34
      45
      46
      45
      57
      49
      46
      45
      38
      38
      49
      47
      44
      51
      35
      47
      48
      46
      48
      50
      46
      57
      43
      39
      52
      44
      50
      52
      35
      46
      39
      51
      39
      63
      49
      42
      47
      45
      54
      42
      56
      47
      47
      56
      45
      44
      45
      39
      39
      61
      49
      60
      43
      50
      47
      49
      48
      46
      51
      54
      50
      63
      52
      51
      45
      44
      41
      45
      66
      60
      50
      35
      53
      56
      65
      48
      51
      63
      48
      49
      49
      48
      60
      56
      62
      39
      47
      67
      44
      48
      34
      59
      48
      43
      40
      51
      44
      30
      57
      41
      53
      50
      51
      50
      46
      50
      35
      44
      41
      57
      48
      48
      54
      34
      59
      44
      56
      59
      43
      43
      36
      50
      46
      48
      52
      54
      49
      44
      39
      48
      42
      51
      44
      52
      47
      53
      57
      54
      50
      48
      44
      43
      48
      43
      55
      49
      53
      49
      59
      48
      43
      37
      40
      50
      47
      39
      57
      48
      49
      59
      48
      64
      48
      40
      45
      50
      48
      45
      44
      50
      52
      60
      49
      58
      38
      40
      52
      47
      38
      41
      64
      55
      45
      60
      40
      49
      61
      46
      54
      39
      46
      59
      43
      57
      38
      41
      51
      54
      49
      41
      51
      43
      40
      47
      40
      57
      59
      56
      47
      47
      54
      51
      53
      42
      49
      36
      52
      48
      42
      69
      51
      40
      46
      48
      53
      46
      49
      45
      51
      52
      76
      41
      60
      43
      38
      54
      55
      64
      48
      57
      50
      68
      55
      67
      45
      50
      52
      40
      41
      50
      53
      58
      60
      61
      48
      39
      46
      52
      55
      46
      46
      53
      47
      51
      53
      56
      41
      46
      49
      52
      59
      48
      53
      44
      54
      54
      41
      49
      64
      54
      52
      47
      37
      60
      44
      60
      43
      48
      51
      35
      54
      53
      45
      42
      32
      56
      46
      55
      38
      45
      55
      48
      65
      65
      53
      54
      50
      57
      50
      46
      47
      40
      52
      45
      66
      45
      59
      51
      47
      67
      54
      46
      49
      60
      43
      63
      43
      51
      60
      52
      43
      38
      54
      43
      53
      46
      48
      59
      54
      50
      50
      39
      44
      46
      59
      45
      53
      57
      52
      49
      44
      52
      48
      48
      35
      44
      50
      41
      63
      61
      48
      61
      61
      58
      56
      54
      51
      65
      44
      68
      53
      62
      61
      63
      50
      51
      41
      53
      50
      52
      49
      53
      52
      56
      49
      48
      54
      43
      48
      42
      55
      60
      57
      46
      55
      62
      48
      59
      43
      73
      49
      54
      41
      65
      51
      65
      57
      49
      51
      51
      52
      58
      58
      52
      58
      58
      59
      46
      51
      58
      69
      46
      54
      49
      58
      53
      48
      51
      46
      52
      54
      51
      59
      72
      55
      69
      43
      51
      58
      66
      51
      57
      56
      51
      40
      60
      50
      65
      47
      60
      42
      42
      59
      54
      54
      65
      46
      50
      65
      56
      41
      46
      60
      65
      62
      41
      56
      49
      43
      42
      56
      60
      55
      46
      56
      54
      57
      52
      45
      57
      43
      49
      53
      48
      57
      52
      59
      67
      55
      53
      53
      52
      67
      57
      57
      59
      61
      56
      57
      57
      67
      43
      61
      57
      46
      51
      46
      51
      54
      62
      49
      58
      59
      47
      68
      48
      66
      63
      63
      53
      58
      55
      54
      52
      61
      44
      43
      66
      63
      50
      53
      61
      56
      44
      60
      59
      61
      67
      64
      63
      44
      68
      63
      57
      60
      38
      62
      45
      59
      70
      50
      55
      52
      45
      44
      53
      47
      67
      56
      65
      59
      50
      58
      49
      62
      52
      61
      62
      49
      47
      53
      58
      47
      45
      50
      54
      54
      57
      61
      59
      54
      51
      59
      52
      53
      60
      68
      43
      52
      68
      42
      44
      52
      53
      52
      54
      60
      59
      61
      56
      43
      59
      53
      59
      57
      56
      52
      47
      65
      56
      53
      60
      53
      58
      57
      44
      53
      69
      59
      51
      43
      56
      52
      59
      73
      57
      60
      49
      59
      72
      64
      53
      57
      56
      59
      65
      50
      61
      57
      56
      59
      61
      60
      46
      62
      66
      66
      59
      60
      52
      57
      55
      74
      51
      57
      61
      66
      64
      51
      70
      64
      59
      57
      53
      58
      57
      55
      52
      54
      64
      50
      59
      47
      58
      67
      60
      51
      63
      63
      55
      59
      54
      66
      53
      46
      48
      51
      56
      64
      61
      54
      61
      56
      55
      62
      41
      54
      69
      63
      68
      65
      55
      54
      48
      61
      68
      68
      54
      66
      56
      68
      57
      51
      54
      71
      57
      51
      53
      55
      61
      56
      56
      53
      61
      62
      49
      57
      56
      52
      48
      66
      65
      51
      53
      59
      63
      59
      66
      61
      51
      59
      58
      56
      61
      56
      81
      77
      70
      65
      59
      67
      72
      68
      58
      61
      62
      53
      66
      64
      54
      51
      66
      66
      49
      63
      57
      68
      71
      51
      46
      68
      57
      67
      51
      72
      55
      59
      62
      63
      67
      43
      70
      59
      64
      70
      48
      65
      64
      73
      68
      70
      62
      64
      45
      60
      53
      67
      55
      64
      57
      51
      61
      48
      64
      57
      65
      51
      80
      73
      60
      63
      58
      55
      61
      72
      61
      74
      56
      55
      54
      59
      54
      73
      71
      67
      77
      59
      58
      53
      69
      49
      59
      60
      58
      52
      58
      60
      74
      64
      61
      68
      74
      51
      78
      57
      53
      66
      54
      52
      62
      64
      60
      61
      62
      62
      53
      57
      66
      67
      73
      65
      66
      50
      49
      67
      63
      61
      59
      70
      67
      52
      59
      60
      60
      63
      69
      62
      49
      69
      62
      50
      57
      68
      64
      74
      54
      63
      49
      55
      61
      64
      59
      71
      62
      53
      55
      59
      61
      63
      71
      70
      60
      73
      63
      71
      65
      53
      47
      80
      66
      56
      81
      66
      69
      70
      69
      77
      64
      58
      81
      64
      73
      66
      59
      58
      38
      64
      74
      59
      60
      66
      65
      64
      66
      60
      66
      66
      66
      77
      64
      62
      57
      72
      57
      57
      54
      65
      58
      63
      59
      65
      77
      53
      71
      84
      70
      64
      60
      54
      78
      72
      74
      62
      68
      72
      62
      58
      69
      68
      68
      77
      75
      57
      71
      68
      65
      56
      78
      58
      62
      64
      62
      85
      74
      72
      62
      57
      67
      64
      85
      60
      60
      66
      65
      69
      59
      77
      74
      65
      77
      74
      71
      60
      56
      75
      69
      69
      71
      60
      70
      62
      67
      60
      73
      60
      73
      67
      60
      76
      65
      66
      55
      65
      57
      74
      57
      83
      71
      72
      46
      66
      58
      80
      66
      72
      70
      64
      58
      60
      67
      74
      66
      74
      63
      70
      57
      65
      74
      67
      62
      54
      61
      82
      76
      78
      61
      78
      64
      79
      67
      80
      77
      53
      67
      62
      63
      79
      74
      61
      73
      72
      78
      73
      91
      66
      60
      60
      79
      74
      80
      85
      70
      66
      71
      66
      63
      67
      68
      70
      72
      76
      69
      70
      61
      62
      66
      61
      66
      81
      69
      76
      55
      79
      80
      64
      68
      93
      57
      61
      63
      68
      77
      82
      77
      62
      61
      76
      63
      73
      89
      69
      71
      68
      62
      80
      68
      73
      78
      70
      83
      75
      71
      69
      68
      81
      66
      65
      70
      59
      72
      79
      76
      73
      68
      73
      70
      68
      76
      80
      67
      74
      93
      78
      77
      82
      78
      65
      82
      87
      88
      73
      80
      71
      79
      84
      88
      66
      83
      89
      96
      77
      74
      83
      76
      85
      87
      77
      90
      85
      77
      97
      91
      80
      71
      86
      88
      93
      83
      82
     105
      89
      80
      66
      88
      86
      86
      81
      86
      67
      80
      82
      83
      98
      72
      67
      85
      78
      74
      54
      65
      89
      91
      84
      70
      79
      69
      69
      87
      68
      73
      92
      77
      70
      62
      67
      97
      82
      72
      76
      90
      75
      80
      81
      83
      64
      84
      77
      72
      71
      80
      75
      74
      71
      76
      60
      75
      72
      84
      71
      88
      53
      69
      70
      76
      64
      80
      69
      71
      78
      70
      84
      85
      85
     101
      76
      86
      83
      71
      80
      73
      94
      68
      79
      74
      70
      80
      77
      92
      85
      81
      84
      79
      76
      82
      82
      81
      87
     103
      67
      87
      69
      66
      87
      91
      83
      70
      78
      80
      72
      75
      74
      81
      95
      76
      78
      72
      61
      64
      84
      88
      69
      78
      94
      73
      83
      70
      64
      84
      76
      72
      85
      83
      71
      62
      81
      96
      78
      84
      89
      99
      77
      81
      87
      92
      84
      76
     100
      71
      77
     104
      82
      95
      85
      78
      83
      87
     104
      78
      87
      91
      88
      74
      81
      75
      86
      75
      68
      79
     100
      94
      89
      70
      84
      73
      70
      81
      79
      82
      96
      68
      99
      87
      68
      85
      81
      62
      73
      79
     103
      76
      82
      87
      77
      85
      86
      90
      97
      84
      86
      81
      77
      83
      91
      78
      58
      77
      78
      86
      71
      96
      87
      83
      86
      85
      74
      68
      85
      73
     101
      76
      83
      79
     100
      87
      81
      76
      89
      74
      84
      83
      99
      79
      86
      89
      98
      75
      75
      99
      74
      87
      88
      74
      72
      79
     100
      65
      70
      92
      91
      80
      87
      79
      81
      72
      78
      94
      71
      75
      89
      71
      94
      90
      88
      99
      80
     108
      96
      85
      82
      69
      91
      85
      75
      75
      77
      92
      91
      69
      80
      78
      84
      96
      83
      83
      71
      89
      90
      83
      82
      85
     101
      88
      89
      66
      82
      85
      92
      73
      73
      84
      97
      77
      97
      87
     104
      71
      87
      81
      78
      78
      94
      83
      73
      88
      89
      73
      86
      85
      72
      80
      93
      90
      72
      92
      92
      97
      99
      92
      83
      94
      84
      70
      67
      85
      71
      85
      87
      99
      92
      71
      82
      83
      88
      87
      85
      84
      91
      69
      79
      76
      90
      95
      77
      72
      63
     107
      80
      87
      80
      92
      78
      79
      78
      86
      85
      73
      73
      78
      83
      78
      83
      91
      82
      73
      73
      80
      74
      75
      73
      72
      78
      89
      67
      74
      73
      77
      86
      76
      65
      83
      72
      60
      91
      83
      63
      68
      77
      71
      54
      64
      68
      72
      87
      66
      76
      73
      79
      79
      56
      50
      64
      78
      59
      59
      69
      48
      60
      72
      72
      48
      59
      60
      67
      55
      51
      69
      61
      74
      69
      62
      60
      56
      52
      78
      50
      63
      61
      49
      68
      58
      51
      56
      53
      68
      52
      54
      51
      42
      60
      56
      58
      58
      62
      58
      54
      61
      51
      59
      49
      64
      45
      56
      56
      69
      49
      64
      69
      59
      61
      38
      61
      57
      55
      50
      44
      46
      60
      60
      54
      48
      63
      58
      46
      62
      56
      49
      51
      54
      51
      48
      46
      61
      55
      44
      41
      54
      54
      39
      43
      43
      36
      51
      61
      57
      54
      52
      48
      61
      49
      46
      42
      54
      46
      46
      45
      52
      66
      42
      36
      54
      44
      45
      47
      58
      48
      51
      62
      55
      45
      50
      43
      48
      51
      54
      51
      57
      46
      51
      58
      38
      50
      63
      61
      49
      54
      57
      53
      52
      51
      56
      37
      60
      58
      46
      56
      50
      47
      38
      51
      43
      43
      61
      45
      55
      40
      54
      54
      48
      45
      49
      53
      61
      52
      38
      45
      60
      46
      43
      42
      47
      58
      39
      51
      60
      49
      52
      50
      30
      56
      48
      50
      50
      29
      40
      54
      47
      53
      54
      44
      45
      39
      45
      39
      38
      46
      59
      43
      47
      59
      48
      43
      40
      54
      49
      49
      48
      54
      66
      38
      46
      63
      43
      54
      57
      44
      62
      44
      45
      51
      40
      54
      31
      35
      54
      56
      49
      47
      41
      40
      48
      47
      56
      42
      61
      49
      39
      57
      40
      39
      41
      46
      60
      38
      41
      44
      41
      48
      43
      37
      46
      45
      40
      33
      38
      45
      50
      49
      43
      47
      36
      35
      48
      44
      42
      45
      42
      55
      34
      45
      37
      47
      47
      48
      37
      56
      30
      38
      44
      58
      44
      36
      57
      51
      35
      50
      56
      43
      41
      48
      49
      34
      43
      36
      46
      46
      51
      37
      35
      44
      40
      37
      43
      35
      41
      48
      42
      59
      39
      36
      52
      45
      55
      48
      40
      37
      37
      48
      45
      39
      35
      42
      32
      49
      49
      40
      51
      43
      48
      34
      38
      37
      42
      49
      53
      43
      40
      47
      43
      55
      32
      40
      31
      43
      46
      48
      47
      40
      37
      39
      36
      45
      52
      44
      44
      28
      49
      44
      33
      39
      45
      36
      39
      45
      45
      33
      45
      50
      45
      37
      42
      45
      44
      46
      42
      51
      50
      37
      35
      45
      39
      33
      29
      38
      30
      49
      37
      46
      35
      43
      53
      40
      35
      41
      37
      33
      43
      49
      44
      38
      43
      44
      40
      37
      45
      34
      39
      39
      58
      49
      39
      39
      28
      38
      41
      34
      39
      26
      35
      52
      34
      52
      37
      31
      36
      45
      29
      35
      34
      31
      54
      41
      40
      37
      34
      33
      35
      37
      36
      38
      25
      49
      42
      32
      41
      37
      30
      45
      47
      44
      31
      41
      39
      38
      38
      29
      39
      32
      36
      33
      38
      31
      28
      44
      27
      51
      31
      22
      40
      42
      38
      49
      38
      33
      38
      27
      36
      29
      31
      35
      35
      32
      37
      45
      30
      37
      36
      45
      51
      58
      45
      41
      31
      39
      32
      26
      37
      40
      45
      37
      31
      34
      31
      28
      31
      33
      36
      26
      35
      37
      31
      43
      32
      32
      37
      39
      49
      34
      29
      27
      37
      42
      33
      40
      31
      42
      39
      31
      29
      32
      37
      41
      32
      36
      27
      25
      36
      38
      42
      39
      27
      37
      40
      34
      26
      38
      38
      48
      27
      35
      42
      41
      32
      28
      38
      36
      28
      33
      33
      31
      36
      36
      30
      35
      41
      32
      41
      48
      36
      38
      38
      44
      32
      30
      38
      34
      41
      28
      33
      33
      31
      32
      38
      30
      33
      28
      33
      36
      27
      28
      29
      37
      37
      33
      39
      21
      31
      25
      34
      35
      35
      37
      28
      37
      41
      31
      36
      36
      39
      31
      34
      30
      23
      35
      37
      33
      26
      30
      30
      26
      37
      44
      31
      29
      23
      32
      19
      36
      34
      31
      25
      36
      38
      31
      19
      34
      18
      25
      19
      39
      23
      35
      27
      22
      30
      35
      24
      21
      37
      31
      35
      27
      30
      32
      34
      32
      36
      25
      26
      28
      31
      27
      36
      32
      38
      32
      28
      27
      29
      33
      30
      27
      34
      29
      26
      24
      39
      31
      32
      28
      34
      28
      34
      20
      33
      24
      24
      31
      21
      24
      25
      22
      26
      31
      28
      28
      18
      37
      30
      28
      35
      31
      23
      21
      29
      33
      36
      26
      29
      23
      24
      36
      33
      30
      22
      31
      30
      35
      26
      36
      38
      27
      29
      26
      32
      25
      34
      36
      27
      26
      26
      26
      35
      41
      25
      25
      20
      25
      23
      32
      29
      32
      29
      30
      28
      28
      24
      29
      23
      31
      25
      29
      20
      29
      18
      22
      32
      30
      30
      27
      21
      26
      24
      33
      33
      26
      31
      29
      23
      31
      19
      21
      38
      26
      30
      28
      29
      21
      34
      22
      21
      32
      26
      27
      27
      31
      22
      23
      33
      28
      23
      27
      15
      38
      33
      18
      18
      28
      27
      17
      26
      32
      14
      24
      26
      23
      22
      17
      23
      22
      26
      21
      16
      26
      20
      27
      30
      30
      24
      18
      28
      15
      27
      24
      35
      25
      24
      22
      23
      25
      26
      20
      20
      28
      21
      31
      28
      24
      27
      21
      27
      18
      23
      33
      35
      21
      23
      30
      29
      19
      22
      14
      22
      17
      24
      17
      25
      26
      19
      18
      26
      23
      26
      15
      25
      22
      22
      26
      18
      13
      22
      34
      19
      19
      29
      22
      27
      14
      17
      17
      29
      18
      21
      26
      23
      30
      15
      18
      25
      19
      17
      12
      28
      28
      27
      25
      20
      21
      14
      16
      16
      23
      16
      22
      20
      19
      26
      17
      22
      23
      25
      24
      18
      14
      17
      26
      13
      21
      19
      21
      20
      20
      20
      25
      16
      17
      25
      15
      24
      20
      27
      18
      17
      20
      19
      24
      26
      15
      18
      18
      18
      23
      27
      16
      13
      23
      14
      13
      16
      26
      18
      23
      17
      19
      23
      20
      21
      13
      14
      14
      15
      21
      15
      23
      15
      19
      21
      28
      21
      24
      17
      27
      16
      14
      15
      19
      23
      17
      22
      21
      25
      21
      24
      19
      19
      14
      17
      20
      20
      12
      13
      18
      19
      20
      19
      27
      23
      20
      25
      21
      12
      19
      20
      17
      16
      18
      13
      20
      16
      17
      25
      15
      17
      17
      13
      18
      18
      24
      22
      17
      15
      15
      19
      22
      27
      21
      11
      18
      13
      16
      21
      14
      17
      12
      13
      23
      26
      23
      21
      17
      21
      19
      21
      14
      12
      14
      16
      16
      16
      14
      14
      13
      11
      18
      18
      14
      11
      12
      17
      18
      17
      15
      18
      13
       8
      18
      18
      24
      21
      19
      10
      11
      17
      16
      18
      13
      13
      13
      15
      16
      10
      17
      13
      10
      18
      14
      16
      18
      13
      22
      23
      18
      19
      23
      20
      18
      13
      20
      12
      17
      21
      21
      23
      13
      14
      22
      22
      19
      17
      13
      16
      16
      18
      16
      18
      12
      26
      19
      13
      15
      15
      14
      16
      19
       6
       9
      17
      11
      19
      16
      13
      20
      17
      15
      12
      15
      14
      20
      17
      17
      22
      16
      17
      14
      11
      19
      11
      10
      12
      19
      14
      18
      12
      16
      16
      10
      16
      13
      17
      20
      14
      13
      11
      19
      14
      14
      10
      10
      17
      11
      16
      12
      11
      15
      20
       9
      24
      15
      10
      17
      17
      20
      17
      20
      13
      15
      14
      15
      14
      12
      15
      10
       8
      10
      17
      22
       8
       7
      18
      14
      12
      12
      15
      17
      14
      17
      18
      11
      10
      13
      12
      12
      15
      12
      16
       6
      19
       9
      20
      14
       6
       8
      18
      13
      12
      14
      16
      17
      14
      19
       6
      18
      14
      16
       8
      15
      16
      18
      16
      13
      22
      15
      13
      15
      11
      16
       9
      12
      14
       9
       9
       5
      15
      20
      12
      10
      12
      20
      13
       9
      15
      13
       7
      16
      11
       8
      15
      20
      14
      20
      11
       6
       9
      12
      16
      10
      17
       5
      14
      13
      16
      21
      18
      21
      14
      13
      12
      17
      11
      10
      11
      12
      10
       8
      14
      18
      15
      11
       9
      11
      12
      14
      17
      11
       8
      18
      15
      12
      15
      10
      16
      13
      12
      11
      16
      11
      11
       9
      16
       7
      18
      11
      10
      17
      15
      17
       9
      15
      12
       9
      11
      12
      11
       9
      13
      10
      15
      10
      13
      16
      15
       9
      14
      14
       8
      17
      14
      11
      11
       8
      12
      12
      13
      10
      17
      14
      12
       8
      10
      14
      16
      10
      10
      14
      16
      15
       8
      11
      14
      14
       9
      10
      10
      11
      13
      15
      13
      17
      13
      12
      18
      11
      15
      14
      12
      16
      12
      11
      13
      12
      11
      15
       8
      10
       8
       6
       8
      13
      15
      10
      13
      11
      14
      14
      14
      14
      16
      10
      19
      18
       9
      14
      13
      12
       8
      14
      13
      12
      14
      13
      13
      15
       8
      19
      11
      14
      16
      18
      13
       8
      19
      10
       9
      17
      12
      15
      17
      14
      15
      10
       8
       9
      13
      18
      14
      15
      14
      16
       6
      17
      16
      16
      17
      18
       9
       7
      17
      15
       9
      15
       9
      12
      18
       7
       9
      20
      18
      13
       7
      18
      11
      13
      10
      17
      12
      11
       9
      17
      12
       8
      10
      10
      12
      17
      13
      12
      15
      16
      16
       9
       9
      13
      14
      12
      10
      19
      18
       8
      16
      11
      13
      18
      11
       8
       9
      20
      25
      16
      16
      14
       8
      10
      10
      10
      20
      12
      18
       6
       9
      11
      10
      12
      11
       9
      12
      16
      13
      10
      11
      18
      16
      16
      20
       9
      14
      19
      10
      15
      16
      10
      11
      17
      15
      10
      14
      17
       9
      11
      13
      12
       9
      12
       8
       6
      16
      18
      16
       5
      11
      13
      12
      14
      14
      15
      11
       8
      12
      17
       6
      19
      13
      10
      11
      12
      17
      14
      11
      15
      13
      12
      16
      11
      12
      20
      15
       9
      22
      14
      17
      12
      13
      17
      12
      10
       7
      20
       9
      10
      12
       8
      15
      15
      13
      11
      12
      16
      14
      13
      12
      15
       8
       9
      13
      15
      16
      12
      19
      15
      12
       6
      10
      16
      14
      11
      10
      12
      12
       9
      10
      16
      13
       9
       9
      11
      15
      13
      12
      13
      14
      16
       9
      15
      17
      14
      15
      13
      11
      18
      25
      13
       9
      17
      13
       5
       9
      12
       9
      11
       9
      13
      12
      12
      14
      12
      14
      13
      18
      10
      14
      14
      11
      10
      15
       9
      23
      17
       9
      13
      16
      10
      15
      12
      17
      10
      13
      10
      15
      12
      17
      18
      14
      16
      11
       7
      15
      14
      10
      14
      11
       9
      11
      12
      15
      13
      10
      16
      10
      13
      14
      11
      10
      10
       6
      11
      10
       5
      17
      12
      14
      16
      16
      15
      10
      12
      19
      13
      13
      10
      15
      11
      11
      13
      16
      13
      18
      13
      14
      13
      14
       9
      12
      10
      16
       8
      12
      12
      13
      10
      13
      12
      12
       8
      16
      14
      14
      17
      16
      16
      15
      13
      15
      15
      12
      11
       8
      12
       7
       7
      15
      15
      12
       9
       6
      14
      12
      15
      12
       8
      13
      16
      12
       6
      12
      13
      15
      13
      12
       4
      12
      14
      12
      12
      12
      15
       6
      14
       9
      13
      12
      12
      12
      13
      16
      18
      10
       9
      10
      12
       6
      12
      11
      15
      12
      14
      19
      15
       8
       8
      12
       4
      15
      18
      14
      12
       9
      12
      14
      12
      19
      13
      15
      14
       9
      15
      13
       6
      13
      17
      12
      12
      16
      11
      17
      15
      10
       7
      18
       7
      11
       9
      14
      12
      10
      10
       9
      16
      14
      18
      17
      12
      13
       9
      10
       9
       6
      15
       7
      10
      13
      16
      11
       6
      16
      18
       5
      13
      14
       9
      16
       8
      13
      13
       8
      11
      16
      14
      11
       5
       9
      14
      16
      12
      13
      11
      16
       8
      13
      11
      13
      10
       9
      16
      12
      23
      12
      14
      15
      13
      17
      16
      15
      13
      12
       9
      16
      14
      16
      18
      16
      13
       8
      16
       9
       6
      14
      16
      18
      10
      11
      12
      16
       6
      19
      13
      13
       8
      11
       7
      16
      22
      12
       9
      12
      21
      16
      11
      11
       9
      16
      14
      15
      18
      14
      17
      16
      11
      24
      12
      13
      14
      11
       9
      16
      15
      14
      10
      10
      21
      17
      21
      17
      21
      11
      25
      17
      17
       7
      15
      11
       8
      12
       7
      24
      14
      17
      13
      11
      14
      11
      10
      13
      12
      13
       6
      17
      17
      22
      15
      14
      16
      17
      12
      12
      16
      17
      13
      21
      17
      17
      16
      16
      16
      19
      10
      13
      14
      16
      13
      21
      17
      17
      14
      13
      18
      19
      17
      13
      14
      16
      15
      18
      21
      29
      19
      16
      25
      13
      19
      15
      14
      19
      23
      15
      19
      21
      18
      18
      16
      18
      16
      15
      13
      16
      18
      18
      17
      13
      23
      21
      25
      21
      27
      21
      21
      16
      27
      19
      42
      28
      24
      32
      34
      41
      33
      52
      54
      57
      65
      68
      82
      88
     108
     125
     150
     159
     184
     218
     258
     307
     335
     421
     515
     620
     740
     910
    1058
    1315
    1422
    1704
    2035
    2273
    2679
    2855
    3291
    3497
    3735
    4067
    4061
    4135
    4187
    4168
    4029
    3796
    3510
    3316
    2854
    2676
    2218
    1909
    1717
    1404
    1084
     786
     639
     468
     373
     292
     198
     171
     111
      87
      85
      45
      34
      29
      29
      16
      25
      24
      24
      28
      18
      22
      14
      16
      17
      23
      14
      13
      18
      11
      19
      22
      19
      14
      12
      24
      16
      15
      12
      14
      11
      17
      18
       9
      16
      13
       9
      11
      10
      14
      14
      10
      17
      16
      20
      14
      15
       9
      21
       7
       7
      15
       8
      17
      11
      17
       6
      10
      16
      11
      10
      12
      13
      10
      15
      10
       9
      12
      13
      10
      10
      19
      10
      11
      11
      10
      16
       9
      10
      12
      13
       4
       9
      11
      16
       6
      10
       9
      13
       9
       7
      11
       7
       7
      10
       8
      10
       6
       9
      10
      10
      13
       7
      18
      17
      15
       9
       7
      13
       6
      14
       7
      14
       6
      15
       9
      16
       9
       8
      10
      10
       7
      11
       5
      14
      11
      10
      13
      10
       9
       8
      10
      15
      10
       8
      12
      11
       9
      10
      12
       9
       4
       7
      10
      10
       7
       5
       4
       5
      10
       7
       7
       5
       8
      10
       6
      10
      12
       9
       7
       9
       9
       6
       6
      12
       9
      10
      11
       4
      17
       8
       8
       7
      12
      11
      15
       4
      11
      14
       4
      11
       8
       8
       8
       5
       8
       6
       8
      10
       7
       5
      13
       7
      10
       5
       4
       8
       4
       8
       8
       9
       7
       4
       5
       7
       6
       7
       7
       7
       9
       5
       7
       8
       9
       8
       7
      12
       9
      10
      11
      13
       7
      10
       7
      11
      12
      10
       5
       8
      11
      11
       5
      11
      11
       5
       4
      15
      10
      11
       8
      13
       7
       5
       7
       4
       9
       7
       8
       8
       5
       9
       7
       8
       9
      11
      10
      13
      11
      11
       8
      10
       7
       4
       4
       6
       9
       6
      13
       9
       9
      11
       6
      10
      10
       7
       8
       8
       3
      14
       5
       8
       8
      12
       6
       4
      13
       4
       4
       8
       4
       3
       9
       5
       4
       4
       6
       7
       8
       4
      11
       8
      10
       6
       7
       9
       7
       3
       8
       7
       7
       5
      12
       5
       2
       7
       5
       6
       6
       8
       6
       5
      10
       8
       6
       5
       6
       9
       5
       7
      11
       4
       9
       9
       3
       4
       5
       8
       6
       9
       8
       6
       8
       6
       5
       5
       6
       8
       7
       4
      10
      12
       8
       4
       3
       2
       5
       8
       7
       7
       7
       5
      10
       4
      13
       8
       9
      15
       3
       9
       6
       4
       7
       7
       7
       5
       8
       4
       6
      12
       7
       6
       9
       9
      11
       8
       8
       5
       9
       8
       7
       8
       6
       6
       6
       6
       9
       9
       4
       6
       5
       5
       9
       5
       6
      10
       6
       2
       7
       4
       8
       6
       6
       5
       5
       2
       9
       4
       6
       5
       4
       4
       5
       3
       6
      10
       4
       6
      15
       7
       7
       5
       8
       6
      12
       7
      13
       9
       7
       9
       3
       8
       7
       6
       2
      11
       4
       9
       5
       4
       6
       3
       5
       8
       5
      10
       8
       3
       2
       9
       6
       7
       8
       4
       7
       1
       4
       6
       9
       5
       6
       5
       6
       1
       5
       5
       4
       4
       8
       7
       5
       7
       7
       6
       8
      12
       5
       9
       7
       4
       8
       8
       8
       4
       6
       3
       4
       3
       9
      10
       5
       4
       5
       5
       3
       3
      12
       7
       3
       5
       4
       9
       7
       4
       3
       7
       9
       5
      10
       5
       9
       9
       9
       9
       8
       8
      10
       7
       8
       2
       8
       4
       7
       8
       6
       3
       6
       7
       4
       2
       5
       6
       8
       6
       9
      14
       6
       7
       8
       4
       6
       9
       9
       0
       8
       7
       8
       4
       5
       6
       3
       7
       7
       4
       8
       5
       9
       6
       7
      14
       3
       4
       8
       9
       5
       2
       4
      12
       4
       9
       7
       5
       3
       3
       7
       3
       6
       6
       9
       6
       6
       9
      10
       4
       3
       6
       5
       9
       7
       6
      12
       6
       5
       9
       5
       5
       7
       5
       5
       3
       6
       7
       9
       7
       2
       3
       9
       8
       3
       3
       9
       3
       4
       4
       9
       4
      10
       6
       4
      10
       5
       9
       7
       3
       8
       5
       5
       5
       5
       8
       6
       6
       4
       3
       4
       5
      10
       6
       5
       9
       6
       5
       6
       2
       4
       7
       3
       5
       1
       5
       5
       9
       6
      10
       2
       6
       5
       1
       3
       2
       8
       6
       4
       2
       7
       9
       4
       3
       9
       7
       7
       6
      13
       8
       7
       4
       4
       6
       4
       3
       6
       2
       7
       5
       6
       6
       4
       9
       5
       8
       7
       4
       5
       7
       6
       5
       6
       3
       4
       4
       4
       4
       7
       7
       5
       6
       4
       5
       4
      10
       9
       8
       7
      13
      13
       3
       7
       3
       2
       5
       5
       2
       6
       7
       5
       2
       8
       9
       7
      10
       1
       4
       6
       3
       8
       5
       3
       7
       6
       7
       5
      10
       5
       6
       4
       4
       6
       7
       4
       5
       4
       0
       5
       8
       7
       5
       2
       7
       3
       5
       1
       6
       4
       6
       7
       6
       5
       5
       6
       2
       5
       2
       4
       9
       3
       5
       9
       5
      10
       4
       9
       2
       6
       4
       9
       5
       4
       5
       2
       6
       7
       4
       4
       1
       7
       7
       5
       3
       6
       3
       5
       2
       3
       9
       3
       1
       7
       9
       4
       3
       5
       2
       9
       1
       6
       4
       3
       5
       8
       7
       3
       7
      10
       6
       6
       5
       9
       6
       2
       5
       6
       7
       8
       8
       4
      10
       7
       3
       9
       9
       3
       5
       7
       4
       7
       4
       9
       9
      10
       5
       2
       4
       2
       4
       5
       7
       4
       4
       8
       9
       9
      11
       7
       6
       4
       6
       8
       6
       4
       8
       9
       7
       5
       8
       2
       8
       4
       7
       5
       4
       5
       2
       4
       6
       5
       5
       7
       9
       5
       6
       7
       3
       9
       4
       1
       3
       9
       3
       6
       6
       5
       2
       6
       5
       4
       5
       7
       7
       3
       6
       4
       6
       4
       4
       3
       9
       5
       5
       4
       1
       7
      11
       4
      13
       3
       5
       6
       5
       3
       3
       3
       8
       6
       6
       5
       5
       8
       3
       3
       5
       3
      10
       9
       3
       5
       9
       6
       9
       5
       7
       3
       8
       3
       6
       7
       6
       7
       5
       2
       4
       3
       4
       5
       3
       4
       6
       2
       3
       2
       3
       6
       7
       2
       5
       9
       7
       5
       6
       6
       6
       9
       6
       5
       5
       7
       8
       7
       5
       7
       5
       6
       7
       6
       6
       8
       9
       6
       2
       5
      10
       9
       5
       4
       2
       2
       7
       2
       6
       6
       7
       5
       7
       3
       2
       6
       9
       4
      10
       8
       5
       6
       5
       2
       5
       7
       5
      10
       4
       7
       7
       5
       4
       8
       9
      11
       3
       7
       5
       4
       9
       7
       7
       5
       5
       6
       4
       7
       3
       6
       1
       7
       3
       3
       4
       4
       4
       6
      10
       5
       5
       4
       5
      11
       5
       4
       5
       4
       8
       2
       6
       2
       7
       7
       4
       4
       4
       3
       4
       8
      12
       6
       5
       5
       5
       5
       7
       5
       6
       7
       6
       8
       2
       3
       6
       4
       0
       5
       3
       6
       3
       2
       3
       5
       4
       4
       5
       2
       3
       2
       3
       1
       5
       4
      10
       1
       4
       8
       7
       6
       5
       7
       2
       5
       3
       6
       4
       4
       6
       2
       8
       5
       5
       8
       4
      11
       2
       5
       4
       2
       9
       4
       3
      13
       2
       5
       8
       6
       3
      11
       5
       5
       4
      11
       7
       5
       8
       3
       9
       3
       5
       6
       5
       1
      11
       7
       4
      10
       9
       5
       6
       7
       7
       2
       3
       5
       7
       5
       3
       6
       3
       4
       6
       2
       5
       3
       4
       6
       0
       5
       3
       7
       0
       5
       3
       1
       6
       2
       8
       5
       4
       8
       7
       7
       8
       7
       3
       3
       1
       2
       5
       3
       7
       2
       7
       7
       6
       8
       2
       1
       7
       7
       4
       3
       5
       7
       6
       1
       9
       6
       5
       6
       4
       1
       2
       5
       4
       5
       5
       5
       7
       9
       2
      11
       4
       5
       9
       8
       4
       2
       6
       4
       7
       5
       2
       7
       9
       5
       1
       4
       5
       2
       9
       5
       8
       3
       5
       6
       3
       3
       6
       6
       6
       6
       3
       3
       6
       9
       4
       2
       1
       2
       8
       3
       4
       7
       4
       5
       4
       5
       3
       9
       1
       3
       6
       4
       7
       2
      12
       9
       6
       6
       3
       3
       5
       5
       1
       8
       4
       6
       4
       5
       7
       9
       7
       5
       6
       5
       6
       3
       7
       6
       5
       5
       4
       4
       6
       8
       4
       7
       1
       9
       5
       7
       4
       5
       5
       3
       3
       6
       4
       7
       5
       5
       7
      10
       3
       8
       8
       3
       1
       4
       9
       6
       5
       1
       3
       5
       4
       5
       3
       8
       5
       7
       5
       3
       6
       4
       4
       7
       6
       2
       5
       5
       4
       3
       4
       7
       3
       4
       4
       6
       5
       4
       4
       0
       4
       4
       6
       6
       3
       8
       2
       5
       6
       4
       4
       3
       3
       4
       5
       7
       6
       5
       2
       6
       2
       5
       2
       4
       5
       4
       6
       5
       6
       6
       5
       5
       3
       5
       1
       6
       2
       4
       7
       5
       4
       3
       5
       3
       4
       7
       1
       4
       3
       7
       8
       7
       2
       6
       7
       2
       7
       7
       3
       5
       1
       9
       7
       4
       8
       5
       3
       5
       5
       5
       4
       4
       3
       3
       4
       3
       3
       5
       3
       4
       6
       7
       6
       4
       4
       3
       5
       7
       4
       4
       9
       4
       2
       6
       3
       4
       4
       7
       9
       1
       4
       7
       7
       6
       4
       4
       2
       8
       6
       5
       6
       4
       6
       3
       4
       4
       6
       3
       3
       0
       7
       7
       6
       5
       7
       4
       2
       4
       8
       3
       7
       5
       5
       4
       2
       6
       3
      10
       4
      10
       8
       2
       6
       6
       3
       2
       7
       3
       2
       5
       1
       2
       5
       4
       3
       1
       3
       7
       3
       6
       4
       2
       6
       7
       2
       2
       3
       5
       6
       6
       2
       1
       3
       2
       5
       4
       6
       9
       6
       7
       9
       2
       4
       4
       3
       4
       7
       3
       1
       6
       4
       3
       5
       6
       2
       4
       8
       8
       5
       5
       2
       4
       3
       5
       3
       5
       4
       3
       4
       4
       6
       3
       3
       3
       8
       7
       6
       2
       7
       6
       2
       4
       3
       7
       3
       4
       6
       3
       3
       6
       6
       1
       4
       3
       3
       3
       4
       1
       4
       9
       6
       5
       8
       7
       3
       6
       6
       8
       0
      10
       4
      11
       2
       5
       3
       4
       6
       4
       8
       3
       8
       6
       5
       4
       3
       6
       4
       1
       5
       5
       3
       2
       6
       2
       6
       5
       8
       4
       2
       8
       9
       9
       4
       6
       6
       4
       5
       3
       4
       7
       5
      10
       7
       3
      11
       5
       3
       4
       5
       4
       7
       7
       6
       4
       7
       6
      10
       9
       4
       6
       9
       3
       8
       4
       5
       5
       7
       8
       6
       9
       1
       4
       6
       3
       7
       8
       5
       7
       5
       3
       6
       8
       3
       2
       5
       6
       3
       4
      10
       4
       7
       9
       6
       9
       6
       3
       5
       3
      10
       4
       2
       8
       2
       1
       6
       4
       3
       7
       2
       3
       8
       5
       2
       6
       6
       5
       6
       3
       6
       5
       3
       7
       5
       5
       2
       7
       5
       4
       5
       7
       4
       5
       5
       3
       3
       7
       2
       8
       3
       7
       5
       5
       5
       3
       7
       2
       5
       6
       3
       8
       4
       3
       5
       6
       4
       8
       6
       4
       1
       4
       9
       3
       5
       6
       2
       1
       4
       5
       5
       3
       3
       8
       6
       6
       8
       7
       9
       7
       8
       7
       6
       7
      10
       6
       7
       9
      12
      22
      10
      20
      16
      16
      15
      15
      21
      20
      18
      10
      17
      13
      12
      21
       6
      10
      17
      16
       6
       9
       7
       7
       8
       5
       7
       4
       8
       7
       2
       5
       9
       4
       3
       8
       4
       6
       6
       7
      10
       5
       3
       5
       6
       5
       7
       6
       4
       5
       8
       4
       4
       5
       3
       4
       7
       4
      10
       3
       5
       3
       4
       2
      11
       3
       2
       4
       3
       7
       2
       1
       6
       8
       6
       2
       2
      12
       5
       0
       7
       9
       3
       9
       3
       8
       5
       6
       4
       2
       2
       7
       3
       4
       7
       2
       3
       4
       6
       5
       3
       1
       2
       2
       1
       5
       4
       5
       5
       5
       7
       3
       7
       4
       7
       6
       3
       4
       4
       4
       5
       6
       2
       9
       8
       6
       3
       5
       4
       4
       5
       5
       7
       6
       4
       4
       9
       2
       6
       3
       2
       1
       9
       2
       5
       1
       5
       8
       7
       4
       9
       5
       6
       8
       8
       6
       0
       2
       2
       3
       2
       3
       6
       5
       5
       9
       5
       3
       2
       6
       8
       2
       5
       3
       4
       5
       7
       4
       3
       4
      10
       7
       2
       5
      10
       2
       2
       4
       5
       3
       7
       2
       7
      10
       5
       4
       7
       7
       4
       4
       5
       3
       8
       4
       6
       4
       2
       3
       5
       6
       8
       6
       4
       6
       4
       6
       3
       5
       3
       2
       4
       3
       3
       4
       6
       5
       4
       6
       2
       5
       4
       4
       2
       3
       5
       3
       5
       6
       5
       5
       6
       4
       5
       9
       4
       8
       5
       1
       1
       1
       4
       6
       6
       3
       2
       3
       1
       6
       4
       4
       8
       4
       5
       7
       9
       9
       3
       3
       3
       8
       7
       4
       5
       7
       4
       5
       4
       6
       4
       6
       3
       9
       6
       4
       3
       1
       9
       4
       4
       1
       4
       3
       5
       3
       2
       5
       3
       7
       8
       3
       3
       4
       3
       6
       5
       5
       3
       5
       4
       3
       2
       7
       7
       5
       4
       6
       8
       5
       6
       4
       5
      10
       2
       5
       6
       7
       9
       3
       2
      11
       2
       5
       4
       4
       4
       8
       6
       2
       4
       3
       5
       4
       2
       5
       5
       4
       2
       3
       7
       4
       3
       4
       8
       3
       6
       5
       2
       4
       3
       3
       8
       6
       3
       2
       6
       5
       8
       8
       2
       4
       3
       8
       5
       8
       4
       7
       7
       5
       1
       5
       7
       7
       5
       4
       2
       2
       4
       6
       6
       2
       4
      10
       2
       4
       3
       7
       1
       1
       4
       6
       3
      11
       9
       7
       4
       8
       5
       3
       2
      10
       3
       3
       7
       4
       4
       7
       4
       6
       0
       2
       3
       3
       5
       7
       7
       8
       3
       4
       2
       4
       5
       2
       5
       3
       4
       3
       8
       5
       7
       2
       9
       6
       2
       4
       7
       8
       6
       7
       5
       2
       6
       6
       5
       5
       8
       0
       3
       6
       6
       3
       5
       7
       3
       6
       4
       2
       3
       5
       2
       4
       7
       7
       4
       7
       2
       5
       2
       2
       6
       4
       7
       2
       6
       6
       2
       2
       3
       6
       2
       5
       4
       4
       5
       4
       1
       4
       6
       4
       5
       4
       9
       4
       5
       2
       5
       3
       7
       1
       6
       6
       5
       8
       4
       5
       7
       4
       8
       6
       5
       9
       0
       6
       4
       4
       5
       3
       5
       4
       3
       4
       5
       3
       6
       4
       3
       5
       5
       2
       6
       6
       0
       7
       4
       5
       6
       6
       3
       6
       5
       4
       4
       4
       4
       4
       2
       4
       5
       5
       5
       3
       3
       6
       3
       3
       5
       4
       4
       6
       2
       7
       6
       4
       7
       2
       3
       5
       6
       7
       8
       3
       7
       6
       3
       6
       5
       5
       3
       3
       3
       4
       5
       3
       6
       6
       5
       7
       4
       3
       7
       8
       3
       6
       4
       4
       4
       4
       5
       3
       5
       4
       2
       6
       5
       3
       4
       4
       0
       3
       6
       9
       5
       5
       6
       3
       5
       5
       4
       3
       4
       3
       3
       2
       9
       8
       3
       9
       3
       0
       3
       5
       2
       4
       4
       6
       6
       7
       5
      10
       6
       5
       4
       4
       5
       5
       3
       5
       2
       2
       6
       7
       5
       7
       5
       5
       5
       4
       1
       6
       2
       5
       1
       3
       4
       5
       5
       9
       5
       3
       7
       2
       3
       6
       6
       7
       6
       7
       1
       8
       4
       7
       1
       1
       3
       4
       7
       4
       3
       3
       8
       3
       1
       2
       3
       5
       8
       6
      10
       3
       4
       5
       4
       5
       3
       6
       7
       2
       2
       5
       5
       8
       2
       2
       6
       4
       4
       3
       5
       2
       5
       7
       3
       6
       5
       2
       5
       4
       8
       6
       5
       5
       6
       3
       4
      11
       6
       1
       3
       6
       4
       8
       3
       5
       7
       7
       3
       5
       4
       4
       5
       5
       4
       8
       6
       1
       5
       6
       5
       5
       8
       7
       4
       3
       6
       7
       4
       2
       3
       4
       4
       5
       4
       5
       6
       9
       4
       6
       3
       3
       8
       9
       5
       9
       6
       5
       7
       5
       5
       6
       6
      11
       5
       3
       5
       5
       5
       6
       5
       5
       3
       3
       4
       2
       5
       6
      10
       3
       5
       8
       4
       4
       1
       4
       4
       7
       4
       4
       7
       2
       4
       3
       6
       3
       2
       4
       5
       4
       5
       8
       3
       6
       1
       9
      10
       3
       8
       4
       2
       6
       7
       8
       7
       6
       6
       0
       5
       4
       8
       4
       3
       3
       8
       5
       7
       4
       2
      10
       6
       5
       3
       3
       4
       4
       5
       4
       9
      10
       4
       9
       5
       3
       4
       6
       4
       6
       5
       2
       4
       6
       3
       7
       3
       2
       3
       3
       6
       4
       6
       7
       7
       3
       3
       6
       6
       1
       3
       6
       6
       5
       6
       2
       6
       6
       0
       1
       1
       2
       5
       8
      11
       4
       0
       3
       2
       3
       6
       5
       9
       4
       3
       3
       9
       5
       3
       4
       6
       5
       3
       4
       4
       6
       8
       5
       4
       6
       2
      11
       2
       3
       4
       6
       8
       3
       2
       5
       5
       9
       3
       4
       5
       5
       4
       7
       4
       7
       9
       5
       4
       2
       5
       5
       6
       6
       4
       6
       6
       7
       6
       6
       6
       5
       9
       5
       4
       4
       3
       3
       4
       6
       3
       4
       2
       7
       6
       3
       6
       5
       5
       5
       4
       2
       9
       7
       3
       4
       4
       6
       5
       7
       3
       6
       5
       6
       8
       4
      10
       4
       7
       2
       5
       2
       5
       5
       9
       5
       7
       8
       4
       6
       5
       8
       6
       5
       4
       5
       4
       7
       7
       4
       5
       2
       9
       5
       3
       4
       2
       4
      10
       9
       6
       1
       4
       9
       5
       4
       8
       3
       0
       2
       7
       3
       3
       4
       8
       3
       6
       2
       8
       5
       0
       4
       6
       3
       7
       6
       6
       1
       8
       6
       4
       1
       1
       1
       4
       2
       4
       5
       9
       2
       5
       6
       3
       2
       4
       6
       7
       2
       6
       5
       6
       1
       7
       5
       4
       7
       3
       5
       6
       2
       6
       7
       4
       3
       5
       4
       4
       4
       6
       5
       4
       3
       8
       8
       8
       2
       5
       6
       4
      12
       4
       5
       4
       3
      12
       2
       1
       7
       3
       4
       7
       3
       2
       6
       4
       2
       3
       7
       7
       2
       5
       4
       4
       4
       6
       9
       6
       7
       1
       3
       1
       1
       4
       2
       5
       3
       3
       6
       8
       6
       3
       1
       3
       3
       4
       6
       4
       5
       3
       2
       5
       8
       2
       5
       7
       2
       2
       4
       8
       4
       5
       5
       1
       2
       1
       7
       3
       3
       6
       1
       5
       1
       3
       7
       3
       3
       5
       5
       4
       3
       4
       3
       3
       1
       5
       9
       3
       5
       5
       3
       4
       4
       3
       9
       8
       2
       4
       3
       1
       3
       6
       4
       4
       3
       6
       4
       3
       6
       5
       2
       4
       1
       2
       1
       6
       5
       5
       4
       3
       0
       1
       3
       8
       3
       1
       3
       2
       4
       6
       2
       1
       4
       2
       2
       7
       2
       3
       4
       4
       6
       1
       7
       3
       2
       3
       3
       1
       4
       2
       1
       5
       5
       3
       6
       1
       2
       5
       5
       3
       4
       5
       1
       3
       8
       3
       5
       5
       4
       4
       4
       5
       1
       3
       4
       3
       5
       4
       5
       4
       8
       4
       2
       2
       1
       2
       5
       5
       2
       4
       3
       3
       3
       1
       7
       6
       3
       3
       5
       5
       7
       3
       4
       4
       2
       3
       5
       8
       2
       3
       2
       7
       7
       5
       1
       4
       1
       1
       0
       3
       4
       1
       7
       5
       4
       7
       3
       3
       3
       2
       3
       3
       3
       2
       3
       2
       3
       4
       3
       3
       6
       3
       3
       3
       8
       9
       5
       3
       3
       3
       7
       5
       5
       4
       6
       4
       1
       2
       5
       5
       4
       1
       2
       4
       4
       5
       3
       5
       4
       6
       5
       4
       5
       2
       7
       4
       3
       3
       5
       3
       6
       4
       5
       3
       3
       6
       5
       5
       4
       3
       1
       3
       4
       5
       7
       1
       5
       5
       2
       6
       5
       4
       5
       5
       9
       3
       4
       5
       6
       1
       1
       6
       3
       5
       4
       4
       3
       6
       5
       4
       5
      10
       1
       6
       2
       8
       5
       4
       4
       2
       4
       5
       3
       3
       4
       2
       6
       2
       2
       0
       2
       5
       2
       2
       4
       4
       5
       4
       1
       5
       8
       2
       7
       7
       8
       8
       6
       2
       4
       2
       6
       8
       4
       4
       4
       2
       3
       4
       7
       2
       5
       4
       6
       7
       2
       8
       4
       6
       1
       2
       2
       6
       3
       2
       2
       2
       5
       2
       4
       5
       5
       3
       4
       3
       4
       3
       2
       3
       6
       4
       4
       4
       6
       7
       6
       4
       2
       9
       6
       4
       0
       0
       0
       0
       0
       0
       0
       0
       0
       0
       0
       0
       0
       0
       0
       0
       0
       0
       0
       0
       0
       0
       0
       0
       0
       0
       0
       0
       0
       0
       0
       0
       0
       0
       0
       0
       0
       0
       0
       0
       0
       0
       0
       0
       0
       0
       0
       0
       0
       0
       0
       0
       0
       0
       0
       0
       0
       0
       0
       0
       0
       0
       0
       0
       0
       0
       0
       0
       0
       0
       0
       0
       0
       0
       0
       0
       0
       0
       0
       0
       0
       0
       0
       0
       0
       0
       0
       0
       0
       0
       0
       0
       0
       0
       0
       0
       0
       0
       0
       0
       0
       0
       0
       0
       0
       0
       0
       0
       0
       0
       0
       0
       0
       0
       0
       0
       0
       0
       0
       0
       0
       0
       0
       0
       0
       0
       0
       0
       0
       0
       0
       0
       0
       0
       0
       0
       0
       0
       0
       0
       0
       0
       0
       0
       0
       0
       0
       0
       0
       0
       0
       0
       0
       0
       0
       0
       0
       0
       0
       0
       0
       0
       0
       0
       0
       0
       0
       0
       0
       0
       0
       0
       0
       0
       0
       0
       0
       0
       0
       0
       0
       0
       0
       0
       0
       0
       0
       0
       0
       0
       0
       0
       0
       0
       0
       0
       0
       0
       0
       0
       0
       0
       0
       0
       0
       0
       0
       0
       0
       0
       0
       0
       0
       0
       0
       0
       0
       0
       0
       0
       0
       0
       0
       0
       0
       0
       0
       0
       0
       0
       0
       0
       0
       0
       0
       0
       0
       0
       0
       0
       0
       0
       0
       0
       0
       0
       0
       0
       0
       0
       0
       0
       0
       0
       0
       0
$ROI:
2
4852 5354
12587 12888
$PRESETS:
Live Time
10800
0
$ENER_FIT:
0.358687 0.099971
$MCA_CAL:
3
3.586871E-001 9.997089E-002 0.000000E+000 keV
$SHAPE_CAL:
3
3.638087E+001 -1.552510E-003 0.000000E+000
