$SPEC_ID:
JKL Model 927 SN 17053844 Input 1 HEC-Cr-HEC-Cr-T30-D100-HPGe1-2
$SPEC_REM:
DET# 2
DETDESC# BULK Model 927 SN 17053844 Input 1
AP# Maestro Version 6.08
$DATE_MEA:
05/11/2026 12:14:18
$MEAS_TIM:
251 356
$DATA:
0 16383
       0
       0
       0
       0
       0
       0
       0
       0
       0
       0
       0
       0
       0
       0
       0
       0
       0
       0
       0
       0
       0
       0
       0
       0
       0
       0
       0
       0
       0
       0
       0
       0
       0
       0
       0
       0
       0
       0
       0
       0
       0
       0
       0
       0
       0
       0
       0
       0
       0
       0
       0
       0
       0
       0
       0
       0
       0
       0
       0
       0
       0
       0
       0
       0
       0
       0
       0
       0
       0
       0
       0
       0
       0
       0
       0
       0
       0
       0
       0
       0
       0
       0
       0
       0
       0
       0
       0
       0
       0
       0
       0
       0
       0
       0
       0
       0
       0
       0
       0
       0
       0
       0
       0
       0
       0
       0
       0
       0
       0
       0
       0
       0
       0
       0
       0
       0
      23
     188
     519
     555
     522
     471
     484
     518
     461
     465
     445
     462
     476
     468
     478
     438
     432
     470
     453
     450
     459
     484
     474
     468
     427
     420
     457
     451
     489
     465
     442
     440
     442
     452
     445
     470
     463
     447
     471
     465
     439
     441
     462
     456
     465
     444
     475
     478
     421
     408
     426
     408
     390
     437
     429
     424
     432
     432
     441
     416
     432
     459
     394
     437
     441
     419
     389
     412
     432
     399
     433
     396
     451
     383
     421
     449
     435
     449
     436
     403
     399
     430
     412
     439
     391
     406
     421
     406
     390
     431
     424
     403
     414
     414
     388
     367
     394
     422
     401
     393
     418
     385
     388
     402
     411
     405
     373
     395
     428
     401
     403
     388
     407
     360
     369
     376
     384
     365
     385
     391
     405
     365
     387
     422
     351
     382
     369
     359
     360
     356
     383
     360
     409
     401
     372
     392
     409
     420
     385
     374
     382
     370
     397
     415
     352
     392
     423
     389
     374
     387
     364
     369
     369
     335
     398
     384
     374
     358
     384
     351
     334
     329
     360
     372
     379
     406
     373
     352
     370
     407
     384
     376
     360
     397
     373
     376
     388
     381
     408
     366
     391
     374
     373
     355
     337
     356
     391
     385
     381
     386
     356
     386
     357
     373
     372
     360
     347
     380
     376
     354
     356
     383
     318
     336
     366
     358
     357
     359
     395
     372
     358
     385
     410
     398
     354
     373
     376
     364
     379
     338
     331
     378
     379
     371
     370
     353
     394
     343
     348
     346
     336
     329
     341
     382
     355
     359
     350
     349
     344
     374
     357
     336
     355
     347
     317
     356
     301
     381
     357
     342
     350
     334
     368
     324
     333
     337
     336
     341
     361
     327
     337
     351
     325
     353
     342
     351
     325
     322
     344
     316
     363
     354
     340
     381
     357
     343
     362
     363
     379
     343
     364
     325
     371
     331
     342
     312
     340
     353
     288
     318
     348
     329
     336
     326
     334
     324
     308
     328
     358
     346
     286
     358
     326
     330
     346
     360
     358
     341
     338
     348
     348
     326
     346
     334
     331
     347
     330
     317
     370
     319
     354
     332
     343
     331
     346
     343
     370
     328
     357
     333
     338
     300
     337
     330
     304
     308
     314
     342
     294
     329
     316
     360
     343
     341
     301
     328
     332
     323
     296
     334
     347
     319
     347
     349
     354
     336
     345
     358
     337
     338
     341
     311
     308
     317
     315
     355
     291
     336
     348
     318
     315
     348
     309
     330
     317
     342
     353
     354
     323
     331
     333
     347
     315
     336
     338
     311
     322
     365
     315
     327
     327
     337
     304
     349
     338
     334
     349
     330
     336
     325
     302
     321
     325
     317
     348
     319
     321
     323
     333
     350
     344
     359
     323
     320
     314
     287
     339
     330
     308
     322
     338
     329
     326
     310
     326
     368
     311
     338
     311
     360
     347
     329
     323
     323
     315
     318
     310
     318
     327
     307
     323
     294
     319
     315
     335
     318
     312
     321
     324
     314
     306
     308
     308
     328
     322
     344
     322
     304
     341
     336
     314
     326
     340
     320
     320
     321
     384
     284
     343
     325
     296
     338
     313
     321
     320
     341
     300
     344
     308
     325
     308
     326
     328
     327
     313
     328
     325
     331
     318
     276
     318
     327
     321
     319
     343
     331
     313
     325
     329
     317
     310
     325
     340
     313
     302
     330
     295
     314
     304
     294
     310
     315
     345
     291
     328
     321
     343
     317
     305
     340
     331
     312
     299
     326
     320
     339
     321
     319
     343
     341
     314
     325
     326
     313
     332
     332
     342
     338
     329
     322
     315
     326
     324
     319
     341
     302
     310
     315
     343
     309
     322
     305
     360
     310
     296
     349
     326
     333
     316
     310
     311
     337
     334
     316
     295
     320
     320
     330
     338
     337
     333
     347
     290
     290
     304
     318
     289
     334
     345
     339
     326
     290
     286
     322
     325
     310
     358
     301
     308
     345
     326
     312
     307
     308
     329
     360
     324
     325
     333
     339
     355
     357
     355
     331
     370
     326
     343
     330
     351
     352
     348
     319
     345
     319
     309
     359
     342
     293
     322
     332
     357
     334
     351
     345
     370
     338
     383
     434
     413
     349
     376
     347
     346
     314
     332
     302
     307
     295
     324
     321
     280
     350
     321
     299
     362
     341
     313
     294
     314
     322
     337
     316
     345
     297
     330
     313
     319
     314
     343
     301
     310
     315
     330
     301
     326
     310
     324
     302
     330
     297
     316
     301
     323
     298
     313
     331
     325
     314
     286
     337
     287
     334
     311
     307
     317
     325
     326
     337
     342
     297
     311
     294
     325
     318
     318
     300
     329
     314
     320
     315
     300
     318
     312
     341
     327
     304
     331
     288
     317
     321
     307
     304
     319
     297
     326
     306
     312
     321
     311
     345
     342
     345
     301
     365
     331
     339
     359
     357
     313
     325
     342
     308
     329
     313
     303
     326
     280
     302
     302
     302
     347
     330
     294
     295
     316
     309
     312
     329
     348
     318
     312
     312
     324
     338
     340
     353
     314
     310
     307
     318
     299
     305
     316
     321
     286
     304
     305
     296
     318
     345
     325
     316
     298
     288
     319
     328
     320
     324
     298
     296
     333
     312
     334
     328
     298
     328
     329
     315
     308
     322
     295
     317
     307
     309
     316
     337
     284
     315
     268
     317
     318
     331
     334
     302
     308
     307
     336
     323
     317
     319
     276
     323
     327
     313
     329
     330
     313
     307
     349
     368
     328
     305
     297
     338
     306
     344
     351
     293
     326
     295
     292
     301
     314
     306
     323
     306
     293
     309
     307
     318
     305
     299
     270
     291
     301
     302
     307
     305
     311
     329
     306
     280
     285
     333
     313
     326
     269
     335
     341
     310
     291
     295
     311
     285
     323
     304
     292
     304
     303
     302
     341
     310
     315
     309
     333
     331
     295
     301
     300
     292
     311
     312
     310
     307
     291
     329
     309
     313
     326
     305
     347
     294
     279
     301
     314
     296
     306
     316
     300
     312
     319
     305
     313
     316
     314
     321
     324
     313
     310
     306
     278
     306
     305
     338
     334
     328
     339
     331
     312
     307
     333
     288
     320
     312
     286
     307
     321
     320
     343
     282
     308
     340
     322
     288
     313
     288
     314
     340
     315
     348
     332
     307
     354
     310
     290
     306
     304
     295
     292
     333
     307
     335
     311
     284
     317
     302
     305
     293
     297
     331
     297
     301
     334
     329
     339
     323
     336
     308
     354
     294
     298
     297
     341
     313
     300
     294
     295
     336
     285
     276
     319
     319
     319
     314
     328
     275
     319
     303
     290
     326
     275
     313
     325
     283
     324
     320
     345
     291
     296
     351
     320
     308
     295
     305
     312
     329
     317
     340
     299
     305
     300
     313
     306
     291
     304
     325
     320
     300
     295
     320
     306
     328
     367
     309
     260
     317
     273
     330
     301
     305
     321
     302
     316
     298
     317
     319
     308
     308
     290
     301
     298
     298
     327
     304
     310
     313
     333
     317
     324
     297
     336
     324
     334
     317
     307
     302
     296
     311
     302
     306
     308
     313
     300
     316
     308
     318
     354
     333
     313
     311
     290
     304
     321
     325
     310
     305
     321
     312
     315
     287
     301
     307
     309
     311
     303
     318
     295
     281
     340
     287
     312
     315
     300
     313
     316
     292
     299
     320
     310
     309
     334
     298
     281
     339
     296
     296
     283
     295
     308
     309
     326
     292
     283
     360
     288
     323
     301
     292
     307
     303
     314
     290
     313
     280
     318
     304
     319
     349
     315
     328
     306
     314
     324
     289
     322
     307
     332
     327
     327
     300
     327
     302
     290
     318
     307
     255
     306
     313
     336
     319
     311
     302
     308
     317
     307
     310
     314
     297
     335
     336
     336
     315
     310
     317
     314
     310
     306
     293
     330
     302
     312
     338
     283
     303
     306
     310
     320
     328
     304
     324
     302
     325
     314
     310
     288
     319
     320
     321
     339
     304
     318
     291
     317
     305
     305
     331
     295
     290
     319
     299
     286
     333
     314
     312
     317
     318
     312
     302
     301
     307
     318
     304
     311
     289
     295
     292
     307
     293
     330
     329
     370
     293
     310
     316
     304
     301
     286
     309
     325
     336
     290
     295
     321
     309
     318
     304
     319
     280
     284
     284
     331
     281
     314
     302
     294
     321
     294
     296
     323
     289
     309
     290
     302
     331
     294
     306
     299
     315
     333
     331
     316
     294
     334
     296
     295
     297
     295
     331
     286
     309
     304
     297
     304
     306
     319
     289
     310
     288
     292
     319
     301
     309
     301
     283
     298
     314
     291
     304
     327
     311
     302
     286
     303
     334
     308
     307
     303
     327
     303
     297
     294
     307
     302
     322
     300
     301
     327
     288
     298
     349
     316
     306
     333
     302
     303
     304
     314
     292
     306
     291
     310
     297
     300
     289
     300
     308
     314
     316
     300
     305
     306
     279
     301
     285
     312
     315
     299
     299
     313
     297
     321
     316
     284
     307
     326
     319
     303
     286
     285
     293
     291
     320
     335
     302
     332
     296
     287
     321
     301
     304
     293
     293
     305
     301
     322
     286
     283
     341
     281
     312
     319
     268
     309
     274
     313
     301
     302
     313
     297
     279
     319
     278
     285
     313
     322
     315
     304
     321
     297
     317
     312
     297
     287
     335
     290
     318
     304
     294
     318
     274
     303
     323
     281
     317
     343
     324
     281
     311
     292
     271
     282
     319
     303
     297
     312
     314
     285
     314
     308
     301
     302
     306
     307
     320
     298
     312
     300
     296
     306
     266
     294
     324
     294
     327
     311
     263
     273
     292
     292
     293
     317
     291
     319
     277
     293
     300
     331
     296
     275
     284
     278
     287
     291
     312
     312
     328
     299
     299
     313
     311
     291
     284
     307
     306
     301
     277
     310
     277
     269
     311
     317
     335
     286
     306
     335
     311
     319
     323
     288
     286
     315
     292
     319
     307
     327
     331
     283
     295
     309
     321
     300
     308
     315
     318
     273
     311
     296
     329
     290
     327
     301
     314
     312
     297
     305
     294
     308
     308
     286
     288
     309
     319
     275
     296
     325
     272
     308
     290
     320
     284
     304
     288
     319
     320
     312
     322
     298
     318
     288
     300
     315
     311
     293
     312
     321
     318
     282
     326
     293
     288
     341
     311
     312
     299
     316
     296
     315
     329
     291
     307
     326
     333
     279
     340
     313
     296
     341
     305
     304
     339
     299
     351
     306
     329
     313
     317
     339
     337
     306
     312
     344
     364
     302
     337
     305
     336
     312
     333
     358
     374
     379
     354
     340
     364
     356
     384
     352
     333
     342
     350
     356
     358
     374
     356
     348
     341
     369
     366
     368
     391
     394
     342
     362
     333
     353
     361
     369
     359
     343
     380
     341
     365
     346
     357
     333
     394
     352
     373
     335
     354
     328
     358
     377
     374
     348
     382
     404
     375
     369
     340
     365
     372
     358
     370
     345
     356
     346
     383
     362
     380
     347
     330
     384
     367
     355
     365
     358
     335
     334
     318
     379
     382
     360
     322
     345
     391
     389
     371
     350
     327
     351
     374
     334
     383
     360
     357
     397
     369
     351
     373
     362
     343
     360
     351
     316
     357
     382
     326
     350
     359
     330
     371
     340
     352
     370
     347
     376
     339
     349
     352
     351
     351
     357
     316
     353
     390
     355
     330
     385
     370
     344
     361
     365
     363
     369
     331
     329
     349
     378
     373
     343
     321
     347
     365
     368
     329
     342
     370
     351
     346
     354
     343
     370
     325
     326
     369
     370
     378
     348
     363
     316
     383
     344
     377
     316
     358
     330
     344
     323
     406
     330
     353
     374
     378
     350
     377
     342
     367
     333
     362
     344
     332
     347
     367
     326
     342
     333
     345
     299
     339
     371
     345
     332
     326
     329
     362
     345
     379
     342
     344
     365
     347
     323
     325
     317
     353
     328
     313
     324
     313
     345
     374
     325
     313
     354
     360
     345
     343
     323
     348
     337
     345
     357
     318
     323
     368
     320
     318
     347
     325
     344
     331
     317
     365
     295
     312
     331
     330
     358
     334
     345
     354
     342
     327
     356
     341
     332
     355
     308
     328
     353
     331
     317
     350
     350
     332
     333
     327
     334
     334
     308
     342
     324
     334
     321
     344
     320
     351
     345
     324
     316
     338
     308
     342
     315
     330
     372
     347
     313
     333
     325
     317
     341
     293
     374
     359
     329
     301
     328
     332
     292
     339
     304
     331
     373
     319
     308
     321
     331
     342
     332
     341
     327
     303
     322
     346
     307
     325
     307
     317
     326
     361
     346
     353
     314
     358
     314
     367
     311
     317
     318
     328
     320
     330
     323
     325
     355
     350
     327
     304
     326
     336
     326
     314
     316
     303
     350
     317
     344
     331
     323
     342
     317
     318
     310
     317
     321
     322
     314
     319
     356
     310
     296
     368
     315
     325
     322
     306
     323
     338
     340
     320
     305
     329
     341
     330
     325
     319
     309
     322
     310
     325
     315
     341
     333
     336
     292
     292
     314
     310
     303
     316
     283
     350
     358
     293
     330
     347
     337
     313
     291
     313
     328
     305
     292
     324
     277
     284
     278
     303
     321
     316
     303
     316
     289
     322
     317
     295
     324
     314
     313
     289
     343
     348
     336
     301
     333
     327
     326
     305
     337
     284
     327
     323
     311
     314
     279
     338
     321
     305
     334
     339
     325
     330
     317
     307
     348
     303
     346
     330
     316
     331
     319
     334
     328
     336
     279
     335
     318
     339
     312
     324
     289
     297
     321
     307
     328
     303
     314
     305
     321
     323
     320
     344
     342
     337
     311
     319
     298
     334
     328
     310
     327
     313
     318
     303
     332
     300
     321
     331
     322
     309
     316
     318
     302
     333
     311
     351
     315
     311
     300
     330
     313
     327
     335
     335
     355
     335
     309
     326
     325
     327
     317
     309
     320
     330
     292
     310
     319
     331
     287
     340
     294
     303
     303
     317
     307
     340
     306
     343
     311
     321
     303
     294
     345
     306
     305
     302
     325
     310
     332
     291
     340
     319
     329
     358
     308
     323
     333
     290
     347
     332
     306
     296
     309
     312
     280
     343
     333
     311
     334
     302
     289
     310
     301
     292
     269
     311
     323
     294
     328
     318
     354
     318
     336
     335
     339
     326
     346
     371
     281
     275
     331
     327
     300
     290
     313
     321
     308
     317
     311
     323
     282
     282
     300
     316
     317
     322
     280
     333
     340
     289
     286
     307
     300
     298
     294
     280
     297
     350
     312
     317
     317
     307
     310
     282
     322
     289
     320
     312
     278
     304
     335
     300
     298
     331
     310
     313
     322
     305
     331
     299
     324
     350
     320
     306
     282
     290
     296
     312
     306
     325
     294
     265
     311
     301
     295
     285
     299
     295
     276
     292
     313
     285
     280
     299
     296
     319
     280
     293
     303
     304
     304
     323
     309
     289
     310
     296
     319
     301
     297
     309
     300
     299
     302
     319
     296
     304
     288
     288
     290
     321
     279
     285
     309
     294
     321
     297
     301
     311
     271
     336
     299
     318
     321
     306
     291
     313
     277
     307
     293
     285
     342
     288
     304
     294
     306
     297
     309
     315
     312
     332
     277
     338
     283
     295
     290
     298
     312
     291
     289
     271
     304
     298
     283
     352
     285
     282
     297
     286
     270
     313
     324
     285
     278
     275
     290
     286
     305
     313
     308
     287
     301
     301
     260
     267
     305
     296
     305
     287
     302
     289
     267
     264
     282
     281
     257
     308
     311
     312
     327
     292
     300
     311
     305
     290
     275
     296
     280
     287
     280
     332
     296
     328
     296
     272
     312
     280
     285
     317
     304
     324
     260
     290
     263
     303
     308
     278
     285
     273
     278
     327
     287
     302
     308
     308
     294
     294
     295
     302
     274
     261
     294
     270
     312
     284
     272
     279
     321
     287
     307
     310
     286
     308
     294
     272
     328
     287
     316
     317
     301
     288
     314
     303
     287
     273
     311
     304
     300
     299
     289
     278
     290
     321
     278
     282
     277
     291
     285
     319
     314
     303
     322
     311
     311
     278
     301
     325
     301
     287
     277
     305
     287
     279
     277
     289
     302
     292
     271
     267
     266
     295
     313
     258
     280
     307
     320
     288
     298
     266
     275
     291
     312
     300
     273
     278
     282
     288
     333
     288
     284
     280
     283
     282
     292
     293
     300
     279
     281
     304
     288
     311
     323
     326
     305
     293
     305
     291
     316
     295
     252
     293
     278
     288
     281
     256
     286
     302
     269
     312
     316
     300
     275
     288
     293
     286
     302
     301
     276
     291
     299
     287
     290
     289
     254
     286
     311
     278
     275
     309
     291
     318
     268
     276
     297
     292
     256
     292
     288
     296
     307
     297
     305
     305
     273
     293
     308
     317
     273
     271
     295
     308
     283
     274
     291
     298
     310
     315
     277
     281
     291
     295
     287
     306
     276
     299
     270
     266
     288
     286
     340
     291
     265
     286
     269
     281
     270
     286
     301
     292
     299
     305
     299
     286
     307
     296
     279
     291
     293
     290
     318
     276
     275
     300
     289
     256
     318
     274
     289
     309
     318
     275
     287
     296
     283
     304
     296
     282
     299
     325
     285
     317
     306
     292
     263
     279
     299
     293
     288
     276
     309
     306
     269
     305
     269
     294
     282
     291
     286
     298
     287
     298
     275
     300
     316
     262
     278
     305
     286
     282
     287
     306
     298
     282
     282
     289
     296
     291
     295
     294
     284
     309
     276
     288
     311
     302
     310
     290
     293
     281
     303
     292
     280
     304
     282
     292
     313
     271
     293
     297
     288
     304
     276
     293
     295
     287
     292
     321
     305
     317
     289
     314
     300
     277
     302
     255
     296
     318
     276
     296
     272
     294
     309
     275
     293
     293
     297
     339
     309
     321
     314
     261
     317
     275
     311
     275
     288
     294
     285
     316
     271
     317
     300
     303
     269
     302
     283
     286
     279
     285
     297
     321
     305
     285
     322
     310
     256
     326
     325
     286
     306
     320
     294
     280
     283
     287
     304
     298
     297
     307
     294
     301
     294
     296
     309
     316
     344
     290
     305
     289
     276
     302
     286
     289
     291
     312
     297
     329
     283
     296
     299
     288
     304
     330
     287
     334
     299
     284
     285
     326
     290
     281
     306
     296
     280
     280
     292
     290
     282
     286
     306
     310
     296
     310
     298
     318
     300
     296
     305
     328
     302
     311
     293
     298
     336
     285
     300
     292
     322
     292
     298
     325
     289
     315
     330
     280
     294
     336
     316
     304
     322
     309
     295
     310
     324
     272
     312
     341
     285
     306
     333
     292
     359
     322
     295
     314
     283
     316
     319
     300
     320
     267
     299
     310
     310
     315
     317
     302
     291
     288
     293
     302
     325
     350
     321
     318
     309
     305
     309
     308
     311
     369
     319
     296
     284
     286
     297
     304
     310
     305
     317
     283
     309
     306
     322
     299
     368
     298
     314
     341
     315
     314
     309
     320
     315
     309
     305
     344
     331
     281
     316
     313
     283
     322
     292
     333
     328
     312
     302
     302
     296
     331
     353
     274
     299
     342
     309
     322
     301
     301
     301
     315
     330
     308
     327
     368
     331
     320
     322
     317
     308
     295
     286
     312
     322
     320
     333
     324
     289
     300
     320
     296
     310
     329
     301
     300
     352
     331
     305
     300
     282
     305
     366
     339
     348
     316
     323
     316
     338
     311
     313
     295
     329
     310
     319
     339
     335
     334
     304
     317
     302
     326
     354
     328
     326
     300
     332
     340
     318
     331
     272
     304
     331
     295
     347
     332
     315
     339
     303
     319
     321
     332
     312
     333
     342
     348
     318
     319
     328
     325
     318
     328
     312
     329
     325
     307
     302
     332
     315
     321
     370
     318
     313
     331
     332
     336
     341
     359
     309
     339
     334
     327
     325
     315
     351
     350
     354
     355
     338
     298
     354
     318
     346
     318
     338
     360
     358
     343
     348
     362
     363
     323
     349
     326
     350
     332
     340
     325
     374
     370
     331
     354
     334
     338
     338
     350
     317
     381
     351
     349
     315
     358
     330
     332
     348
     365
     377
     291
     314
     332
     342
     330
     352
     329
     348
     320
     350
     342
     368
     315
     362
     339
     362
     348
     363
     359
     332
     369
     334
     333
     350
     358
     369
     351
     322
     356
     362
     328
     327
     359
     360
     373
     374
     357
     385
     363
     348
     366
     337
     385
     352
     341
     365
     348
     322
     367
     317
     380
     347
     361
     369
     367
     360
     380
     361
     381
     376
     331
     330
     370
     383
     377
     330
     366
     325
     343
     333
     383
     391
     349
     328
     341
     384
     361
     367
     349
     361
     336
     393
     403
     346
     349
     374
     382
     335
     340
     355
     342
     371
     388
     344
     378
     357
     362
     375
     383
     350
     361
     392
     411
     377
     397
     378
     378
     369
     362
     345
     388
     386
     397
     374
     372
     356
     354
     387
     387
     405
     352
     383
     339
     391
     374
     380
     349
     382
     366
     362
     399
     389
     359
     389
     372
     417
     368
     410
     385
     349
     357
     390
     385
     381
     374
     370
     393
     391
     404
     364
     383
     406
     371
     383
     374
     389
     427
     388
     421
     388
     405
     394
     386
     408
     333
     367
     406
     395
     368
     386
     345
     416
     370
     372
     378
     372
     378
     371
     387
     413
     380
     394
     384
     367
     386
     367
     370
     383
     401
     385
     385
     400
     381
     351
     379
     389
     366
     363
     407
     422
     403
     408
     363
     418
     388
     384
     357
     362
     346
     330
     392
     411
     380
     391
     353
     361
     404
     394
     397
     394
     385
     374
     380
     416
     372
     361
     362
     363
     397
     428
     342
     330
     379
     366
     365
     378
     377
     376
     384
     350
     357
     365
     352
     350
     365
     393
     364
     313
     364
     367
     343
     363
     382
     370
     364
     337
     324
     370
     337
     324
     320
     356
     316
     330
     335
     316
     351
     355
     337
     293
     375
     325
     338
     333
     340
     307
     338
     295
     309
     285
     343
     295
     286
     300
     304
     295
     278
     304
     314
     279
     281
     278
     292
     261
     291
     267
     269
     299
     267
     263
     275
     275
     240
     264
     286
     275
     259
     280
     272
     244
     241
     239
     281
     263
     231
     261
     229
     254
     258
     260
     266
     262
     239
     276
     260
     227
     247
     240
     249
     246
     260
     265
     242
     228
     233
     261
     213
     222
     249
     228
     225
     224
     252
     257
     228
     237
     216
     224
     211
     216
     203
     236
     241
     219
     220
     188
     257
     212
     238
     218
     213
     212
     245
     222
     222
     231
     222
     233
     226
     217
     247
     229
     229
     232
     217
     200
     218
     176
     218
     231
     203
     199
     253
     207
     246
     187
     206
     207
     205
     211
     232
     208
     220
     219
     218
     192
     210
     227
     235
     247
     205
     223
     213
     224
     196
     199
     195
     212
     216
     207
     227
     199
     222
     185
     210
     198
     211
     190
     203
     229
     186
     189
     223
     194
     193
     194
     199
     197
     182
     222
     189
     219
     184
     203
     209
     202
     183
     175
     215
     199
     182
     226
     167
     193
     200
     216
     167
     186
     187
     205
     172
     231
     189
     186
     194
     195
     177
     188
     178
     195
     212
     192
     196
     186
     185
     209
     188
     166
     203
     216
     177
     200
     192
     197
     193
     191
     186
     170
     163
     168
     210
     178
     190
     205
     175
     206
     182
     185
     145
     162
     201
     186
     176
     176
     184
     172
     184
     174
     181
     193
     172
     181
     191
     171
     177
     189
     164
     166
     165
     168
     177
     175
     176
     182
     170
     160
     149
     148
     168
     160
     169
     156
     164
     162
     163
     154
     181
     172
     162
     180
     160
     183
     163
     168
     186
     168
     144
     159
     156
     192
     163
     176
     173
     175
     165
     145
     169
     153
     173
     164
     173
     170
     152
     164
     156
     188
     151
     178
     157
     155
     137
     166
     178
     160
     160
     148
     169
     154
     168
     143
     153
     140
     162
     161
     156
     156
     152
     150
     184
     177
     153
     166
     183
     144
     148
     168
     145
     157
     148
     175
     162
     142
     134
     168
     143
     168
     148
     147
     177
     170
     157
     124
     145
     153
     138
     140
     151
     149
     155
     149
     141
     162
     156
     141
     130
     140
     155
     141
     122
     124
     153
     140
     163
     151
     140
     152
     160
     150
     120
     141
     162
     143
     117
     143
     141
     146
     146
     151
     139
     127
     126
     143
     152
     147
     136
     137
     158
     148
     128
     148
     147
     158
     142
     144
     168
     145
     137
     136
     135
     144
     155
     138
     133
     155
     142
     142
     139
     140
     135
     172
     120
     137
     142
     141
     156
     141
     144
     135
     127
     152
     141
     134
     129
     135
     127
     148
     132
     149
     130
     127
     139
     123
     136
     128
     153
     145
     137
     136
     120
     152
     137
     132
     146
     139
     147
     135
     131
     138
     135
     121
     138
     139
     138
     130
     113
     137
     141
     141
     133
     114
     146
     125
     111
     142
     111
     126
     134
     127
     116
     104
     133
     123
     126
     121
     138
     105
     116
     125
     135
     118
     108
     121
     127
     126
     124
     117
     122
     127
     124
     117
     128
     138
     135
     118
     112
     135
     129
     131
     116
     141
     118
     139
     126
     121
     133
     126
     115
     135
     130
     117
     113
     110
     131
     100
     137
     138
     109
     119
     116
     112
     118
     110
      95
     127
     107
     119
     122
     119
     118
     130
     113
     121
     121
     121
     109
     101
     126
     130
     126
     112
     133
     114
     118
     115
     131
      96
     128
     123
     138
     131
     111
     109
     129
     116
     108
     121
     118
     112
     137
     126
     123
     104
     122
     107
     107
     100
     125
     118
     113
     109
     119
     121
      91
     108
     115
     115
     117
     118
     136
     106
     106
     127
     121
     129
     119
     110
     112
     112
      98
     110
     124
     138
     116
     119
      93
     109
     109
     140
      86
     115
     110
     119
      99
     118
     111
     109
     128
     100
     113
     111
      98
     115
     101
     108
     113
     110
     114
      95
     122
      98
     111
     115
     103
      93
     108
     107
      96
     120
     123
     100
     113
     119
     106
     112
     114
     135
      97
     102
      98
     115
      96
      91
     108
      88
      99
     106
     112
      97
      88
      90
     108
     104
     108
     120
     123
     106
      94
     103
     113
     110
      94
     103
     103
     106
      89
     104
     117
     111
     105
     102
      91
      90
      97
      82
      93
     104
     114
     103
      97
      94
      98
     105
     107
      99
      81
     101
      89
     105
      92
      92
     107
      91
      87
      96
     109
      87
      95
      96
      88
     104
     110
      96
     105
      96
      98
      99
      98
     101
      94
     113
      96
      81
      79
      81
     100
     103
      88
      91
     107
      85
      88
     109
      75
      88
      77
      91
     104
     109
      94
      81
      93
      88
     100
      85
     106
      85
      97
      97
      94
      87
      86
      80
      86
     109
     106
      99
     105
      89
     108
      83
      85
      84
      97
      87
      90
      85
      94
      99
      96
      96
      87
      86
      91
      97
      88
      80
      99
     107
      90
     105
      90
     101
     115
      78
      78
      93
      83
      72
     101
      93
      85
      89
      85
      83
     107
      88
      68
     107
      97
      75
      85
      77
      83
     104
      95
      95
      87
      89
      95
      93
      91
      91
      92
      77
      87
      94
      97
     101
      85
      96
      91
      67
     102
      64
      94
      93
      87
      66
      77
      93
      87
      86
      91
      91
      87
      81
      75
      84
      89
      90
      88
      87
      74
      98
      92
      87
      92
      85
      86
     103
      67
      82
      75
      89
      89
      98
      76
      76
      71
      79
      83
      82
      76
      95
      76
      84
      84
      67
      96
      97
      81
      77
      76
      85
      90
      86
      99
      70
      96
      74
      95
      68
      92
      83
      88
     101
      71
      79
      87
      91
      91
      93
      87
      77
      82
      82
      85
     101
      92
      95
      79
      78
      82
      83
      75
      76
      90
      96
      99
      75
      78
      93
      79
      82
      87
      84
      72
      94
      90
      90
      84
      71
      86
      88
      88
      78
      90
      91
      95
      96
      89
      84
      73
      82
      83
      89
      76
      82
      83
      86
     102
      90
      92
     112
      86
      85
      81
      79
      75
      96
      81
      85
      89
      80
      88
      73
      85
      91
     104
      89
      82
      76
      85
      67
      85
      79
      85
      86
     102
      72
      87
      88
      80
      83
      82
      76
     102
      80
      86
      83
      87
      91
      95
      78
      73
      74
      80
      95
      93
      91
      96
      80
      79
      73
      91
      85
      91
      84
      81
      80
      81
      78
      73
      92
      75
      92
      81
      72
      81
      81
      72
      94
      84
      96
      83
      70
      74
      82
      83
      93
      92
      69
      89
      76
      68
      86
      84
      80
      95
      80
     104
      96
      81
      64
      93
      81
      89
      87
      89
      86
      82
      82
      69
      87
      69
      92
      84
      87
      74
      87
      73
      84
      78
      74
      76
      76
      81
      79
      81
      73
      76
      74
      99
      78
      68
      88
      97
      87
      55
      90
      79
      88
      68
      78
      80
      80
      72
      69
      87
      77
      67
      90
      80
      68
      88
      68
      74
     105
      85
      87
      80
      89
      86
      77
      85
      81
      80
      84
     110
      74
      88
      75
      88
      78
      83
      66
      75
      73
      89
      76
      85
      89
      77
      96
      95
      81
      61
      66
      91
      90
      71
      75
      77
      93
      76
      77
      59
      66
      81
      82
      75
      94
      82
      83
      78
      94
      63
      93
      80
      83
      84
      81
      74
      79
      93
      89
      88
      88
      91
      83
      95
      67
      81
      73
      81
      76
     105
      74
      82
      85
      90
      93
      96
      90
      85
      77
      91
      85
      78
      76
      77
      72
     100
      78
      73
      88
      83
      92
      86
      81
      74
      65
      89
      91
      85
      71
      99
      91
      94
      82
      87
      86
      82
      71
      87
     107
      67
      74
      78
      70
      90
      81
      88
      85
      87
      87
      93
      85
      97
      95
      81
      92
      83
     100
      66
      71
      96
      87
      83
      93
      86
      62
      75
      76
      83
      76
      71
      66
      86
      82
      64
      80
      86
      95
      78
      78
      77
      72
      81
      90
      68
     106
      77
      89
      75
      80
      79
      78
      79
      86
      77
      88
      84
      68
     103
      81
      87
      73
      88
      85
      67
      93
      70
      78
      67
      73
      94
      77
      90
      85
      81
      91
      94
      98
      87
      72
      86
      76
      82
      74
      83
      85
      85
      95
      84
      78
      77
      81
      87
      86
      68
      86
      69
      76
      73
      67
      97
      74
      92
      87
      85
      89
      68
      78
      69
      76
      80
      86
      79
      83
      73
      94
      73
      88
      89
      71
      71
      86
      91
      99
      65
      66
      65
      82
      94
      91
      73
      65
      64
      90
      80
      81
      56
      97
      96
      71
      79
      88
      75
      81
      88
      72
      83
      92
      81
      85
      98
      74
      99
      76
      87
      88
      82
      95
      63
      67
      77
      75
      91
      86
      70
      84
      87
      85
      69
      84
      84
      68
      74
      84
      89
      80
      75
      80
     107
      80
      89
      96
      76
      88
      80
      69
      77
      78
      82
      87
      72
      77
      76
      75
      86
      81
      75
      80
      90
      90
      87
      86
      75
      83
      71
      85
      90
      82
      80
      78
      77
      88
      77
      69
      76
      83
      80
      78
      78
      82
      90
      84
      85
      91
      73
      86
      87
      71
      66
      82
      84
      72
      95
      82
      85
      99
      71
      68
      82
      73
      64
      82
      88
      74
      84
      77
      90
      85
      88
      91
      78
      81
      83
     102
      76
      84
      87
      79
      81
      81
      86
      74
      88
      84
      88
      84
      96
      85
      82
      98
      74
      77
      91
      75
      76
      71
      71
      84
      91
      78
      90
      64
      91
      80
      83
      78
      73
     104
      90
      98
      65
      85
      76
      93
     100
      93
      82
      80
      82
      88
      94
      74
      75
     103
      70
      82
      72
      85
      87
      90
      72
      78
     104
      67
      97
      81
     100
     100
      71
      75
      88
      81
     101
     102
      85
      94
      90
      87
      84
      81
     101
      90
      68
      67
      78
      89
      92
     102
      83
      87
      87
      85
     101
      94
      84
      84
      99
      97
      84
      79
      85
      90
      89
      98
      94
      78
      87
      82
      97
      87
      79
     107
      95
      85
     100
      86
      90
      82
      93
      85
      95
      97
      87
      95
      80
      82
      79
     104
      96
      85
     104
      76
      93
      83
      78
      86
      84
      90
      88
      91
      90
     105
      94
      84
      80
      91
     101
      89
      82
      85
      97
      81
      86
      87
     101
      94
      92
      89
      84
      81
      90
      85
      93
      85
      79
      87
     100
      88
     107
      74
      88
      89
      93
      78
      92
      91
      93
      81
      76
     100
     105
      92
     102
     101
      99
      89
      84
     108
     100
     101
      96
     109
      93
      93
     101
      99
     122
     102
     105
     103
      89
     101
      95
      94
     108
     114
     117
     118
     109
     102
      95
      95
     122
     111
      93
     114
      99
     119
     110
     124
     125
     122
     118
     120
     131
     102
     120
     136
     112
     138
     146
     147
     139
     158
     152
     158
     182
     184
     183
     206
     220
     220
     273
     213
     269
     283
     276
     334
     382
     438
     503
     529
     560
     642
     731
     784
     962
    1089
    1169
    1386
    1556
    1900
    2219
    2549
    2798
    3359
    3932
    4351
    5079
    5716
    6435
    7022
    7726
    8590
    9225
    9862
   10569
   11169
   11641
   11857
   12343
   12403
   12859
   12804
   12756
   12649
   12530
   12550
   12290
   11718
   11367
   10918
   10412
    9429
    9062
    8437
    7749
    7000
    6202
    5395
    4734
    4172
    3508
    3042
    2504
    2084
    1644
    1428
    1138
     950
     808
     710
     598
     470
     454
     369
     316
     299
     241
     253
     218
     183
     173
     195
     144
     139
     173
     135
     135
     116
     117
     123
     113
      96
     104
     110
      96
      90
     101
      82
      85
      79
      70
      91
      87
      61
      79
      64
      75
      68
      66
      66
      76
      62
      84
      62
      72
      67
      76
      67
      66
      73
      56
      69
      64
      75
      59
      58
      69
      67
      53
      64
      56
      52
      52
      70
      67
      54
      63
      62
      62
      52
      58
      63
      58
      65
      51
      62
      62
      57
      46
      61
      51
      56
      63
      56
      57
      49
      71
      55
      45
      68
      67
      54
      71
      48
      56
      58
      64
      54
      70
      50
      48
      50
      58
      45
      70
      59
      60
      57
      55
      53
      46
      64
      46
      53
      61
      65
      68
      50
      52
      49
      46
      54
      52
      35
      61
      42
      57
      52
      55
      49
      62
      46
      46
      52
      53
      47
      47
      54
      53
      45
      49
      55
      39
      46
      47
      57
      60
      39
      44
      54
      48
      61
      50
      51
      65
      53
      59
      49
      57
      57
      46
      54
      53
      44
      54
      41
      60
      35
      53
      67
      39
      46
      64
      61
      45
      35
      64
      47
      44
      54
      47
      57
      42
      46
      39
      52
      62
      54
      57
      28
      50
      52
      49
      49
      43
      44
      37
      47
      55
      52
      49
      57
      57
      57
      44
      43
      39
      59
      44
      62
      58
      51
      49
      52
      48
      43
      44
      39
      43
      49
      48
      47
      46
      56
      51
      41
      57
      50
      50
      50
      46
      38
      50
      50
      46
      41
      53
      52
      49
      38
      41
      44
      35
      57
      43
      55
      39
      44
      38
      38
      39
      51
      46
      49
      38
      51
      45
      50
      41
      37
      38
      57
      45
      42
      47
      49
      51
      46
      33
      44
      56
      41
      43
      57
      45
      52
      39
      38
      48
      52
      49
      39
      60
      57
      41
      47
      43
      56
      65
      38
      36
      42
      48
      43
      44
      43
      52
      59
      55
      35
      52
      49
      48
      39
      54
      52
      33
      37
      41
      34
      40
      47
      46
      54
      60
      38
      41
      35
      33
      30
      44
      39
      40
      43
      46
      32
      52
      40
      48
      40
      41
      53
      31
      47
      42
      42
      56
      49
      49
      46
      47
      34
      42
      49
      41
      34
      38
      48
      52
      42
      35
      37
      45
      45
      51
      43
      43
      42
      48
      39
      53
      41
      45
      44
      43
      44
      48
      53
      53
      33
      48
      44
      53
      53
      56
      49
      34
      35
      41
      48
      57
      40
      38
      50
      42
      50
      37
      41
      43
      36
      50
      44
      46
      40
      40
      50
      45
      38
      50
      40
      37
      42
      37
      49
      41
      54
      37
      48
      31
      40
      43
      44
      39
      36
      46
      36
      46
      46
      53
      53
      45
      50
      42
      47
      46
      35
      36
      49
      50
      32
      42
      44
      44
      43
      47
      40
      43
      30
      55
      42
      43
      45
      41
      40
      40
      31
      30
      41
      43
      35
      40
      42
      50
      58
      46
      43
      54
      31
      47
      32
      38
      42
      39
      27
      47
      50
      40
      42
      50
      39
      52
      39
      47
      39
      34
      44
      38
      41
      34
      33
      37
      30
      43
      35
      36
      31
      36
      39
      49
      38
      34
      44
      39
      33
      37
      39
      48
      30
      47
      47
      46
      42
      38
      41
      44
      33
      41
      38
      46
      36
      32
      45
      40
      36
      36
      42
      44
      42
      37
      28
      33
      42
      45
      39
      42
      56
      48
      31
      43
      37
      55
      41
      41
      41
      43
      45
      44
      47
      43
      24
      59
      38
      48
      50
      56
      46
      39
      45
      30
      43
      41
      38
      35
      46
      34
      52
      42
      43
      36
      40
      41
      38
      39
      34
      49
      29
      29
      31
      35
      40
      47
      40
      46
      43
      44
      44
      50
      47
      40
      41
      55
      38
      33
      35
      32
      39
      35
      36
      38
      47
      27
      34
      49
      41
      40
      39
      37
      46
      49
      37
      35
      41
      41
      45
      31
      36
      40
      37
      31
      43
      36
      40
      43
      47
      38
      35
      37
      40
      37
      39
      48
      40
      36
      26
      46
      57
      44
      30
      39
      39
      41
      45
      48
      38
      55
      46
      39
      41
      41
      42
      44
      45
      50
      45
      39
      39
      40
      39
      35
      37
      41
      43
      31
      46
      40
      35
      31
      37
      36
      37
      35
      31
      36
      36
      33
      51
      31
      36
      38
      43
      39
      37
      46
      41
      33
      33
      36
      38
      41
      48
      36
      48
      39
      33
      40
      42
      35
      36
      34
      43
      34
      50
      42
      48
      44
      38
      39
      44
      42
      45
      40
      45
      45
      37
      32
      38
      51
      43
      37
      49
      33
      37
      38
      41
      39
      41
      36
      39
      48
      35
      41
      50
      35
      37
      30
      34
      43
      43
      33
      46
      37
      36
      33
      35
      35
      49
      37
      40
      32
      40
      39
      31
      39
      35
      40
      33
      50
      41
      36
      41
      44
      42
      37
      29
      33
      44
      53
      27
      38
      46
      42
      39
      43
      39
      47
      34
      42
      41
      41
      35
      28
      48
      42
      36
      33
      41
      44
      39
      50
      45
      45
      50
      45
      36
      33
      37
      32
      41
      43
      28
      51
      37
      28
      38
      33
      44
      49
      50
      48
      32
      42
      36
      40
      40
      49
      41
      35
      37
      46
      38
      44
      28
      40
      47
      45
      30
      35
      45
      40
      31
      43
      36
      42
      24
      30
      32
      37
      45
      51
      32
      44
      40
      29
      35
      33
      45
      36
      54
      38
      34
      41
      31
      31
      30
      42
      42
      36
      50
      29
      40
      41
      45
      47
      38
      47
      40
      39
      34
      38
      43
      38
      31
      39
      41
      33
      46
      37
      36
      32
      38
      46
      35
      41
      38
      37
      35
      32
      42
      42
      34
      37
      49
      42
      40
      46
      31
      43
      36
      35
      38
      29
      35
      34
      31
      35
      35
      42
      35
      41
      31
      33
      43
      33
      40
      47
      50
      44
      52
      38
      28
      50
      29
      30
      36
      46
      48
      40
      32
      29
      38
      30
      40
      36
      40
      30
      37
      37
      42
      49
      40
      40
      42
      39
      29
      32
      52
      34
      37
      41
      37
      39
      41
      36
      43
      47
      44
      51
      51
      57
      47
      43
      49
      50
      49
      42
      36
      53
      59
      37
      47
      37
      39
      37
      47
      34
      40
      32
      40
      32
      34
      33
      36
      37
      40
      29
      29
      31
      34
      46
      46
      37
      32
      38
      42
      36
      44
      42
      33
      46
      36
      45
      36
      47
      35
      36
      39
      33
      36
      33
      41
      42
      35
      33
      41
      52
      35
      37
      47
      42
      40
      46
      33
      32
      36
      42
      39
      52
      44
      40
      43
      38
      39
      34
      46
      42
      33
      40
      40
      42
      51
      46
      37
      25
      39
      39
      36
      40
      35
      52
      46
      41
      41
      35
      39
      32
      37
      41
      45
      33
      40
      51
      45
      47
      44
      36
      34
      42
      49
      49
      48
      46
      36
      25
      43
      31
      45
      40
      43
      40
      46
      42
      41
      29
      35
      39
      28
      44
      37
      34
      36
      31
      33
      36
      37
      35
      44
      49
      32
      34
      42
      35
      41
      44
      36
      43
      29
      41
      28
      40
      37
      31
      37
      41
      24
      43
      39
      30
      52
      47
      41
      29
      48
      34
      27
      32
      30
      32
      36
      28
      37
      40
      42
      44
      31
      27
      35
      47
      30
      40
      38
      47
      36
      39
      36
      43
      42
      31
      43
      32
      43
      41
      37
      44
      37
      44
      37
      26
      39
      41
      35
      37
      38
      40
      35
      45
      32
      41
      36
      38
      39
      38
      41
      32
      40
      42
      36
      46
      31
      40
      37
      34
      40
      39
      28
      34
      41
      44
      47
      45
      55
      33
      38
      39
      40
      40
      40
      33
      42
      38
      37
      34
      41
      33
      42
      38
      34
      36
      43
      50
      40
      41
      43
      42
      37
      44
      40
      29
      45
      40
      34
      29
      43
      47
      36
      40
      35
      41
      32
      35
      38
      42
      43
      32
      43
      39
      35
      25
      42
      28
      53
      43
      37
      34
      45
      38
      41
      37
      36
      43
      31
      44
      41
      51
      38
      43
      39
      35
      34
      44
      40
      47
      30
      41
      31
      39
      30
      23
      41
      35
      44
      51
      36
      38
      34
      34
      48
      37
      37
      38
      36
      42
      34
      46
      29
      41
      30
      40
      30
      27
      34
      36
      35
      40
      33
      37
      39
      44
      33
      48
      37
      39
      41
      42
      37
      34
      42
      40
      30
      41
      41
      36
      36
      37
      39
      33
      33
      46
      29
      40
      37
      46
      34
      36
      34
      50
      33
      42
      33
      37
      43
      37
      33
      34
      33
      44
      31
      36
      40
      26
      42
      47
      44
      48
      37
      39
      36
      45
      34
      42
      30
      35
      30
      38
      35
      40
      32
      40
      45
      35
      40
      36
      40
      42
      44
      39
      46
      35
      30
      35
      42
      36
      45
      37
      31
      45
      44
      41
      41
      46
      55
      52
      42
      33
      36
      30
      38
      41
      49
      33
      50
      34
      45
      45
      33
      31
      40
      48
      44
      50
      36
      45
      41
      47
      37
      36
      36
      48
      44
      32
      28
      32
      40
      41
      44
      37
      40
      24
      36
      49
      43
      37
      36
      42
      37
      50
      41
      34
      43
      33
      26
      49
      32
      46
      35
      42
      41
      42
      46
      40
      34
      38
      36
      46
      33
      36
      46
      33
      27
      42
      51
      31
      41
      34
      38
      35
      37
      30
      48
      28
      31
      45
      36
      30
      51
      37
      41
      43
      48
      38
      41
      39
      44
      41
      47
      49
      37
      33
      35
      26
      42
      37
      50
      55
      42
      43
      28
      36
      48
      47
      41
      45
      42
      29
      45
      42
      37
      50
      29
      43
      44
      31
      36
      37
      51
      42
      34
      28
      37
      40
      44
      36
      34
      35
      48
      31
      42
      30
      38
      41
      37
      35
      54
      30
      31
      46
      31
      35
      34
      42
      30
      34
      37
      37
      43
      47
      33
      39
      38
      39
      37
      34
      33
      27
      32
      39
      49
      41
      35
      39
      47
      41
      30
      35
      35
      37
      39
      38
      39
      28
      35
      41
      43
      42
      34
      49
      42
      44
      39
      40
      28
      51
      42
      44
      52
      36
      37
      31
      28
      39
      40
      47
      45
      48
      44
      42
      41
      38
      39
      38
      52
      35
      34
      32
      49
      38
      35
      30
      47
      38
      37
      36
      44
      25
      41
      47
      29
      43
      38
      40
      44
      43
      30
      34
      38
      44
      33
      34
      44
      46
      38
      43
      28
      33
      39
      47
      36
      40
      31
      28
      40
      30
      51
      31
      37
      38
      43
      47
      39
      39
      53
      48
      50
      44
      30
      36
      37
      46
      32
      41
      39
      36
      34
      32
      35
      36
      37
      44
      45
      39
      28
      43
      41
      30
      48
      41
      30
      42
      41
      38
      43
      50
      40
      41
      33
      36
      38
      35
      38
      41
      39
      47
      36
      35
      36
      42
      36
      26
      46
      35
      37
      45
      39
      41
      43
      38
      35
      33
      53
      41
      41
      50
      47
      45
      44
      43
      28
      40
      38
      46
      29
      34
      31
      44
      36
      39
      25
      34
      41
      49
      40
      38
      35
      44
      43
      35
      46
      30
      41
      39
      53
      38
      27
      39
      37
      33
      37
      32
      42
      29
      38
      34
      36
      47
      45
      38
      38
      36
      40
      32
      52
      51
      42
      45
      29
      37
      41
      43
      34
      40
      41
      50
      47
      35
      37
      34
      49
      43
      40
      22
      41
      45
      34
      38
      42
      37
      44
      42
      29
      38
      41
      32
      35
      32
      42
      36
      35
      46
      35
      51
      42
      38
      35
      38
      32
      37
      51
      43
      43
      41
      44
      41
      34
      41
      40
      35
      55
      34
      36
      32
      37
      41
      42
      40
      44
      35
      47
      51
      37
      49
      39
      49
      60
      44
      36
      47
      47
      36
      55
      42
      38
      40
      31
      52
      45
      30
      34
      31
      47
      45
      48
      37
      33
      41
      51
      38
      42
      41
      39
      39
      36
      39
      34
      42
      33
      39
      33
      30
      31
      46
      38
      41
      50
      43
      44
      39
      27
      47
      39
      47
      46
      42
      29
      45
      51
      40
      44
      44
      34
      45
      38
      33
      39
      25
      29
      31
      38
      45
      36
      43
      53
      35
      28
      45
      36
      35
      37
      35
      38
      40
      43
      41
      39
      46
      34
      33
      40
      33
      40
      40
      33
      34
      34
      37
      35
      38
      40
      37
      43
      37
      36
      41
      37
      45
      35
      49
      37
      47
      48
      35
      33
      43
      48
      35
      39
      32
      38
      45
      37
      51
      41
      30
      38
      40
      40
      37
      45
      38
      44
      44
      37
      38
      31
      45
      35
      32
      33
      38
      37
      48
      31
      34
      32
      46
      43
      42
      42
      37
      49
      37
      32
      43
      33
      43
      46
      40
      29
      40
      32
      48
      39
      51
      35
      36
      43
      22
      49
      44
      26
      36
      35
      24
      41
      39
      35
      43
      32
      48
      41
      35
      36
      42
      47
      49
      50
      41
      38
      37
      28
      32
      27
      54
      31
      34
      34
      42
      42
      43
      31
      40
      33
      43
      38
      37
      36
      41
      40
      50
      34
      36
      30
      35
      43
      38
      46
      35
      36
      56
      39
      47
      35
      34
      46
      36
      44
      42
      34
      44
      28
      46
      38
      46
      37
      30
      44
      34
      35
      42
      40
      41
      48
      42
      45
      47
      43
      36
      37
      35
      33
      41
      41
      46
      28
      38
      32
      38
      39
      37
      34
      35
      36
      26
      35
      36
      47
      38
      37
      51
      43
      38
      36
      51
      42
      40
      51
      48
      35
      33
      33
      39
      39
      36
      29
      42
      19
      42
      48
      33
      42
      46
      42
      38
      39
      53
      41
      58
      45
      45
      39
      45
      37
      36
      48
      38
      41
      41
      44
      33
      34
      44
      37
      25
      31
      30
      38
      43
      30
      41
      55
      42
      47
      43
      35
      41
      41
      52
      50
      45
      41
      37
      45
      36
      33
      39
      42
      37
      37
      41
      37
      37
      34
      42
      40
      45
      46
      43
      41
      36
      47
      35
      35
      41
      46
      36
      27
      35
      32
      46
      40
      40
      41
      48
      36
      38
      39
      40
      27
      29
      51
      34
      43
      34
      58
      35
      34
      49
      34
      26
      43
      28
      44
      28
      34
      35
      45
      29
      32
      38
      38
      38
      50
      41
      45
      46
      37
      44
      43
      41
      37
      33
      34
      38
      53
      47
      43
      52
      39
      40
      27
      29
      42
      37
      44
      45
      46
      51
      38
      38
      32
      31
      33
      33
      42
      31
      32
      33
      34
      41
      32
      44
      32
      34
      38
      39
      48
      35
      40
      38
      37
      38
      35
      47
      31
      45
      48
      37
      37
      37
      46
      43
      50
      44
      34
      45
      34
      32
      42
      39
      34
      29
      41
      47
      39
      30
      45
      36
      50
      29
      45
      35
      41
      42
      27
      34
      26
      30
      39
      30
      44
      39
      33
      36
      47
      36
      36
      33
      43
      42
      39
      49
      50
      43
      36
      46
      44
      27
      34
      44
      37
      33
      45
      39
      35
      45
      33
      40
      42
      45
      43
      33
      45
      22
      27
      37
      40
      39
      30
      33
      39
      35
      50
      39
      28
      39
      30
      43
      29
      37
      35
      34
      38
      41
      32
      43
      33
      32
      46
      26
      36
      47
      45
      39
      37
      45
      33
      38
      30
      40
      37
      42
      30
      34
      38
      38
      52
      53
      44
      42
      39
      47
      39
      48
      36
      46
      42
      39
      46
      27
      41
      41
      46
      31
      29
      39
      37
      50
      42
      33
      40
      43
      36
      44
      35
      33
      40
      46
      39
      33
      32
      39
      53
      51
      39
      40
      51
      51
      44
      34
      35
      37
      36
      32
      44
      46
      40
      30
      41
      35
      48
      42
      35
      48
      35
      41
      35
      36
      33
      51
      37
      32
      40
      47
      40
      39
      36
      42
      37
      32
      39
      38
      33
      39
      43
      39
      36
      36
      40
      44
      36
      38
      42
      33
      46
      35
      35
      28
      35
      43
      29
      52
      37
      42
      35
      28
      47
      46
      40
      27
      35
      41
      36
      39
      35
      41
      42
      47
      50
      37
      44
      30
      49
      63
      43
      51
      42
      48
      46
      52
      37
      55
      48
      46
      52
      57
      48
      56
      51
      56
      47
      52
      41
      40
      51
      29
      46
      43
      43
      50
      42
      36
      34
      56
      38
      38
      40
      40
      40
      49
      42
      41
      40
      48
      35
      40
      44
      36
      39
      37
      36
      29
      32
      29
      36
      42
      40
      34
      48
      48
      41
      37
      42
      26
      37
      37
      39
      37
      53
      45
      51
      46
      39
      35
      47
      40
      35
      37
      45
      50
      44
      41
      55
      50
      40
      41
      41
      56
      32
      30
      39
      63
      39
      44
      49
      29
      33
      40
      39
      35
      36
      37
      47
      46
      31
      38
      39
      38
      51
      48
      32
      33
      55
      35
      34
      32
      32
      41
      50
      38
      35
      42
      27
      41
      35
      40
      44
      51
      42
      44
      49
      52
      39
      36
      42
      50
      41
      23
      41
      30
      39
      29
      36
      46
      39
      44
      35
      42
      42
      33
      34
      38
      42
      43
      40
      47
      47
      31
      39
      37
      33
      40
      34
      40
      42
      50
      42
      43
      36
      47
      31
      46
      44
      42
      39
      31
      38
      45
      41
      35
      36
      44
      39
      48
      32
      38
      38
      39
      39
      43
      40
      40
      36
      36
      38
      50
      38
      27
      40
      38
      47
      38
      28
      43
      49
      47
      35
      45
      37
      43
      41
      44
      48
      41
      50
      28
      37
      37
      46
      32
      45
      42
      39
      39
      50
      54
      43
      44
      44
      38
      57
      35
      49
      39
      39
      39
      47
      36
      44
      47
      50
      43
      40
      42
      44
      55
      36
      40
      42
      42
      45
      43
      41
      36
      42
      33
      45
      39
      31
      37
      33
      33
      34
      35
      39
      38
      47
      52
      39
      37
      45
      39
      45
      46
      39
      35
      38
      47
      35
      42
      50
      42
      37
      42
      44
      31
      43
      43
      37
      49
      39
      37
      35
      44
      41
      51
      49
      39
      42
      43
      39
      37
      45
      49
      37
      47
      31
      34
      32
      43
      30
      35
      50
      45
      25
      47
      40
      38
      37
      37
      34
      50
      51
      48
      29
      49
      37
      39
      46
      42
      48
      47
      50
      42
      34
      33
      41
      37
      39
      42
      42
      39
      36
      59
      34
      37
      50
      44
      22
      43
      47
      40
      42
      53
      48
      38
      27
      35
      36
      47
      39
      33
      54
      43
      39
      35
      39
      38
      39
      35
      42
      46
      46
      40
      36
      46
      48
      51
      31
      49
      42
      51
      36
      39
      42
      39
      36
      40
      36
      51
      38
      44
      45
      36
      40
      41
      44
      55
      37
      51
      43
      46
      39
      49
      46
      54
      54
      46
      42
      44
      46
      34
      36
      43
      32
      44
      37
      48
      36
      38
      41
      37
      38
      39
      43
      41
      37
      43
      44
      37
      38
      53
      36
      36
      52
      47
      42
      43
      36
      25
      42
      51
      35
      43
      41
      37
      38
      55
      36
      39
      43
      34
      52
      32
      44
      47
      38
      46
      52
      34
      36
      41
      46
      54
      37
      36
      30
      41
      46
      42
      38
      44
      43
      36
      46
      36
      37
      48
      47
      34
      47
      55
      39
      37
      29
      39
      35
      34
      37
      48
      42
      45
      37
      36
      49
      42
      40
      43
      36
      50
      44
      47
      36
      46
      34
      39
      38
      39
      48
      32
      51
      48
      45
      50
      37
      43
      43
      40
      35
      42
      69
      37
      50
      54
      48
      36
      43
      37
      48
      40
      40
      49
      45
      31
      37
      42
      35
      34
      39
      45
      44
      41
      41
      42
      36
      50
      49
      51
      40
      43
      40
      42
      41
      36
      33
      34
      37
      41
      39
      49
      42
      31
      36
      46
      40
      51
      46
      48
      37
      45
      45
      51
      37
      42
      40
      44
      38
      47
      41
      32
      40
      33
      50
      39
      44
      54
      48
      50
      31
      44
      38
      43
      42
      46
      45
      37
      40
      47
      44
      36
      51
      48
      52
      40
      45
      40
      40
      43
      46
      42
      50
      42
      32
      43
      42
      29
      37
      36
      40
      40
      32
      48
      45
      42
      38
      29
      40
      39
      55
      46
      29
      42
      41
      45
      46
      31
      38
      43
      34
      33
      40
      43
      42
      46
      45
      44
      37
      39
      54
      44
      40
      32
      40
      38
      46
      42
      52
      38
      46
      45
      51
      31
      43
      58
      41
      46
      42
      49
      37
      34
      48
      41
      46
      44
      38
      48
      38
      42
      34
      48
      39
      39
      38
      38
      37
      50
      37
      38
      52
      44
      44
      48
      38
      52
      53
      49
      36
      48
      35
      41
      40
      41
      36
      49
      45
      54
      39
      36
      35
      54
      49
      43
      52
      38
      50
      42
      49
      44
      37
      54
      52
      37
      46
      47
      47
      52
      38
      38
      34
      41
      46
      56
      39
      29
      40
      59
      43
      54
      33
      52
      42
      35
      39
      27
      41
      38
      44
      40
      47
      54
      28
      54
      46
      43
      35
      45
      49
      41
      39
      55
      45
      53
      31
      46
      31
      51
      49
      45
      51
      46
      36
      42
      37
      40
      42
      38
      46
      40
      42
      43
      31
      37
      33
      44
      43
      45
      40
      41
      51
      47
      46
      37
      47
      37
      44
      47
      45
      44
      51
      46
      45
      45
      44
      44
      50
      38
      41
      35
      50
      38
      42
      39
      44
      44
      40
      41
      37
      52
      45
      45
      40
      49
      49
      41
      39
      37
      43
      34
      44
      56
      37
      31
      47
      43
      46
      33
      50
      42
      47
      54
      58
      36
      35
      35
      56
      49
      67
      32
      41
      59
      44
      42
      52
      44
      47
      32
      46
      36
      37
      51
      38
      43
      44
      41
      43
      49
      45
      43
      42
      47
      30
      52
      41
      49
      42
      47
      36
      62
      39
      43
      35
      40
      48
      39
      40
      45
      39
      47
      39
      45
      47
      41
      49
      53
      50
      42
      50
      48
      44
      45
      45
      48
      48
      46
      54
      42
      53
      54
      59
      46
      47
      50
      39
      35
      38
      36
      49
      50
      56
      34
      36
      50
      37
      45
      37
      49
      41
      47
      47
      48
      55
      40
      48
      45
      36
      49
      39
      42
      46
      34
      47
      48
      56
      50
      33
      38
      49
      47
      56
      48
      55
      39
      41
      44
      55
      47
      44
      38
      42
      53
      35
      43
      43
      44
      48
      39
      40
      56
      41
      46
      56
      51
      56
      45
      49
      62
      46
      30
      43
      43
      43
      44
      46
      43
      35
      40
      46
      43
      42
      41
      33
      57
      47
      49
      48
      43
      49
      50
      48
      42
      54
      49
      44
      54
      32
      57
      49
      58
      45
      46
      49
      36
      40
      42
      40
      39
      40
      41
      45
      33
      46
      53
      58
      36
      40
      52
      54
      47
      44
      47
      52
      48
      52
      46
      55
      41
      47
      40
      37
      40
      40
      38
      38
      49
      41
      45
      38
      48
      45
      34
      47
      43
      47
      47
      42
      42
      41
      36
      53
      39
      48
      44
      46
      48
      40
      49
      59
      47
      27
      46
      34
      36
      42
      45
      42
      25
      60
      40
      40
      51
      49
      48
      43
      48
      62
      40
      46
      50
      45
      44
      43
      43
      48
      43
      43
      53
      45
      53
      50
      46
      38
      42
      45
      51
      47
      46
      35
      43
      51
      43
      51
      45
      45
      45
      36
      50
      50
      45
      31
      53
      51
      44
      40
      57
      57
      50
      37
      43
      39
      49
      38
      35
      35
      49
      42
      44
      59
      50
      40
      59
      42
      62
      42
      40
      38
      39
      49
      39
      60
      42
      31
      49
      50
      39
      59
      36
      41
      45
      39
      50
      45
      45
      56
      48
      34
      54
      42
      47
      49
      38
      46
      49
      47
      47
      49
      46
      35
      32
      53
      49
      37
      54
      52
      39
      50
      44
      38
      52
      53
      52
      46
      43
      48
      42
      48
      44
      44
      37
      41
      46
      34
      43
      44
      55
      37
      47
      42
      51
      47
      42
      48
      49
      40
      41
      46
      64
      51
      49
      52
      41
      52
      51
      56
      40
      48
      51
      40
      42
      51
      45
      44
      44
      44
      53
      51
      43
      52
      34
      58
      45
      44
      60
      48
      34
      35
      50
      50
      52
      31
      43
      46
      65
      40
      54
      56
      49
      50
      50
      37
      44
      45
      41
      61
      42
      52
      42
      42
      37
      50
      46
      49
      34
      55
      37
      42
      51
      38
      48
      38
      34
      39
      58
      49
      48
      51
      56
      49
      50
      44
      47
      42
      47
      55
      51
      44
      61
      54
      52
      45
      45
      39
      41
      47
      44
      46
      48
      52
      52
      45
      40
      44
      46
      45
      49
      54
      53
      46
      46
      47
      40
      42
      39
      46
      44
      45
      37
      48
      52
      44
      53
      36
      49
      40
      34
      50
      37
      36
      54
      47
      52
      46
      51
      47
      46
      48
      63
      48
      57
      53
      36
      40
      44
      43
      47
      47
      48
      46
      45
      54
      43
      48
      37
      40
      47
      40
      29
      45
      50
      42
      35
      41
      47
      52
      49
      37
      37
      45
      40
      33
      51
      61
      58
      35
      46
      38
      52
      49
      40
      45
      43
      49
      46
      42
      53
      41
      41
      34
      53
      45
      61
      49
      52
      48
      48
      58
      34
      58
      55
      56
      47
      52
      50
      51
      37
      49
      65
      51
      48
      49
      48
      39
      61
      40
      48
      44
      57
      41
      52
      46
      49
      50
      44
      51
      56
      41
      42
      43
      54
      58
      42
      44
      51
      52
      55
      52
      52
      40
      43
      57
      44
      44
      34
      47
      44
      51
      43
      47
      45
      47
      61
      57
      41
      42
      49
      56
      42
      39
      43
      46
      48
      43
      48
      43
      50
      53
      60
      48
      54
      47
      41
      61
      40
      58
      44
      41
      39
      38
      45
      49
      52
      68
      44
      57
      51
      57
      29
      43
      40
      50
      53
      48
      52
      40
      44
      59
      59
      47
      59
      45
      51
      57
      48
      52
      49
      50
      39
      47
      66
      54
      60
      43
      50
      61
      38
      42
      55
      43
      62
      58
      45
      51
      41
      52
      34
      69
      48
      41
      52
      33
      50
      43
      54
      60
      50
      52
      44
      46
      63
      50
      50
      48
      46
      54
      50
      52
      55
      62
      39
      47
      42
      46
      54
      41
      46
      44
      40
      55
      51
      54
      52
      44
      52
      39
      61
      47
      61
      39
      46
      69
      35
      55
      44
      40
      39
      50
      49
      48
      48
      41
      46
      59
      45
      47
      59
      51
      57
      58
      36
      50
      41
      60
      41
      46
      64
      51
      63
      52
      49
      56
      45
      45
      52
      51
      46
      57
      49
      54
      56
      61
      51
      40
      51
      54
      61
      49
      59
      61
      62
      38
      58
      41
      32
      51
      48
      48
      47
      58
      48
      48
      54
      51
      46
      45
      40
      56
      54
      45
      56
      43
      50
      56
      50
      43
      45
      49
      47
      56
      59
      42
      49
      45
      49
      51
      52
      63
      52
      54
      59
      59
      47
      45
      37
      59
      47
      59
      51
      66
      55
      45
      55
      52
      47
      45
      45
      45
      43
      55
      50
      55
      62
      55
      55
      49
      51
      48
      46
      42
      60
      47
      55
      33
      63
      52
      52
      57
      51
      43
      53
      52
      51
      51
      50
      51
      40
      51
      52
      46
      50
      58
      44
      38
      60
      57
      53
      51
      41
      77
      51
      41
      42
      45
      40
      60
      49
      49
      43
      43
      43
      45
      52
      42
      54
      52
      69
      54
      51
      46
      61
      51
      44
      54
      38
      43
      56
      50
      51
      46
      51
      52
      62
      49
      59
      53
      48
      49
      75
      60
      60
      48
      59
      52
      48
      66
      54
      46
      63
      57
      46
      39
      54
      50
      60
      52
      49
      53
      47
      57
      49
      62
      50
      46
      39
      54
      66
      48
      41
      48
      45
      60
      49
      54
      47
      52
      68
      62
      59
      57
      47
      51
      57
      48
      59
      64
      52
      47
      48
      58
      50
      70
      51
      35
      58
      71
      47
      50
      54
      52
      51
      53
      59
      61
      53
      54
      60
      56
      44
      49
      54
      60
      54
      42
      58
      52
      54
      54
      61
      49
      43
      44
      61
      54
      55
      45
      61
      49
      47
      54
      55
      51
      41
      47
      51
      51
      55
      47
      57
      64
      53
      50
      64
      47
      67
      56
      50
      63
      58
      63
      60
      46
      50
      57
      50
      43
      57
      59
      52
      62
      51
      65
      50
      49
      52
      50
      49
      47
      52
      51
      32
      64
      58
      54
      57
      45
      56
      83
      69
      49
      50
      51
      42
      51
      50
      51
      53
      54
      48
      46
      51
      56
      53
      52
      62
      55
      57
      63
      56
      43
      53
      59
      55
      63
      50
      58
      63
      48
      59
      43
      62
      49
      38
      50
      55
      57
      72
      61
      57
      48
      46
      48
      52
      63
      45
      51
      61
      59
      47
      49
      64
      51
      53
      57
      61
      63
      59
      64
      52
      63
      49
      51
      68
      59
      57
      52
      51
      51
      54
      39
      64
      44
      62
      48
      63
      64
      68
      59
      61
      59
      47
      52
      54
      48
      51
      60
      65
      31
      52
      61
      54
      57
      66
      56
      46
      58
      52
      59
      41
      48
      66
      57
      41
      74
      52
      56
      69
      49
      60
      56
      63
      53
      51
      58
      52
      52
      59
      60
      49
      41
      62
      54
      59
      51
      70
      58
      53
      58
      47
      55
      64
      51
      71
      64
      71
      56
      62
      85
      57
      61
      73
      58
      45
      52
      61
      60
      64
      58
      63
      68
      54
      53
      56
      61
      45
      47
      46
      59
      72
      44
      58
      73
      53
      69
      45
      62
      45
      54
      52
      52
      57
      46
      66
      62
      62
      58
      60
      65
      65
      72
      56
      67
      77
      64
      64
      60
      73
      54
      69
      69
      54
      53
      64
      55
      44
      50
      55
      56
      76
      69
      64
      48
      56
      55
      55
      64
      57
      57
      70
      58
      64
      59
      46
      74
      54
      59
      64
      60
      49
      55
      42
      64
      52
      45
      56
      61
      53
      63
      58
      58
      69
      63
      56
      61
      63
      64
      57
      49
      71
      63
      69
      44
      78
      73
      56
      57
      61
      60
      53
      54
      60
      64
      57
      64
      49
      46
      64
      59
      56
      57
      71
      63
      67
      54
      58
      58
      63
      57
      58
      56
      57
      64
      60
      62
      51
      74
      81
      61
      66
      75
      56
      52
      62
      55
      65
      58
      53
      52
      55
      56
      49
      44
      68
      51
      48
      52
      55
      52
      62
      60
      64
      60
      62
      59
      61
      53
      57
      48
      58
      64
      57
      54
      69
      62
      56
      52
      64
      63
      71
      41
      57
      67
      66
      64
      57
      57
      37
      58
      69
      54
      64
      64
      52
      50
      72
      70
      57
      64
      49
      59
      73
      65
      61
      64
      58
      66
      48
      56
      54
      60
      63
      49
      69
      64
      62
      69
      54
      65
      51
      58
      69
      59
      58
      55
      63
      65
      63
      66
      73
      65
      61
      68
      72
      58
      47
      49
      60
      56
      61
      55
      53
      60
      66
      76
      55
      55
      50
      69
      55
      46
      76
      64
      60
      69
      63
      72
      58
      65
      67
      63
      61
      59
      68
      71
      53
      67
      59
      57
      56
      68
      62
      50
      61
      69
      63
      63
      53
      69
      63
      60
      66
      65
      77
      67
      65
      52
      67
      47
      69
      64
      44
      48
      68
      82
      65
      63
      70
      57
      64
      64
      51
      64
      54
      62
      75
      63
      62
      62
      68
      73
      62
      51
      74
      73
      59
      55
      56
      60
      68
      63
      62
      64
      60
      73
      67
      68
      78
      70
      69
      53
      83
      75
      66
      63
      56
      74
      62
      62
      63
      62
      66
      73
      64
      85
      70
      79
      67
      46
      62
      78
      62
      82
      47
      64
      56
      60
      62
      52
      68
      66
      57
      61
      59
      65
      60
      64
      62
      63
      71
      49
      56
      76
      73
      81
      81
      64
      67
      60
      64
      68
      63
      75
      61
      63
      58
      56
      69
      55
      58
      64
      51
      57
      69
      57
      71
      81
      69
      63
      72
      59
      75
      66
      49
      61
      59
      59
      65
      68
      72
      76
      54
      57
      75
      70
      65
      84
      79
      70
      62
      57
      74
      79
      68
      74
      58
      86
      72
      72
      78
      69
      69
      79
      70
      72
      66
      69
      84
      70
      69
      61
      70
      78
      83
      62
      51
      65
      58
      86
      88
      70
      65
      77
      66
      73
      78
      65
      72
      70
      72
      68
      56
      66
      84
      59
      64
      58
      70
      58
      69
      69
      63
      61
      62
      79
      51
      71
      63
      76
      74
      68
      64
      57
      65
      69
      75
      69
      64
      79
      66
      70
      66
      79
      70
      69
      73
      66
      72
      75
      75
      75
      62
      59
      72
      58
      69
      68
      82
      73
      72
      71
      65
      78
      66
      70
      86
      72
      77
      79
      99
      68
      61
      66
      71
      56
      65
      76
      86
      80
      73
      76
      77
      91
      65
      69
      75
      65
      73
      91
      87
      78
      72
      63
      88
      79
      84
      65
      70
      74
     101
      89
      91
      74
      69
      78
     108
      78
      78
      78
      82
      74
      67
      93
      79
      96
      94
      81
      79
      92
      95
      82
      76
      80
      89
      73
      87
      80
      79
      95
      80
      85
      82
      92
      85
      86
      81
      84
      86
      67
      68
      61
      84
      85
      84
      77
      84
      75
      97
      68
      92
      79
      61
      79
      82
      76
      71
      77
      89
      63
      82
      84
      55
      78
      80
      68
      84
      82
      90
      67
      74
      61
      85
      83
      79
      80
      72
      82
      83
     103
      76
      77
      77
      71
      62
      83
      68
      78
      65
      78
      90
      71
      89
      72
      86
      67
      64
      85
      75
      71
      79
      61
      83
      75
      84
      87
      72
      80
      92
      87
      86
      74
      63
      74
      80
      79
      71
      98
      76
      68
      84
      75
      67
      85
      82
      62
      86
      69
      75
      81
      93
      89
      79
      84
      83
      77
      93
      72
      73
      80
      87
      84
      74
      78
      73
      70
      80
      85
      87
      85
      77
      78
      89
      93
      89
      77
      82
      82
      90
      88
      76
      70
      82
      80
      76
      80
      84
      76
      76
      79
      77
      75
      75
      76
      94
      89
     100
      90
      75
      73
      81
      84
      64
      72
      90
      67
      72
      68
      77
      65
      78
      88
      66
      80
      79
      84
      82
      77
      92
      78
      88
      74
      80
      98
      71
     108
      82
      76
      93
      75
      73
      83
      82
      88
      76
      78
      82
      87
      68
      93
      80
      75
      88
      90
      80
      97
      85
      85
      84
      60
      85
      87
      69
      71
      83
      86
      89
      79
      94
      89
      71
      85
      70
      85
      68
      83
      93
      73
      72
      87
      72
      81
      84
      94
     100
      80
      87
      91
      97
      75
      79
      86
      65
      87
      83
      82
      81
      88
      84
      87
      73
      68
      83
      82
      90
      83
      82
      86
      86
      99
      92
      88
      72
      70
      79
      85
      74
      80
      74
      89
      66
     100
      81
      84
      75
      94
      93
      85
      78
      81
      83
      78
      78
      91
      90
      94
      82
      77
      92
      75
      86
      80
      84
      86
      88
      88
      80
      87
      94
     102
      99
      87
      82
      90
      76
      87
      89
      95
      75
      80
      85
      73
      70
      90
      93
      83
      90
      75
      72
      79
      96
      73
      85
      92
      94
      70
      88
      89
      88
      77
      96
      80
      71
      80
      85
      82
      78
      74
      83
      88
      83
      84
      75
      89
      98
      94
      75
      87
      73
      77
      70
      92
      73
      97
      73
      77
      85
      84
      80
      69
      90
      73
      88
      68
      82
      70
      73
     100
      79
      87
      82
      72
      88
      66
      67
      75
      77
      84
      72
      73
      71
      88
      74
      90
      72
      85
      71
      65
      76
      70
      69
      70
      69
      74
      72
      81
      67
      63
      67
      75
      89
      66
      67
      61
      72
      70
      60
      62
      63
      61
      54
      55
      55
      74
      67
      63
      64
      58
      62
      68
      65
      55
      70
      64
      51
      58
      36
      66
      51
      40
      62
      57
      60
      60
      52
      58
      59
      60
      69
      57
      57
      59
      55
      64
      59
      55
      52
      59
      55
      56
      58
      58
      48
      51
      59
      57
      56
      52
      54
      63
      53
      50
      57
      39
      55
      63
      49
      63
      61
      59
      62
      59
      47
      54
      57
      47
      66
      51
      50
      50
      69
      46
      62
      56
      56
      59
      64
      55
      54
      59
      62
      45
      58
      60
      59
      53
      62
      57
      46
      48
      52
      48
      59
      39
      52
      72
      56
      52
      49
      61
      46
      56
      43
      70
      42
      46
      47
      47
      46
      44
      54
      45
      65
      46
      38
      48
      46
      48
      44
      51
      42
      43
      35
      55
      39
      48
      37
      42
      43
      52
      53
      48
      49
      59
      62
      46
      41
      60
      48
      59
      48
      51
      49
      46
      55
      55
      51
      48
      42
      46
      55
      45
      42
      36
      54
      33
      57
      53
      42
      44
      44
      50
      44
      44
      48
      51
      57
      43
      48
      52
      52
      47
      54
      39
      54
      58
      61
      42
      51
      44
      40
      32
      61
      30
      50
      49
      38
      44
      42
      41
      22
      47
      56
      48
      45
      38
      29
      68
      46
      37
      37
      51
      42
      49
      52
      50
      49
      52
      59
      53
      38
      44
      51
      55
      47
      44
      52
      33
      57
      40
      41
      43
      46
      50
      39
      48
      53
      37
      47
      36
      43
      42
      60
      48
      48
      50
      48
      40
      38
      41
      54
      42
      44
      45
      54
      41
      48
      30
      48
      45
      55
      47
      32
      36
      50
      45
      45
      51
      50
      51
      42
      53
      56
      39
      43
      46
      41
      57
      43
      47
      46
      31
      48
      42
      48
      29
      44
      45
      43
      43
      44
      38
      51
      50
      42
      43
      35
      47
      40
      46
      48
      45
      42
      36
      44
      44
      40
      37
      41
      46
      37
      43
      51
      41
      50
      46
      44
      34
      42
      40
      46
      50
      33
      48
      34
      46
      39
      45
      47
      52
      42
      49
      46
      43
      31
      46
      47
      46
      48
      40
      34
      44
      49
      31
      50
      42
      38
      38
      67
      37
      39
      32
      51
      41
      48
      42
      42
      37
      50
      37
      35
      44
      52
      51
      33
      43
      38
      44
      40
      37
      39
      40
      50
      40
      43
      50
      30
      37
      42
      47
      50
      39
      59
      53
      39
      39
      38
      52
      49
      30
      32
      41
      34
      44
      29
      38
      30
      40
      33
      48
      35
      48
      47
      35
      40
      49
      40
      33
      43
      43
      34
      45
      49
      42
      37
      41
      31
      40
      36
      29
      47
      28
      33
      36
      33
      42
      42
      41
      45
      39
      34
      41
      31
      40
      39
      37
      37
      36
      37
      40
      41
      33
      38
      26
      39
      35
      42
      37
      27
      46
      38
      45
      38
      43
      38
      26
      38
      42
      38
      30
      36
      44
      42
      30
      39
      37
      37
      39
      54
      39
      36
      32
      44
      30
      35
      38
      40
      48
      49
      28
      41
      40
      31
      40
      36
      29
      38
      30
      33
      32
      46
      33
      42
      37
      51
      41
      29
      43
      45
      40
      38
      37
      38
      25
      34
      33
      50
      44
      32
      50
      34
      38
      42
      32
      33
      42
      36
      40
      30
      29
      44
      37
      36
      34
      23
      39
      41
      38
      36
      26
      28
      28
      39
      24
      35
      42
      34
      34
      37
      41
      38
      36
      36
      42
      36
      37
      44
      35
      40
      42
      31
      31
      35
      35
      40
      36
      33
      42
      37
      40
      41
      37
      39
      41
      31
      42
      35
      30
      37
      36
      35
      38
      41
      37
      36
      32
      29
      37
      56
      37
      34
      36
      31
      36
      30
      30
      28
      43
      39
      36
      26
      31
      32
      39
      46
      29
      39
      30
      40
      34
      40
      33
      30
      32
      36
      27
      35
      33
      31
      31
      29
      41
      31
      26
      45
      24
      32
      41
      27
      25
      38
      21
      30
      38
      42
      36
      41
      30
      43
      33
      34
      36
      32
      42
      38
      38
      31
      35
      28
      40
      37
      34
      23
      30
      32
      29
      27
      23
      28
      22
      28
      39
      38
      24
      36
      36
      34
      29
      37
      32
      28
      29
      38
      24
      32
      27
      31
      36
      35
      35
      32
      20
      41
      38
      32
      24
      31
      40
      35
      27
      31
      26
      25
      37
      23
      21
      29
      28
      24
      36
      29
      23
      29
      31
      34
      40
      32
      24
      30
      17
      29
      19
      30
      33
      27
      28
      30
      28
      25
      25
      21
      29
      26
      35
      29
      29
      39
      26
      25
      26
      28
      27
      25
      29
      22
      21
      32
      30
      34
      20
      26
      23
      29
      23
      24
      24
      24
      22
      38
      30
      30
      28
      24
      37
      28
      28
      29
      24
      29
      31
      25
      23
      18
      24
      23
      29
      15
      27
      26
      24
      35
      33
      21
      23
      22
      33
      31
      26
      28
      33
      28
      24
      26
      29
      33
      26
      22
      26
      19
      20
      39
      26
      15
      28
      19
      23
      28
      31
      17
      30
      21
      32
      23
      24
      25
      22
      27
      24
      26
      16
      16
      23
      21
      21
      20
      31
      21
      25
      27
      22
      23
      19
      34
      28
      20
      21
      31
      28
      22
      25
      26
      24
      30
      31
      23
      21
      18
      23
      26
      20
      22
      23
      20
      20
      33
      24
      16
      19
      30
      24
      16
      18
      24
      19
      24
      21
      19
      31
      32
      22
      21
      18
      20
      18
      23
      26
      19
      23
      18
      23
      31
      27
      26
      19
      23
      23
      19
      19
      17
      18
      22
      27
      13
      28
      24
      29
      27
      17
      24
      23
      23
      29
      28
      20
      16
      17
      23
      19
      22
      26
      18
      18
      21
      13
      23
      20
      20
      23
      24
      21
      18
      23
      29
      22
      17
      18
      14
      21
      29
      29
      18
      13
      13
      21
      28
      24
      17
      26
      18
      22
      21
      18
      20
      26
      20
      28
      18
      10
      28
      18
      17
      19
      26
      21
      14
      30
      28
      18
      28
      22
      20
      18
      19
      21
      16
      19
      19
      15
      15
      22
      21
      31
      18
      21
      17
      18
      15
      18
      18
      17
      21
      16
      13
      18
      18
      17
      18
      14
      23
      16
      20
      24
      23
      19
      22
      21
      20
      11
      12
      20
      27
      27
      17
      16
      15
      17
      22
      24
      17
       8
      19
      21
      18
      16
      20
      14
      23
      20
      24
      13
      21
      22
      20
      20
      18
      21
      11
      27
      16
      12
      18
      16
      14
      22
      18
      13
      20
      24
      18
      17
      15
      17
      17
      24
      19
      24
      27
      17
      16
      19
      20
      12
      16
      16
      15
      18
      19
      20
      19
      23
      18
      12
      17
      17
      16
      19
      15
      17
      12
      21
      20
      19
      21
      13
      23
      12
      15
      16
      16
      12
      16
      15
      17
      20
      17
      11
      12
      13
      17
      17
      18
      18
      14
      11
      22
      15
      14
      17
      11
      17
      17
      19
      11
      16
      16
      10
      15
      19
      18
      20
      11
      23
      16
      14
      20
      14
      14
      22
      12
      15
      12
      17
      10
      20
      16
      14
      19
      17
      17
      11
      12
      12
       9
      21
      16
      11
      17
      15
      10
      12
      10
      24
      14
      18
      17
      17
      15
      12
      17
      18
      15
      12
      17
      18
      10
      21
      14
      14
      21
      18
      15
      13
      10
      14
      20
      21
      17
      16
       9
      14
       8
      13
      17
      16
      18
      11
      16
      15
      11
      18
      20
      15
      19
      16
      15
      12
      15
      18
      21
      15
      16
      16
      14
      12
      15
      15
      11
      11
      27
      16
      12
      16
      18
      17
      18
       9
      16
      12
      13
      19
      15
      13
      13
      23
      13
      17
      16
      20
      19
      14
      11
      16
      14
      20
      15
       9
      14
       5
      17
      11
      12
      13
      12
      16
      18
       9
      11
      12
      14
      20
      11
      18
      10
      15
      19
      11
      11
      15
      18
       9
      11
      12
      17
       9
       9
      13
      13
      14
      14
      14
      12
      14
      10
      16
      14
      12
      16
      14
      22
      12
      14
       8
      10
      16
      10
      12
       7
      17
      12
      12
      15
      13
      15
      17
      14
      17
      11
      14
      15
      12
      12
      15
      20
      11
       8
      13
      17
      17
      16
      17
      11
      14
       8
      18
      19
      10
      11
      17
       6
      15
       7
      11
      17
      19
      11
      13
      10
      11
       8
      15
      17
      23
      14
      14
      11
      15
      13
      14
      15
      15
      11
      14
      12
       8
      14
      12
      17
      14
      12
      10
      18
       8
      15
      17
      16
      10
       9
       4
      10
      11
      20
      17
      14
      19
      12
      14
      14
      11
      14
      13
      13
      14
      15
      16
      15
       9
       9
      14
      17
      14
      10
      11
       8
      17
      11
      17
       9
       8
      21
      11
      15
      16
      17
      10
      12
      19
      16
      16
      13
      18
      15
      15
      16
      12
      14
       5
      13
      17
      16
      13
      13
       9
      15
      12
      13
      12
       9
       6
      11
      14
       7
      18
      21
      16
      13
      17
      11
      13
      12
      12
      10
       7
       9
      17
      12
      16
      12
      13
      13
      15
      13
      11
      23
      13
      10
       7
      14
      12
      12
      11
       8
      18
       8
      13
      17
      11
      12
      16
      17
      14
      19
      17
      15
      13
      11
      13
      12
      12
      13
      16
      12
      11
      15
      13
      15
      15
      12
      14
      14
      15
       6
      13
      20
       8
      12
      15
      17
      13
      17
      14
       6
      10
      13
      16
      11
      18
      10
      12
      16
      13
       8
      14
      12
      14
      16
      11
      11
      15
      11
      15
      12
      15
       7
      15
      17
      10
      11
      14
      15
      12
       6
      14
      10
      10
      14
      12
      10
      14
      12
      12
      15
      12
      16
      11
       7
      16
      12
      12
      13
      13
      11
       8
      18
      11
      14
      10
      14
       6
       9
      15
       7
       7
      13
      21
      14
       9
      14
      13
      12
      17
      16
       9
       9
      14
      15
      15
      18
      12
       9
      19
      16
      14
      12
      10
      19
      11
       8
      13
       9
      12
       8
      13
       5
       9
      10
      18
      13
      14
      10
      13
      20
      21
      13
      12
      17
      20
      10
      12
      10
      16
      16
      12
      12
      10
       8
      11
       6
      16
      12
      14
      18
      16
      14
      19
      14
      11
      16
      11
      13
      11
      12
      20
      10
      11
      16
       9
      10
      17
      10
      23
      14
      10
      14
      10
      12
      12
      11
      16
      10
      12
      11
      17
      14
      13
      16
      11
       9
      12
      13
       5
      11
      19
      13
      11
      12
      13
      11
       8
      14
       5
      14
      13
       9
      12
      12
      15
      13
       7
      14
       9
      11
      12
      12
      14
      15
      15
      10
      15
      16
      15
      13
      18
      15
      15
      13
      15
      13
      15
       9
      14
      15
      19
      16
      14
       9
      12
      10
       9
      13
       7
       8
      17
      14
      14
       9
       9
      13
       7
      15
      12
      14
      11
      12
       7
      16
      11
      13
      14
      15
      15
      10
      15
      10
      19
      17
      17
       7
      14
      17
       8
      16
      14
      12
       9
      14
      10
      17
      13
      14
      11
       7
      11
      12
      13
      17
      12
      12
      14
      10
      11
      13
      12
      17
      16
      12
       8
      15
      11
       8
       9
      16
      15
      11
      17
       8
      14
      14
      12
      13
      14
      13
      10
      27
      16
      24
       3
      14
      14
      17
       8
       8
      15
      12
      18
      13
      17
      16
       8
      12
       8
      14
      12
      15
      13
       9
      16
      10
      11
      16
      11
      20
      10
      22
      17
      13
      11
      14
       7
      12
      16
      11
      14
      15
      16
      12
      14
      10
       5
      12
      14
      16
       7
       6
       8
       8
       8
      21
      11
      14
       8
      20
       9
      14
       9
      15
      11
      15
      16
       7
      11
      17
      17
       7
      15
      10
      17
       9
      13
       6
      15
       8
      10
      10
      14
      20
      16
      16
       9
      12
      11
      13
      12
       9
      10
      13
      16
      10
      15
      13
      10
      18
      12
      13
      12
      10
      10
      10
      11
      11
      16
      12
      10
      10
       7
      13
      10
       9
      12
      13
      10
      13
      13
      14
      10
      11
      15
      14
      11
      14
      15
      13
      21
      18
      19
       8
       9
      10
      15
      12
       9
      15
      16
      10
      11
      15
      15
      10
       9
      10
      14
      10
      12
      15
      16
      21
      16
      13
      10
      16
      12
      15
      13
      16
       8
      13
      12
      19
      10
      10
      18
      13
       9
      12
      15
      10
      11
       9
       7
      11
      10
       7
      10
      11
      15
      15
      12
      17
       9
      10
      11
      12
      17
      14
      22
       4
       9
       9
      15
      13
      12
      13
      12
      18
      17
       5
      13
      13
       9
      19
      19
      22
      18
       6
      11
      10
      14
      12
      12
      21
      16
      15
      18
      13
      12
      10
      14
      13
      18
       9
      14
      23
       8
      11
      14
      16
      19
      14
      10
      13
      20
      17
      19
      12
      11
      10
      13
      16
      13
      14
       9
      14
      22
      12
      12
      18
      16
      17
      22
      19
      15
      24
       8
      10
      20
      10
      18
      16
      18
      15
      19
      20
      13
      15
      13
      17
      18
      12
      14
      15
      31
      18
      16
      18
      18
      13
      10
       9
      19
      11
      13
      16
      14
      10
      16
      13
      14
      15
      11
      16
      10
      18
      21
      16
      22
      13
      10
      18
      16
      14
      20
      12
      15
      20
      14
      22
      11
      13
      16
      20
      21
      22
      19
      25
      23
      17
      16
      29
      23
      25
      22
      30
      28
      24
      24
      27
      33
      35
      35
      30
      38
      42
      39
      46
      61
      71
      66
      91
     113
      78
     119
     142
     150
     210
     241
     297
     324
     388
     421
     551
     685
     727
     961
    1092
    1359
    1511
    1867
    2094
    2372
    2724
    3010
    3289
    3630
    3790
    3983
    4158
    4250
    4109
    4051
    3877
    3786
    3419
    3158
    2783
    2414
    2170
    1836
    1503
    1217
    1020
     822
     636
     486
     406
     291
     191
     146
     105
      91
      48
      47
      44
      32
      23
      33
      20
      20
      18
      24
      18
      18
      24
      15
      16
      17
      20
      12
      20
      13
      14
      18
      15
      25
      20
      12
      11
       6
      17
      11
      16
      15
      15
      12
       9
      22
       7
      10
      13
      14
      11
      22
      19
      15
       8
      10
      11
      16
      12
       8
       7
      14
       9
      13
      15
      14
       9
      17
      11
      13
      11
      11
       9
       9
       8
      11
       9
       9
      11
      11
       8
      16
      13
      10
      16
       8
      11
      13
       8
      14
      17
       7
      13
       7
      10
      15
       9
      17
       9
      10
      14
       5
       7
      13
      13
       7
      16
      14
       8
       9
      10
      10
      10
       6
      11
       6
       9
       6
      10
      13
       3
      13
       9
      11
       5
      15
       9
       7
      11
       8
      11
      10
      12
       5
      10
       5
      12
       2
      16
       7
      14
      14
       8
      14
       7
       8
       8
       5
       9
      12
       5
       9
       9
       9
       6
      10
      10
      14
       5
       8
       8
       5
      17
       9
      12
       6
       9
       8
       8
       7
      10
      13
      10
      10
       6
      11
       9
      11
       7
       4
       6
      14
       7
       6
      11
       5
       9
       5
      10
      11
       9
      13
       6
       7
      15
      11
      10
       4
       7
       7
       6
       9
      16
       5
      10
       9
       6
       8
       7
       8
       7
       7
       6
       6
      12
      12
       4
       6
       6
      13
       3
       8
       7
      10
       5
       8
       6
       9
       7
       7
       4
       6
       9
       5
       5
       5
      12
       9
       9
       2
       9
      11
       6
       8
       6
       8
       8
       8
       9
       8
       9
       9
       6
       8
      11
       9
       7
       9
       8
       5
       7
       3
      10
      13
       1
       7
       8
      10
       6
       8
       4
       5
       6
       7
       6
       8
       4
      15
       6
       5
       7
       8
       6
      12
       6
       8
       3
       7
      10
       9
       8
       7
       6
       5
       4
       6
       4
       8
      10
       3
       8
       3
       4
       7
      10
       4
       3
       7
       8
       9
       6
       3
       5
       6
       4
       9
      10
      12
       8
       9
      11
       6
      14
      11
       6
      12
       6
       9
       9
       6
       3
       9
       8
       5
       6
       8
       4
       7
       3
       7
       8
      13
       6
       9
      11
       8
       9
       8
       9
       2
       5
       8
       5
       5
       6
       3
       3
       6
       9
       3
       5
       3
       6
       4
       9
       8
       2
       7
      11
       6
       8
       9
       8
       4
       4
       3
       5
       6
      10
       9
       9
       4
       5
       9
       6
       6
      11
      10
      10
       8
       8
       8
       5
       5
       5
       5
       7
       9
       7
       7
       0
       9
       8
       2
       6
      12
       9
       8
       8
       5
       6
       6
       7
       8
       9
       6
       8
       7
      10
       8
      11
      11
       6
      11
      16
       8
       5
       7
       8
       9
       9
       8
       5
       4
       8
       9
       8
       6
       9
       2
       6
       4
       5
      11
       5
       9
       5
       4
       7
       7
       8
       4
       5
       6
       7
       6
       5
      11
       5
       3
       7
       8
       7
      10
       7
       9
       1
       4
       6
       9
      10
       8
       4
       4
       5
       5
       5
       5
       7
       6
       7
       3
       2
       6
       6
       5
       6
       7
       6
       6
       8
       9
       9
       5
       6
       8
       7
       8
       6
       4
       8
       4
       5
       5
       5
       9
       3
       5
       6
       3
       4
       3
       4
       3
       5
       6
       9
       9
      10
       7
       7
       9
       7
       7
       6
       6
       6
       8
       6
       4
       7
       7
       5
       5
       8
      10
       9
       9
       7
       4
       5
       5
       8
       5
      13
       3
       9
       6
       6
       6
       7
       8
       3
       9
       8
       6
      12
       5
      10
       8
       6
       7
       7
       3
       7
       9
      12
       8
       8
      10
       8
       4
       7
       5
      10
       3
       9
       9
       3
       7
       4
       9
       7
       6
       8
       3
       4
       8
       7
      10
       8
       5
       7
      10
       8
       8
       5
       7
       7
       5
       3
       6
       5
       8
       4
       9
       2
       5
       8
      10
       8
       2
      10
       7
       7
       8
      10
       6
      13
       6
       4
       7
       4
       5
       6
       1
       5
       7
       6
      10
       3
       6
       9
      10
       7
       5
       7
      12
       2
       4
       6
       6
       7
       7
       8
       9
       5
       5
      12
       7
       4
       6
       3
       8
       4
       8
       5
       3
       5
       5
       5
      11
       7
       1
       4
      10
       2
       7
       4
       5
       8
       2
       7
       3
       8
       5
       7
       9
       8
       7
       2
      10
       3
       8
       5
       8
       6
       6
       5
      13
       4
       4
       5
       5
       7
       2
       3
       5
       3
       7
       6
       5
      11
       7
       2
       1
       8
       5
       6
       5
       8
       5
       4
       2
       8
       4
       6
       2
       9
      10
       5
      10
       3
       9
      10
       3
       7
       8
       2
       6
       6
       6
       6
       2
       8
       6
       6
       2
       3
       4
       2
       4
      10
       4
       7
       9
       6
       6
       6
       9
       1
       4
       7
       4
       6
       4
       4
       3
       8
       7
       8
       4
       5
       4
       4
       3
       4
       7
       7
       3
       4
       2
       4
       5
       7
       4
       2
      11
       4
       2
       4
      10
       9
       7
       5
       4
       6
       2
       6
       3
       2
       6
       7
       4
       5
       5
       3
       2
       8
       6
       5
       5
       2
      10
       5
       5
       9
       4
       5
       6
       7
       6
       9
       9
       8
       5
       3
       5
       4
       5
       4
      10
       5
       6
       4
       3
       4
       1
       2
       7
       7
       4
       7
      12
       5
       4
       4
       5
       5
       4
       4
       8
      10
       7
       4
       4
       5
       5
       6
       5
       7
       9
       5
       5
       8
       5
      11
       2
       6
       4
       4
       8
       6
       6
       6
       6
       4
       5
       4
       4
       7
       8
       7
       7
       5
       5
       6
       6
       2
       7
       5
       2
      11
       4
       5
       6
       2
       5
       2
       5
       4
      11
       8
       6
       1
      10
       9
       8
       6
       5
       7
       7
       4
       3
       8
       3
       9
       3
       8
       7
       5
       9
       6
       8
       3
       7
       6
       7
       5
       5
       1
      16
       6
       7
       2
       3
       4
       4
       9
       3
       8
       4
       9
       6
       8
       7
       7
       2
       1
       6
       7
       5
       4
       5
       4
       7
       4
       3
       8
       7
       6
       7
       4
       8
       2
       5
       3
       3
       4
       6
       4
       8
       6
       5
       5
       9
       6
       9
      10
       5
       4
       7
       2
       4
       6
       8
       5
       6
       7
       5
       2
       5
       6
       5
      12
      12
       3
       8
       0
       5
      11
       8
       3
       7
       5
       5
       5
       2
       5
       3
       5
       6
      12
       3
       4
       4
       9
       4
       7
      10
       5
       3
      13
       2
       5
       7
       5
      12
       5
       6
       8
       9
       5
       6
       6
       4
       2
       5
       4
      11
       8
       6
       4
       4
       6
       5
       4
       4
       3
       8
      12
       1
       6
       9
       3
       5
       5
       4
       2
       2
       3
       2
       2
       3
       4
       4
       4
       5
       2
       4
       6
       2
       6
       3
       6
       8
       2
       6
       7
       5
       3
       4
       6
       7
       4
       6
       4
       5
       4
       3
       7
       6
       6
       3
       9
       5
       4
       5
       4
       8
       2
       3
       4
       6
       3
       2
       4
       4
       7
       5
       7
       4
       5
       4
       4
       3
      10
       3
       3
       5
       8
       4
       4
       5
       3
       6
       4
       6
       7
       5
       3
       6
       4
       6
       8
       6
       7
       5
       9
       5
       7
       6
      11
       5
       5
       6
       6
       7
       7
       9
       8
       6
       7
       1
       3
       4
       9
       5
       9
       3
       5
       4
       8
       9
       7
       7
       7
       7
       4
       8
       3
       6
       4
       2
       2
       2
       5
       5
       4
       8
       7
      10
       7
       1
       6
       6
       4
       4
       3
       5
       3
       5
       7
       4
       3
       7
       5
       3
       6
       6
       5
       4
       4
       5
       7
       4
       6
       6
       6
       4
       4
       3
       6
       6
       9
       3
       9
       6
       3
       3
       2
       5
       9
       9
       9
      10
       4
       4
       5
       6
       5
      10
       7
       7
       5
       9
       6
       5
       6
       1
       6
       7
       5
       5
       7
       3
       7
       6
       4
       6
       4
       3
       8
       4
       4
       8
       8
       4
       2
       2
       3
       8
       8
      10
      10
       5
       2
       3
       7
       5
       8
       5
       5
       2
       3
       4
       4
       2
       2
       3
       2
       8
       4
       3
       5
       6
       2
       3
       4
       3
      11
       6
       5
       4
       6
       3
       2
      10
       5
      11
       7
       6
       9
       6
       7
       4
       8
       8
       5
       6
       4
       6
       5
       2
      10
       4
       3
       6
       5
       5
       3
       3
       5
       2
       3
       4
       4
       5
       3
      18
      10
       4
       9
      10
       6
       6
       4
       4
       5
       6
       5
       4
       3
       4
       3
       7
       2
       4
       6
      11
       5
       3
       2
       4
       7
       7
       5
       4
       4
       5
       5
       5
       0
       6
       6
       4
       6
       4
       6
       8
       3
       5
       4
       4
       5
       3
       6
       4
       4
       8
       3
       5
       7
       4
       6
       4
       3
       4
       4
       6
       7
       4
       7
       5
       6
       6
       7
      12
       1
       4
       2
       6
       6
       3
       2
       5
       5
       8
       6
       5
       3
       5
       5
       9
       8
       4
       6
       4
       3
       4
       8
       3
       3
       4
       1
       5
       4
       4
       5
       5
       4
       6
       7
       4
       2
       5
       4
       1
       4
       2
       4
       2
       5
       8
       6
       6
       6
       5
       6
       5
       7
       5
       6
       4
      11
       3
       3
       9
       5
       5
       5
       6
       5
       5
       5
       2
       5
       4
       2
       5
       4
       7
       8
       4
       4
       6
       6
       9
       5
       6
       9
       4
       3
       6
       3
       8
       5
       3
       3
       6
       4
       2
       3
       8
       6
       4
       9
       5
      10
       4
       3
       9
       3
       8
       2
       9
       1
       3
       3
       9
       5
       5
       1
       4
       2
       6
       4
      10
      10
       3
       9
       8
       4
       2
       7
       4
       2
       3
       5
       5
       2
       3
       2
      10
       3
       7
       8
       9
       3
       1
       3
       6
       3
       4
       8
       3
       6
       6
       1
       7
       7
       3
       9
       4
       6
       8
       1
       7
       2
       3
       4
       3
       2
       5
       5
       3
       5
       4
       3
       8
       5
       5
       6
       8
       2
       3
       6
       5
       7
       5
       5
       3
       6
       4
       7
       5
       5
       4
       3
       8
       3
       6
       7
       6
       6
       7
       9
       4
       7
       5
      11
       5
       1
       2
       8
       3
       5
       3
       2
       1
       6
       9
       6
       6
       8
       6
       4
       2
       6
       4
       5
       3
       5
       4
       1
       5
       4
       7
       4
      10
       4
       3
       1
       7
       5
       6
       5
       2
       5
       5
       8
       7
       5
       3
       3
       3
       4
      11
       4
       1
       4
       7
       3
       6
       6
       3
       6
       2
       3
       5
       4
       6
       4
       6
       2
       4
       8
       4
       4
       2
       4
       7
       3
       7
       6
       4
       2
       2
       7
       4
       4
       1
       6
       5
       3
       2
       7
       7
       7
       6
       5
       2
       3
       5
       6
       4
      10
       6
      11
       5
       2
       7
       2
       2
       9
       2
      10
       3
       2
       8
       3
       6
       3
       1
       3
       2
       4
       4
       5
       5
       2
       5
       3
       6
       3
       5
       6
       7
       2
       9
       4
       4
       5
      10
       4
       4
       5
       3
       4
       5
       3
       7
       7
       4
       6
       7
       3
       5
       8
       7
       5
      10
       5
       4
       5
       5
       4
       6
       5
       3
       6
       5
       4
       4
       8
       3
       6
       2
       3
       3
       3
       4
       7
       9
       5
       9
       1
       5
       3
       5
       5
       9
       4
       6
       7
       6
       2
       8
       1
       2
       3
       4
       7
       6
       5
       4
       5
       6
       5
       1
       2
       7
       6
       8
       2
       2
       5
       1
       5
       3
       1
       7
       2
       6
       6
       3
       8
       5
       6
      12
       8
       4
       2
       7
       1
       4
       3
       3
       4
       5
       5
       3
       6
       8
       3
       5
       9
       6
       8
       2
       5
       2
       4
       7
       7
       9
       8
       7
      10
       6
      14
      17
       8
      15
      15
      13
      16
      18
      18
      15
      12
      13
      16
      17
      18
      12
      12
       7
      13
      17
       9
      12
      10
       4
       6
       5
       8
       7
      10
       2
       6
       4
       6
       5
       9
       4
       5
       2
       7
       1
       2
       9
       7
       2
       3
       4
       4
       6
       9
       8
       3
       5
       7
       4
       4
       5
       8
       5
       3
       7
       2
       6
       5
       5
      13
       8
       4
       5
       7
       6
       6
       4
       4
       7
       3
       4
       3
       5
       5
       5
       7
       4
       4
       5
      11
       3
       5
       2
       4
       4
       4
       7
       2
       5
      10
       5
       3
       3
      11
       3
       4
       5
       5
       5
       5
       5
       5
       4
       8
       5
       5
       5
       8
       5
       2
       3
       1
      10
       1
       5
       4
       4
       7
       5
       4
       2
       8
       3
       8
       3
       7
       3
       5
       9
       7
       2
       6
       2
       6
       8
       2
       6
       8
       4
       3
       4
       8
       3
       3
       9
       4
       4
       6
       1
       3
       6
       2
       5
       4
       8
       7
       5
       2
       2
       6
       2
       6
       3
       8
       3
       1
       6
       9
       7
       6
       7
       3
       3
       4
       2
       2
       1
       3
       4
       4
       5
       7
       3
       5
       2
       2
       3
       3
       3
       3
       0
       4
       6
       6
       5
       3
       9
       4
       1
       4
       4
       4
       5
       6
       3
       5
       7
       5
       8
       9
       4
       2
       4
       4
       4
       0
       4
       6
       9
       3
       6
       4
       4
       8
       6
       4
       7
       5
       5
       6
       2
       5
       6
       4
       6
       4
       5
       4
       3
       8
       3
       5
       4
       5
      10
       4
       4
       9
       3
       5
       3
       6
       5
       6
       4
       9
       5
       7
       6
       3
       5
      11
       1
       5
       2
       4
       2
       2
       4
       5
       3
       3
       4
       5
       1
       4
       3
       6
       5
       7
       1
       7
       5
       3
       6
       4
       4
       4
       6
       4
       4
       4
       4
      10
       8
       8
       4
      10
       4
       2
       6
       1
       2
       5
       7
       5
       4
       1
       4
       6
       1
       8
       6
       3
       0
       3
       5
       1
       4
       5
       3
       3
       6
       2
       2
      10
       6
       2
       6
       7
       3
       9
       4
       3
       2
       4
       5
       7
       4
       9
       4
       6
       4
       7
       5
       5
       8
       9
       3
       5
       4
       4
       3
       2
       3
       7
       7
       7
       4
       5
       5
       2
       7
       5
       1
       5
       3
       1
       6
       2
       3
       7
       5
       4
       3
       2
       4
       6
       6
       3
       2
       6
       5
       7
      13
       5
       3
       1
       4
       2
       4
       7
       4
       4
       6
       7
       6
       2
       1
       5
       4
       4
       2
       6
       6
       2
       4
       5
       5
       3
       2
       5
       6
       3
       5
       5
       8
       5
       5
       2
       1
       2
       6
       3
       2
       0
       5
       5
       3
       8
       6
       3
       5
       5
       3
       5
       6
       6
       6
       7
       6
       7
       5
       8
      11
       3
       4
       2
       2
       3
       7
       2
       4
       9
       8
       5
       5
       9
       1
       4
       5
       6
       6
       5
       2
       6
       4
       3
       3
       4
       8
       5
       3
       6
       1
       5
       7
       6
       5
       8
       5
       0
       2
       4
      10
       4
       7
       4
       5
       7
       6
       7
       6
       3
       7
       5
       4
       6
       5
       3
       4
       4
       2
       3
       3
       2
       4
       9
       3
       6
       3
       5
      11
       6
       3
       4
       5
       4
       6
       7
       5
       5
       3
       5
       8
       3
       2
       4
       5
       2
       8
       2
       7
       2
       2
       2
       6
      12
       8
       1
       4
       4
       4
       8
       5
       2
       2
       4
       4
       4
       5
       7
       7
       3
       7
       4
       4
       4
       1
       2
       2
       7
       2
       3
       4
       5
       6
       2
      12
       2
       5
       7
       2
       3
       6
       1
       1
       3
       2
       3
       6
       5
       4
       0
       5
       2
       3
       4
       8
       2
       3
       2
       3
       7
       5
       3
       2
       3
       4
       5
       3
       3
       1
       4
       9
       6
       3
       1
       6
       1
       3
       2
       3
       3
      11
       7
       3
       7
       4
       2
       2
       5
       2
       5
       4
       6
       7
       3
       0
       4
       3
       0
       1
       5
       6
       5
       3
      10
       5
       8
       2
       7
       3
       5
       4
       4
       6
       3
       6
       7
       6
       4
       4
       4
       7
       4
       6
       5
       4
       7
       4
       7
      10
       7
       4
       4
       7
       5
       3
       3
       3
       7
       3
       5
       6
       5
       5
       8
       3
       4
       8
       1
       3
       3
       5
       5
       3
       5
       1
       4
       5
       4
       6
       1
       5
       3
       3
       4
       8
       4
       4
       7
       3
      10
       5
       1
       1
       4
       4
       3
       3
       2
       3
       4
      10
       3
       2
       5
       2
       5
       3
       4
       2
       5
       6
       2
       5
       3
       5
       9
       5
       2
       5
       3
       3
       3
       4
       2
      10
       3
       4
       4
       7
       4
       4
      11
       6
       6
       4
       5
       5
       4
       4
       6
       8
       4
       7
       3
       2
       7
       7
      11
       4
       5
       6
       6
       6
       4
       4
       4
       5
       7
       5
       8
       7
       4
       3
       3
       8
       4
       7
       4
       8
       0
       1
       8
       5
       7
       2
       4
       5
       3
       2
       7
       6
       2
       5
       5
       5
       7
       4
       6
       5
       4
       3
       4
       4
       5
       5
       9
       7
       4
       3
       5
       3
       8
       5
       3
       6
       3
       9
       3
       5
       5
       3
       8
       1
       2
       2
       4
       5
       4
       7
       1
       4
       6
       5
       7
       4
       4
       4
       4
       4
       6
       4
       3
       7
       4
       7
       4
       4
       6
       7
       2
       6
       5
       9
       4
       2
       5
       5
       4
       3
       7
       4
       7
       3
       7
       7
       2
       3
       4
       5
       3
       2
       4
       7
       9
       7
       3
       3
       3
       6
       5
       7
       4
       5
       5
       8
       6
       3
       4
       1
       3
       5
       7
       7
       6
       2
       5
       1
       2
       5
       2
       6
       0
       5
       7
       4
       4
       8
       5
       4
       1
       2
       2
       7
       2
       5
       7
       4
       3
       5
       5
       8
       3
       5
       9
       5
       7
       6
       4
       3
       6
       3
      10
       9
       2
       4
       6
       8
       6
       3
       8
       5
       5
       5
       9
       4
       5
       3
       3
       5
       9
       4
       5
       5
       4
       3
       7
       7
       5
       9
       6
       6
       8
       5
       5
       4
       4
       4
       2
       4
       2
       4
       2
       5
       4
       5
       8
       2
       9
       5
       2
       3
       4
       2
       3
       1
       4
       6
       3
       4
       3
       9
       6
       2
       4
       8
       6
       5
       9
       4
       5
       3
      10
       4
       8
       5
       5
       1
       7
       3
       6
       5
       8
       7
       6
       6
       6
       1
       7
       2
       4
       6
       2
       5
       2
       6
       4
       3
       1
       8
       5
       8
       5
       1
       4
       8
       8
       8
       6
       3
       4
       4
       9
       2
       6
       6
       6
      10
       6
       4
       3
      10
       6
       4
       7
       6
       3
       6
       2
       7
       4
       5
       4
       3
       1
       2
       4
       3
       4
       7
       2
       9
       6
       4
       6
       6
       6
       3
      10
       3
       3
       5
       5
       5
       5
       3
       5
       2
       2
       3
       3
       7
       4
       5
       4
       6
       6
       6
       0
       4
       4
       7
       3
       3
       6
       5
       2
       3
       3
       3
       8
       5
       5
       2
       8
       4
       2
       5
       5
       2
       4
       7
       6
       3
       5
       4
       3
       5
       5
       9
       4
       4
       6
       2
       5
       6
       6
       6
       3
       4
       4
       8
       3
       3
       1
       8
       5
       5
       5
       4
       4
       4
       8
       4
       6
       5
       5
       6
       4
       3
       5
       4
       7
       6
       2
       4
       6
       6
       5
       3
       5
       7
       3
       3
       6
       3
       5
       4
       5
       2
       7
       2
       4
       6
       1
       2
       4
       3
       3
       3
       2
       3
       3
       5
       2
       2
       6
       3
       6
       4
       3
       4
       4
       5
       4
       5
       4
       3
       4
       5
       4
       1
      11
       2
       2
       3
       2
       4
       3
       5
       3
       2
       3
       5
       5
       3
       4
       6
       7
       4
       5
       3
       5
       2
       6
       9
       1
       6
       5
       4
       6
      10
       4
       5
       7
       4
       4
       5
       1
       1
       4
       5
       3
       8
       3
       3
       3
       4
       4
       9
       3
       4
       3
       5
       2
       1
       6
       8
       5
      10
       7
       4
       2
       3
       5
       4
      11
       2
       5
       6
       3
       3
       2
       4
       5
       3
       4
       3
       2
       6
       4
       5
       1
       7
       5
       5
       6
       4
       6
       6
       6
       4
       6
       2
       8
       3
       2
       1
       5
       8
       3
       5
       4
       3
       6
       1
       6
       3
       6
       4
       7
       4
       4
       4
       5
       4
       1
       3
       2
       4
       0
       4
       2
       1
       4
       2
       3
       3
       2
       7
       1
       1
       4
       3
       1
       4
       9
       4
       0
       7
       3
       3
       7
       4
       3
       2
       4
       4
       7
      11
       3
       4
       2
       4
       4
       5
       5
       4
       7
       3
       4
       3
       4
       4
       3
       5
       4
       2
       6
       3
       3
       5
       6
       2
       4
       3
       2
       3
       3
       4
       5
       4
       2
       3
       9
       0
       0
       4
       0
       2
       7
       4
       2
       3
       1
       0
       6
       2
       4
       2
       3
       3
       3
       7
       4
       2
       1
       5
       7
       2
       2
       4
       5
       7
       0
       0
       5
       1
       3
       4
       2
       5
       5
       8
       3
       7
       5
       0
       1
       3
       4
       4
       6
       6
       2
       3
       6
       4
       5
       1
       4
       0
       6
       5
       3
       5
       5
       2
       5
       2
       5
       4
       6
       9
       3
       1
       9
       4
       2
       6
       6
       4
       6
       1
       5
       6
       5
       6
       6
       2
       8
       3
       4
      13
       8
       9
       3
       4
       6
       6
       2
       2
       1
       8
       4
       6
       2
       3
       3
      10
       3
       0
       5
       5
       4
       4
       6
       2
       3
       4
       4
       4
       6
       3
       9
       6
       2
       2
       6
       4
       3
       3
       3
       5
       6
       4
       5
       2
       3
       0
       0
       0
       0
       0
       0
       0
       0
       0
       0
       0
       0
       0
       0
       0
       0
       0
       0
       0
       0
       0
       0
       0
       0
       0
       0
       0
       0
       0
       0
       0
       0
       0
       0
       0
       0
       0
       0
       0
       0
       0
       0
       0
       0
       0
       0
       0
       0
       0
       0
       0
       0
       0
       0
       0
       0
       0
       0
       0
       0
       0
       0
       0
       0
       0
       0
       0
       0
       0
       0
       0
       0
       0
       0
       0
       0
       0
       0
       0
       0
       0
       0
       0
       0
       0
       0
       0
       0
       0
       0
       0
       0
       0
       0
       0
       0
       0
       0
       0
       0
       0
       0
       0
       0
       0
       0
       0
       0
       0
       0
       0
       0
       0
       0
       0
       0
       0
       0
       0
       0
       0
       0
       0
       0
       0
       0
       0
       0
       0
       0
       0
       0
       0
       0
       0
       0
       0
       0
       0
       0
       0
       0
       0
       0
       0
       0
       0
       0
       0
       0
       0
       0
       0
       0
       0
       0
       0
       0
       0
       0
       0
       0
       0
       0
       0
       0
       0
       0
       0
       0
       0
       0
       0
       0
       0
       0
       0
       0
       0
       0
       0
       0
       0
       0
       0
       0
       0
       0
       0
       0
       0
       0
       0
       0
       0
       0
       0
       0
       0
       0
       0
       0
       0
       0
       0
       0
       0
       0
       0
       0
       0
       0
       0
       0
       0
       0
       0
       0
       0
       0
       0
       0
       0
       0
       0
       0
       0
       0
       0
       0
       0
       0
       0
       0
       0
       0
       0
       0
       0
       0
       0
       0
       0
       0
       0
       0
       0
       0
       0
       0
       0
       0
       0
       0
       0
       0
$ROI:
2
4852 5354
12587 12888
$PRESETS:
Live Time
10800
0
$ENER_FIT:
0.358687 0.099971
$MCA_CAL:
3
3.586871E-001 9.997089E-002 0.000000E+000 keV
$SHAPE_CAL:
3
3.638087E+001 -1.552510E-003 0.000000E+000
