$SPEC_ID:
JKL Model 927 SN 17053844 Input 1 HEC-Cr-HEC-Cr-T30-D100-HPGe1-2
$SPEC_REM:
DET# 2
DETDESC# BULK Model 927 SN 17053844 Input 1
AP# Maestro Version 6.08
$DATE_MEA:
05/11/2026 10:45:11
$MEAS_TIM:
251 356
$DATA:
0 16383
       0
       0
       0
       0
       0
       0
       0
       0
       0
       0
       0
       0
       0
       0
       0
       0
       0
       0
       0
       0
       0
       0
       0
       0
       0
       0
       0
       0
       0
       0
       0
       0
       0
       0
       0
       0
       0
       0
       0
       0
       0
       0
       0
       0
       0
       0
       0
       0
       0
       0
       0
       0
       0
       0
       0
       0
       0
       0
       0
       0
       0
       0
       0
       0
       0
       0
       0
       0
       0
       0
       0
       0
       0
       0
       0
       0
       0
       0
       0
       0
       0
       0
       0
       0
       0
       0
       0
       0
       0
       0
       0
       0
       0
       0
       0
       0
       0
       0
       0
       0
       0
       0
       0
       0
       0
       0
       0
       0
       0
       0
       0
       0
       0
       0
       0
       0
      32
     210
     535
     558
     548
     553
     491
     498
     490
     485
     472
     420
     429
     465
     502
     482
     492
     471
     467
     466
     474
     465
     436
     462
     476
     497
     452
     433
     470
     432
     460
     457
     443
     451
     452
     449
     462
     453
     435
     432
     441
     438
     467
     458
     387
     431
     461
     423
     446
     430
     378
     440
     435
     463
     446
     439
     438
     449
     430
     456
     424
     408
     431
     444
     442
     455
     411
     423
     406
     407
     419
     404
     463
     423
     408
     396
     444
     420
     430
     408
     430
     422
     435
     387
     425
     382
     455
     383
     414
     433
     425
     426
     426
     359
     380
     411
     426
     406
     441
     413
     416
     392
     369
     390
     445
     397
     394
     422
     377
     397
     372
     439
     414
     376
     412
     397
     395
     385
     384
     376
     384
     379
     416
     425
     372
     400
     376
     360
     385
     379
     410
     390
     384
     359
     389
     379
     398
     410
     402
     356
     367
     415
     378
     365
     368
     356
     407
     369
     374
     398
     365
     350
     366
     386
     407
     386
     353
     372
     371
     369
     379
     344
     383
     367
     368
     395
     333
     402
     384
     384
     383
     387
     368
     377
     385
     353
     347
     369
     358
     335
     330
     364
     362
     361
     386
     346
     377
     369
     328
     323
     393
     374
     362
     358
     361
     380
     375
     373
     360
     321
     376
     369
     340
     361
     363
     360
     382
     337
     363
     373
     353
     356
     361
     339
     367
     345
     311
     368
     371
     363
     357
     355
     349
     375
     376
     328
     355
     341
     376
     322
     340
     334
     354
     372
     368
     375
     360
     355
     374
     333
     321
     357
     337
     367
     347
     347
     304
     347
     326
     343
     333
     346
     360
     354
     352
     361
     325
     317
     353
     327
     390
     351
     370
     353
     347
     323
     399
     387
     354
     352
     362
     316
     344
     330
     389
     348
     342
     327
     338
     348
     350
     348
     364
     305
     306
     341
     352
     362
     312
     347
     316
     312
     330
     370
     349
     353
     371
     334
     325
     358
     347
     352
     350
     343
     314
     311
     341
     315
     336
     305
     367
     313
     294
     346
     357
     322
     324
     322
     363
     323
     307
     310
     317
     336
     308
     353
     358
     321
     294
     351
     341
     316
     328
     330
     351
     336
     317
     337
     335
     313
     360
     345
     380
     336
     307
     337
     353
     323
     367
     366
     322
     323
     322
     333
     327
     328
     351
     304
     340
     311
     352
     346
     325
     318
     325
     344
     357
     309
     332
     357
     287
     351
     354
     329
     323
     339
     293
     312
     309
     308
     332
     345
     345
     314
     317
     300
     293
     327
     323
     326
     295
     346
     323
     299
     363
     364
     303
     313
     294
     350
     303
     337
     323
     338
     334
     345
     323
     282
     321
     381
     323
     344
     349
     325
     333
     310
     314
     300
     333
     326
     334
     314
     354
     326
     336
     325
     344
     330
     330
     327
     291
     318
     327
     331
     328
     312
     308
     327
     353
     331
     324
     331
     320
     338
     318
     331
     353
     344
     352
     324
     319
     313
     318
     316
     338
     334
     328
     348
     336
     313
     316
     321
     327
     362
     319
     329
     315
     330
     327
     331
     297
     330
     322
     321
     320
     328
     317
     321
     346
     307
     353
     316
     297
     333
     346
     322
     364
     336
     304
     343
     332
     310
     335
     294
     319
     303
     324
     308
     340
     347
     317
     317
     322
     292
     297
     272
     340
     305
     336
     320
     309
     328
     346
     326
     315
     362
     316
     316
     344
     331
     331
     314
     344
     297
     321
     337
     327
     338
     297
     342
     305
     317
     338
     326
     329
     334
     342
     340
     336
     335
     347
     334
     313
     315
     339
     336
     329
     321
     328
     324
     316
     331
     316
     320
     342
     310
     327
     331
     284
     345
     332
     289
     317
     328
     297
     346
     319
     319
     354
     334
     312
     292
     337
     317
     332
     293
     310
     339
     330
     330
     333
     308
     319
     326
     328
     340
     316
     299
     327
     331
     341
     345
     351
     349
     362
     334
     312
     326
     351
     346
     334
     337
     354
     344
     341
     390
     361
     338
     379
     334
     322
     334
     335
     309
     349
     326
     371
     368
     344
     347
     334
     334
     359
     353
     357
     373
     361
     371
     384
     372
     348
     355
     328
     330
     349
     306
     306
     343
     303
     312
     317
     289
     286
     326
     310
     327
     292
     310
     305
     284
     347
     301
     325
     315
     332
     310
     322
     319
     324
     298
     295
     309
     323
     307
     348
     291
     332
     317
     297
     296
     326
     300
     315
     290
     305
     314
     341
     288
     308
     300
     299
     327
     332
     309
     320
     322
     330
     318
     306
     330
     316
     335
     315
     311
     330
     325
     304
     317
     309
     339
     340
     329
     326
     328
     296
     343
     300
     316
     303
     338
     316
     306
     299
     328
     315
     327
     299
     284
     347
     333
     330
     344
     350
     322
     338
     348
     302
     367
     354
     359
     333
     364
     358
     331
     322
     339
     310
     345
     341
     316
     287
     304
     310
     291
     331
     339
     337
     341
     323
     337
     337
     303
     297
     352
     306
     323
     310
     339
     335
     319
     296
     312
     347
     313
     318
     364
     325
     315
     305
     303
     320
     321
     303
     296
     312
     304
     328
     346
     325
     296
     328
     296
     304
     302
     327
     326
     317
     313
     284
     310
     311
     284
     344
     329
     309
     301
     312
     325
     351
     336
     310
     330
     299
     320
     310
     291
     326
     309
     285
     333
     298
     315
     316
     314
     345
     297
     276
     306
     338
     306
     311
     313
     326
     336
     341
     298
     299
     299
     311
     314
     313
     299
     305
     333
     325
     322
     318
     291
     319
     307
     337
     326
     317
     345
     291
     324
     314
     317
     318
     320
     337
     274
     271
     330
     317
     309
     321
     314
     285
     304
     292
     328
     289
     323
     311
     323
     310
     330
     314
     321
     298
     304
     313
     290
     301
     294
     331
     320
     321
     324
     296
     308
     324
     335
     325
     295
     305
     337
     317
     297
     329
     294
     288
     298
     321
     316
     317
     306
     317
     319
     334
     317
     357
     314
     330
     290
     284
     343
     334
     311
     334
     297
     342
     325
     301
     315
     319
     322
     299
     271
     286
     295
     313
     313
     306
     327
     335
     299
     293
     304
     325
     341
     355
     344
     330
     304
     304
     305
     292
     278
     300
     310
     312
     318
     303
     301
     347
     323
     299
     323
     322
     279
     298
     314
     275
     309
     299
     309
     278
     328
     297
     315
     335
     328
     305
     298
     309
     331
     312
     317
     307
     285
     336
     305
     302
     322
     294
     312
     325
     353
     317
     320
     284
     297
     295
     313
     283
     333
     328
     319
     300
     285
     325
     351
     294
     294
     326
     321
     307
     293
     304
     340
     324
     300
     311
     279
     313
     366
     311
     319
     292
     343
     303
     319
     315
     286
     298
     311
     332
     286
     274
     322
     306
     325
     315
     333
     302
     340
     334
     321
     305
     261
     311
     295
     317
     306
     297
     273
     316
     310
     350
     309
     312
     312
     331
     328
     302
     286
     283
     310
     279
     278
     281
     291
     321
     308
     302
     330
     314
     311
     333
     319
     303
     306
     306
     316
     295
     306
     301
     315
     285
     295
     298
     324
     335
     302
     315
     334
     290
     340
     337
     301
     293
     304
     298
     303
     347
     292
     279
     299
     295
     265
     352
     322
     290
     300
     302
     289
     326
     315
     340
     316
     351
     294
     315
     313
     327
     311
     283
     318
     316
     295
     313
     292
     302
     308
     295
     305
     311
     312
     301
     287
     297
     293
     341
     307
     304
     318
     275
     304
     321
     304
     294
     308
     299
     292
     304
     288
     331
     302
     300
     329
     281
     333
     307
     318
     301
     305
     324
     315
     309
     320
     281
     325
     297
     314
     289
     284
     275
     309
     319
     305
     301
     295
     284
     335
     310
     307
     297
     304
     315
     323
     289
     277
     301
     278
     281
     307
     313
     302
     289
     285
     309
     346
     336
     295
     288
     301
     322
     313
     325
     299
     288
     290
     321
     331
     294
     317
     310
     307
     316
     286
     356
     310
     317
     311
     308
     311
     277
     312
     331
     311
     293
     303
     292
     302
     328
     339
     303
     324
     278
     326
     297
     311
     286
     327
     332
     307
     355
     331
     302
     305
     330
     328
     284
     266
     319
     296
     304
     313
     322
     295
     323
     299
     311
     293
     318
     296
     305
     290
     321
     309
     294
     290
     321
     301
     300
     331
     284
     305
     279
     311
     278
     306
     308
     300
     325
     302
     308
     280
     303
     298
     335
     311
     326
     310
     283
     298
     293
     307
     308
     281
     282
     288
     306
     323
     307
     290
     313
     286
     333
     333
     326
     330
     305
     314
     275
     321
     293
     314
     316
     330
     327
     314
     298
     339
     326
     318
     281
     313
     310
     292
     330
     300
     299
     280
     304
     312
     274
     289
     299
     335
     292
     302
     334
     287
     289
     322
     297
     306
     289
     299
     306
     302
     343
     284
     297
     295
     313
     307
     330
     285
     299
     293
     302
     303
     302
     287
     315
     327
     297
     305
     288
     299
     299
     299
     344
     292
     329
     336
     273
     308
     323
     296
     264
     306
     308
     300
     287
     312
     290
     260
     314
     318
     290
     302
     306
     323
     280
     313
     310
     319
     304
     281
     288
     294
     313
     325
     286
     310
     310
     288
     299
     318
     305
     268
     304
     297
     322
     328
     311
     294
     310
     342
     282
     298
     345
     298
     290
     282
     282
     309
     273
     284
     308
     284
     275
     320
     295
     318
     301
     285
     298
     295
     270
     303
     302
     327
     288
     302
     319
     298
     314
     279
     307
     321
     300
     294
     285
     327
     287
     308
     307
     278
     307
     279
     315
     285
     290
     334
     320
     305
     296
     305
     301
     301
     289
     294
     306
     293
     307
     304
     278
     286
     329
     294
     302
     297
     247
     339
     306
     296
     305
     306
     281
     309
     323
     305
     302
     283
     286
     306
     309
     335
     313
     306
     286
     262
     287
     304
     316
     297
     309
     313
     285
     305
     294
     297
     306
     276
     293
     280
     318
     311
     293
     310
     294
     282
     316
     292
     321
     297
     324
     299
     297
     323
     307
     315
     318
     312
     330
     283
     275
     297
     313
     312
     322
     299
     300
     327
     309
     328
     271
     271
     343
     313
     281
     321
     288
     270
     319
     285
     308
     315
     300
     286
     329
     316
     312
     305
     338
     292
     284
     313
     313
     336
     331
     322
     310
     336
     289
     331
     301
     339
     346
     321
     341
     355
     321
     346
     314
     313
     321
     353
     332
     335
     330
     329
     321
     339
     337
     358
     332
     344
     380
     399
     376
     355
     377
     380
     348
     351
     365
     359
     356
     354
     346
     370
     350
     338
     338
     359
     365
     336
     390
     332
     364
     341
     349
     378
     405
     362
     386
     337
     347
     377
     364
     362
     348
     346
     324
     366
     373
     352
     360
     405
     343
     358
     366
     341
     328
     347
     382
     344
     327
     350
     367
     348
     393
     356
     376
     352
     366
     374
     356
     358
     360
     361
     349
     381
     340
     380
     420
     335
     363
     337
     357
     391
     350
     373
     378
     370
     347
     391
     320
     336
     334
     351
     354
     368
     359
     360
     375
     325
     360
     399
     358
     357
     380
     319
     355
     352
     365
     326
     363
     364
     346
     345
     345
     351
     370
     358
     358
     340
     380
     352
     375
     376
     378
     333
     395
     346
     322
     346
     364
     368
     351
     387
     341
     336
     359
     362
     370
     339
     299
     309
     336
     347
     355
     336
     324
     335
     325
     379
     352
     345
     353
     320
     339
     347
     330
     334
     365
     334
     332
     351
     329
     335
     360
     331
     357
     350
     347
     342
     366
     356
     345
     363
     327
     332
     329
     328
     332
     363
     374
     360
     333
     354
     340
     352
     362
     332
     338
     341
     324
     342
     362
     343
     315
     338
     354
     355
     328
     329
     334
     340
     338
     365
     383
     328
     349
     361
     318
     332
     341
     372
     332
     334
     336
     369
     345
     352
     336
     341
     345
     348
     310
     310
     334
     338
     337
     359
     347
     312
     329
     332
     303
     337
     309
     347
     317
     349
     349
     374
     350
     324
     303
     368
     358
     353
     368
     307
     340
     333
     335
     361
     316
     350
     333
     336
     333
     347
     335
     341
     286
     328
     340
     340
     325
     312
     322
     313
     324
     359
     330
     338
     317
     307
     309
     321
     347
     296
     319
     334
     322
     319
     317
     336
     364
     328
     311
     336
     316
     342
     326
     301
     319
     346
     294
     321
     307
     320
     332
     352
     323
     345
     309
     314
     321
     356
     295
     341
     324
     322
     321
     335
     339
     316
     297
     326
     349
     356
     326
     298
     334
     364
     332
     342
     346
     314
     320
     345
     358
     349
     321
     332
     313
     353
     313
     314
     319
     356
     320
     330
     306
     311
     357
     359
     324
     331
     284
     321
     358
     359
     352
     327
     309
     336
     312
     312
     306
     314
     317
     351
     330
     322
     323
     331
     331
     313
     301
     347
     338
     346
     306
     295
     309
     312
     320
     309
     309
     327
     304
     350
     298
     316
     323
     306
     329
     343
     302
     303
     339
     321
     326
     328
     328
     311
     346
     330
     299
     329
     314
     327
     329
     329
     287
     363
     296
     311
     322
     325
     328
     350
     321
     330
     328
     325
     319
     300
     323
     314
     340
     314
     299
     335
     310
     333
     318
     334
     309
     348
     308
     278
     325
     316
     329
     319
     319
     333
     305
     338
     335
     355
     328
     343
     334
     314
     306
     338
     328
     302
     328
     318
     352
     317
     343
     309
     308
     323
     348
     328
     317
     359
     315
     321
     314
     323
     323
     321
     299
     312
     312
     306
     326
     308
     318
     301
     300
     353
     321
     323
     318
     329
     309
     311
     306
     301
     328
     323
     315
     341
     314
     322
     298
     325
     333
     313
     302
     325
     293
     349
     330
     325
     270
     325
     283
     338
     291
     359
     307
     314
     330
     296
     323
     328
     344
     286
     307
     323
     311
     323
     330
     328
     298
     318
     334
     329
     301
     291
     319
     306
     321
     322
     313
     311
     341
     305
     330
     312
     341
     300
     282
     320
     323
     357
     366
     300
     309
     282
     295
     298
     303
     326
     337
     307
     286
     324
     337
     303
     308
     328
     315
     316
     313
     308
     316
     296
     283
     307
     300
     317
     313
     313
     290
     312
     316
     321
     310
     319
     316
     292
     301
     314
     313
     321
     295
     313
     285
     308
     317
     321
     311
     299
     303
     304
     287
     320
     317
     325
     308
     318
     296
     318
     324
     297
     300
     303
     303
     284
     296
     320
     303
     285
     278
     285
     292
     298
     309
     285
     345
     314
     314
     320
     306
     308
     306
     311
     278
     319
     308
     312
     311
     289
     286
     302
     326
     310
     284
     320
     301
     325
     320
     318
     289
     297
     315
     303
     314
     284
     295
     296
     293
     305
     296
     280
     283
     291
     321
     328
     264
     286
     318
     303
     291
     301
     295
     289
     300
     292
     301
     307
     320
     298
     293
     304
     291
     302
     286
     258
     313
     307
     329
     328
     319
     288
     311
     287
     291
     326
     310
     277
     296
     341
     334
     295
     305
     304
     295
     311
     273
     309
     302
     307
     299
     308
     296
     314
     285
     307
     282
     301
     320
     328
     290
     280
     287
     287
     280
     347
     279
     326
     299
     289
     319
     294
     324
     289
     273
     294
     306
     298
     333
     307
     318
     287
     303
     309
     307
     310
     315
     283
     277
     294
     282
     293
     306
     277
     325
     287
     318
     293
     326
     312
     284
     283
     320
     257
     304
     305
     295
     300
     305
     293
     291
     278
     312
     300
     285
     276
     277
     286
     283
     303
     281
     295
     266
     276
     308
     269
     269
     279
     296
     297
     295
     341
     262
     278
     306
     337
     278
     277
     299
     317
     306
     297
     301
     308
     278
     286
     297
     296
     314
     286
     295
     325
     245
     329
     280
     304
     299
     283
     308
     304
     291
     316
     278
     264
     293
     328
     302
     308
     290
     303
     312
     286
     319
     315
     284
     305
     289
     287
     293
     332
     299
     296
     292
     308
     322
     280
     281
     290
     281
     295
     304
     329
     275
     278
     301
     300
     301
     297
     304
     277
     308
     300
     294
     302
     307
     293
     249
     277
     306
     262
     296
     311
     290
     297
     308
     284
     316
     301
     276
     264
     310
     294
     311
     285
     306
     280
     295
     280
     261
     276
     271
     299
     324
     281
     289
     307
     297
     312
     284
     290
     308
     326
     303
     284
     288
     294
     295
     276
     309
     295
     300
     292
     291
     286
     261
     284
     265
     295
     272
     283
     292
     312
     296
     263
     306
     315
     269
     276
     315
     300
     295
     329
     315
     276
     287
     292
     261
     251
     295
     312
     285
     272
     294
     281
     288
     289
     278
     276
     302
     276
     285
     275
     294
     290
     294
     282
     320
     271
     293
     261
     271
     283
     314
     276
     289
     275
     319
     298
     301
     313
     293
     287
     275
     309
     308
     289
     269
     263
     286
     285
     277
     307
     262
     296
     268
     284
     280
     329
     305
     313
     293
     310
     274
     277
     309
     266
     311
     281
     260
     292
     283
     274
     301
     291
     287
     267
     310
     295
     274
     265
     297
     285
     281
     321
     298
     297
     297
     302
     308
     288
     292
     304
     282
     284
     302
     296
     309
     306
     306
     299
     272
     289
     266
     301
     290
     317
     298
     278
     296
     310
     298
     313
     290
     248
     274
     283
     297
     271
     274
     300
     294
     305
     278
     292
     302
     273
     286
     302
     304
     291
     301
     287
     273
     287
     307
     296
     272
     287
     297
     275
     300
     279
     311
     287
     299
     301
     288
     332
     318
     295
     290
     295
     277
     277
     302
     283
     287
     318
     289
     267
     311
     302
     297
     305
     268
     283
     309
     294
     308
     312
     268
     316
     268
     304
     281
     317
     287
     284
     297
     290
     279
     268
     286
     300
     319
     305
     288
     318
     272
     309
     274
     284
     304
     301
     303
     314
     295
     262
     344
     260
     306
     309
     303
     292
     291
     307
     308
     264
     276
     290
     315
     277
     312
     327
     312
     300
     305
     300
     312
     273
     338
     284
     298
     289
     333
     266
     304
     291
     316
     286
     312
     287
     297
     289
     291
     289
     264
     316
     294
     293
     305
     296
     300
     309
     311
     276
     300
     301
     274
     310
     275
     318
     309
     295
     291
     284
     305
     296
     302
     310
     298
     294
     294
     299
     297
     279
     342
     285
     305
     344
     312
     315
     324
     328
     339
     339
     319
     267
     312
     303
     299
     328
     283
     317
     303
     311
     303
     306
     305
     345
     327
     294
     308
     284
     277
     293
     303
     349
     313
     339
     330
     336
     289
     327
     313
     284
     273
     311
     295
     309
     276
     296
     349
     324
     308
     268
     312
     272
     277
     306
     294
     315
     281
     315
     310
     305
     294
     293
     294
     262
     270
     314
     301
     295
     338
     276
     328
     329
     335
     316
     311
     333
     324
     351
     329
     319
     320
     298
     320
     312
     322
     310
     310
     310
     341
     273
     339
     301
     283
     345
     302
     300
     310
     309
     325
     309
     307
     325
     302
     293
     345
     350
     333
     326
     325
     313
     319
     313
     279
     319
     325
     312
     339
     315
     318
     302
     307
     292
     326
     316
     317
     297
     306
     322
     320
     316
     320
     330
     374
     351
     316
     326
     288
     313
     350
     305
     366
     319
     355
     340
     328
     323
     335
     318
     350
     348
     308
     298
     301
     351
     326
     303
     309
     325
     316
     300
     317
     325
     342
     310
     301
     308
     367
     345
     306
     323
     312
     352
     338
     321
     322
     328
     320
     329
     331
     315
     308
     334
     300
     342
     320
     324
     308
     313
     294
     331
     317
     346
     340
     323
     291
     355
     326
     327
     344
     350
     338
     333
     351
     345
     336
     315
     373
     327
     332
     335
     321
     350
     342
     317
     312
     336
     308
     340
     333
     312
     331
     335
     317
     337
     344
     337
     331
     317
     327
     359
     361
     329
     331
     336
     319
     335
     340
     346
     336
     311
     371
     358
     326
     328
     323
     358
     358
     352
     338
     391
     335
     358
     360
     338
     331
     327
     337
     317
     324
     340
     368
     361
     339
     350
     338
     345
     372
     336
     365
     355
     353
     383
     343
     396
     365
     333
     338
     326
     341
     356
     351
     349
     378
     348
     363
     357
     343
     345
     391
     373
     371
     352
     337
     391
     371
     368
     375
     362
     371
     389
     370
     368
     360
     352
     376
     335
     373
     348
     346
     366
     354
     341
     347
     346
     376
     405
     343
     336
     399
     372
     377
     354
     390
     399
     389
     397
     327
     353
     345
     373
     369
     371
     395
     379
     356
     354
     364
     352
     326
     370
     343
     355
     357
     349
     357
     341
     377
     370
     362
     374
     344
     387
     354
     345
     379
     355
     345
     397
     380
     354
     393
     382
     350
     364
     383
     344
     395
     426
     371
     366
     385
     365
     392
     391
     361
     351
     355
     348
     381
     364
     375
     367
     410
     341
     362
     372
     406
     395
     353
     357
     383
     385
     381
     339
     383
     394
     380
     402
     365
     412
     356
     405
     354
     387
     365
     373
     381
     357
     365
     383
     382
     394
     381
     396
     402
     389
     411
     379
     407
     346
     358
     349
     396
     361
     366
     372
     379
     396
     399
     397
     359
     371
     373
     419
     386
     413
     405
     366
     391
     381
     385
     350
     387
     428
     346
     360
     363
     379
     368
     392
     367
     396
     315
     382
     373
     364
     369
     390
     382
     419
     384
     375
     384
     399
     406
     383
     399
     368
     410
     350
     388
     341
     363
     406
     333
     368
     378
     333
     364
     394
     376
     375
     359
     345
     369
     394
     367
     397
     336
     343
     385
     391
     358
     360
     373
     380
     355
     350
     378
     357
     361
     342
     355
     356
     349
     334
     352
     364
     356
     342
     322
     334
     324
     328
     329
     352
     312
     330
     310
     319
     304
     338
     319
     312
     295
     305
     293
     301
     328
     302
     304
     299
     310
     275
     293
     295
     292
     251
     325
     322
     276
     310
     277
     276
     239
     262
     304
     285
     255
     259
     264
     269
     246
     247
     226
     245
     242
     260
     248
     256
     236
     266
     268
     258
     265
     271
     235
     249
     255
     254
     243
     224
     254
     241
     247
     258
     264
     260
     208
     251
     227
     231
     237
     246
     245
     244
     221
     249
     224
     215
     255
     227
     222
     238
     228
     235
     247
     239
     201
     226
     226
     222
     217
     200
     218
     227
     213
     209
     222
     206
     228
     195
     227
     236
     221
     229
     213
     180
     213
     225
     217
     216
     234
     211
     222
     211
     190
     196
     203
     252
     219
     224
     193
     239
     222
     230
     181
     234
     197
     231
     217
     242
     242
     226
     221
     215
     219
     197
     227
     205
     188
     195
     179
     191
     183
     210
     191
     204
     212
     223
     204
     220
     226
     208
     194
     194
     195
     248
     197
     222
     201
     208
     216
     201
     185
     213
     201
     223
     206
     172
     195
     219
     180
     186
     185
     202
     201
     202
     200
     212
     184
     194
     192
     184
     192
     184
     189
     214
     187
     171
     178
     193
     182
     183
     215
     197
     218
     174
     207
     213
     172
     171
     173
     183
     189
     185
     169
     183
     176
     174
     168
     196
     174
     172
     194
     155
     184
     187
     152
     185
     188
     178
     169
     190
     189
     173
     186
     194
     181
     190
     184
     184
     180
     188
     194
     165
     180
     173
     207
     181
     155
     170
     178
     192
     180
     164
     150
     170
     156
     169
     172
     178
     163
     166
     158
     158
     179
     184
     164
     154
     173
     173
     170
     165
     149
     187
     199
     161
     172
     158
     186
     168
     156
     176
     164
     183
     163
     163
     174
     172
     172
     154
     161
     161
     171
     173
     156
     167
     166
     160
     183
     178
     152
     161
     160
     180
     167
     191
     156
     176
     138
     162
     157
     153
     179
     142
     159
     172
     155
     158
     158
     165
     152
     160
     153
     157
     167
     133
     150
     170
     152
     167
     174
     139
     146
     163
     155
     136
     172
     182
     173
     173
     175
     179
     135
     154
     169
     154
     151
     159
     144
     144
     164
     170
     176
     139
     128
     142
     147
     156
     125
     156
     142
     160
     144
     133
     157
     133
     141
     141
     157
     129
     159
     163
     140
     143
     149
     153
     138
     130
     137
     126
     176
     156
     143
     143
     155
     126
     146
     148
     149
     141
     164
     163
     152
     128
     141
     130
     147
     147
     159
     129
     146
     142
     159
     141
     144
     153
     165
     145
     154
     161
     145
     143
     134
     145
     144
     145
     139
     136
     162
     146
     146
     141
     132
     127
     138
     135
     155
     128
     147
     143
     130
     158
     141
     138
     136
     163
     134
     119
     143
     158
     147
     146
     137
     127
     154
     131
     139
     152
     154
     118
     128
     121
     132
     116
     110
     139
     149
     132
     128
     145
     122
     137
     124
     136
     139
     146
     148
     115
     132
     140
     119
     136
     135
     118
     123
     138
     134
     128
     132
     139
     136
     113
     127
     147
     112
     118
     112
     135
     109
     139
     125
     114
     143
     132
     144
     118
     112
     125
     130
     131
     126
     134
     117
     110
     119
     119
     115
     127
     151
     135
     124
     129
     149
     125
     116
     108
     119
     112
     113
     130
     119
     117
     123
     128
     114
      97
     126
     106
     101
     117
     141
     121
     121
     106
     139
     110
     132
     108
     138
     118
     105
     125
     117
     126
     135
     134
     131
     132
     119
     122
     108
      97
     120
     113
     133
     112
     124
     112
     119
      99
     112
     104
     119
     133
     111
     119
     110
      98
     109
     101
     110
     112
     106
     100
     127
     118
     129
     111
     105
      85
     112
      97
     102
     112
     111
      95
     102
     113
     125
     106
     122
     116
     110
     117
     109
      99
     111
     118
     119
     107
      97
     101
     106
     105
     103
      93
     121
      99
     115
     109
     108
     111
      90
     106
     116
     103
      92
     134
     107
      96
     113
      92
     117
     105
     102
     108
     113
     115
     101
     101
     117
      98
     105
     113
      95
      96
     103
      96
     100
     102
     101
     114
      96
      99
      94
     104
      84
      91
      91
      94
     125
     108
      98
     112
     101
     108
      99
     111
     112
      99
      98
      99
     100
     101
      96
      87
     106
     123
      91
     104
     107
      96
     103
     110
     101
     109
      82
      93
      91
      97
     102
     104
      93
     116
      99
      89
     105
      91
      93
     105
      97
      94
      81
     119
      83
      97
      90
     101
      93
      99
      90
     105
     104
      91
      97
      97
      81
     100
      90
      89
      93
      98
      97
      87
      92
      77
      97
      96
     107
     101
      90
     110
      93
     100
      97
      95
      90
      87
      89
      99
      84
      85
     116
     122
     102
      88
      93
     104
      87
      88
      85
      89
      88
      98
      91
      85
      77
      98
      90
      86
      93
      94
      99
      86
      80
     101
      84
      93
      96
      98
      91
      98
      82
      90
      87
      88
      92
      79
      92
      98
      95
      83
      87
      82
      68
      87
      82
      92
      99
      79
      80
      98
      97
      92
      99
      87
      95
      77
      82
     103
     105
      86
      83
      95
      77
      87
      81
      74
      97
      80
      90
      80
      88
      79
      85
      85
      80
      74
     100
     100
      77
      86
      78
      96
      68
      83
      93
      78
      99
      89
      97
      81
      90
      70
      90
      85
      87
      88
      89
      60
      88
      82
      83
      94
     103
      72
      80
      88
     100
      94
      82
      84
      95
      87
      65
      86
      78
      91
      72
      79
      70
      74
      87
      83
      80
      71
      92
      77
      75
      87
      87
      88
      82
      94
      78
      85
      78
      87
      85
      76
      83
      73
      79
      93
      82
      74
      94
      80
      84
      91
      98
      78
      78
      86
      84
      78
      93
      95
      84
      96
      78
      99
      74
      80
      79
      79
      86
      84
      79
      73
      73
      97
      87
      91
      93
      72
      78
      90
      85
      82
      86
      65
      89
      81
     100
      84
      87
      85
      78
      82
      75
      78
      78
      79
      89
      74
      89
      78
      82
      76
      97
      85
      80
      82
      69
      78
      80
      84
      78
      72
      89
      85
      81
      91
      93
      88
      96
     102
      71
      80
      86
      78
      74
      88
      76
      86
      87
      79
      92
      81
      78
      87
      88
      83
      80
      81
      75
      77
      79
      96
      90
      83
      80
      63
      92
      85
      78
      91
      85
      61
      94
      80
      90
      71
      77
      93
      76
      92
      89
      72
      88
      78
      78
      74
      88
      81
      80
      75
      73
      88
      65
      83
      88
      87
      84
      90
      83
      91
      75
      74
      93
      78
      99
      93
     102
      94
      68
      76
      65
      80
      84
      80
      87
      99
      80
      84
      85
      78
     102
      89
      74
      69
      76
      84
      66
      73
      85
      70
      88
      78
      68
      93
      83
      86
      69
      74
      65
      91
      70
      71
      80
      93
      91
      93
      90
      87
      82
     110
      74
      83
      70
      88
      84
      93
     108
      87
      78
      71
      66
      64
      84
      81
      81
      62
      78
     101
      71
      86
      94
      86
      85
     108
      86
      82
      89
      70
      82
      83
      89
      88
      74
      82
      71
      87
      81
      88
      85
      93
      93
      78
      91
     104
      77
      71
      73
      85
      75
      59
      84
      82
      81
      68
      80
      76
      85
      90
      67
      89
      80
      85
      63
      75
      74
      70
      77
      82
      74
      70
      81
      92
      97
      99
      85
      81
      80
      81
      92
      68
      78
      87
      88
      76
      80
      72
      76
      65
      73
      87
      86
      80
      90
      77
      76
      79
      81
      67
      70
      84
      81
      91
      84
      93
      89
      93
      76
      73
      88
      94
      83
      84
      77
      83
      72
      80
      80
      75
      66
      78
      86
      80
      79
      76
      78
      87
      80
      90
      83
      93
      85
      72
      76
      91
      67
      74
      89
      78
      84
      75
      79
      86
      96
      90
      93
      86
      83
      80
      83
      96
      90
      78
      89
      78
      67
      91
      81
      81
      84
      69
      82
      66
      96
      78
      90
      76
      87
      71
      78
      82
      76
      89
      89
      81
      81
      77
      78
      91
      83
      83
      68
      90
      81
      77
      66
      81
      69
      64
      70
      64
      75
      78
      80
      84
      76
      81
      74
      64
      89
      83
      85
      77
      74
      75
      76
      71
      74
      97
      79
      72
      84
      89
      95
      61
      80
      70
      73
      70
      91
      88
      82
      75
      73
     102
      78
      77
      75
      83
      85
      84
      68
      74
      72
      84
      78
     101
      80
      80
      80
      77
      84
     100
      86
      82
      82
      79
      92
      84
      74
      86
      85
      85
      80
      76
      80
      87
      84
      92
      87
      81
      77
      75
      70
      79
      66
      87
      72
      75
      65
      85
      92
      81
      75
      86
      79
      84
      89
      84
      90
      75
      71
      85
      87
      74
      80
      84
      89
      82
      82
      92
      85
      80
      97
      77
      75
      78
      65
      88
      82
      64
      94
      88
      90
      91
      84
      85
      81
      76
      77
      92
      78
      86
      86
      92
      95
      89
      83
      66
      73
      85
      94
      85
      77
      86
      98
      76
      77
      77
      84
      68
      76
      85
      88
      82
      95
      82
      90
      91
      88
      81
      92
      91
      81
      90
      88
      85
      79
      83
      74
      82
      76
      82
      81
      93
      83
      83
      74
      80
      95
      72
      94
      79
      86
      82
      82
      81
      96
      73
     101
      96
      79
      72
      62
      96
      78
      66
      85
      86
      78
      92
      90
      85
      87
      71
      71
      94
      69
      93
      65
      83
      84
      79
      62
      82
      65
      78
      71
      70
      77
      70
      85
      87
      78
      75
      80
      64
      82
      69
     102
      81
      91
      84
      82
      85
      86
     106
      99
      72
      81
      74
      92
      74
      84
      84
      72
     107
      82
      82
      89
      72
      89
      81
      97
      86
      90
      86
      80
      77
      84
     100
      89
      80
      79
      81
      77
      75
      91
      77
      79
      74
      69
      95
     101
      84
      90
     107
      87
      89
      88
      80
     106
      80
      77
      84
      71
      74
      93
      82
      72
      80
      97
      84
      99
      81
      80
      67
      92
      99
      93
      84
      94
      96
      88
      76
      80
      88
      78
      71
      74
      80
      99
      77
      71
      88
      90
      71
      91
      95
      90
      74
      65
      90
      90
      77
      81
      81
      82
      92
      78
      65
      92
      76
      86
      71
      80
     103
      91
      87
     100
      89
      84
     102
     100
      83
      90
      90
      94
      86
      75
      60
      90
      85
      94
      99
      72
      79
      85
      92
      89
      83
      77
      95
      96
     111
      89
     107
     105
     107
      84
      93
     108
      88
      75
      91
      91
     103
     103
     110
      96
      78
      84
     106
      95
      99
      86
     104
     101
      93
      94
     116
      94
      92
      83
      86
      89
     113
     105
     103
      89
     111
      90
     113
     110
     119
     111
      78
      92
     125
      98
     115
      98
     101
      97
     124
     106
     114
     129
      96
     114
     103
      97
     119
     121
     119
     121
     134
     133
     121
     137
     125
     135
     130
     140
     122
     128
     148
     161
     161
     172
     145
     203
     190
     181
     190
     236
     220
     254
     293
     285
     305
     361
     370
     443
     480
     571
     623
     653
     753
     830
    1016
    1126
    1284
    1476
    1626
    1917
    2248
    2656
    3045
    3565
    4109
    4653
    5243
    6017
    6635
    7245
    8177
    8860
    9388
   10143
   10793
   11131
   11476
   12117
   12456
   12736
   12616
   12821
   12544
   12631
   12691
   12507
   11939
   11667
   11270
   10757
   10010
    9505
    8983
    8103
    7372
    6704
    6022
    5170
    4533
    3937
    3280
    2893
    2390
    1916
    1627
    1227
    1129
     890
     733
     626
     550
     473
     420
     352
     335
     279
     261
     239
     210
     189
     183
     183
     150
     155
     162
     125
     140
     132
     101
     112
     110
      90
      97
      79
      83
      80
      86
      79
      89
      83
      69
      83
      82
      85
      95
      66
      62
      77
      61
      50
      87
      69
      64
      60
      67
      58
      64
      58
      60
      62
      64
      56
      71
      82
      73
      62
      61
      64
      55
      59
      42
      59
      59
      62
      73
      65
      63
      55
      54
      58
      62
      63
      59
      64
      68
      67
      49
      50
      45
      53
      53
      58
      63
      68
      60
      75
      60
      52
      55
      57
      61
      46
      55
      52
      45
      45
      70
      53
      41
      52
      55
      47
      55
      48
      50
      53
      53
      54
      50
      55
      55
      48
      50
      51
      65
      53
      38
      47
      41
      70
      47
      41
      32
      43
      57
      62
      60
      64
      59
      47
      48
      56
      52
      55
      58
      52
      62
      43
      71
      50
      56
      47
      53
      49
      42
      52
      51
      48
      43
      44
      50
      51
      49
      46
      49
      42
      50
      50
      41
      34
      49
      45
      66
      50
      54
      61
      54
      57
      55
      69
      49
      34
      51
      38
      47
      46
      50
      38
      56
      46
      57
      43
      38
      44
      42
      56
      41
      53
      43
      45
      50
      46
      42
      50
      48
      44
      53
      55
      51
      30
      49
      56
      48
      58
      59
      50
      44
      46
      51
      53
      49
      41
      54
      53
      58
      49
      49
      50
      43
      43
      39
      59
      50
      53
      47
      54
      52
      26
      44
      36
      44
      41
      36
      50
      40
      41
      38
      57
      48
      46
      31
      41
      43
      49
      41
      54
      44
      35
      46
      48
      42
      48
      42
      56
      36
      31
      45
      51
      52
      47
      39
      42
      47
      45
      38
      44
      48
      49
      46
      50
      40
      48
      45
      50
      41
      37
      47
      41
      47
      51
      45
      54
      41
      47
      48
      45
      50
      36
      52
      40
      41
      44
      38
      44
      57
      37
      54
      39
      40
      51
      46
      44
      42
      44
      54
      47
      52
      43
      44
      51
      35
      41
      57
      56
      45
      61
      56
      45
      41
      40
      38
      45
      35
      50
      45
      47
      46
      41
      37
      32
      33
      38
      45
      34
      39
      39
      43
      49
      51
      34
      44
      42
      50
      43
      44
      39
      44
      62
      47
      54
      37
      44
      49
      39
      38
      52
      33
      54
      50
      39
      59
      46
      41
      48
      39
      42
      46
      32
      44
      42
      36
      42
      42
      37
      53
      39
      42
      41
      50
      36
      52
      39
      50
      40
      45
      40
      44
      40
      39
      43
      55
      41
      36
      41
      42
      41
      38
      58
      39
      39
      41
      39
      43
      43
      27
      40
      45
      47
      29
      47
      50
      55
      34
      35
      38
      32
      38
      41
      46
      40
      43
      39
      41
      27
      35
      45
      49
      46
      51
      54
      36
      50
      41
      42
      52
      38
      32
      44
      37
      54
      42
      46
      36
      42
      48
      32
      39
      40
      53
      43
      44
      45
      52
      42
      48
      48
      32
      47
      36
      43
      42
      40
      46
      47
      44
      43
      37
      43
      43
      38
      36
      45
      52
      45
      43
      52
      39
      52
      39
      28
      35
      36
      43
      36
      30
      43
      38
      48
      48
      32
      34
      36
      40
      49
      47
      33
      46
      49
      44
      44
      37
      39
      46
      40
      27
      40
      44
      33
      34
      43
      44
      35
      47
      44
      35
      44
      39
      37
      45
      36
      47
      28
      46
      41
      38
      50
      34
      39
      31
      34
      32
      42
      32
      30
      51
      41
      44
      42
      40
      42
      52
      48
      41
      38
      32
      37
      37
      43
      39
      41
      40
      49
      48
      38
      30
      44
      40
      38
      36
      39
      41
      24
      41
      34
      39
      52
      39
      50
      49
      39
      54
      47
      43
      42
      27
      47
      51
      44
      43
      42
      37
      40
      52
      35
      43
      39
      47
      41
      36
      53
      45
      43
      48
      54
      40
      34
      52
      45
      39
      47
      47
      53
      49
      44
      42
      30
      42
      42
      41
      30
      39
      41
      44
      36
      50
      50
      36
      38
      39
      46
      43
      41
      37
      49
      30
      53
      44
      47
      46
      41
      41
      40
      45
      47
      34
      35
      42
      42
      41
      39
      34
      29
      39
      46
      45
      31
      38
      40
      47
      47
      41
      46
      34
      39
      38
      44
      35
      33
      36
      29
      36
      35
      40
      46
      48
      39
      42
      39
      37
      43
      39
      46
      36
      28
      39
      31
      37
      32
      47
      42
      43
      37
      46
      30
      39
      51
      42
      28
      41
      39
      47
      46
      43
      48
      33
      39
      47
      43
      32
      44
      33
      36
      39
      43
      42
      52
      46
      33
      34
      34
      39
      39
      61
      34
      45
      40
      47
      36
      37
      39
      43
      44
      38
      44
      49
      41
      42
      54
      34
      46
      31
      34
      43
      36
      42
      36
      37
      43
      43
      40
      44
      43
      36
      38
      34
      36
      39
      41
      33
      42
      32
      51
      39
      44
      42
      37
      46
      40
      34
      35
      44
      47
      33
      45
      32
      39
      43
      50
      37
      43
      34
      26
      46
      44
      35
      28
      38
      29
      46
      50
      44
      39
      47
      47
      37
      36
      44
      44
      47
      29
      40
      37
      44
      33
      42
      38
      31
      41
      43
      46
      36
      42
      49
      38
      34
      42
      49
      47
      39
      36
      41
      56
      46
      29
      45
      45
      37
      34
      30
      43
      40
      51
      38
      44
      37
      36
      47
      45
      37
      38
      42
      50
      33
      28
      41
      34
      49
      48
      37
      41
      37
      52
      41
      47
      36
      50
      49
      48
      36
      46
      33
      39
      46
      33
      37
      37
      46
      49
      37
      29
      37
      37
      32
      41
      33
      39
      29
      34
      36
      36
      42
      31
      40
      40
      33
      32
      40
      32
      37
      64
      35
      48
      46
      38
      45
      53
      37
      38
      29
      27
      30
      34
      38
      40
      39
      44
      46
      47
      36
      50
      40
      31
      31
      47
      38
      36
      37
      36
      40
      30
      47
      43
      30
      43
      47
      32
      46
      28
      39
      40
      38
      36
      34
      49
      42
      41
      38
      28
      41
      43
      41
      33
      36
      50
      42
      47
      50
      41
      44
      48
      41
      48
      30
      46
      43
      48
      38
      40
      40
      47
      41
      59
      40
      53
      51
      52
      59
      45
      51
      53
      51
      52
      40
      41
      33
      38
      44
      41
      50
      32
      30
      38
      41
      44
      38
      39
      34
      33
      47
      29
      32
      40
      30
      42
      42
      34
      38
      37
      46
      42
      48
      52
      36
      43
      30
      37
      40
      46
      41
      37
      47
      46
      38
      35
      34
      48
      40
      34
      45
      44
      54
      33
      41
      51
      41
      41
      27
      38
      46
      32
      36
      44
      51
      32
      30
      41
      44
      45
      33
      48
      37
      40
      36
      37
      31
      32
      35
      27
      43
      29
      30
      46
      39
      24
      38
      39
      46
      40
      32
      31
      45
      37
      42
      32
      34
      42
      39
      39
      39
      33
      25
      47
      49
      31
      25
      38
      44
      44
      47
      36
      36
      35
      31
      48
      35
      44
      44
      39
      41
      44
      39
      46
      36
      46
      28
      33
      27
      38
      54
      40
      39
      40
      41
      33
      40
      27
      39
      39
      40
      40
      35
      32
      45
      28
      38
      21
      40
      42
      39
      42
      36
      38
      32
      39
      40
      41
      34
      32
      44
      37
      30
      37
      41
      41
      51
      40
      38
      38
      40
      37
      39
      36
      34
      35
      35
      44
      27
      40
      34
      43
      37
      31
      39
      46
      31
      36
      35
      40
      41
      39
      54
      36
      44
      51
      36
      41
      44
      30
      41
      30
      41
      34
      39
      44
      39
      36
      33
      40
      46
      32
      35
      50
      43
      31
      30
      27
      33
      36
      38
      49
      42
      40
      34
      36
      34
      38
      30
      36
      34
      47
      36
      36
      49
      39
      29
      34
      35
      39
      32
      39
      35
      35
      31
      36
      37
      37
      47
      42
      44
      46
      29
      27
      38
      36
      29
      36
      42
      57
      44
      40
      55
      42
      35
      33
      29
      34
      42
      39
      43
      39
      40
      42
      43
      42
      36
      38
      53
      30
      35
      37
      35
      51
      53
      38
      45
      30
      47
      38
      37
      43
      31
      40
      44
      36
      25
      39
      30
      35
      42
      34
      34
      38
      36
      44
      41
      40
      35
      43
      44
      43
      50
      42
      29
      40
      37
      40
      31
      33
      41
      36
      49
      33
      37
      37
      44
      29
      43
      40
      35
      36
      19
      37
      48
      33
      49
      47
      29
      42
      42
      41
      36
      38
      38
      35
      50
      44
      43
      33
      40
      33
      44
      36
      35
      39
      42
      47
      37
      32
      37
      43
      40
      44
      37
      48
      35
      38
      38
      36
      40
      40
      37
      29
      29
      47
      31
      30
      42
      28
      35
      42
      29
      37
      45
      32
      40
      29
      45
      39
      35
      40
      38
      52
      35
      41
      35
      37
      28
      36
      38
      34
      33
      48
      46
      37
      37
      45
      35
      47
      48
      37
      30
      45
      39
      38
      31
      32
      39
      40
      30
      41
      42
      38
      34
      30
      45
      44
      44
      41
      32
      38
      41
      32
      37
      33
      36
      34
      37
      50
      42
      25
      43
      43
      39
      43
      40
      34
      36
      32
      40
      34
      37
      38
      33
      56
      34
      29
      33
      47
      34
      23
      41
      29
      40
      33
      28
      40
      45
      31
      43
      41
      33
      36
      29
      45
      44
      38
      43
      38
      45
      36
      46
      38
      41
      28
      39
      40
      42
      45
      36
      26
      41
      31
      34
      42
      46
      45
      38
      48
      35
      44
      45
      34
      43
      46
      33
      57
      40
      49
      48
      32
      46
      30
      38
      41
      39
      37
      21
      48
      44
      39
      49
      39
      41
      37
      39
      35
      44
      34
      45
      33
      42
      27
      43
      43
      28
      32
      35
      33
      32
      50
      34
      39
      50
      29
      32
      49
      41
      30
      35
      41
      45
      31
      39
      31
      28
      37
      30
      23
      48
      34
      37
      27
      34
      48
      43
      42
      35
      38
      41
      39
      43
      40
      35
      37
      34
      47
      34
      51
      43
      42
      38
      38
      45
      30
      32
      47
      36
      34
      38
      46
      41
      43
      29
      35
      39
      38
      30
      48
      34
      52
      41
      33
      23
      53
      49
      37
      34
      43
      34
      26
      42
      39
      53
      41
      37
      33
      58
      35
      50
      48
      26
      50
      37
      38
      47
      34
      42
      37
      40
      43
      36
      44
      36
      34
      35
      51
      34
      31
      39
      43
      44
      43
      41
      42
      45
      42
      32
      34
      36
      33
      30
      41
      44
      57
      33
      37
      33
      37
      42
      34
      32
      35
      40
      50
      43
      31
      33
      37
      60
      40
      37
      42
      35
      32
      57
      46
      40
      37
      33
      40
      38
      55
      37
      42
      42
      40
      37
      39
      51
      48
      48
      36
      40
      32
      35
      43
      47
      47
      42
      31
      44
      43
      34
      49
      37
      41
      39
      47
      39
      42
      44
      43
      35
      33
      30
      42
      45
      31
      47
      33
      34
      31
      46
      47
      43
      38
      45
      29
      28
      31
      41
      42
      35
      47
      27
      37
      47
      38
      27
      41
      40
      49
      42
      36
      36
      38
      42
      45
      34
      39
      34
      39
      45
      45
      34
      31
      43
      42
      48
      43
      39
      45
      41
      43
      38
      40
      28
      45
      38
      44
      34
      43
      52
      37
      48
      45
      44
      35
      39
      45
      35
      36
      50
      49
      34
      40
      32
      49
      35
      36
      45
      36
      39
      30
      40
      45
      41
      42
      43
      47
      45
      30
      30
      35
      46
      38
      42
      40
      44
      41
      29
      38
      37
      38
      40
      40
      39
      37
      45
      34
      43
      38
      30
      32
      38
      41
      39
      31
      28
      24
      42
      36
      33
      35
      38
      48
      42
      44
      32
      44
      46
      43
      36
      46
      48
      45
      26
      40
      40
      38
      42
      40
      46
      41
      38
      37
      33
      48
      40
      40
      36
      42
      44
      39
      38
      37
      43
      44
      46
      27
      27
      37
      40
      34
      40
      34
      43
      40
      41
      32
      40
      32
      35
      40
      31
      37
      37
      33
      39
      38
      47
      44
      38
      33
      44
      28
      38
      42
      43
      41
      35
      33
      42
      40
      45
      35
      44
      37
      36
      36
      33
      43
      36
      47
      40
      37
      44
      32
      35
      32
      36
      43
      31
      37
      41
      39
      33
      36
      37
      33
      35
      30
      39
      43
      36
      41
      30
      46
      38
      45
      43
      43
      38
      34
      39
      40
      34
      31
      42
      39
      41
      38
      54
      43
      42
      35
      33
      32
      39
      34
      34
      41
      44
      37
      46
      39
      46
      42
      46
      34
      35
      35
      38
      30
      55
      35
      39
      41
      42
      50
      46
      45
      34
      41
      49
      43
      35
      38
      52
      34
      39
      44
      35
      38
      48
      38
      38
      45
      46
      33
      35
      38
      40
      42
      37
      41
      33
      34
      30
      40
      28
      36
      38
      29
      38
      37
      26
      39
      43
      45
      40
      36
      39
      37
      42
      32
      36
      40
      41
      41
      31
      42
      43
      30
      51
      36
      42
      41
      37
      32
      41
      34
      47
      33
      36
      39
      38
      40
      35
      42
      43
      28
      34
      30
      39
      40
      40
      42
      28
      31
      27
      47
      42
      41
      37
      31
      33
      44
      52
      36
      36
      40
      38
      43
      38
      43
      54
      47
      45
      46
      36
      43
      42
      50
      45
      34
      43
      33
      37
      42
      42
      34
      43
      43
      50
      34
      34
      38
      42
      37
      35
      28
      32
      43
      35
      37
      38
      40
      43
      42
      49
      43
      37
      36
      47
      43
      42
      37
      50
      43
      35
      36
      40
      32
      51
      35
      51
      33
      34
      32
      39
      52
      43
      38
      39
      34
      36
      28
      39
      44
      47
      38
      33
      44
      31
      40
      45
      51
      28
      36
      46
      33
      39
      28
      33
      33
      38
      43
      40
      37
      48
      33
      39
      44
      36
      51
      34
      48
      37
      40
      35
      33
      43
      40
      48
      38
      44
      34
      37
      45
      45
      47
      32
      40
      40
      31
      38
      33
      43
      46
      39
      35
      43
      31
      33
      39
      35
      36
      28
      40
      29
      43
      42
      44
      38
      42
      49
      49
      44
      29
      38
      25
      49
      38
      42
      51
      42
      41
      33
      41
      55
      44
      34
      50
      35
      31
      46
      35
      33
      45
      44
      44
      47
      28
      36
      45
      37
      44
      33
      30
      50
      42
      32
      46
      44
      36
      27
      35
      44
      35
      29
      44
      47
      42
      35
      48
      42
      45
      34
      39
      39
      39
      42
      39
      38
      39
      43
      39
      50
      37
      38
      44
      29
      23
      42
      38
      37
      32
      48
      31
      36
      45
      43
      42
      42
      40
      38
      35
      47
      37
      40
      33
      46
      36
      59
      40
      48
      31
      45
      26
      37
      40
      39
      39
      42
      39
      33
      42
      37
      35
      30
      36
      40
      43
      39
      31
      38
      26
      46
      33
      44
      41
      33
      29
      41
      49
      39
      50
      48
      34
      31
      38
      34
      45
      39
      40
      33
      43
      42
      44
      28
      37
      38
      34
      34
      37
      31
      36
      53
      45
      42
      33
      43
      49
      41
      37
      38
      37
      36
      49
      53
      42
      40
      42
      45
      40
      45
      49
      44
      26
      40
      31
      54
      38
      44
      36
      46
      51
      34
      48
      48
      46
      33
      30
      36
      30
      43
      30
      35
      36
      40
      40
      47
      46
      38
      37
      45
      37
      39
      33
      39
      35
      32
      43
      37
      30
      56
      35
      32
      47
      48
      38
      35
      38
      36
      28
      41
      34
      44
      37
      46
      36
      51
      56
      37
      46
      39
      42
      40
      36
      45
      41
      32
      39
      43
      42
      38
      36
      26
      38
      46
      33
      37
      43
      40
      38
      35
      45
      39
      45
      45
      46
      49
      43
      37
      44
      44
      37
      47
      47
      41
      43
      36
      40
      47
      34
      35
      45
      44
      43
      39
      32
      46
      40
      38
      46
      45
      47
      50
      39
      35
      47
      36
      37
      38
      48
      36
      40
      46
      40
      41
      47
      32
      31
      36
      36
      44
      43
      34
      48
      33
      38
      52
      31
      40
      34
      41
      36
      46
      36
      40
      48
      49
      44
      55
      38
      36
      40
      39
      42
      39
      51
      41
      55
      33
      42
      41
      45
      48
      43
      49
      28
      45
      44
      44
      63
      59
      55
      37
      50
      51
      48
      44
      41
      48
      51
      50
      55
      51
      46
      45
      46
      35
      62
      49
      41
      33
      49
      42
      50
      36
      47
      42
      38
      51
      40
      46
      39
      38
      40
      34
      37
      38
      44
      22
      39
      35
      36
      40
      36
      41
      36
      38
      40
      48
      47
      39
      45
      30
      31
      48
      40
      35
      42
      32
      47
      43
      40
      40
      47
      41
      38
      27
      39
      46
      47
      38
      50
      37
      34
      50
      46
      47
      46
      43
      42
      33
      36
      45
      37
      44
      40
      40
      41
      37
      42
      37
      30
      39
      46
      28
      40
      38
      51
      30
      37
      37
      43
      49
      30
      35
      48
      30
      34
      37
      43
      36
      30
      35
      39
      49
      49
      53
      29
      46
      38
      46
      50
      36
      46
      34
      36
      38
      39
      40
      40
      45
      42
      52
      51
      37
      36
      33
      39
      38
      35
      41
      39
      31
      46
      35
      34
      50
      44
      45
      37
      43
      36
      44
      44
      37
      40
      42
      43
      58
      32
      34
      45
      39
      36
      49
      37
      41
      33
      30
      38
      46
      36
      43
      34
      32
      33
      41
      42
      35
      45
      38
      42
      45
      42
      48
      40
      34
      42
      51
      28
      42
      59
      45
      38
      34
      42
      50
      29
      28
      49
      43
      37
      44
      38
      38
      46
      40
      52
      46
      29
      39
      47
      36
      33
      47
      41
      47
      37
      29
      33
      36
      42
      40
      46
      33
      41
      51
      45
      44
      46
      39
      35
      39
      41
      49
      46
      50
      49
      31
      37
      32
      29
      44
      29
      35
      42
      42
      43
      67
      36
      38
      38
      38
      44
      44
      39
      41
      32
      36
      52
      45
      43
      48
      43
      31
      29
      50
      43
      40
      40
      42
      40
      35
      43
      30
      37
      42
      38
      47
      36
      45
      45
      46
      34
      32
      40
      34
      37
      38
      44
      39
      46
      37
      38
      43
      47
      35
      30
      46
      40
      35
      33
      35
      37
      33
      39
      38
      45
      42
      31
      34
      40
      35
      40
      41
      39
      42
      26
      40
      36
      41
      29
      38
      41
      35
      46
      46
      41
      28
      33
      49
      33
      41
      44
      25
      34
      42
      38
      42
      42
      34
      40
      37
      40
      56
      41
      44
      39
      36
      44
      33
      37
      42
      44
      45
      53
      34
      50
      47
      37
      33
      38
      46
      48
      40
      47
      44
      43
      41
      45
      41
      38
      59
      45
      37
      40
      41
      42
      44
      46
      46
      42
      50
      40
      39
      30
      40
      51
      46
      40
      35
      45
      37
      39
      36
      38
      47
      44
      44
      46
      30
      37
      50
      38
      36
      26
      36
      37
      50
      49
      48
      42
      30
      42
      37
      46
      48
      45
      50
      25
      35
      46
      40
      41
      37
      42
      36
      43
      35
      48
      51
      53
      47
      45
      32
      33
      46
      34
      36
      32
      32
      49
      40
      43
      48
      36
      35
      41
      50
      33
      32
      47
      46
      33
      44
      39
      44
      50
      39
      49
      36
      41
      37
      48
      48
      45
      41
      41
      42
      45
      33
      45
      38
      47
      52
      45
      30
      47
      44
      42
      35
      29
      45
      45
      30
      46
      43
      35
      35
      41
      33
      29
      37
      44
      45
      41
      42
      45
      44
      49
      35
      57
      38
      35
      26
      47
      45
      58
      43
      30
      37
      44
      38
      41
      47
      40
      30
      38
      43
      40
      37
      43
      29
      44
      34
      41
      50
      46
      59
      41
      46
      37
      32
      50
      39
      45
      34
      53
      42
      37
      42
      31
      37
      35
      43
      39
      42
      47
      49
      39
      45
      42
      48
      39
      47
      43
      43
      39
      44
      38
      46
      50
      32
      42
      40
      50
      50
      37
      32
      38
      36
      37
      47
      33
      43
      37
      44
      44
      37
      35
      46
      40
      34
      38
      48
      30
      38
      49
      48
      28
      50
      44
      40
      30
      47
      38
      45
      48
      37
      36
      41
      46
      50
      52
      41
      49
      41
      54
      40
      49
      45
      33
      44
      39
      36
      51
      41
      40
      34
      43
      38
      47
      31
      21
      51
      40
      36
      43
      49
      49
      43
      45
      49
      43
      45
      42
      50
      43
      33
      26
      35
      41
      40
      27
      44
      44
      46
      47
      25
      32
      26
      40
      38
      41
      44
      28
      41
      30
      36
      48
      54
      35
      49
      43
      40
      32
      42
      43
      49
      36
      43
      49
      46
      51
      45
      51
      33
      48
      47
      35
      50
      54
      40
      30
      48
      45
      30
      38
      35
      41
      44
      40
      50
      49
      41
      42
      33
      43
      45
      40
      45
      58
      46
      55
      38
      45
      40
      39
      38
      42
      40
      51
      42
      44
      49
      44
      38
      36
      47
      50
      53
      48
      45
      52
      46
      40
      43
      44
      37
      50
      37
      39
      35
      43
      50
      44
      38
      46
      48
      45
      36
      39
      43
      46
      52
      47
      51
      47
      48
      44
      35
      49
      41
      36
      39
      35
      41
      43
      36
      35
      46
      35
      43
      38
      45
      49
      46
      63
      41
      49
      47
      44
      41
      47
      34
      38
      54
      40
      55
      48
      42
      39
      38
      47
      43
      38
      52
      39
      44
      35
      36
      45
      45
      45
      55
      46
      40
      48
      43
      46
      56
      40
      50
      41
      47
      41
      46
      30
      36
      48
      45
      42
      46
      52
      55
      42
      54
      50
      34
      45
      39
      43
      40
      52
      34
      46
      38
      49
      37
      40
      54
      42
      40
      45
      41
      44
      39
      40
      46
      55
      55
      40
      43
      54
      44
      34
      31
      36
      48
      46
      36
      59
      34
      42
      40
      37
      39
      35
      33
      49
      43
      27
      54
      47
      46
      59
      39
      49
      47
      48
      20
      37
      45
      46
      44
      42
      46
      36
      51
      43
      43
      51
      53
      44
      42
      44
      46
      42
      39
      41
      38
      40
      45
      47
      34
      40
      35
      39
      40
      54
      53
      62
      33
      46
      53
      50
      40
      40
      40
      34
      43
      39
      42
      28
      39
      40
      47
      53
      48
      58
      47
      51
      40
      57
      41
      26
      54
      36
      44
      50
      41
      50
      50
      41
      56
      52
      45
      42
      43
      51
      52
      41
      34
      54
      44
      57
      39
      52
      40
      42
      49
      41
      41
      49
      37
      47
      47
      44
      46
      37
      40
      48
      52
      43
      43
      41
      43
      58
      45
      48
      36
      49
      47
      53
      42
      53
      36
      46
      40
      30
      56
      49
      37
      51
      45
      38
      46
      42
      38
      49
      38
      45
      55
      39
      48
      31
      50
      44
      58
      38
      54
      40
      45
      51
      44
      50
      44
      41
      55
      40
      41
      42
      34
      54
      49
      44
      37
      41
      51
      46
      44
      56
      45
      48
      51
      26
      40
      40
      48
      43
      54
      47
      40
      41
      48
      41
      38
      40
      48
      52
      52
      37
      43
      42
      56
      50
      51
      57
      35
      34
      32
      52
      53
      39
      36
      49
      57
      40
      47
      42
      35
      39
      42
      53
      47
      38
      55
      43
      44
      39
      52
      35
      57
      51
      31
      55
      43
      44
      45
      40
      40
      48
      40
      61
      52
      49
      42
      51
      59
      42
      33
      38
      39
      36
      52
      64
      47
      41
      39
      41
      50
      47
      32
      48
      50
      50
      56
      49
      49
      52
      50
      65
      59
      47
      34
      43
      43
      39
      39
      46
      58
      57
      42
      47
      36
      55
      43
      47
      30
      48
      48
      38
      43
      36
      57
      44
      51
      63
      52
      41
      43
      52
      54
      36
      44
      53
      51
      43
      56
      54
      42
      54
      42
      53
      43
      37
      42
      56
      36
      46
      44
      43
      31
      50
      48
      36
      70
      33
      41
      51
      51
      36
      48
      45
      40
      59
      45
      51
      49
      44
      58
      46
      50
      44
      57
      41
      45
      48
      42
      51
      47
      51
      57
      43
      45
      49
      48
      46
      51
      54
      47
      50
      38
      34
      57
      44
      39
      45
      38
      41
      49
      45
      50
      57
      44
      38
      47
      51
      55
      57
      42
      35
      49
      49
      41
      39
      51
      42
      34
      51
      40
      52
      50
      35
      41
      62
      48
      42
      45
      33
      34
      42
      53
      50
      40
      30
      41
      29
      45
      48
      39
      37
      38
      48
      45
      53
      45
      53
      50
      49
      49
      48
      55
      47
      35
      46
      34
      49
      41
      37
      46
      44
      55
      52
      47
      45
      46
      52
      51
      45
      41
      34
      49
      60
      34
      47
      51
      36
      46
      45
      39
      60
      52
      34
      39
      56
      54
      49
      41
      55
      39
      32
      51
      38
      50
      63
      59
      44
      44
      38
      45
      48
      57
      43
      37
      38
      40
      53
      63
      51
      53
      48
      53
      51
      44
      32
      48
      47
      46
      57
      47
      56
      45
      46
      36
      42
      35
      52
      39
      53
      61
      39
      37
      52
      34
      52
      55
      44
      39
      48
      59
      49
      32
      41
      43
      39
      51
      59
      41
      49
      50
      44
      43
      35
      42
      46
      39
      50
      55
      41
      50
      42
      46
      50
      40
      43
      50
      51
      39
      40
      41
      40
      41
      51
      50
      51
      36
      51
      43
      54
      44
      46
      58
      45
      50
      49
      46
      57
      45
      46
      47
      47
      48
      49
      51
      40
      55
      68
      52
      53
      47
      54
      48
      55
      43
      54
      49
      56
      39
      57
      39
      55
      55
      53
      49
      49
      53
      46
      52
      45
      41
      50
      55
      43
      41
      51
      50
      36
      57
      38
      44
      44
      48
      63
      37
      48
      47
      49
      57
      49
      49
      51
      45
      54
      49
      53
      56
      44
      41
      55
      42
      55
      41
      45
      38
      51
      55
      45
      50
      46
      45
      33
      49
      56
      52
      47
      50
      49
      50
      56
      53
      51
      49
      57
      53
      43
      46
      39
      51
      53
      54
      52
      66
      41
      44
      57
      60
      55
      48
      53
      50
      54
      48
      59
      57
      52
      46
      41
      64
      46
      48
      37
      43
      44
      40
      56
      56
      50
      49
      56
      35
      54
      44
      42
      53
      60
      43
      41
      48
      44
      50
      48
      59
      45
      48
      54
      56
      54
      53
      44
      48
      37
      61
      51
      42
      58
      45
      49
      41
      51
      48
      57
      64
      51
      49
      52
      51
      58
      56
      56
      50
      55
      48
      64
      58
      54
      45
      37
      57
      42
      52
      45
      48
      46
      39
      49
      41
      37
      36
      46
      45
      42
      45
      55
      48
      59
      54
      46
      57
      55
      40
      49
      52
      41
      49
      46
      47
      40
      55
      43
      63
      40
      58
      48
      62
      38
      48
      41
      47
      49
      41
      56
      57
      63
      41
      48
      43
      45
      51
      52
      48
      62
      40
      49
      48
      58
      51
      55
      58
      44
      57
      53
      50
      45
      59
      57
      47
      52
      55
      37
      53
      51
      55
      53
      50
      54
      50
      54
      42
      58
      53
      40
      56
      59
      46
      62
      41
      44
      52
      49
      50
      54
      50
      62
      43
      41
      38
      49
      46
      51
      56
      43
      36
      47
      37
      51
      57
      48
      45
      54
      49
      42
      48
      51
      54
      55
      48
      61
      40
      48
      57
      70
      50
      53
      51
      58
      47
      56
      51
      51
      57
      60
      51
      50
      45
      54
      45
      57
      57
      47
      53
      52
      50
      41
      50
      53
      45
      54
      53
      42
      70
      42
      49
      63
      59
      44
      54
      62
      45
      48
      64
      54
      47
      71
      47
      44
      54
      60
      65
      62
      40
      46
      41
      44
      52
      46
      45
      42
      48
      62
      35
      51
      44
      64
      48
      46
      36
      53
      47
      45
      64
      56
      61
      55
      59
      43
      51
      47
      45
      52
      67
      48
      46
      48
      50
      69
      55
      52
      55
      45
      48
      44
      49
      53
      53
      48
      37
      45
      41
      47
      59
      58
      48
      44
      57
      57
      41
      59
      55
      51
      51
      47
      52
      39
      51
      41
      55
      52
      55
      38
      62
      45
      48
      56
      40
      56
      57
      48
      63
      58
      68
      49
      60
      46
      47
      50
      46
      46
      47
      51
      52
      51
      43
      61
      53
      56
      54
      44
      47
      65
      41
      60
      49
      49
      44
      60
      65
      50
      58
      62
      39
      52
      48
      50
      54
      54
      57
      61
      55
      55
      58
      53
      42
      49
      56
      68
      53
      63
      48
      57
      59
      55
      59
      50
      50
      55
      55
      56
      46
      41
      54
      70
      44
      42
      55
      60
      44
      54
      59
      51
      62
      60
      56
      58
      67
      56
      40
      54
      43
      57
      47
      50
      52
      59
      48
      68
      46
      44
      49
      51
      50
      52
      56
      57
      56
      53
      55
      60
      49
      54
      68
      47
      54
      49
      51
      49
      59
      52
      55
      54
      63
      52
      61
      58
      60
      61
      62
      65
      65
      46
      58
      58
      44
      58
      44
      57
      59
      51
      48
      66
      63
      52
      58
      43
      55
      68
      59
      86
      58
      62
      52
      58
      47
      55
      51
      54
      52
      61
      57
      60
      68
      59
      62
      64
      50
      61
      46
      79
      73
      67
      47
      60
      45
      53
      54
      51
      49
      57
      36
      45
      62
      55
      68
      57
      58
      50
      45
      50
      60
      63
      57
      63
      57
      75
      48
      58
      50
      46
      51
      56
      47
      54
      49
      65
      56
      68
      47
      58
      53
      61
      47
      47
      47
      41
      53
      50
      52
      50
      45
      44
      52
      66
      68
      62
      60
      49
      67
      62
      63
      64
      62
      57
      63
      51
      57
      53
      61
      61
      67
      60
      60
      60
      52
      64
      57
      61
      50
      49
      68
      67
      55
      54
      57
      54
      52
      48
      64
      59
      65
      54
      62
      69
      71
      53
      58
      48
      48
      62
      49
      50
      61
      56
      66
      56
      49
      58
      50
      44
      60
      62
      44
      66
      62
      48
      53
      42
      53
      51
      69
      66
      65
      59
      62
      59
      54
      50
      59
      57
      56
      47
      52
      54
      74
      56
      52
      68
      57
      52
      73
      60
      66
      65
      47
      55
      53
      61
      77
      57
      67
      54
      61
      59
      59
      56
      54
      65
      48
      71
      65
      57
      65
      64
      69
      56
      62
      62
      58
      61
      56
      48
      56
      47
      57
      59
      52
      60
      66
      56
      56
      54
      78
      60
      56
      65
      62
      46
      56
      63
      72
      46
      54
      57
      52
      52
      50
      68
      54
      61
      63
      72
      45
      59
      67
      54
      53
      62
      66
      62
      57
      65
      63
      58
      74
      51
      52
      48
      62
      65
      54
      65
      65
      59
      66
      62
      66
      56
      75
      56
      55
      58
      60
      44
      72
      58
      57
      60
      42
      57
      87
      65
      54
      60
      63
      70
      71
      65
      71
      88
      62
      58
      71
      48
      60
      73
      77
      57
      69
      64
      57
      62
      77
      53
      77
      71
      59
      72
      57
      53
      69
      67
      69
      59
      70
      68
      44
      68
      67
      76
      59
      65
      68
      52
      54
      59
      52
      60
      71
      81
      71
      68
      69
      60
      79
      50
      57
      60
      55
      63
      76
      54
      56
      57
      79
      63
      79
      77
      55
      54
      68
      72
      59
      51
      76
      62
      49
      58
      81
      68
      67
      83
      67
      58
      64
      79
      74
      62
      57
      57
      63
      76
      64
      68
      59
      70
      61
      61
      63
      70
      61
      69
      54
      65
      55
      74
      62
      51
      80
      70
      73
      57
      62
      61
      67
      59
      67
      64
      55
      62
      55
      65
      67
      66
      72
      52
      54
      67
      73
      57
      74
      65
      71
      58
      65
      68
      63
      67
      70
      66
      78
      69
      64
      69
      74
      64
      64
      76
      69
      59
      68
      58
      54
      66
      59
      69
      71
      80
      58
      67
      76
      63
      74
      64
      81
      58
      58
      64
      71
      68
      66
      65
      48
      63
      58
      79
      81
      73
      77
      65
      84
      68
      78
      79
      68
      59
      61
      76
      64
      69
      60
      67
      60
      69
      61
      83
      68
      71
      71
      90
      57
      84
      61
      90
      68
      57
      71
      71
      64
      60
      69
      71
      67
      64
      70
      71
      69
      73
      60
      58
      84
      65
      61
      71
      61
      76
      62
      62
      60
      51
      66
      72
      91
      66
      82
      67
      78
      73
      71
      67
      76
      73
      68
      72
      66
      65
      78
      72
      70
      78
      71
      74
      61
      72
      54
      75
      71
      78
      69
      74
      59
      77
      62
      65
      58
      67
      75
      75
      78
      86
      79
      65
      74
      62
      85
      78
      79
      59
      64
      81
      72
      66
      66
      66
      87
      58
      73
      81
      75
      72
      63
      78
      74
      58
      65
      62
      67
      74
      65
      75
      66
      60
      72
      69
      59
      73
      67
      80
      68
      80
      68
      79
      71
      76
      73
      71
      71
      48
      65
      80
      83
      76
      74
      60
      75
      69
      81
      76
      73
      69
      67
      81
      76
      83
      75
      75
     104
      71
      76
      80
      82
      72
      83
      66
      86
      83
      76
      84
      87
      68
      86
      94
      69
      95
      72
      68
      86
      83
      78
      73
      88
      75
      86
      87
      96
      82
      95
      78
      97
      79
     105
      87
      72
      66
      82
      81
      74
      82
      84
      69
      86
      80
      78
      91
      82
      74
      75
      81
      87
      81
      74
      82
      57
      77
      85
      73
      97
      59
      83
      81
      79
      74
      84
      95
      71
      89
      58
      92
      79
      65
      94
      77
      80
      68
      74
      61
      84
      80
      69
      73
      82
      74
      87
      80
      75
      73
      71
      93
      65
      86
      84
      73
      86
      83
     100
      76
      75
      80
      75
      83
      78
      77
      77
      73
      76
      96
      69
      77
      75
      88
      84
      87
      91
      66
      90
      80
      67
      84
      77
      91
      71
      87
      74
      70
      88
      77
      87
      83
      59
      74
      78
      70
      66
      70
      78
      79
      77
      90
      78
      81
      77
      83
      76
      74
      90
      80
      86
      91
      68
      84
      78
      89
      90
      88
      82
      75
      89
      73
      88
      80
      89
      88
      84
      66
      94
      89
      76
      93
      75
      86
      92
      67
      73
      73
      78
      88
      78
      86
      78
     105
      85
      78
      81
      80
     101
      75
      94
      84
      79
      87
      78
      86
      95
      77
      80
      76
      93
      71
      75
      67
      83
      77
      77
      85
      79
      91
      78
      79
      71
      90
      79
      72
      80
      69
      73
      77
     101
      83
     102
      87
      96
      78
      70
      88
      87
      79
      69
      84
      81
      69
      81
      78
      88
      88
     107
      75
      68
      89
      86
      72
      93
      86
      93
      92
      84
      85
      81
      89
      82
      92
      68
      85
      78
      80
      93
      98
      65
      86
      72
      86
      91
      95
      89
      78
      97
      88
      86
      77
      82
      81
      90
     102
      86
      87
      82
      79
      79
      82
      81
     107
      77
      87
      95
      92
      81
      90
     104
      90
      72
      73
      81
      96
      88
      87
      96
      98
     104
      81
      88
      88
      82
      85
      71
      78
      81
      87
      72
      97
     106
      72
      79
      84
      87
      86
      96
      81
      81
      96
      72
      91
      82
      89
     100
      85
      70
      73
      94
      74
      92
      87
     110
      80
      89
      83
      85
      82
     100
      95
      93
      83
      90
      91
      80
      93
      81
      71
      91
      77
      77
      76
      93
      79
      80
      86
      66
      80
      87
      69
      87
      80
      79
      75
      83
     106
      88
      77
      96
      99
      68
      73
      71
      81
      89
      94
      82
      75
      89
      71
      84
      78
      77
      84
      93
      76
      83
      79
      82
      86
      85
      80
      62
      87
      73
      79
      87
      80
      73
      76
      83
      81
      88
      88
      84
      78
      83
      66
      77
      89
      65
      67
      98
      67
      71
      81
      92
      75
      56
      76
      72
      87
      86
      69
      83
      76
      70
      62
      82
      78
      66
      72
      84
      91
      65
      64
      51
      69
      62
      69
      63
      76
      53
      52
      62
      72
      75
      66
      52
      66
      76
      56
      51
      56
      69
      55
      68
      54
      59
      60
      69
      58
      60
      54
      56
      64
      58
      72
      60
      42
      64
      57
      72
      60
      63
      54
      64
      60
      57
      55
      50
      52
      56
      59
      50
      63
      49
      62
      53
      67
      47
      53
      59
      71
      45
      59
      52
      47
      55
      51
      52
      52
      61
      58
      49
      54
      62
      75
      51
      53
      48
      54
      54
      44
      57
      67
      59
      67
      50
      61
      50
      52
      44
      50
      45
      47
      58
      57
      60
      46
      52
      61
      56
      61
      71
      29
      45
      60
      43
      44
      46
      63
      33
      56
      51
      69
      47
      51
      52
      58
      44
      49
      58
      51
      58
      55
      57
      47
      58
      62
      49
      59
      49
      40
      39
      47
      56
      41
      44
      42
      46
      42
      67
      46
      49
      60
      44
      40
      41
      53
      50
      50
      57
      56
      40
      61
      47
      45
      56
      56
      49
      60
      39
      68
      59
      50
      61
      49
      62
      45
      41
      52
      45
      54
      33
      49
      47
      57
      48
      40
      51
      51
      48
      49
      42
      46
      44
      49
      56
      49
      41
      50
      47
      41
      42
      44
      48
      40
      46
      54
      42
      34
      55
      46
      40
      46
      44
      49
      68
      48
      48
      49
      43
      50
      46
      45
      58
      58
      35
      39
      44
      35
      41
      55
      46
      54
      49
      43
      46
      50
      40
      43
      50
      46
      48
      43
      38
      43
      43
      50
      51
      43
      42
      43
      47
      38
      47
      48
      50
      44
      47
      42
      45
      52
      47
      34
      35
      54
      40
      43
      51
      42
      51
      40
      46
      44
      44
      43
      47
      35
      36
      37
      37
      29
      53
      42
      49
      37
      52
      39
      36
      48
      41
      53
      41
      47
      54
      42
      45
      44
      39
      33
      48
      41
      55
      50
      45
      33
      54
      53
      44
      51
      48
      38
      37
      37
      51
      39
      40
      44
      39
      38
      54
      39
      46
      44
      33
      39
      43
      30
      52
      43
      32
      36
      31
      35
      37
      46
      40
      52
      36
      40
      23
      32
      57
      44
      42
      47
      60
      35
      33
      47
      49
      56
      31
      38
      38
      42
      56
      32
      44
      37
      45
      49
      43
      43
      37
      41
      43
      42
      26
      43
      41
      26
      31
      41
      49
      42
      50
      33
      46
      50
      32
      42
      47
      45
      36
      40
      38
      43
      48
      47
      38
      34
      42
      38
      44
      35
      46
      32
      44
      33
      42
      44
      48
      37
      29
      51
      38
      45
      34
      44
      49
      37
      36
      43
      28
      37
      50
      50
      39
      37
      40
      31
      42
      45
      44
      50
      48
      32
      36
      43
      46
      40
      53
      41
      27
      38
      38
      44
      30
      36
      42
      40
      32
      30
      40
      37
      43
      27
      36
      34
      43
      40
      37
      44
      50
      38
      41
      41
      39
      39
      41
      49
      26
      45
      48
      39
      46
      48
      42
      30
      43
      35
      39
      35
      43
      40
      29
      33
      32
      37
      36
      36
      39
      33
      32
      39
      40
      31
      47
      41
      43
      31
      45
      48
      47
      32
      36
      28
      47
      55
      44
      44
      34
      40
      39
      33
      29
      50
      39
      46
      42
      38
      43
      44
      37
      40
      25
      38
      30
      43
      37
      43
      43
      47
      43
      44
      36
      37
      37
      42
      27
      27
      39
      34
      28
      37
      31
      38
      35
      42
      31
      29
      38
      34
      35
      46
      24
      33
      33
      25
      36
      35
      38
      31
      35
      37
      46
      25
      35
      41
      42
      30
      32
      41
      36
      49
      42
      40
      29
      42
      50
      29
      35
      38
      44
      21
      30
      27
      30
      44
      30
      31
      34
      44
      33
      34
      26
      24
      27
      38
      37
      36
      36
      32
      42
      33
      32
      37
      46
      26
      24
      35
      32
      39
      36
      30
      42
      41
      34
      42
      28
      43
      29
      33
      31
      27
      33
      38
      29
      36
      49
      29
      22
      23
      39
      34
      28
      33
      29
      31
      21
      38
      44
      31
      31
      29
      32
      34
      39
      38
      33
      34
      42
      28
      29
      26
      38
      37
      32
      24
      28
      35
      39
      27
      37
      26
      23
      33
      26
      31
      29
      33
      39
      21
      22
      26
      34
      27
      20
      22
      28
      31
      36
      33
      44
      37
      22
      37
      31
      31
      30
      36
      23
      30
      26
      26
      34
      27
      28
      34
      30
      33
      33
      24
      31
      40
      27
      35
      23
      31
      25
      24
      36
      42
      30
      31
      33
      27
      30
      34
      29
      24
      24
      22
      39
      33
      27
      34
      21
      24
      29
      23
      41
      32
      37
      28
      23
      32
      26
      36
      30
      39
      36
      28
      26
      27
      18
      19
      23
      21
      25
      31
      29
      33
      21
      31
      24
      26
      23
      27
      28
      25
      38
      29
      27
      23
      26
      21
      28
      30
      23
      28
      23
      32
      13
      19
      27
      30
      29
      23
      34
      34
      25
      30
      30
      25
      34
      33
      33
      24
      17
      30
      24
      31
      28
      25
      30
      28
      23
      33
      17
      33
      25
      26
      21
      20
      33
      20
      33
      20
      33
      26
      20
      24
      26
      28
      24
      27
      29
      29
      24
      20
      30
      29
      31
      29
      29
      24
      21
      28
      34
      29
      27
      30
      30
      28
      24
      22
      22
      32
      27
      23
      26
      34
      26
      33
      24
      21
      17
      28
      20
      31
      29
      24
      26
      36
      23
      31
      23
      22
      18
      23
      32
      20
      29
      23
      25
      29
      23
      24
      21
      16
      21
      25
      18
      20
      17
      28
      19
      19
      27
      25
      21
      22
      22
      26
      23
      31
      28
      20
      28
      31
      33
      30
      17
      19
      35
      23
      18
      19
      23
      15
      24
      15
      22
      29
      22
      22
      22
      20
      25
      21
      24
      27
      17
      15
      29
      16
      17
      19
      19
      17
      17
      26
      20
      27
      29
      24
      21
      10
      30
      15
      23
      16
      26
      15
      17
      27
      16
      33
      25
      25
      20
      19
      21
      18
      32
      24
      15
      16
      22
      17
      20
      20
      18
      18
      19
      22
      22
      17
      25
      18
      16
      28
      19
      19
      25
      25
      24
      25
      17
      25
      14
      18
      19
      14
      26
      18
      22
      15
      17
      19
      21
      16
      20
      19
      18
      20
      15
      20
      18
      23
      28
      17
      17
      14
      22
      16
      25
      18
      13
      18
      23
      18
      18
      22
      16
      19
      15
      17
      22
      21
      15
      24
      21
      20
      26
      21
      18
      14
      19
      16
      23
      20
      19
      19
      23
      23
      16
      20
      17
      22
      19
      17
      17
      21
      12
      22
      25
      14
      18
      15
      16
      20
      12
      14
      17
      20
      16
      17
      25
      15
      20
      21
      17
      20
      23
      24
      16
      15
      20
      21
      12
      16
      19
      28
      18
      18
      15
      16
      13
      16
      17
      18
      18
      20
      16
      16
      17
      25
      20
      18
      16
       8
      19
      22
      15
      17
      23
      18
      21
      17
      16
      26
      17
      19
      14
      16
      15
      15
      20
      20
       9
      17
      18
      14
      19
      18
      22
      12
      12
       9
      12
      13
      18
      12
      16
      31
      16
      11
      14
      24
       4
      14
      15
      25
      16
      17
      11
      18
      12
      19
       9
      13
      10
      17
      14
      17
      16
      14
      18
      15
      11
      21
      15
      16
      20
      11
      17
      11
      11
      21
      20
      16
      16
      15
      18
      17
      12
      12
       9
      24
      12
       7
      16
      15
      16
       9
      19
      16
      17
      16
      12
      19
      14
      19
      11
      22
      14
      18
      14
      13
      16
      18
       9
      15
      15
      13
      12
      14
      13
      24
      15
      22
      15
      14
      18
      19
      19
      16
      18
      22
      18
      19
      16
      16
      14
       8
       9
      18
      13
      16
      11
      13
       9
      13
      12
      11
      14
      23
      10
      16
      14
      12
      18
      10
      15
      14
      13
      13
      23
      12
      13
      11
      16
      21
      21
      15
      14
      17
      17
      15
      12
      12
      23
      15
      16
      13
       9
      11
      10
      14
      15
      15
      14
      10
      12
      10
      14
      13
      12
       9
      13
      17
      13
      18
      14
      11
      11
      12
       4
      18
      10
      19
      19
       8
      10
       9
      12
      13
      11
       7
      10
      11
      14
      16
      12
      18
      13
      19
      19
      11
      14
      14
      22
      14
      19
      18
      14
      17
      19
      10
      20
      16
      14
      14
      14
      10
       9
      10
       8
      12
      18
      12
      13
      10
      10
       9
      18
      13
      22
       8
      19
       9
       9
      14
      13
      19
      10
      13
      12
      13
      12
       7
      10
      13
      14
      13
      18
       8
      13
      15
      14
      10
       8
      18
      22
      13
      11
      13
      14
      12
      13
       8
      13
       9
      20
      15
      11
      18
      14
      13
       6
      12
      13
      17
      19
      10
      14
       7
      13
      11
      12
      12
      14
      19
      15
       7
      11
       8
      16
      14
      10
      12
       8
      15
      12
      13
      12
      15
      10
      19
      15
      14
      13
       7
      19
      13
      15
       9
       4
      13
      11
       8
      12
      14
      11
      18
      14
      17
       9
      16
      12
      11
       5
      18
      20
      15
      13
       9
      10
      12
      15
      16
      13
       8
       8
       7
       9
      12
      14
      18
      13
      10
      16
      15
      16
      12
       8
      16
      11
      11
      13
      12
      17
      12
      10
      12
      10
      16
      10
       7
      12
       9
      13
      15
      14
      12
      18
      14
       8
       9
       9
      12
      17
      12
      15
      16
      11
      17
      19
      11
      12
      12
      10
      14
      13
      15
      12
      15
      15
      13
      13
      19
      13
      11
       7
      21
      14
      13
      18
      14
      14
       9
      17
      11
      13
      17
      11
      15
      16
      18
      12
      15
       8
      18
      10
      11
      11
       8
      14
      19
       6
       8
       7
       8
       8
      10
      15
       6
      12
      15
       5
      10
      16
      14
      16
      12
      11
       9
      10
      17
      17
       6
      12
      15
      12
      14
      14
      12
       6
      10
      16
       6
       7
       8
      10
      11
       6
      13
      16
      14
      18
      11
       9
      14
      15
      12
      18
      18
      12
      13
      12
       7
       5
      16
      13
      15
       8
      10
      16
      13
      10
      13
      13
       6
      11
      12
      12
      10
      13
      12
      10
      15
      17
      18
      18
      11
      10
      10
      14
      11
       9
      15
      15
      13
      10
      12
       9
      21
      18
      15
      13
      11
      14
      13
      17
      10
       9
      17
      14
      23
      12
      12
      11
       9
      10
      11
      15
       9
      12
      11
      11
      17
      17
      13
      14
      11
      11
      11
      13
      25
      14
      13
      12
      13
      11
      14
      22
      10
      14
       7
      11
      11
      14
      14
      20
       9
      16
      13
      25
      13
       8
      13
      13
      11
      18
       9
       7
       9
       9
      14
      12
      17
       5
      15
      13
      18
      18
       8
      15
      11
      11
       6
      11
      15
      24
      19
      11
      11
      13
      15
      15
      13
      16
      11
      13
      18
      18
      14
      15
      12
      17
      16
      20
      14
       7
      17
      10
      18
      10
      13
      10
      18
      12
      19
      13
      15
      13
      11
      16
       9
      12
      14
       6
      11
      12
      16
      12
      10
      15
       8
      15
      14
       9
      18
       7
       7
      14
      13
      15
      12
       8
      12
       8
       6
      15
      12
      11
      11
      12
      10
      18
      14
       7
      12
       8
       9
       9
      13
      12
      10
      20
      14
      15
      20
      11
      20
      15
      15
      15
       7
      14
      15
      15
      18
      11
       9
      11
      10
      18
      17
      14
      13
      17
      10
      17
      17
      10
      12
      13
      11
      16
      15
      17
      12
      14
      17
      18
      15
      12
      13
      17
      14
      14
       6
      15
      13
      14
       7
      19
      11
      17
      19
      16
      13
      14
      15
      12
      11
       7
      12
       9
       8
       5
      17
      11
      18
      15
      13
      15
       7
       9
      10
      13
      10
      15
      13
      12
       9
      12
      14
      16
      10
      13
      15
      14
      11
      13
      10
      12
      11
      14
       9
      16
      11
      13
      10
      10
      15
      17
       4
      11
      10
      13
      16
      11
      15
      10
      12
      11
      12
      17
       7
       8
      18
      22
      10
      10
      14
       9
      14
      10
      12
      11
      11
      11
       9
      12
      11
      16
      16
      14
      12
      14
      15
      13
      11
       9
      14
      12
      15
      14
      12
      13
      10
      19
      14
      13
      14
      17
      12
       6
      13
       9
      11
      13
      16
      14
      11
      11
      13
      15
      15
      14
      14
      16
      14
      12
       6
      14
      19
      13
      19
      14
      10
      17
      12
      10
      13
      13
      19
      12
      11
      15
      11
      11
       9
      18
      14
      10
      10
      14
      11
      12
      11
      15
      13
      10
      18
      11
      12
      10
      15
      14
      12
       9
      14
      10
      16
      20
      10
      10
      12
      10
       9
      18
      11
      14
      14
      15
      12
      13
      18
      18
      14
      17
      16
      15
      12
      25
      11
       8
      20
      14
      11
       5
      12
      17
       8
      20
      17
      14
      10
      15
      13
      14
      18
       8
      16
      12
      14
      16
      15
      17
      17
       8
      15
      18
      10
      20
      16
      17
      13
      17
       9
      10
      12
      16
      15
      21
      15
      16
      13
      12
      17
      11
      12
      15
      11
      10
      18
      14
      14
      13
      11
      12
      15
      17
      17
      17
      16
      10
      23
      20
      19
      15
      15
      12
      17
       8
      15
      17
      16
      15
      11
      14
      19
      11
      14
      24
      15
      19
      17
      11
      19
      10
      21
      19
      24
      13
      25
      20
      12
      24
      17
      18
      27
      14
      14
      22
      18
      15
      21
      25
      13
      16
      21
      15
      12
      13
      23
      22
      19
      16
      28
      22
      23
      21
      31
      27
      36
      24
      32
      48
      33
      45
      41
      38
      41
      52
      48
      74
      84
      88
     102
     126
     135
     176
     191
     236
     286
     307
     373
     447
     567
     649
     748
     884
    1131
    1253
    1521
    1780
    2076
    2290
    2679
    2931
    3213
    3450
    3775
    4005
    4189
    4157
    4321
    4046
    4073
    3739
    3602
    3267
    2913
    2517
    2177
    1805
    1655
    1286
    1021
     857
     628
     519
     386
     292
     206
     140
     124
      82
      56
      50
      51
      30
      28
      32
      16
      16
      18
      25
      21
      19
      13
      18
       9
       9
      16
      17
      22
      16
      16
      21
      16
      12
      20
      14
      11
      13
      14
      18
      20
      22
      18
      18
      23
       8
      14
      14
      16
      11
      12
      12
      10
       8
      15
       9
      16
      11
      21
      10
      12
      17
      14
      14
      16
      12
       9
      17
      10
       8
      13
      10
      12
       9
       8
      16
       8
      15
      18
      16
      14
       7
      13
      22
       8
      12
      14
      11
      12
      10
      14
      10
       6
      12
      15
      12
      13
      13
      18
       6
      14
       8
      11
      10
      14
       9
      13
      16
      10
      10
       8
      13
       6
       9
       7
      14
      11
      11
      10
      12
       7
      11
      14
       8
       8
      12
       8
       7
      10
      12
      18
      14
       7
      21
       8
       9
      14
      11
      16
      12
      11
      10
      12
       8
      13
       9
       9
       9
       4
       6
       5
       8
       7
      13
       9
       4
      12
       8
       8
      10
      12
       6
       9
       6
       4
      13
      10
       7
      10
       4
      10
      10
       9
      12
      10
      15
      12
       7
       9
       8
       9
       6
      12
      10
       8
       7
       8
       1
       8
       5
      15
       8
      10
      13
       9
      12
       5
      14
       5
       8
       9
      11
      11
       5
       6
       7
      13
       7
      11
       8
       6
       9
       5
       5
       8
       7
      14
       8
       9
      12
       5
       6
       8
       8
      13
      10
       7
       6
       9
      10
      12
       6
       9
       6
      10
      10
       8
       9
      10
       7
       5
       8
       3
      10
       6
       7
       5
       8
       7
       9
       7
       8
       5
       9
       5
       8
       7
      11
      10
      13
       8
       7
       4
       6
       9
       8
      10
      11
       3
       3
       3
      10
       5
       7
      10
       8
       7
       9
      10
       4
       7
       8
       7
       5
       6
       9
       5
      10
       9
      14
       5
       7
      10
       4
       9
       3
       9
       6
       7
       7
      10
       6
       8
       3
       3
       6
      10
       7
       3
      11
       7
       8
      10
       6
       8
       8
       5
       4
      11
      10
      13
       5
       7
       8
       7
       5
       8
       3
       8
       1
       5
       9
       8
      10
       6
       4
       7
       8
       4
       4
       5
       4
       7
      10
       9
       5
       9
       4
       8
       4
       5
       8
      11
       3
       1
       4
       2
       6
       2
      11
       6
       4
      12
       3
       6
       8
       5
       5
       6
       2
       5
       8
      12
       7
       5
       5
       3
      11
       5
       9
       8
       6
      11
       6
       8
      11
       1
       7
       6
       2
      10
       7
      13
      12
       9
       3
       7
       7
       7
       4
       4
       9
       5
      11
       8
       8
       9
       3
      11
       9
       2
       7
       1
       9
       6
       7
       8
       6
       3
      10
       4
       7
       4
      12
       8
       5
       2
       6
       3
       5
       5
       7
       6
       7
       6
       6
       9
       3
       7
       6
       6
       6
       6
       9
       5
       9
       5
       9
       4
      13
       8
       3
       4
       8
       6
       1
       5
       8
      11
       9
       3
       8
       4
       5
       4
       6
       9
       3
      10
       5
       5
       6
       8
      11
       1
       3
       7
       6
       4
       9
       6
       5
       6
       4
       7
       8
       3
       9
       3
       6
       7
       3
       7
       4
       4
       4
       2
       6
      10
       5
      10
      10
       6
       5
       7
       7
      10
       5
       3
       3
       7
       8
       7
       8
       5
      13
       7
       2
       4
       7
       6
       8
      10
       1
       9
      12
       3
       3
       9
       6
       5
       4
       4
      10
       3
       6
       4
       4
       7
       6
       6
       5
       9
      13
       5
       7
       6
      10
       2
       6
       8
       6
       5
       5
       8
       8
       7
       5
       7
       9
       6
       3
      10
       4
       7
       2
       9
      10
       8
       8
      11
      11
       0
       5
       4
       4
       8
       6
       7
       7
      16
       2
       8
       5
       8
       2
       6
       3
       6
       8
       4
       1
       6
       6
       5
      10
       9
       3
      11
       4
       6
       8
       8
       4
       7
      10
      13
      11
       6
       7
       8
       8
       4
       9
       6
       6
       4
       4
       2
       6
       8
       5
       2
       4
       5
       3
       2
       7
       6
       3
      10
       7
       9
       8
       4
       6
       9
       7
      10
       5
       3
       7
       6
       6
      11
       4
       9
       5
       6
       6
       6
       3
       9
      10
       6
       6
       2
       8
       9
       4
       4
       7
       4
       8
       5
       5
      13
       7
       6
       5
       6
      11
       8
       5
       7
       6
       6
       5
       5
       7
       3
       6
       9
       6
       3
       4
       5
       7
       8
       7
       5
       7
       3
      11
       5
       7
       7
       7
      11
       5
       6
       6
       7
       3
       2
       9
       5
       2
      10
      11
       5
      10
       6
       5
       3
       5
       5
      10
       8
       4
       6
       7
       3
       6
       2
       4
       8
      10
       5
       8
       8
       3
       2
       7
      13
       4
       4
       6
       4
       5
      10
       4
       4
       8
       9
       8
       6
       8
      10
       3
       7
       3
       3
      11
       3
       9
       6
       3
       2
       6
       6
       5
       5
       5
       3
       5
       6
       8
       6
       8
       4
       6
       8
       7
      10
       5
       8
       3
       5
       6
      10
       5
       7
       9
      10
       6
       2
       7
       5
       3
       3
       8
       5
       6
       2
       7
       3
       6
       4
       2
       6
       5
       6
       8
       6
       3
       2
       6
       5
       4
       5
       6
       3
       5
       3
       7
       9
       8
       3
       6
       8
      10
       6
      10
       7
       8
      10
       7
       8
       7
      12
       7
       3
       6
       8
       9
       8
      10
       3
       6
       5
       7
       4
       5
       5
       4
       6
      10
       3
       9
       7
       7
       5
       9
       5
       3
       3
       9
       6
       6
       6
       9
       3
       7
       5
       6
       6
       3
       5
       3
       6
       6
       7
       9
      10
       4
       1
      10
       4
       4
       7
       7
       5
       5
       6
       7
       3
       4
       7
       7
       2
       6
       8
       4
       9
       6
       4
       6
       7
       4
       4
       5
       5
       5
      10
      11
       5
       4
       8
       4
       2
       5
       8
       5
       5
      10
      11
       2
       9
       9
       2
       4
       7
       4
      10
       7
       3
       5
       4
       6
       3
       2
       3
       7
       1
       3
       6
       4
       5
      12
       7
       9
       6
       7
       9
       6
       9
       8
       4
       4
       7
       5
      12
       4
       5
       3
       3
       5
       9
      10
       8
      13
       6
       4
       8
       6
       4
      10
       6
       4
       5
       3
       2
      11
       8
       8
       5
       8
       8
       5
       5
      11
       6
       3
       4
       5
       8
       3
       9
       8
       6
       4
       6
       4
       4
       5
       4
       3
       7
       4
       7
       5
       3
       6
       3
       6
       6
      10
       7
       4
       3
       7
       5
       8
       4
       5
       9
       6
       6
       7
      10
      10
       4
       3
       3
       5
       1
       5
       2
       7
       7
       6
       5
       6
       7
       3
       2
       7
       6
       7
       4
       3
       7
       2
       9
       5
       6
       4
      15
       9
       4
       9
       7
       6
       5
       6
      10
       4
      12
       6
       4
       9
       8
       6
       7
       6
       9
       4
       6
       3
       3
       4
       7
       5
       5
       3
       2
       3
       7
       5
       5
       2
       3
       9
       8
       7
       8
       8
       6
       4
       4
      11
       4
       9
       3
       8
       7
       9
       4
       2
       5
       6
       7
       4
       7
       7
       6
       4
       3
       9
       3
       6
       7
       4
       7
       3
       5
       4
      11
       3
       4
       8
      10
       3
       8
       6
       4
       9
       8
       4
       5
       7
       8
       9
       4
       5
       1
       6
      10
       3
       7
       2
       3
       9
       5
       7
       5
       4
       6
       5
       6
       5
      10
       2
       3
       4
       4
       6
       5
       6
       6
       8
       4
       4
       6
       6
       7
       2
       6
       5
       7
       6
       8
       9
       4
       6
       7
      10
       2
       4
      10
      11
       5
       4
       5
       3
       4
       2
       4
       2
      10
       5
       3
       6
       8
       8
       5
       5
       8
       8
       5
       6
       1
       7
       2
      10
       1
       2
       2
       5
       8
       4
       3
       5
       2
       6
       6
       4
       9
       7
       2
       6
       3
       7
       4
       6
       6
       3
       7
       4
       4
       4
       4
       3
       2
       8
       4
       3
       9
       3
       1
       4
       9
       5
       3
       5
       6
       3
       6
       7
       4
       4
       8
       4
       1
       6
       5
       6
       9
       2
       3
       3
      10
       5
       9
       8
       5
       2
       3
       5
       7
       3
       4
       4
       8
       3
       6
       5
       3
       7
       5
       7
       5
       3
       6
       4
       4
       4
       2
       3
       5
       8
       5
       9
       7
       3
       3
       3
       4
       8
      10
       5
       6
       6
       3
       4
       1
       4
       3
       3
       6
       6
       7
      11
       3
       3
       5
      10
       7
       8
       2
       4
       6
       3
       3
       8
       3
       3
       8
       4
       6
       4
       1
       2
       3
       2
       3
       4
       5
       6
       2
       8
       2
       3
       6
       1
       6
       7
       3
       5
       4
       5
       4
       4
       5
      10
       4
       7
       4
       3
       3
       2
       3
       5
       4
       3
       5
       9
       0
       6
       6
       8
       6
       2
       8
       4
       5
       5
       5
      10
       3
       5
       4
       8
       4
       5
       6
       4
       8
       5
       8
       6
       4
       2
       4
       4
       4
       6
       3
       6
      10
       4
       3
       5
       7
       5
       2
       1
       2
       3
       7
       7
       4
       5
       3
       5
       5
       3
       4
       6
       7
       5
       5
       3
       3
       3
       4
       2
       4
      14
       2
       4
       7
       3
       3
       3
       6
       8
       2
       7
       6
       2
       6
       4
      10
       6
       8
       4
       4
       3
       4
       5
       5
       1
       6
       9
       3
       4
       4
       5
       3
       9
       5
       3
       5
       7
       6
       7
       3
       7
       5
       2
       4
       7
       6
       8
       3
       4
       8
       5
       7
       4
       1
       9
       5
       4
       7
       6
       7
       4
       7
       3
       9
       3
       4
       2
       4
       5
       3
       1
       9
       3
       5
       2
       5
       5
       8
       5
      10
       6
       5
       4
       9
       7
       6
       6
       5
       3
       4
       4
       1
       2
       2
       5
       5
       4
       5
       1
       3
       3
       2
       3
       4
       3
       5
       8
       5
       2
       4
       3
       4
       3
       5
       1
       6
       6
       4
       6
       2
       2
       5
       2
       7
       4
       6
       3
       1
       7
       3
       7
       7
       4
       6
       5
       5
       6
       4
       2
       8
       2
       3
       4
       5
       5
       7
       4
       4
       6
       2
       2
       5
       8
       7
       7
       4
       6
       3
       8
       6
       7
       5
       2
       4
       3
       8
       3
       3
       5
       5
       5
       5
       7
       2
       1
       5
       6
       6
       4
       5
       4
       6
       4
       4
       6
       6
       8
       3
       7
       9
       7
       9
       4
       3
       2
       3
       8
       4
      11
       6
       4
       7
       4
       5
       5
       5
       4
       8
       7
       3
       7
       2
       5
       7
       8
       6
       3
       7
       6
       6
       8
       7
       5
       7
       6
       5
       4
       1
       7
       8
       6
       3
       9
       4
       5
       7
       3
       5
       9
       1
       4
       2
       4
       7
       6
       9
       2
       6
       5
       4
       5
       7
       5
       4
       3
       5
       7
       4
       5
       9
       2
       0
       2
       3
       6
       5
       3
       3
       4
       3
       7
       1
       2
       3
       5
       7
       5
       5
       5
       2
       2
       3
       7
       2
       7
       3
       7
       7
       6
       2
       4
       5
       4
       4
       5
       4
       7
       2
       7
      11
       4
       5
       5
       5
       6
       4
       4
       5
       5
       7
      10
       5
       5
       7
      10
       2
       7
       2
       6
       5
       4
       2
       3
       5
       4
       6
       4
       3
       3
       5
       2
      10
       2
       3
       9
       4
       5
       4
       4
       3
       3
      10
       3
       7
       4
       7
       5
       4
       6
       7
       5
       3
       5
       2
       7
       6
       7
       8
       2
       9
       5
       5
       5
       6
       9
       3
       3
       4
       3
       6
       8
       4
      11
       1
      10
       7
       6
       3
       5
       5
       7
       7
       6
       6
       8
       1
       5
       4
       7
       9
       3
       3
       5
       2
       8
       3
       3
       5
       4
       4
       5
       9
       8
       6
       9
       9
       8
      11
       6
      10
      14
       6
       7
      12
      14
      15
      15
      13
      19
      10
      15
      17
      12
      16
      10
      15
       9
      12
      12
       8
       9
      10
       9
       5
       5
       6
       8
       4
       6
       4
       5
       7
       4
       8
       7
       4
       7
       8
       4
       6
       6
      11
       5
       3
       8
       6
       2
       9
       9
       6
       3
       6
       1
       6
       5
       5
       6
       3
       9
       8
       7
       6
       6
       7
       6
       5
       7
       9
       5
       2
       5
       7
       3
       7
       3
       5
       4
       7
       7
       3
       4
       4
       3
       4
       1
       4
       5
       9
       2
       5
       2
       3
       6
       4
       5
       2
       6
       6
       5
       1
       3
       3
       2
       5
       1
       5
       2
       6
       6
       4
       8
       5
       7
       3
       6
       5
       5
       0
       4
       4
      10
       6
       3
       6
       6
       6
       5
       3
       8
       5
       6
       5
       4
       3
       4
       4
       5
       1
       4
       7
       4
       2
       5
       8
       3
       4
       4
       4
       7
       7
       6
       4
       2
       2
       4
       9
       5
       0
       4
       4
       6
       5
       7
       7
       4
       3
       5
       5
       4
       6
       3
       5
       1
       4
       9
       2
       2
       1
       6
       3
       4
       4
       5
       4
       2
       4
       6
       6
       5
       7
       7
       4
       2
       5
       3
       4
       1
       7
       2
       5
       5
       4
       5
       3
       2
       3
       2
       4
       6
       4
       1
       3
       2
       6
       4
       4
       9
       3
       5
       4
       5
       6
       3
       6
       5
       3
       3
       6
       3
       4
       6
       5
       3
       3
       3
       6
       2
       5
       8
       7
       1
       4
       5
       4
       6
       9
       4
       4
       1
       4
       5
       9
       3
       3
       2
       4
       3
       2
       5
       4
       4
       9
       8
       7
       3
       7
       4
       4
       9
       3
       9
       4
       4
       3
       3
       2
       4
       3
       4
       1
       7
       8
       5
       3
       8
       7
       1
       6
       6
       4
       6
       7
       1
       6
       6
       6
       2
       3
       3
       5
       1
       4
       3
       4
       6
       4
       6
       6
       3
       6
       3
       5
       6
       5
       3
       5
      11
       3
       1
       6
       3
       8
       4
       4
       5
       6
       3
       4
       7
       6
       5
       5
       1
       6
       6
       1
       3
       8
       4
       3
       6
       4
       5
       2
       6
       7
       4
       4
       5
       5
       4
       7
       7
       2
       4
       4
       7
       2
       7
       5
       7
       5
       4
       4
       3
       3
       3
       4
       4
       5
       3
       3
       6
       5
       1
       3
       5
       4
       3
       2
       1
       6
       2
       6
       3
       3
       9
       4
       4
       6
       6
       4
       2
       3
       4
       3
       4
       2
       5
       6
       4
       3
       2
       4
       3
       1
       3
       3
       3
       3
       5
       1
       3
       3
       4
       3
       5
       4
       7
       4
       3
       4
       5
       6
       4
       6
       4
       4
       3
       1
       3
       3
       3
       6
       3
       4
       5
       5
       3
       4
       5
       3
       6
       3
       6
       3
       7
       3
       5
       3
       4
       7
       5
       5
       6
       4
       6
       2
       3
       1
       8
       6
       6
       4
       3
       4
       3
       7
       3
       7
       4
       6
       5
       8
       5
       5
       2
       7
       2
       5
       6
       6
       7
       4
       3
       4
       7
       2
       6
       1
       2
       6
       9
       4
       5
       7
       4
       6
       3
       1
       5
       5
       7
       6
       5
       6
       6
       7
       7
       6
       4
       4
       5
       4
       4
       3
       2
       3
       6
       9
      11
       5
       6
       4
       6
       3
       6
      11
       5
       4
       4
       3
       5
       5
       4
       4
       4
       8
       6
       5
       3
       6
       8
       5
       6
       6
       2
       4
       4
       4
       3
       4
       3
       5
       6
       2
       3
       5
       2
       4
       1
       5
       2
       2
       6
       6
       1
       6
       4
       7
       4
       6
       7
       5
       7
       3
       9
       6
       4
       6
       4
       4
       3
       4
       6
       6
       4
       5
      10
       2
       5
       3
       4
       3
       6
       8
       7
       5
       1
       3
       6
       5
       4
       8
       5
       4
       5
       5
       6
       1
       9
       6
       6
       3
       4
       5
       7
       2
       4
       5
       4
       4
       6
       4
       4
       4
       5
       5
       7
       3
       7
       5
       2
       3
       2
       4
       3
       3
       4
       4
       6
       6
       5
       4
       3
       2
       3
       2
       2
       2
       3
       5
       6
       1
       5
       6
       3
       4
       4
       6
       4
       1
       4
       2
       3
       4
       6
       8
       1
       6
       8
       4
       0
       3
       1
       3
       3
       5
       6
      10
       3
       4
       4
       4
       6
       8
       5
       2
       7
       5
       4
       4
       3
       9
       4
       2
       5
       4
       8
       5
       5
       1
       5
       1
       2
       4
       2
       2
       2
       5
       6
       5
       1
       7
       7
       2
       2
       4
       1
       4
       7
       4
       1
       2
       7
       3
       3
       4
       4
       4
       3
       6
       2
       4
       2
       5
       6
       8
       1
       5
       6
       5
       2
       4
       2
       7
       5
       5
       1
       2
       6
       4
       6
       4
       2
       5
       7
       1
       3
       1
       3
       1
       7
       5
       5
       1
       3
       7
       5
       3
       1
       5
       9
       9
       5
       5
       5
       3
       4
       9
       7
       5
       2
       4
       2
       1
       2
       4
       5
       8
       7
       3
       4
       7
       2
       2
       6
      10
       4
       3
       6
       6
       5
       4
       2
       4
       5
      11
       2
       4
       2
       4
      10
       9
       8
       3
       7
       7
       5
       6
       3
       7
       3
       2
       4
       4
       8
       3
       4
      12
       7
       4
       5
       5
       6
       8
       4
       5
       7
       9
       2
       7
       4
       4
       6
      11
       4
       3
       5
       5
       3
       1
       1
       3
       7
       8
       5
       8
       6
       8
       7
       4
       5
       4
       2
       6
       9
       5
       6
       2
       1
       5
       2
       1
       4
       3
       1
       6
       5
       7
       7
       4
       4
       4
       4
       3
       3
       3
       8
       5
       5
       6
       2
       5
       6
       2
       5
       9
       6
       2
       4
       5
       3
       3
       6
      12
       4
       3
       4
       9
       8
       7
       5
       4
       2
       2
       4
       4
       4
       4
       6
       5
       4
       4
       4
       3
       4
       8
       2
       4
       5
       5
       2
       4
       4
       6
       4
       6
       2
       7
       4
       6
       2
       2
       5
       3
       6
       6
       5
       6
       5
       7
       2
       6
       5
       5
       3
       3
       4
       5
       1
       7
       5
       5
       7
       5
       7
       5
       6
       7
       3
       6
       5
       3
       6
       5
       6
       4
       3
       5
       5
       4
       6
       1
       5
       2
       2
       5
       3
       6
       3
       6
       3
       4
       7
       8
       6
       3
       5
       8
       7
       6
       6
       7
       5
       1
       3
       6
       4
       4
       8
       1
       5
       4
       0
       6
       8
       5
       5
       2
       5
       2
       4
       6
       2
       5
       9
       2
       3
       4
       5
       8
       5
       6
       5
       4
       8
       5
       5
       4
       5
       5
       3
       5
       7
       3
       3
       7
       2
       3
       6
       3
       1
       4
       2
       4
       4
       5
       2
       6
       4
       9
       6
       9
       2
       5
       4
       2
       6
       4
       3
       7
       4
       5
       4
       5
       2
       5
       4
       4
       5
       6
       7
       6
       4
       3
       2
       5
       7
       9
       2
       3
       6
       4
       6
       5
       4
       6
       5
       6
       8
       6
       6
       4
       9
       1
       8
       2
       3
       6
       8
       6
       5
       5
      10
       6
       6
       9
       4
       3
       7
       4
       4
       4
       4
       1
       3
       5
       3
       6
       3
       4
       7
       6
       6
       6
       3
       1
       8
       5
       5
       3
       8
      10
       7
       5
       5
       3
       6
       4
       6
       0
       1
       3
       7
       1
       4
       2
       3
       7
       5
       5
       3
       3
       6
       5
       5
       2
       4
       2
       3
       5
       2
       9
       5
       1
       4
       6
       3
       8
       4
       3
       6
       7
       4
       2
       3
       3
       2
       2
       6
       3
       7
       3
       6
       3
       3
       6
       3
       5
       3
       3
       4
      10
       1
       3
       0
       3
       5
       2
       4
       4
       4
       3
       4
       5
       3
       2
       7
       5
       1
       4
       5
       3
       2
       2
       7
       5
       3
       2
       3
       2
       2
       6
       4
       3
       4
       3
       1
       5
       3
       2
       5
       6
       4
       2
       5
       4
       4
       1
       5
       6
       3
       4
       6
       3
       3
       6
       3
       2
       3
       3
       5
       3
       1
       7
       4
       3
       2
       8
       5
       1
       3
       3
       3
       2
       6
       4
       2
       4
       7
       3
       3
       4
       8
       6
       1
       4
       3
       5
       7
       2
       2
       1
       2
       3
       2
       5
       7
       7
       2
       5
       3
       3
       7
       5
       2
       1
       3
       3
       4
       7
       4
       5
       3
       7
       3
       5
       5
       4
       4
       6
       5
       5
       4
       5
       6
       2
       5
       3
       3
       3
       7
       4
       6
       2
       2
       3
       1
       7
       1
       4
       6
       5
       3
       5
       4
       5
       6
       3
       5
       4
       2
       3
       6
       2
       3
       4
       2
       4
       8
       4
       3
       5
       0
       2
       6
       3
       3
       7
       3
       3
       6
       3
       3
       2
       4
       1
       3
       5
       2
       4
       7
       3
       5
       1
       5
       5
       3
       2
       6
       5
       4
       4
       6
       0
       3
       4
       1
       2
       8
       3
       4
       6
       7
       5
       5
       2
       4
       5
       4
       2
       7
       4
       7
       2
       1
       3
       2
       6
       3
       7
       8
       5
       2
       9
       4
       5
       5
       4
       6
       6
       5
       3
       1
       6
       2
       6
       4
       5
       4
       5
       8
       0
       4
       1
       3
       5
       4
       3
       2
       1
       0
       8
       2
       2
       3
       4
       4
       5
       5
       4
       2
       3
       4
       3
       3
       3
       3
       5
       5
       4
       3
       7
       5
       8
       1
       3
       6
       6
       4
       2
       2
       1
       5
       8
       3
       5
       8
       2
       2
       4
       7
       1
       8
       6
       2
       6
       4
       3
       5
       4
       4
       4
       3
       0
       1
       5
       3
       4
       2
       3
       4
       2
       2
       3
       5
       0
       5
       4
      10
       2
       3
       2
       5
       6
       3
       4
       8
       5
       3
       4
       3
       2
       4
       5
       6
       6
       5
       0
       0
       0
       0
       0
       0
       0
       0
       0
       0
       0
       0
       0
       0
       0
       0
       0
       0
       0
       0
       0
       0
       0
       0
       0
       0
       0
       0
       0
       0
       0
       0
       0
       0
       0
       0
       0
       0
       0
       0
       0
       0
       0
       0
       0
       0
       0
       0
       0
       0
       0
       0
       0
       0
       0
       0
       0
       0
       0
       0
       0
       0
       0
       0
       0
       0
       0
       0
       0
       0
       0
       0
       0
       0
       0
       0
       0
       0
       0
       0
       0
       0
       0
       0
       0
       0
       0
       0
       0
       0
       0
       0
       0
       0
       0
       0
       0
       0
       0
       0
       0
       0
       0
       0
       0
       0
       0
       0
       0
       0
       0
       0
       0
       0
       0
       0
       0
       0
       0
       0
       0
       0
       0
       0
       0
       0
       0
       0
       0
       0
       0
       0
       0
       0
       0
       0
       0
       0
       0
       0
       0
       0
       0
       0
       0
       0
       0
       0
       0
       0
       0
       0
       0
       0
       0
       0
       0
       0
       0
       0
       0
       0
       0
       0
       0
       0
       0
       0
       0
       0
       0
       0
       0
       0
       0
       0
       0
       0
       0
       0
       0
       0
       0
       0
       0
       0
       0
       0
       0
       0
       0
       0
       0
       0
       0
       0
       0
       0
       0
       0
       0
       0
       0
       0
       0
       0
       0
       0
       0
       0
       0
       0
       0
       0
       0
       0
       0
       0
       0
       0
       0
       0
       0
       0
       0
       0
       0
       0
       0
       0
       0
       0
       0
       0
       0
       0
       0
       0
       0
       0
       0
       0
       0
       0
       0
       0
       0
       0
       0
       0
       0
       0
       0
       0
       0
       0
$ROI:
2
4852 5354
12587 12888
$PRESETS:
Live Time
10800
0
$ENER_FIT:
0.358687 0.099971
$MCA_CAL:
3
3.586871E-001 9.997089E-002 0.000000E+000 keV
$SHAPE_CAL:
3
3.638087E+001 -1.552510E-003 0.000000E+000
