$SPEC_ID:
JKL Model 927 SN 17053844 Input 1 HEC-Cr-HEC-Cr-T30-D100-HPGe1-2
$SPEC_REM:
DET# 2
DETDESC# BULK Model 927 SN 17053844 Input 1
AP# Maestro Version 6.08
$DATE_MEA:
05/11/2026 14:25:02
$MEAS_TIM:
250 355
$DATA:
0 16383
       0
       0
       0
       0
       0
       0
       0
       0
       0
       0
       0
       0
       0
       0
       0
       0
       0
       0
       0
       0
       0
       0
       0
       0
       0
       0
       0
       0
       0
       0
       0
       0
       0
       0
       0
       0
       0
       0
       0
       0
       0
       0
       0
       0
       0
       0
       0
       0
       0
       0
       0
       0
       0
       0
       0
       0
       0
       0
       0
       0
       0
       0
       0
       0
       0
       0
       0
       0
       0
       0
       0
       0
       0
       0
       0
       0
       0
       0
       0
       0
       0
       0
       0
       0
       0
       0
       0
       0
       0
       0
       0
       0
       0
       0
       0
       0
       0
       0
       0
       0
       0
       0
       0
       0
       0
       0
       0
       0
       0
       0
       0
       0
       0
       0
       0
       0
      30
     209
     514
     535
     534
     527
     491
     510
     504
     491
     487
     452
     462
     471
     454
     464
     477
     437
     464
     489
     476
     466
     475
     466
     450
     473
     456
     454
     499
     472
     417
     479
     443
     422
     469
     459
     441
     453
     423
     409
     448
     452
     457
     405
     403
     432
     412
     467
     426
     432
     458
     451
     411
     393
     397
     433
     409
     411
     421
     435
     444
     365
     412
     444
     452
     423
     464
     436
     416
     449
     394
     433
     409
     430
     386
     415
     421
     431
     404
     433
     409
     380
     394
     433
     424
     391
     408
     395
     421
     423
     404
     364
     403
     408
     450
     424
     363
     416
     410
     414
     424
     386
     385
     380
     393
     362
     395
     392
     403
     443
     389
     404
     365
     396
     426
     406
     413
     395
     372
     395
     406
     412
     381
     388
     413
     402
     378
     406
     390
     407
     389
     380
     411
     410
     361
     388
     443
     374
     363
     384
     411
     364
     372
     385
     387
     384
     371
     375
     394
     369
     353
     415
     357
     370
     356
     369
     356
     350
     364
     393
     330
     396
     359
     372
     394
     339
     355
     350
     395
     383
     348
     384
     372
     384
     370
     367
     375
     408
     393
     347
     366
     350
     378
     366
     372
     339
     393
     350
     371
     366
     355
     347
     337
     345
     371
     396
     333
     407
     381
     337
     331
     393
     397
     380
     370
     351
     362
     346
     363
     376
     342
     322
     385
     349
     361
     378
     354
     321
     335
     373
     336
     349
     400
     371
     366
     370
     366
     377
     358
     377
     379
     370
     352
     332
     348
     346
     314
     346
     369
     329
     348
     355
     385
     318
     381
     337
     328
     337
     339
     337
     333
     375
     358
     332
     346
     351
     351
     333
     318
     342
     345
     328
     358
     353
     362
     342
     344
     366
     356
     380
     346
     316
     338
     358
     301
     321
     379
     299
     329
     337
     338
     359
     332
     340
     313
     351
     332
     362
     317
     286
     333
     335
     347
     308
     348
     324
     333
     349
     345
     323
     354
     362
     358
     343
     348
     342
     375
     368
     347
     309
     366
     339
     313
     334
     327
     339
     337
     324
     358
     358
     347
     313
     326
     336
     332
     294
     329
     337
     314
     321
     339
     331
     307
     308
     312
     332
     314
     327
     301
     323
     325
     295
     345
     330
     318
     370
     324
     327
     332
     312
     325
     323
     317
     316
     307
     355
     294
     342
     340
     297
     294
     320
     340
     342
     338
     312
     319
     358
     343
     309
     329
     332
     295
     337
     312
     343
     351
     297
     339
     314
     343
     334
     341
     323
     306
     354
     327
     293
     337
     314
     301
     327
     301
     314
     312
     324
     331
     343
     329
     304
     333
     343
     354
     340
     357
     288
     341
     328
     307
     334
     328
     335
     339
     368
     317
     348
     305
     351
     310
     321
     367
     316
     310
     301
     338
     326
     293
     336
     312
     307
     307
     330
     331
     346
     316
     331
     352
     298
     321
     330
     339
     333
     301
     316
     316
     331
     341
     330
     328
     307
     348
     316
     333
     345
     294
     333
     337
     315
     286
     316
     316
     337
     320
     303
     306
     328
     329
     344
     338
     336
     290
     318
     317
     331
     348
     332
     293
     308
     318
     334
     328
     359
     320
     318
     334
     323
     353
     298
     320
     322
     325
     351
     294
     316
     288
     320
     325
     326
     345
     353
     329
     367
     320
     322
     312
     341
     295
     344
     337
     324
     336
     352
     327
     309
     333
     313
     328
     316
     284
     348
     333
     339
     298
     330
     314
     322
     312
     306
     321
     321
     337
     288
     323
     324
     332
     321
     324
     340
     313
     330
     323
     342
     316
     318
     334
     348
     328
     311
     320
     330
     310
     315
     350
     315
     318
     315
     304
     316
     302
     346
     288
     328
     327
     335
     338
     347
     329
     322
     322
     332
     288
     284
     350
     318
     312
     342
     320
     276
     331
     297
     318
     345
     315
     320
     297
     335
     355
     336
     352
     321
     362
     339
     332
     321
     330
     344
     348
     349
     340
     338
     353
     338
     312
     374
     370
     354
     323
     384
     338
     305
     359
     329
     299
     319
     331
     321
     379
     321
     338
     355
     336
     354
     360
     420
     346
     357
     349
     397
     369
     316
     382
     331
     344
     321
     321
     339
     335
     311
     327
     323
     327
     313
     326
     282
     321
     312
     306
     333
     291
     313
     320
     340
     334
     346
     334
     352
     342
     296
     314
     291
     298
     340
     303
     305
     318
     323
     308
     335
     329
     296
     352
     327
     279
     297
     323
     338
     338
     319
     311
     308
     329
     280
     302
     296
     318
     316
     307
     299
     303
     328
     304
     332
     318
     304
     320
     306
     307
     332
     330
     311
     307
     300
     319
     296
     329
     322
     306
     334
     309
     312
     322
     294
     329
     298
     306
     348
     304
     330
     324
     339
     322
     331
     347
     338
     326
     363
     335
     338
     392
     311
     310
     355
     322
     333
     317
     315
     300
     333
     339
     319
     323
     322
     313
     324
     330
     306
     321
     323
     310
     342
     320
     349
     318
     325
     315
     297
     350
     329
     324
     338
     309
     323
     327
     296
     312
     295
     290
     294
     283
     324
     302
     312
     291
     332
     321
     327
     328
     297
     358
     310
     306
     339
     322
     335
     312
     326
     324
     300
     340
     298
     336
     302
     334
     347
     339
     273
     329
     321
     318
     308
     280
     305
     295
     330
     365
     300
     315
     297
     280
     319
     321
     323
     306
     320
     294
     328
     328
     297
     321
     310
     329
     295
     300
     285
     317
     295
     289
     315
     304
     298
     343
     300
     290
     328
     291
     319
     299
     324
     308
     322
     349
     312
     305
     331
     320
     326
     327
     287
     326
     281
     296
     282
     320
     306
     315
     318
     313
     324
     298
     321
     297
     301
     309
     302
     338
     332
     320
     308
     306
     306
     324
     304
     314
     299
     308
     309
     295
     319
     306
     309
     345
     317
     293
     315
     311
     300
     306
     293
     311
     261
     312
     327
     316
     340
     322
     311
     324
     301
     295
     311
     309
     318
     288
     303
     289
     305
     295
     307
     292
     350
     332
     296
     309
     307
     318
     283
     312
     313
     280
     307
     316
     303
     291
     306
     324
     308
     291
     320
     291
     313
     309
     316
     324
     289
     340
     322
     309
     338
     306
     305
     307
     288
     301
     324
     315
     331
     296
     311
     303
     323
     325
     282
     323
     294
     296
     287
     302
     291
     296
     317
     277
     303
     276
     301
     335
     317
     306
     276
     353
     287
     317
     265
     348
     305
     303
     296
     330
     319
     293
     307
     300
     295
     313
     324
     315
     300
     337
     309
     306
     300
     297
     342
     283
     274
     299
     297
     332
     280
     358
     290
     307
     289
     310
     328
     345
     284
     304
     334
     313
     304
     321
     294
     282
     297
     311
     312
     277
     295
     289
     286
     299
     320
     296
     286
     287
     302
     292
     302
     322
     333
     312
     303
     309
     307
     317
     325
     302
     319
     300
     315
     333
     310
     323
     319
     317
     313
     316
     308
     277
     329
     301
     302
     315
     299
     310
     291
     281
     305
     296
     302
     347
     306
     332
     304
     310
     310
     314
     313
     276
     327
     318
     285
     354
     304
     308
     305
     331
     299
     262
     304
     320
     324
     280
     344
     289
     286
     312
     288
     299
     311
     319
     296
     325
     323
     312
     324
     265
     312
     321
     323
     301
     334
     301
     307
     292
     273
     318
     301
     277
     310
     310
     305
     283
     315
     330
     297
     320
     324
     277
     325
     334
     339
     309
     328
     298
     321
     318
     327
     300
     314
     279
     271
     321
     309
     279
     285
     315
     281
     299
     294
     322
     314
     345
     304
     310
     288
     266
     310
     312
     320
     316
     306
     296
     295
     307
     306
     290
     332
     320
     298
     289
     318
     317
     311
     314
     295
     337
     306
     277
     300
     273
     284
     319
     318
     319
     307
     304
     343
     265
     281
     287
     296
     312
     272
     319
     292
     306
     295
     318
     321
     322
     315
     319
     305
     300
     313
     301
     307
     278
     304
     294
     279
     300
     301
     325
     272
     320
     307
     293
     289
     323
     289
     342
     288
     283
     335
     327
     298
     303
     315
     284
     285
     307
     294
     275
     308
     326
     273
     315
     307
     314
     302
     336
     293
     311
     302
     299
     331
     280
     302
     305
     303
     332
     328
     299
     328
     289
     314
     314
     292
     309
     320
     297
     315
     304
     304
     318
     329
     308
     299
     298
     287
     287
     311
     321
     296
     298
     280
     287
     301
     304
     309
     289
     317
     318
     305
     306
     338
     302
     321
     342
     288
     315
     282
     290
     307
     286
     356
     318
     296
     266
     306
     293
     281
     304
     307
     316
     322
     305
     271
     305
     321
     331
     305
     311
     318
     292
     291
     288
     299
     309
     298
     312
     295
     289
     322
     302
     298
     311
     304
     294
     300
     303
     295
     297
     286
     287
     322
     295
     297
     315
     275
     330
     288
     299
     309
     308
     316
     344
     270
     308
     316
     290
     318
     264
     313
     308
     292
     275
     291
     290
     307
     302
     329
     308
     295
     311
     304
     317
     283
     275
     343
     312
     299
     283
     328
     326
     314
     327
     327
     265
     296
     275
     321
     283
     288
     309
     302
     322
     309
     316
     305
     305
     301
     265
     264
     305
     299
     330
     305
     280
     298
     323
     304
     328
     270
     296
     327
     284
     287
     275
     320
     326
     322
     307
     312
     313
     330
     323
     263
     290
     278
     279
     310
     301
     276
     287
     298
     346
     290
     295
     292
     305
     297
     304
     327
     311
     293
     268
     298
     321
     312
     296
     283
     292
     355
     324
     298
     307
     306
     307
     303
     304
     288
     314
     319
     338
     303
     335
     294
     316
     332
     305
     302
     312
     280
     325
     308
     287
     282
     277
     289
     281
     296
     309
     275
     324
     292
     303
     310
     289
     326
     315
     337
     305
     313
     314
     292
     297
     332
     343
     310
     304
     329
     301
     302
     313
     301
     299
     310
     326
     315
     316
     309
     306
     289
     307
     329
     305
     315
     307
     264
     314
     311
     309
     289
     308
     321
     320
     277
     302
     291
     343
     299
     309
     322
     295
     292
     322
     320
     329
     311
     306
     337
     268
     285
     265
     285
     270
     319
     325
     304
     297
     299
     310
     302
     293
     278
     305
     360
     302
     319
     314
     333
     312
     308
     305
     326
     351
     314
     317
     346
     334
     314
     306
     339
     295
     322
     276
     281
     343
     345
     327
     289
     309
     328
     320
     330
     307
     357
     373
     312
     335
     325
     340
     327
     350
     361
     338
     324
     335
     326
     352
     332
     355
     349
     380
     344
     357
     334
     350
     350
     380
     346
     372
     368
     360
     347
     384
     366
     361
     371
     337
     359
     367
     370
     352
     384
     359
     370
     379
     379
     346
     344
     399
     357
     389
     362
     365
     398
     354
     375
     386
     350
     375
     368
     377
     348
     357
     365
     355
     345
     356
     354
     368
     357
     346
     364
     373
     330
     386
     376
     360
     337
     367
     314
     349
     381
     382
     369
     357
     354
     357
     362
     361
     358
     352
     373
     370
     367
     344
     368
     341
     411
     389
     324
     371
     350
     356
     368
     365
     331
     346
     357
     355
     366
     334
     378
     363
     354
     388
     341
     353
     348
     405
     336
     369
     345
     349
     342
     333
     347
     334
     346
     369
     361
     373
     345
     342
     331
     373
     388
     351
     342
     380
     369
     389
     384
     355
     332
     339
     336
     319
     358
     335
     359
     357
     376
     333
     314
     345
     330
     329
     332
     371
     348
     343
     356
     372
     342
     337
     335
     363
     358
     357
     357
     366
     343
     354
     341
     340
     350
     333
     377
     367
     352
     409
     360
     338
     332
     343
     339
     355
     331
     343
     337
     326
     327
     342
     344
     361
     378
     331
     344
     353
     343
     335
     331
     327
     344
     335
     358
     363
     340
     329
     371
     323
     347
     347
     362
     330
     321
     342
     350
     317
     325
     346
     365
     351
     366
     326
     333
     329
     310
     328
     347
     336
     325
     343
     338
     320
     356
     325
     335
     334
     342
     334
     342
     352
     348
     338
     364
     316
     358
     318
     329
     327
     324
     346
     355
     317
     327
     348
     320
     307
     327
     342
     335
     319
     313
     303
     307
     342
     364
     334
     339
     336
     318
     312
     312
     359
     309
     315
     309
     329
     349
     341
     317
     332
     318
     316
     320
     322
     300
     345
     343
     314
     307
     348
     337
     334
     339
     331
     330
     340
     297
     297
     324
     294
     348
     341
     316
     344
     380
     340
     302
     349
     334
     344
     350
     353
     335
     333
     350
     351
     309
     316
     343
     323
     314
     299
     312
     308
     313
     339
     337
     324
     345
     320
     320
     324
     321
     332
     317
     340
     327
     310
     341
     357
     305
     323
     321
     323
     361
     313
     316
     316
     324
     345
     287
     314
     324
     328
     312
     312
     301
     314
     342
     315
     317
     326
     314
     318
     308
     321
     319
     337
     341
     349
     288
     290
     321
     301
     335
     328
     315
     323
     298
     290
     312
     326
     307
     321
     330
     307
     334
     331
     345
     314
     302
     312
     293
     341
     289
     326
     316
     321
     326
     315
     307
     321
     324
     336
     311
     318
     340
     287
     323
     284
     321
     341
     317
     320
     334
     321
     291
     310
     306
     313
     309
     295
     326
     300
     294
     339
     317
     335
     318
     327
     314
     318
     311
     359
     346
     309
     340
     316
     341
     348
     311
     334
     315
     313
     285
     323
     356
     306
     329
     326
     326
     326
     311
     305
     328
     349
     338
     347
     333
     305
     314
     316
     322
     328
     317
     332
     292
     323
     333
     326
     321
     307
     328
     300
     320
     331
     356
     331
     351
     331
     323
     322
     319
     294
     321
     297
     370
     336
     281
     304
     298
     289
     323
     320
     300
     310
     329
     308
     308
     336
     312
     298
     313
     304
     293
     299
     309
     309
     307
     328
     312
     361
     294
     341
     315
     328
     326
     290
     299
     326
     286
     305
     273
     341
     312
     316
     318
     338
     319
     295
     321
     319
     328
     329
     329
     317
     293
     299
     288
     313
     298
     315
     317
     311
     319
     344
     315
     311
     309
     305
     315
     310
     283
     307
     305
     291
     302
     308
     299
     319
     289
     322
     309
     330
     328
     321
     306
     279
     314
     329
     326
     291
     307
     311
     315
     317
     297
     301
     292
     300
     350
     310
     297
     291
     303
     301
     309
     333
     282
     303
     331
     326
     289
     308
     281
     341
     286
     332
     292
     311
     289
     326
     305
     301
     304
     302
     317
     321
     283
     316
     333
     316
     297
     297
     291
     301
     312
     305
     278
     274
     290
     305
     272
     321
     298
     308
     301
     294
     319
     322
     290
     285
     293
     301
     283
     306
     304
     295
     292
     267
     291
     313
     314
     312
     324
     313
     294
     331
     304
     321
     303
     292
     301
     320
     299
     311
     330
     278
     329
     303
     292
     324
     287
     295
     276
     303
     325
     326
     305
     296
     297
     256
     291
     273
     259
     286
     293
     335
     312
     315
     287
     295
     298
     301
     275
     303
     272
     274
     296
     299
     315
     342
     300
     298
     283
     306
     314
     288
     306
     286
     305
     320
     279
     298
     307
     305
     328
     272
     279
     317
     304
     333
     323
     279
     293
     318
     289
     293
     300
     300
     319
     304
     298
     300
     310
     322
     307
     282
     307
     292
     309
     285
     273
     295
     288
     289
     321
     294
     307
     288
     281
     250
     319
     312
     287
     306
     285
     287
     293
     310
     305
     297
     286
     298
     296
     301
     291
     317
     278
     271
     304
     288
     257
     311
     279
     291
     257
     268
     272
     295
     278
     276
     295
     302
     270
     305
     282
     275
     265
     282
     328
     326
     266
     283
     274
     285
     303
     304
     302
     289
     285
     301
     283
     299
     317
     281
     268
     290
     291
     292
     313
     283
     299
     322
     295
     274
     283
     268
     299
     312
     304
     263
     312
     313
     299
     298
     277
     291
     285
     304
     306
     293
     281
     302
     288
     270
     291
     284
     299
     329
     311
     268
     320
     324
     293
     301
     313
     302
     289
     304
     298
     301
     306
     260
     287
     289
     319
     285
     309
     292
     311
     274
     316
     300
     299
     290
     318
     304
     293
     277
     299
     293
     321
     303
     284
     284
     343
     284
     306
     299
     284
     263
     268
     294
     287
     299
     268
     292
     268
     311
     296
     287
     271
     278
     315
     302
     272
     285
     287
     276
     292
     295
     296
     269
     299
     264
     295
     280
     299
     313
     291
     290
     291
     320
     289
     283
     273
     308
     300
     318
     288
     305
     296
     240
     286
     315
     300
     284
     251
     296
     292
     293
     282
     292
     285
     256
     275
     309
     296
     273
     280
     286
     275
     279
     267
     280
     288
     307
     276
     286
     289
     302
     298
     292
     300
     283
     284
     280
     260
     306
     286
     315
     294
     302
     297
     295
     265
     273
     301
     306
     307
     292
     270
     285
     271
     280
     282
     301
     238
     257
     285
     317
     290
     294
     274
     304
     264
     278
     252
     310
     274
     303
     284
     290
     258
     306
     299
     285
     309
     307
     290
     285
     294
     315
     319
     312
     303
     290
     261
     264
     286
     291
     280
     288
     281
     276
     290
     259
     284
     290
     286
     277
     263
     267
     299
     294
     299
     299
     267
     272
     285
     302
     271
     287
     286
     300
     281
     255
     296
     312
     273
     306
     289
     279
     268
     302
     297
     293
     306
     311
     288
     287
     299
     278
     293
     315
     243
     334
     241
     276
     291
     294
     300
     298
     302
     295
     300
     286
     307
     307
     286
     286
     285
     321
     291
     266
     267
     287
     287
     278
     305
     283
     302
     292
     329
     298
     292
     288
     290
     300
     305
     300
     295
     295
     289
     281
     281
     303
     294
     291
     281
     311
     323
     273
     273
     248
     295
     326
     322
     280
     281
     319
     318
     266
     308
     285
     310
     286
     313
     325
     329
     302
     288
     323
     298
     287
     306
     314
     307
     294
     276
     319
     306
     285
     315
     311
     319
     344
     301
     288
     298
     292
     324
     298
     297
     291
     311
     283
     291
     287
     310
     273
     290
     305
     287
     284
     271
     325
     288
     324
     294
     277
     284
     298
     298
     330
     319
     299
     324
     290
     275
     282
     292
     266
     296
     292
     317
     303
     330
     295
     301
     305
     295
     279
     295
     297
     325
     306
     290
     270
     304
     307
     305
     315
     303
     300
     300
     304
     281
     341
     306
     317
     319
     282
     284
     309
     295
     307
     286
     328
     300
     324
     304
     313
     311
     280
     306
     292
     288
     285
     299
     313
     273
     285
     317
     287
     351
     341
     274
     292
     328
     324
     292
     295
     308
     321
     294
     314
     309
     305
     283
     312
     329
     304
     295
     283
     317
     298
     293
     265
     327
     354
     342
     332
     321
     272
     327
     288
     304
     299
     321
     302
     310
     300
     300
     346
     303
     316
     331
     299
     323
     328
     330
     329
     320
     324
     332
     296
     308
     333
     347
     337
     318
     290
     327
     300
     260
     313
     329
     330
     316
     302
     305
     289
     319
     294
     301
     276
     289
     329
     327
     316
     308
     286
     305
     320
     309
     294
     300
     284
     295
     286
     320
     337
     330
     307
     332
     309
     325
     285
     312
     300
     327
     320
     309
     316
     319
     313
     327
     323
     286
     315
     286
     338
     292
     319
     351
     290
     367
     318
     316
     316
     315
     330
     344
     314
     321
     314
     309
     333
     342
     325
     301
     327
     358
     333
     319
     320
     349
     334
     348
     326
     347
     308
     311
     326
     333
     336
     334
     351
     322
     353
     290
     323
     328
     313
     330
     317
     313
     321
     335
     325
     352
     350
     310
     333
     323
     318
     323
     343
     327
     342
     318
     321
     367
     329
     361
     337
     343
     341
     312
     316
     362
     316
     324
     361
     309
     322
     325
     319
     326
     346
     326
     330
     335
     321
     326
     353
     384
     352
     364
     330
     338
     339
     338
     357
     358
     349
     329
     341
     369
     372
     362
     326
     320
     329
     343
     313
     321
     344
     332
     295
     339
     339
     335
     361
     344
     360
     339
     332
     333
     352
     343
     340
     368
     319
     320
     348
     330
     342
     323
     364
     342
     341
     356
     353
     335
     346
     326
     330
     361
     370
     332
     336
     306
     378
     343
     355
     328
     339
     358
     333
     341
     360
     351
     353
     338
     336
     362
     366
     365
     358
     395
     332
     361
     373
     338
     325
     326
     345
     344
     355
     346
     367
     349
     387
     359
     357
     393
     347
     342
     356
     356
     343
     398
     373
     363
     385
     357
     351
     360
     388
     388
     345
     330
     338
     353
     409
     330
     384
     348
     357
     332
     399
     363
     344
     342
     363
     355
     364
     385
     341
     377
     376
     357
     369
     332
     331
     359
     346
     332
     354
     347
     367
     380
     376
     389
     388
     364
     352
     343
     376
     384
     421
     352
     381
     379
     371
     378
     384
     381
     411
     384
     373
     377
     369
     337
     345
     338
     401
     354
     374
     372
     403
     376
     390
     384
     412
     364
     381
     327
     386
     387
     372
     386
     393
     389
     358
     389
     363
     392
     388
     375
     369
     367
     370
     374
     373
     370
     385
     424
     362
     352
     405
     386
     359
     380
     362
     353
     421
     390
     381
     397
     393
     379
     401
     406
     378
     382
     386
     387
     374
     374
     385
     387
     394
     381
     379
     363
     373
     390
     391
     380
     383
     374
     390
     372
     370
     415
     373
     407
     389
     378
     362
     396
     397
     358
     398
     402
     408
     341
     379
     371
     361
     383
     357
     367
     378
     381
     372
     354
     355
     369
     385
     384
     373
     376
     398
     355
     378
     411
     356
     372
     377
     360
     354
     406
     363
     338
     370
     380
     364
     384
     366
     359
     377
     363
     392
     362
     360
     373
     385
     372
     390
     333
     355
     338
     308
     342
     348
     347
     393
     310
     333
     332
     347
     336
     350
     337
     324
     298
     297
     336
     338
     293
     341
     294
     342
     298
     341
     277
     305
     313
     334
     294
     327
     280
     265
     304
     310
     282
     275
     276
     295
     254
     279
     265
     280
     288
     249
     282
     240
     296
     267
     273
     271
     253
     271
     251
     253
     265
     233
     260
     271
     242
     282
     227
     247
     213
     265
     244
     238
     242
     237
     238
     267
     226
     207
     263
     229
     238
     252
     226
     270
     261
     248
     223
     244
     210
     245
     246
     210
     231
     226
     218
     238
     222
     219
     226
     220
     209
     230
     220
     235
     215
     212
     202
     233
     226
     212
     247
     204
     225
     199
     222
     231
     239
     201
     217
     229
     213
     195
     239
     203
     205
     196
     215
     229
     195
     212
     204
     240
     239
     259
     222
     213
     221
     239
     207
     239
     225
     206
     220
     213
     211
     230
     204
     210
     241
     203
     201
     229
     184
     224
     208
     193
     219
     210
     233
     199
     199
     204
     192
     179
     210
     236
     216
     224
     215
     167
     215
     183
     179
     207
     204
     200
     195
     192
     196
     192
     210
     194
     221
     206
     209
     200
     188
     190
     189
     201
     193
     175
     209
     190
     177
     189
     172
     170
     198
     210
     172
     175
     197
     203
     188
     180
     207
     203
     195
     175
     176
     179
     198
     175
     199
     162
     190
     189
     174
     178
     172
     168
     203
     188
     191
     185
     180
     182
     158
     195
     197
     166
     184
     186
     157
     165
     195
     176
     182
     185
     168
     174
     176
     188
     166
     183
     182
     165
     183
     156
     160
     175
     179
     155
     173
     169
     168
     175
     161
     173
     184
     166
     173
     163
     191
     187
     198
     181
     197
     193
     203
     162
     158
     178
     209
     185
     162
     171
     153
     167
     162
     175
     171
     160
     156
     174
     171
     148
     157
     166
     180
     139
     196
     155
     159
     188
     186
     176
     166
     170
     164
     138
     165
     160
     142
     171
     173
     173
     162
     165
     164
     191
     160
     156
     160
     157
     155
     152
     178
     157
     177
     164
     158
     160
     154
     154
     154
     161
     152
     165
     147
     172
     173
     171
     159
     145
     159
     165
     160
     147
     167
     141
     170
     161
     162
     163
     168
     164
     140
     137
     147
     156
     174
     157
     145
     145
     144
     154
     168
     159
     142
     146
     143
     174
     154
     149
     141
     144
     135
     162
     150
     144
     147
     121
     149
     171
     141
     139
     147
     163
     130
     143
     172
     137
     163
     159
     123
     148
     149
     136
     146
     141
     148
     168
     145
     155
     154
     124
     134
     147
     156
     139
     125
     137
     141
     169
     152
     142
     134
     128
     139
     137
     144
     145
     129
     140
     146
     131
     153
     120
     158
     129
     136
     122
     138
     144
     136
     151
     133
     150
     148
     140
     145
     131
     124
     143
     141
     128
     135
     128
     165
     142
     153
     155
     143
     115
     137
     151
     113
     161
     136
     130
     128
     124
     127
     135
     159
     126
     136
     134
     125
     132
     118
     144
     120
     140
     144
     128
     127
     129
     131
     135
     132
     123
     130
     126
     134
     116
     147
     139
     139
     118
     140
     118
     123
     153
     116
     122
     110
     127
     124
     126
     128
     143
     124
     132
     125
     111
     139
     131
     124
     129
     121
     123
     132
     130
     131
     117
     117
     115
     113
     126
     130
     145
     124
     126
     132
     114
     118
     124
     108
     115
     133
     129
     117
     135
     130
     125
     112
     145
     117
     101
     112
     111
     104
     121
     134
     126
     110
     110
     137
     123
     121
     138
     120
     141
     117
     121
     105
     116
     130
     117
     110
     107
      96
     143
     115
     123
     104
     111
     110
     118
      99
     114
     125
     144
     100
     114
     134
     113
     113
     104
     113
     101
      93
     118
     100
     112
     105
     105
      94
     109
     123
     118
     108
     101
      99
     108
     136
     123
     101
     109
     104
     118
     122
     107
     124
     100
     109
     122
     111
      97
     106
     112
     117
     101
     104
     106
     109
     109
     103
     111
     127
     104
     111
     115
     100
     115
      95
      94
      92
      94
     107
     108
      95
     106
     104
      97
     114
     127
     111
      85
      92
      92
     122
     104
     102
     125
     133
     115
      93
     106
      98
      94
      82
     109
      87
      94
     105
      98
      96
      88
      93
      93
     113
      91
      85
     113
     101
     112
      93
     102
     102
      95
      93
     101
     116
     100
     102
      93
     111
     103
      86
      95
      93
      97
     100
     108
     100
      91
      90
      92
      98
     101
      94
      83
     107
      82
      99
      99
      93
      81
      90
     102
      99
      83
      99
      87
      88
      94
      89
     119
      97
      98
     100
      96
      90
      97
      84
      98
      81
      95
      85
      96
     103
     110
     108
      83
     105
      95
     109
      96
      94
      90
      96
     103
     106
      88
      98
      96
      97
      94
      97
      95
      96
     100
      96
      76
     107
      80
      92
      95
     118
      93
      76
     101
     100
      87
      92
      96
     103
      96
      93
      95
      98
      75
     108
      96
      99
     106
      89
      88
      99
      89
      90
      94
      92
      91
      97
      93
      82
     113
     118
      81
      90
      88
     101
      89
      85
      96
      86
      88
      96
      82
      94
      88
      93
      99
      79
      90
      85
      76
      79
      95
      84
      79
      79
      79
      70
      94
      90
      81
      83
      77
      76
      90
      93
      94
      74
      95
      79
      78
      75
      90
      96
      85
      89
      68
      72
      93
      78
      96
      88
      73
      75
      95
      91
     100
      89
      79
      84
      95
      84
      76
      88
      96
      82
      63
      89
     101
      74
      92
      91
      92
     105
      93
     104
      80
      80
      81
      85
      74
      90
      92
      78
      82
      86
      85
      91
      75
      78
      91
      95
      92
      81
      62
      70
      91
      80
      84
      56
      69
      80
      77
      94
      75
      93
     104
      83
      89
      73
      99
      93
      94
      99
      82
      72
      86
      84
      84
      86
      78
      86
      82
      83
      76
      81
      72
      83
      88
      75
      94
      95
      91
      84
      77
      80
      68
      86
      75
      73
      71
      82
      98
      89
      90
      70
      76
      88
      90
      84
      94
      97
      86
      90
      87
      92
      78
      80
      97
      74
      92
      79
      75
      93
      84
      82
      90
      78
      81
      94
      99
      79
      89
      85
      86
      94
      82
      82
      81
      84
     108
      65
      78
      74
     105
      84
      78
      92
      78
      83
      91
      98
      68
     100
      77
      83
      77
      87
      80
      83
      77
      73
      88
      80
      80
      92
      70
      82
      79
      86
      76
      64
      82
      89
      81
      75
      75
      80
      70
      81
      78
      90
     105
     101
      68
      92
      79
      72
      74
      72
     100
      87
      78
      83
      67
      80
      87
      72
      87
      77
      89
      80
      83
      82
      70
      89
      86
      85
      91
      73
      56
     101
      84
      77
      83
      78
      91
      81
      91
      93
      86
      85
      89
      91
      94
      90
      92
      97
      72
      83
      64
      88
      77
      84
      87
      92
      95
     102
      99
      86
      84
      82
      80
      86
      70
      73
      74
      89
      95
      77
      82
      69
     101
      77
      77
      99
      76
      71
      89
      68
      87
      90
      80
      99
      71
      77
      93
      81
      95
      88
      89
      65
      73
      94
      76
      79
      75
      86
      94
      84
      76
      57
      70
      96
      96
      81
      75
      86
     105
      86
      85
      76
      67
      89
      86
      74
      81
      86
      91
      74
      76
      84
      72
      79
      84
      77
      94
      80
      86
      75
      72
      97
      83
      83
      84
      76
      79
      95
      84
      97
      90
      88
      83
      74
      73
      87
      76
      84
      84
      85
      84
      67
      79
      82
      90
      79
      72
      71
      82
      86
      85
      92
      80
      83
      93
      82
      98
      96
      65
      74
     101
      85
      83
      65
      81
      67
      81
      79
      88
      74
      67
      83
      62
      83
      68
      77
      83
      83
      59
      83
      91
      88
      85
      82
      70
      77
      93
      74
      89
      91
      70
      82
      91
      85
      84
      79
      80
      58
      74
      70
      81
      83
      89
      95
      77
      84
      69
      87
      96
      83
      65
      83
      64
      81
      99
      80
      79
      73
      83
      82
      82
      98
      69
      64
      78
      84
      78
      66
      72
      70
      73
      83
      96
     108
      85
      78
      73
      72
      67
      87
      76
      77
      78
      83
      70
      82
      89
      80
     103
      86
      98
      69
      65
      85
      76
      80
      73
      83
      77
      77
      82
      76
      70
      86
      80
      67
      68
      86
      87
      92
      81
      99
      91
      76
      95
      88
      92
     100
      95
      75
      78
      92
      82
      77
      77
      91
      73
      99
      75
      82
      88
      83
      74
      61
      83
      86
      69
      84
      93
      75
      78
      86
      79
      65
      89
      67
      90
      81
      75
      86
      75
      64
      79
      80
      83
      78
      83
      88
      93
      69
      74
      94
      78
      87
      86
      85
      74
      66
      68
      68
      92
      80
      77
      59
      67
      93
      80
      81
      75
      68
      98
      90
      72
      77
      94
     106
      70
      73
      91
      76
      75
     104
      71
      76
      81
      76
      87
      99
      64
      78
      87
      84
      77
      78
      76
      79
      89
      84
      80
      83
      85
      88
      85
      78
      75
      74
      72
      76
      73
      93
      85
      92
      69
      79
      77
      74
      77
      84
      80
      84
      90
      71
      70
      95
      95
      88
      66
      93
      66
      80
      82
      82
      63
      90
      84
      75
      79
      86
      66
      81
      61
      87
      90
      83
      93
      81
      88
      64
      82
      83
      75
      94
      74
      82
      73
      87
      79
      76
      85
      80
      78
      85
      83
      84
      95
      79
      82
      91
      82
      68
      84
     104
      79
      86
     103
      74
      79
      85
      81
      95
      89
      70
      73
      82
      73
      62
      75
      92
      83
      79
      83
      95
     105
      89
      65
      91
      86
      76
      77
      86
      70
      83
      96
      64
      80
      86
      73
      76
      83
      87
      77
      79
      85
      72
      86
      83
      90
      88
      90
      98
      83
      65
      66
      84
     110
      87
      58
      76
      84
      77
      79
      86
      72
      89
      95
      69
      76
     101
      84
      71
      86
      86
      92
      83
      96
      81
     102
     102
      89
      82
      77
      90
     109
      74
      78
      93
      75
      81
      80
      75
      95
      72
      77
      81
      83
      76
      80
      81
      97
     100
      95
      91
      91
      86
      78
      82
      81
      97
      80
      60
      91
      77
      89
      72
      78
      81
      92
      85
      78
      91
      89
      95
      92
      87
     118
      75
      97
      92
      94
      98
      97
      95
      87
      84
      79
      80
      77
      82
      84
      96
      79
      86
      87
      81
      88
     103
      95
      95
      96
     112
      90
      71
      96
      81
      90
     111
     110
     101
      78
      85
      90
      90
      79
      93
      87
      92
      87
      90
     104
      98
      85
     105
     100
      92
      95
      88
      80
      86
      91
      80
     122
      84
     100
     106
     112
      96
     101
     105
     105
     100
      84
      95
      96
     109
     119
     106
      75
     102
      92
     105
     106
      71
     105
     100
      89
      96
     107
     122
      95
     102
     123
      93
      93
     112
     115
      89
     113
     112
     104
     116
     111
     113
     128
     106
     146
     123
     100
     111
     126
     143
     129
     150
     138
     126
     155
     135
     151
     145
     176
     141
     181
     165
     197
     229
     217
     228
     256
     241
     295
     291
     334
     375
     383
     465
     500
     550
     617
     671
     764
     898
    1005
    1190
    1311
    1505
    1765
    2017
    2279
    2680
    3209
    3658
    4225
    4745
    5538
    6117
    6718
    7515
    8221
    9013
    9732
   10498
   10820
   11272
   11609
   12263
   12478
   12512
   12909
   12946
   12620
   12801
   12495
   12402
   11705
   11598
   11120
   10438
   10185
    9506
    8693
    7788
    7228
    6442
    5789
    5098
    4336
    3811
    3301
    2574
    2243
    1834
    1532
    1188
    1063
     832
     696
     554
     488
     452
     416
     343
     299
     291
     220
     209
     222
     196
     179
     155
     126
     141
     136
     127
     104
     130
     124
     110
      95
     103
     112
     104
     102
      97
      83
      84
      75
      80
      68
      83
      85
      78
      75
      83
      71
      75
      95
      70
      72
      53
      70
      47
      84
      86
      64
      71
      71
      72
      64
      65
      49
      66
      67
      55
      65
      70
      65
      61
      53
      67
      65
      65
      57
      54
      67
      66
      56
      63
      62
      52
      67
      67
      48
      50
      60
      67
      62
      52
      64
      61
      51
      74
      61
      59
      64
      54
      56
      46
      46
      62
      60
      51
      61
      57
      50
      46
      56
      49
      51
      55
      51
      50
      61
      56
      47
      55
      55
      51
      68
      62
      48
      53
      34
      57
      60
      55
      45
      61
      54
      47
      55
      49
      52
      62
      51
      40
      41
      58
      40
      47
      41
      58
      60
      52
      50
      53
      48
      55
      39
      36
      44
      60
      58
      39
      52
      46
      46
      68
      46
      47
      51
      53
      52
      51
      58
      44
      60
      52
      53
      55
      53
      55
      57
      57
      63
      53
      54
      49
      56
      54
      56
      57
      39
      61
      53
      60
      49
      62
      45
      48
      42
      46
      48
      58
      43
      56
      47
      53
      61
      50
      53
      41
      49
      56
      51
      42
      52
      37
      43
      46
      43
      38
      48
      34
      38
      38
      44
      42
      48
      54
      48
      40
      50
      52
      44
      44
      41
      46
      60
      53
      46
      42
      46
      34
      36
      51
      46
      51
      45
      43
      46
      49
      63
      45
      23
      36
      50
      37
      46
      41
      51
      41
      41
      38
      47
      43
      46
      47
      42
      46
      55
      43
      54
      38
      51
      45
      40
      43
      44
      41
      37
      39
      56
      40
      45
      47
      39
      33
      34
      44
      53
      50
      44
      44
      43
      39
      49
      38
      36
      37
      52
      42
      46
      41
      40
      49
      63
      62
      50
      48
      50
      38
      43
      32
      40
      42
      33
      45
      32
      53
      45
      41
      39
      40
      47
      42
      44
      52
      48
      35
      43
      44
      43
      35
      44
      42
      40
      53
      31
      52
      40
      36
      52
      48
      45
      36
      39
      49
      43
      49
      43
      44
      57
      55
      29
      43
      43
      48
      33
      44
      49
      29
      56
      39
      35
      42
      38
      45
      49
      38
      45
      53
      28
      42
      33
      49
      47
      49
      50
      48
      41
      38
      42
      36
      36
      37
      50
      32
      52
      38
      33
      36
      56
      48
      48
      35
      56
      38
      39
      34
      42
      33
      43
      45
      42
      44
      45
      50
      47
      51
      45
      53
      35
      39
      41
      44
      53
      44
      42
      44
      50
      35
      41
      57
      48
      47
      38
      49
      37
      42
      44
      38
      42
      42
      49
      40
      41
      47
      29
      38
      44
      43
      49
      46
      41
      56
      36
      36
      59
      30
      33
      40
      46
      48
      48
      51
      39
      42
      43
      45
      48
      43
      47
      37
      40
      34
      39
      51
      39
      37
      52
      41
      39
      42
      57
      42
      33
      38
      43
      43
      47
      45
      41
      43
      39
      52
      54
      46
      40
      37
      44
      40
      40
      52
      48
      43
      52
      36
      44
      47
      40
      41
      30
      40
      39
      37
      41
      34
      41
      42
      40
      52
      43
      27
      48
      48
      47
      30
      37
      39
      36
      32
      47
      36
      46
      29
      36
      47
      39
      53
      38
      40
      38
      36
      45
      40
      32
      43
      41
      34
      37
      39
      38
      36
      42
      35
      41
      40
      44
      38
      52
      34
      46
      44
      46
      51
      36
      42
      43
      45
      37
      33
      36
      36
      46
      42
      40
      50
      29
      56
      32
      38
      47
      42
      39
      39
      39
      29
      47
      45
      46
      46
      45
      32
      39
      35
      43
      52
      40
      45
      36
      29
      40
      35
      39
      42
      38
      45
      32
      38
      29
      55
      39
      35
      50
      39
      34
      35
      42
      49
      42
      37
      33
      37
      30
      45
      40
      30
      31
      49
      47
      56
      39
      28
      42
      31
      29
      44
      46
      47
      36
      46
      32
      38
      56
      37
      47
      34
      38
      47
      42
      42
      50
      41
      36
      40
      36
      39
      31
      37
      54
      35
      40
      37
      42
      40
      44
      30
      46
      39
      22
      28
      42
      32
      50
      35
      45
      43
      48
      38
      36
      35
      44
      39
      38
      40
      35
      42
      48
      39
      30
      43
      49
      44
      29
      45
      39
      43
      38
      53
      47
      43
      37
      51
      42
      36
      38
      43
      36
      46
      43
      38
      38
      35
      35
      46
      39
      39
      43
      38
      47
      39
      38
      49
      58
      35
      47
      45
      27
      50
      51
      44
      56
      41
      36
      34
      39
      28
      33
      40
      36
      44
      42
      48
      40
      37
      46
      45
      39
      37
      43
      40
      39
      36
      30
      42
      36
      39
      44
      40
      39
      44
      51
      43
      36
      35
      40
      41
      51
      46
      40
      44
      35
      46
      42
      33
      44
      35
      44
      40
      58
      50
      42
      40
      45
      40
      41
      39
      45
      39
      30
      44
      35
      42
      37
      53
      39
      25
      51
      40
      46
      40
      33
      39
      47
      42
      35
      24
      46
      36
      36
      43
      33
      37
      47
      45
      39
      37
      45
      37
      37
      41
      47
      30
      34
      27
      39
      43
      25
      39
      40
      40
      35
      36
      39
      48
      49
      26
      37
      39
      41
      49
      37
      38
      43
      32
      40
      48
      33
      21
      41
      35
      23
      47
      33
      32
      34
      40
      30
      35
      33
      39
      29
      24
      40
      43
      30
      46
      49
      39
      33
      34
      35
      40
      44
      36
      37
      39
      37
      43
      33
      29
      39
      44
      40
      50
      41
      26
      50
      40
      34
      20
      22
      35
      43
      30
      45
      41
      32
      42
      43
      46
      38
      40
      32
      39
      39
      48
      34
      43
      39
      42
      35
      39
      36
      45
      37
      34
      48
      40
      26
      42
      44
      33
      31
      45
      34
      40
      40
      43
      40
      52
      32
      37
      39
      31
      44
      33
      31
      40
      48
      42
      43
      46
      25
      35
      40
      39
      40
      41
      27
      30
      32
      39
      27
      53
      30
      36
      37
      43
      48
      40
      44
      45
      48
      32
      51
      48
      33
      37
      41
      61
      42
      54
      39
      46
      48
      38
      39
      35
      49
      48
      47
      47
      46
      34
      61
      62
      42
      44
      45
      37
      36
      25
      47
      30
      40
      34
      33
      48
      40
      39
      49
      30
      29
      45
      34
      43
      39
      45
      36
      37
      45
      36
      34
      40
      33
      35
      32
      34
      27
      36
      42
      39
      32
      37
      39
      39
      48
      44
      46
      28
      49
      44
      42
      47
      41
      35
      32
      47
      42
      36
      39
      34
      41
      38
      41
      27
      46
      37
      42
      22
      49
      43
      33
      30
      49
      41
      28
      25
      39
      39
      44
      44
      28
      37
      35
      49
      30
      48
      37
      41
      49
      57
      39
      30
      27
      49
      31
      33
      27
      34
      38
      40
      42
      35
      47
      39
      30
      42
      36
      32
      33
      38
      37
      43
      44
      35
      36
      46
      32
      24
      33
      50
      33
      37
      40
      40
      52
      39
      47
      47
      31
      31
      38
      38
      31
      39
      34
      43
      36
      45
      50
      28
      37
      33
      40
      39
      52
      47
      37
      31
      36
      38
      46
      30
      48
      48
      42
      40
      38
      30
      39
      38
      29
      46
      40
      43
      33
      41
      28
      34
      39
      43
      37
      39
      49
      45
      32
      41
      51
      45
      31
      36
      44
      37
      43
      32
      36
      31
      32
      40
      37
      40
      30
      35
      47
      41
      45
      35
      35
      52
      37
      32
      35
      30
      51
      42
      44
      45
      42
      32
      43
      32
      51
      40
      40
      39
      35
      28
      32
      46
      40
      35
      34
      46
      49
      34
      36
      38
      38
      33
      36
      32
      42
      41
      40
      49
      39
      39
      43
      44
      29
      48
      43
      47
      38
      34
      33
      33
      48
      45
      38
      43
      43
      39
      39
      35
      42
      34
      36
      47
      30
      40
      36
      38
      34
      45
      34
      30
      43
      46
      36
      38
      34
      53
      40
      35
      47
      41
      40
      40
      40
      41
      42
      42
      36
      36
      42
      37
      38
      39
      39
      38
      43
      37
      30
      41
      38
      42
      33
      34
      35
      37
      36
      44
      44
      49
      24
      49
      35
      35
      45
      33
      43
      38
      40
      45
      31
      40
      34
      36
      33
      34
      34
      37
      42
      42
      29
      34
      47
      36
      41
      36
      36
      44
      34
      33
      47
      40
      42
      36
      39
      40
      47
      39
      43
      35
      50
      29
      42
      40
      40
      41
      36
      55
      38
      32
      41
      33
      34
      41
      35
      37
      30
      30
      40
      35
      37
      36
      37
      39
      37
      32
      45
      37
      46
      28
      29
      37
      49
      44
      48
      37
      42
      32
      29
      40
      40
      27
      41
      39
      40
      37
      26
      30
      34
      36
      45
      49
      35
      40
      36
      32
      36
      43
      37
      34
      39
      38
      41
      41
      37
      35
      38
      40
      40
      41
      44
      33
      35
      47
      36
      41
      29
      36
      39
      36
      36
      40
      42
      33
      42
      39
      39
      39
      38
      31
      36
      34
      35
      26
      45
      42
      33
      42
      34
      35
      38
      36
      33
      41
      36
      36
      34
      29
      35
      36
      37
      39
      29
      36
      48
      39
      33
      51
      37
      36
      39
      56
      31
      33
      49
      33
      35
      31
      36
      24
      42
      52
      33
      55
      46
      44
      41
      30
      37
      46
      36
      50
      34
      40
      39
      35
      35
      38
      40
      38
      28
      33
      38
      25
      45
      37
      31
      28
      48
      38
      36
      36
      40
      34
      35
      37
      46
      39
      41
      46
      49
      57
      37
      32
      53
      35
      52
      55
      31
      45
      42
      45
      28
      32
      44
      33
      54
      39
      39
      50
      39
      34
      38
      44
      43
      43
      34
      30
      36
      39
      42
      43
      55
      44
      41
      32
      47
      41
      39
      44
      49
      39
      41
      20
      38
      33
      44
      40
      53
      40
      43
      32
      40
      37
      34
      40
      40
      33
      34
      40
      41
      39
      41
      40
      37
      33
      46
      41
      39
      36
      34
      45
      44
      32
      40
      47
      41
      44
      36
      48
      35
      28
      38
      35
      32
      43
      30
      42
      44
      37
      29
      45
      39
      32
      41
      31
      44
      33
      33
      36
      34
      33
      41
      40
      30
      38
      44
      37
      45
      46
      40
      31
      30
      39
      37
      41
      29
      29
      50
      43
      43
      45
      37
      36
      34
      46
      34
      31
      31
      32
      40
      40
      49
      39
      43
      35
      42
      38
      42
      36
      39
      46
      45
      47
      38
      44
      47
      32
      43
      31
      42
      44
      33
      37
      38
      45
      49
      43
      37
      41
      39
      39
      36
      34
      47
      46
      35
      34
      40
      39
      34
      44
      38
      36
      39
      39
      25
      37
      38
      35
      42
      31
      47
      38
      29
      34
      33
      48
      43
      29
      40
      48
      48
      31
      45
      32
      37
      46
      47
      33
      33
      28
      37
      37
      41
      40
      40
      40
      40
      34
      42
      38
      42
      46
      34
      31
      38
      39
      33
      25
      38
      33
      53
      46
      37
      37
      51
      34
      34
      43
      43
      51
      37
      36
      29
      29
      37
      42
      32
      38
      45
      32
      41
      29
      41
      37
      40
      38
      36
      38
      38
      43
      41
      34
      43
      49
      26
      43
      42
      39
      44
      37
      33
      41
      37
      44
      45
      44
      37
      44
      32
      40
      38
      40
      39
      39
      36
      43
      29
      41
      45
      38
      38
      29
      37
      40
      41
      41
      37
      41
      27
      38
      49
      49
      27
      47
      44
      44
      34
      40
      28
      44
      41
      41
      41
      46
      50
      34
      36
      38
      49
      42
      30
      36
      32
      36
      43
      39
      39
      48
      36
      25
      50
      31
      26
      43
      43
      31
      46
      42
      39
      30
      40
      45
      31
      42
      34
      25
      48
      44
      39
      29
      31
      34
      31
      34
      43
      45
      55
      46
      44
      49
      32
      33
      31
      36
      38
      49
      39
      49
      32
      37
      31
      44
      43
      35
      39
      50
      47
      52
      54
      37
      41
      43
      34
      36
      41
      33
      38
      38
      32
      44
      37
      30
      38
      40
      40
      34
      34
      36
      38
      29
      43
      38
      37
      35
      40
      25
      37
      47
      56
      37
      40
      51
      28
      43
      47
      42
      51
      41
      38
      43
      34
      33
      45
      29
      42
      40
      31
      39
      52
      40
      33
      35
      35
      42
      31
      46
      34
      47
      39
      36
      39
      35
      40
      37
      38
      39
      37
      40
      31
      37
      35
      54
      35
      39
      33
      31
      40
      29
      30
      48
      44
      46
      35
      36
      39
      47
      39
      48
      52
      39
      30
      31
      34
      42
      41
      41
      39
      26
      42
      38
      31
      31
      35
      42
      41
      30
      38
      37
      44
      42
      22
      41
      29
      33
      55
      33
      37
      40
      46
      40
      41
      47
      36
      36
      50
      38
      46
      45
      44
      37
      37
      36
      38
      48
      39
      30
      32
      30
      35
      42
      36
      34
      23
      40
      43
      38
      35
      31
      37
      48
      42
      37
      32
      41
      36
      32
      35
      45
      41
      44
      44
      37
      38
      41
      57
      38
      30
      43
      44
      35
      39
      40
      42
      34
      48
      32
      35
      35
      39
      36
      41
      41
      47
      55
      40
      31
      33
      46
      45
      33
      36
      41
      33
      41
      40
      49
      34
      34
      40
      35
      38
      36
      33
      38
      58
      48
      36
      31
      36
      37
      37
      36
      47
      26
      35
      45
      35
      46
      34
      34
      30
      38
      30
      44
      37
      43
      40
      40
      46
      33
      37
      39
      42
      34
      40
      38
      45
      33
      36
      39
      53
      42
      56
      43
      34
      31
      47
      47
      48
      42
      53
      46
      41
      34
      37
      37
      46
      33
      43
      32
      53
      34
      43
      46
      37
      35
      36
      40
      26
      39
      41
      37
      48
      32
      47
      39
      40
      38
      39
      36
      38
      43
      40
      42
      30
      40
      36
      42
      56
      31
      45
      35
      42
      48
      45
      48
      39
      47
      37
      35
      50
      47
      37
      43
      43
      42
      36
      35
      32
      43
      32
      36
      50
      31
      49
      50
      41
      33
      38
      33
      28
      35
      28
      36
      33
      30
      36
      51
      39
      34
      42
      44
      45
      50
      31
      30
      38
      36
      53
      42
      37
      40
      25
      40
      35
      44
      31
      43
      35
      53
      45
      28
      38
      44
      46
      38
      42
      28
      40
      50
      33
      49
      34
      43
      37
      31
      35
      40
      53
      53
      53
      43
      38
      35
      48
      36
      38
      39
      42
      39
      33
      38
      33
      45
      46
      48
      36
      38
      41
      43
      38
      21
      39
      45
      37
      45
      34
      36
      38
      47
      35
      37
      39
      41
      40
      39
      26
      35
      30
      39
      36
      40
      29
      41
      35
      46
      42
      41
      35
      44
      33
      43
      36
      45
      32
      38
      38
      45
      47
      48
      42
      29
      45
      38
      47
      33
      37
      43
      37
      51
      36
      30
      41
      46
      41
      30
      40
      34
      30
      41
      40
      37
      39
      38
      37
      49
      32
      46
      30
      40
      35
      42
      33
      41
      35
      47
      42
      33
      33
      39
      42
      43
      44
      46
      45
      48
      36
      52
      39
      33
      42
      36
      40
      35
      41
      48
      22
      40
      36
      32
      27
      34
      42
      41
      34
      34
      52
      38
      28
      43
      46
      39
      46
      41
      30
      44
      48
      39
      36
      52
      46
      46
      46
      49
      36
      38
      41
      34
      36
      40
      44
      44
      42
      55
      41
      42
      39
      42
      34
      36
      47
      34
      39
      50
      40
      43
      46
      40
      44
      40
      46
      45
      33
      30
      42
      30
      42
      42
      33
      43
      27
      35
      46
      29
      35
      37
      43
      38
      34
      30
      45
      44
      42
      41
      33
      23
      34
      37
      35
      52
      39
      39
      34
      34
      45
      52
      36
      39
      40
      51
      40
      47
      34
      29
      40
      46
      36
      52
      32
      34
      36
      49
      39
      34
      26
      38
      46
      44
      41
      35
      40
      37
      37
      37
      32
      45
      35
      42
      36
      37
      44
      35
      40
      49
      36
      46
      36
      48
      40
      37
      41
      33
      38
      48
      35
      52
      42
      46
      38
      45
      39
      39
      40
      47
      37
      44
      53
      46
      36
      47
      46
      33
      53
      31
      38
      37
      51
      46
      55
      46
      50
      39
      53
      49
      40
      44
      47
      59
      44
      48
      43
      52
      58
      42
      56
      50
      43
      56
      43
      40
      54
      49
      43
      43
      46
      31
      46
      40
      51
      37
      44
      43
      37
      40
      41
      43
      47
      39
      48
      41
      41
      31
      33
      43
      45
      38
      47
      41
      46
      32
      33
      39
      34
      38
      33
      49
      37
      54
      47
      29
      43
      35
      53
      33
      36
      44
      45
      48
      43
      35
      52
      37
      43
      34
      34
      39
      45
      53
      43
      35
      41
      32
      39
      31
      59
      38
      45
      34
      60
      55
      35
      36
      32
      35
      47
      37
      44
      38
      37
      33
      40
      42
      42
      43
      34
      34
      45
      51
      49
      38
      33
      32
      32
      45
      42
      26
      26
      43
      39
      51
      47
      36
      38
      39
      36
      43
      48
      49
      38
      33
      35
      40
      34
      49
      44
      46
      37
      44
      37
      38
      40
      54
      37
      30
      41
      47
      44
      45
      39
      46
      37
      42
      34
      37
      41
      39
      38
      39
      46
      34
      44
      45
      38
      36
      43
      39
      33
      38
      31
      48
      33
      48
      48
      29
      44
      30
      39
      37
      41
      31
      35
      40
      28
      47
      46
      41
      37
      51
      33
      47
      45
      33
      38
      51
      44
      42
      35
      35
      34
      40
      45
      42
      55
      52
      37
      43
      37
      42
      32
      46
      51
      40
      45
      38
      33
      49
      34
      41
      44
      39
      48
      48
      35
      40
      24
      38
      56
      38
      43
      39
      42
      48
      29
      38
      41
      46
      38
      30
      45
      36
      45
      52
      37
      45
      40
      41
      31
      38
      32
      48
      41
      43
      40
      39
      42
      44
      48
      39
      34
      37
      39
      39
      42
      39
      38
      45
      41
      39
      49
      36
      31
      43
      37
      35
      51
      53
      30
      51
      46
      39
      54
      57
      32
      45
      31
      39
      43
      46
      49
      34
      37
      42
      42
      37
      36
      43
      43
      49
      38
      46
      47
      37
      35
      35
      34
      42
      40
      47
      38
      47
      41
      31
      38
      41
      43
      43
      43
      54
      46
      34
      40
      38
      51
      45
      30
      41
      41
      35
      37
      47
      37
      23
      32
      45
      34
      40
      43
      57
      41
      49
      40
      44
      40
      39
      52
      31
      45
      54
      42
      46
      43
      52
      53
      49
      37
      43
      42
      45
      46
      54
      53
      48
      48
      40
      41
      38
      38
      37
      43
      33
      35
      35
      45
      38
      39
      37
      40
      44
      38
      46
      46
      40
      39
      43
      45
      42
      41
      41
      28
      34
      32
      39
      54
      38
      55
      50
      40
      44
      41
      54
      50
      41
      40
      38
      39
      49
      39
      38
      37
      37
      39
      38
      41
      43
      41
      47
      44
      59
      39
      36
      54
      45
      31
      46
      42
      47
      27
      35
      31
      44
      46
      44
      32
      38
      47
      49
      39
      43
      30
      39
      38
      43
      41
      33
      50
      39
      39
      51
      37
      44
      40
      37
      41
      37
      45
      42
      46
      32
      42
      38
      34
      42
      45
      39
      50
      42
      34
      48
      39
      40
      39
      40
      45
      41
      37
      38
      42
      48
      43
      36
      45
      49
      56
      50
      45
      39
      24
      60
      48
      44
      50
      52
      35
      32
      42
      61
      48
      40
      39
      42
      39
      52
      34
      48
      51
      41
      53
      48
      42
      50
      36
      37
      38
      44
      54
      45
      43
      41
      32
      39
      44
      41
      36
      40
      45
      45
      53
      42
      39
      37
      42
      57
      36
      35
      40
      42
      49
      40
      48
      35
      44
      33
      35
      36
      44
      37
      40
      40
      32
      38
      49
      61
      35
      46
      44
      34
      35
      50
      43
      31
      51
      39
      39
      44
      47
      30
      44
      53
      49
      55
      29
      36
      42
      37
      47
      43
      56
      38
      38
      52
      41
      32
      35
      48
      39
      43
      51
      46
      36
      39
      50
      38
      32
      41
      42
      43
      33
      36
      39
      28
      54
      36
      48
      42
      44
      39
      49
      41
      47
      30
      47
      33
      36
      36
      38
      41
      35
      44
      45
      26
      42
      52
      55
      30
      41
      52
      60
      39
      38
      32
      50
      31
      52
      46
      50
      42
      45
      53
      48
      45
      42
      37
      26
      37
      34
      46
      30
      33
      44
      38
      49
      45
      44
      36
      40
      44
      51
      40
      30
      44
      40
      50
      26
      45
      43
      48
      41
      35
      44
      52
      52
      50
      56
      38
      39
      42
      51
      31
      43
      43
      43
      42
      42
      40
      47
      41
      50
      34
      54
      43
      53
      39
      52
      44
      41
      47
      32
      31
      41
      51
      44
      40
      38
      43
      47
      41
      38
      42
      31
      45
      47
      54
      49
      50
      47
      39
      31
      55
      38
      47
      39
      39
      39
      41
      37
      46
      42
      42
      43
      45
      46
      40
      35
      39
      43
      53
      39
      46
      40
      42
      34
      42
      42
      39
      48
      32
      40
      39
      34
      42
      47
      43
      53
      42
      42
      35
      39
      30
      49
      39
      51
      40
      47
      39
      52
      44
      49
      48
      56
      56
      32
      40
      53
      53
      29
      49
      44
      53
      40
      38
      34
      43
      41
      40
      30
      52
      41
      48
      41
      45
      34
      49
      40
      41
      39
      39
      51
      46
      48
      43
      44
      35
      45
      53
      47
      31
      39
      45
      43
      52
      33
      54
      35
      36
      44
      46
      48
      46
      40
      38
      48
      58
      49
      48
      53
      46
      45
      55
      33
      55
      40
      42
      50
      41
      34
      53
      43
      42
      43
      54
      49
      46
      44
      45
      45
      51
      43
      43
      42
      45
      45
      41
      43
      42
      43
      50
      38
      51
      36
      45
      57
      48
      42
      47
      56
      35
      45
      52
      47
      36
      47
      44
      39
      44
      43
      43
      44
      48
      36
      44
      29
      39
      37
      42
      41
      49
      36
      46
      31
      30
      43
      45
      43
      39
      53
      34
      42
      49
      42
      47
      39
      49
      46
      38
      42
      56
      55
      36
      64
      57
      46
      56
      48
      41
      44
      47
      51
      46
      51
      35
      40
      43
      44
      29
      43
      33
      40
      53
      37
      38
      47
      38
      40
      47
      47
      42
      43
      33
      48
      42
      42
      51
      51
      47
      46
      48
      41
      49
      40
      57
      37
      44
      53
      50
      34
      39
      55
      49
      37
      52
      40
      41
      44
      50
      47
      46
      56
      47
      43
      53
      44
      55
      41
      42
      52
      34
      40
      41
      52
      43
      45
      43
      56
      34
      57
      52
      46
      38
      35
      41
      32
      38
      40
      51
      48
      32
      45
      42
      50
      48
      50
      39
      54
      38
      37
      43
      41
      47
      43
      52
      43
      54
      43
      44
      42
      46
      36
      53
      39
      48
      42
      48
      48
      43
      44
      43
      44
      53
      41
      47
      46
      32
      50
      37
      44
      47
      36
      50
      42
      38
      39
      43
      43
      50
      49
      35
      42
      50
      55
      41
      39
      50
      50
      42
      48
      38
      56
      35
      42
      39
      32
      36
      54
      43
      42
      44
      41
      44
      39
      49
      42
      49
      40
      45
      49
      47
      57
      43
      49
      33
      44
      34
      52
      38
      53
      38
      46
      43
      39
      43
      50
      48
      60
      45
      41
      34
      45
      41
      42
      43
      40
      60
      43
      47
      40
      47
      34
      38
      47
      39
      37
      49
      42
      41
      53
      30
      45
      51
      42
      50
      46
      44
      47
      51
      43
      48
      53
      44
      48
      53
      36
      45
      50
      42
      45
      52
      46
      36
      39
      42
      48
      40
      47
      44
      46
      46
      46
      45
      40
      40
      46
      49
      56
      45
      29
      63
      44
      46
      39
      41
      31
      39
      46
      55
      46
      31
      42
      52
      60
      46
      50
      47
      42
      45
      48
      33
      37
      42
      34
      44
      48
      52
      49
      54
      47
      46
      60
      48
      45
      48
      49
      53
      34
      38
      43
      38
      42
      41
      49
      48
      45
      43
      56
      35
      46
      48
      42
      39
      53
      39
      50
      38
      49
      52
      42
      44
      43
      37
      48
      66
      39
      51
      62
      47
      50
      52
      40
      43
      36
      48
      50
      50
      50
      45
      36
      48
      54
      50
      58
      40
      47
      52
      44
      36
      40
      57
      42
      50
      51
      44
      48
      40
      35
      49
      43
      31
      47
      54
      51
      47
      51
      55
      47
      32
      50
      47
      57
      38
      48
      49
      47
      45
      45
      39
      41
      41
      42
      49
      59
      61
      37
      58
      43
      38
      42
      32
      44
      45
      48
      54
      49
      49
      47
      54
      47
      46
      52
      42
      51
      41
      56
      51
      29
      43
      46
      47
      43
      39
      52
      47
      54
      40
      49
      47
      49
      49
      48
      45
      49
      34
      44
      50
      49
      37
      53
      45
      43
      36
      53
      40
      41
      44
      40
      46
      46
      34
      49
      39
      61
      39
      40
      44
      62
      51
      55
      69
      40
      54
      47
      45
      23
      48
      45
      57
      48
      46
      43
      49
      49
      43
      58
      39
      37
      40
      52
      51
      57
      51
      53
      49
      46
      56
      46
      46
      43
      41
      53
      53
      38
      55
      43
      35
      48
      42
      56
      50
      42
      53
      41
      33
      41
      37
      44
      52
      56
      53
      34
      51
      35
      53
      46
      55
      50
      47
      44
      54
      41
      41
      41
      52
      42
      48
      44
      51
      47
      54
      45
      60
      39
      37
      43
      49
      50
      46
      52
      47
      33
      42
      46
      48
      42
      51
      51
      52
      45
      50
      53
      51
      48
      46
      52
      43
      54
      59
      45
      38
      44
      55
      36
      45
      47
      57
      58
      61
      59
      46
      40
      51
      40
      49
      42
      45
      41
      41
      52
      42
      50
      49
      50
      40
      51
      44
      62
      45
      65
      52
      37
      58
      44
      54
      45
      45
      63
      45
      55
      66
      49
      46
      44
      46
      36
      50
      46
      54
      43
      52
      59
      53
      39
      59
      50
      51
      46
      50
      52
      47
      46
      42
      34
      55
      46
      53
      50
      56
      63
      60
      46
      37
      43
      33
      53
      45
      39
      49
      50
      44
      39
      50
      47
      48
      41
      44
      56
      47
      58
      46
      47
      43
      56
      42
      46
      47
      40
      45
      38
      46
      54
      50
      51
      52
      47
      47
      55
      46
      49
      42
      51
      59
      45
      45
      52
      58
      55
      56
      56
      48
      45
      56
      47
      43
      42
      47
      59
      51
      51
      52
      32
      57
      35
      49
      44
      57
      50
      32
      50
      45
      34
      55
      47
      55
      53
      51
      48
      45
      67
      49
      43
      56
      59
      54
      59
      47
      45
      48
      52
      42
      51
      48
      62
      42
      53
      46
      41
      52
      57
      41
      49
      52
      43
      48
      51
      55
      49
      39
      40
      50
      41
      37
      55
      35
      57
      47
      74
      43
      48
      54
      54
      45
      43
      44
      52
      51
      76
      53
      46
      55
      51
      47
      55
      39
      52
      44
      40
      51
      47
      43
      50
      52
      38
      56
      54
      51
      38
      53
      48
      49
      47
      54
      52
      48
      47
      57
      46
      48
      49
      52
      50
      49
      48
      55
      54
      59
      48
      54
      43
      46
      57
      57
      51
      45
      45
      38
      42
      51
      49
      42
      38
      45
      43
      49
      44
      49
      44
      61
      41
      52
      59
      58
      53
      67
      49
      58
      60
      55
      50
      48
      55
      50
      48
      53
      61
      54
      47
      47
      53
      36
      44
      49
      47
      58
      43
      63
      58
      56
      64
      56
      55
      54
      56
      45
      47
      52
      44
      36
      44
      45
      56
      48
      44
      58
      44
      58
      44
      60
      55
      62
      59
      50
      55
      46
      45
      62
      65
      42
      55
      56
      52
      39
      49
      54
      57
      60
      48
      48
      45
      44
      56
      57
      58
      47
      45
      43
      54
      59
      42
      39
      48
      43
      47
      61
      58
      36
      61
      40
      65
      54
      48
      48
      48
      62
      58
      52
      63
      53
      61
      68
      45
      52
      60
      46
      46
      45
      50
      60
      55
      51
      50
      54
      55
      57
      56
      60
      64
      51
      55
      54
      59
      55
      44
      65
      59
      64
      51
      37
      46
      57
      50
      55
      58
      51
      65
      49
      51
      55
      43
      46
      49
      62
      54
      48
      58
      62
      40
      60
      58
      46
      47
      63
      40
      55
      55
      55
      43
      47
      68
      52
      50
      48
      42
      50
      51
      60
      51
      45
      46
      46
      60
      64
      54
      63
      63
      47
      55
      46
      75
      41
      48
      51
      53
      58
      46
      60
      52
      57
      61
      54
      53
      59
      60
      57
      52
      42
      47
      51
      64
      54
      49
      50
      58
      47
      63
      56
      59
      54
      52
      58
      53
      45
      60
      57
      58
      59
      59
      56
      53
      59
      70
      58
      42
      61
      61
      82
      54
      51
      68
      54
      55
      56
      68
      56
      60
      52
      62
      62
      47
      52
      52
      45
      70
      62
      49
      41
      65
      57
      50
      57
      53
      61
      70
      42
      62
      55
      52
      51
      53
      67
      52
      58
      56
      48
      56
      55
      60
      47
      62
      55
      46
      60
      55
      65
      56
      35
      48
      58
      55
      51
      61
      65
      55
      63
      52
      69
      57
      53
      41
      50
      67
      60
      65
      54
      54
      48
      62
      56
      45
      46
      47
      45
      47
      61
      47
      60
      57
      61
      59
      67
      59
      60
      44
      44
      48
      50
      55
      63
      51
      59
      45
      50
      53
      50
      60
      50
      57
      61
      58
      60
      61
      72
      63
      54
      67
      47
      69
      58
      64
      52
      59
      62
      63
      68
      52
      67
      51
      77
      64
      57
      68
      53
      65
      57
      64
      45
      53
      50
      57
      54
      54
      58
      60
      66
      57
      53
      60
      64
      56
      52
      56
      53
      57
      68
      75
      46
      63
      56
      54
      50
      52
      54
      58
      65
      50
      65
      45
      59
      52
      59
      49
      48
      45
      62
      52
      50
      53
      59
      46
      57
      56
      70
      61
      49
      51
      58
      56
      51
      52
      56
      60
      71
      56
      55
      63
      59
      58
      70
      64
      70
      76
      60
      64
      68
      49
      49
      63
      56
      49
      62
      60
      60
      70
      64
      45
      59
      48
      57
      55
      47
      59
      55
      59
      65
      65
      67
      54
      58
      51
      53
      46
      60
      55
      48
      65
      63
      72
      60
      69
      54
      54
      63
      56
      67
      52
      41
      63
      46
      50
      49
      65
      53
      55
      69
      60
      69
      61
      56
      71
      64
      61
      61
      63
      58
      53
      82
      72
      41
      55
      66
      65
      52
      41
      62
      57
      60
      51
      56
      60
      55
      57
      46
      54
      49
      60
      56
      62
      57
      62
      74
      64
      62
      77
      72
      57
      66
      78
      64
      67
      65
      47
      77
      75
      71
      64
      57
      67
      54
      50
      58
      68
      59
      47
      58
      45
      72
      76
      63
      64
      68
      54
      58
      50
      57
      65
      59
      43
      66
      63
      60
      64
      60
      51
      75
      64
      74
      81
      68
      67
      62
      63
      70
      69
      78
      43
      65
      71
      70
      57
      47
      70
      54
      66
      60
      67
      62
      60
      59
      55
      56
      69
      57
      91
      57
      62
      58
      59
      73
      69
      65
      60
      60
      74
      73
      59
      71
      52
      63
      66
      73
      74
      78
      64
      54
      52
      58
      71
      65
      55
      62
      60
      61
      53
      53
      56
      68
      62
      70
      74
      77
      81
      61
      73
      50
      65
      59
      65
      69
      58
      75
      61
      58
      67
      57
      66
      63
      80
      77
      63
      66
      63
      67
      65
      67
      71
      59
      77
      63
      68
      63
      54
      61
      55
      65
      72
      69
      62
      72
      70
      59
      62
      63
      77
      71
      58
      80
      67
      56
      74
      61
      60
      54
      82
      74
      57
      77
      74
      53
      63
      81
      69
      70
      57
      64
      60
      63
      70
      64
      64
      68
      80
      54
      71
      77
      79
      59
      63
      79
      75
      68
      66
      73
      51
      63
      67
      71
      64
      67
      59
      67
      72
      63
      71
      60
      83
      67
      75
      70
      71
      71
      69
      65
      62
      68
      69
      65
      84
      67
      72
      69
      77
      83
      61
      62
      71
      76
      69
      85
      55
      66
      70
      64
      70
      68
      70
      69
      75
      70
      83
      68
      65
      60
      94
      68
      49
      63
      66
      69
      62
      89
      83
      61
      75
      59
      57
      67
      66
      72
      74
      65
      53
      69
      58
      75
      75
      68
      70
      74
      62
      68
      78
      65
      82
      63
      55
      85
      80
      76
      69
      53
      74
      76
      68
      68
      57
      76
      84
      70
      78
      78
      85
      68
      81
      70
      83
      63
      75
      75
      73
      59
      83
      71
      77
      79
      83
      64
      82
      76
      74
      81
      70
      63
      62
      81
      54
      70
      69
      63
      81
      82
      63
      83
      64
      70
      83
      77
      70
      65
      78
      86
      75
      72
      69
      64
      74
      75
      69
      74
      79
      73
      71
      93
      87
      78
      75
      77
      83
      60
      79
      77
      74
      68
      64
      88
      88
      66
      84
      85
      81
      84
      83
      69
      86
      83
      93
      77
      72
      70
      79
      87
      63
      91
      88
      80
      78
      78
      70
      84
      83
      88
      97
      75
      81
      93
      85
      70
      82
      88
      70
      67
      87
      73
      81
      81
      86
      78
      75
      85
      70
      68
      59
      89
      67
      88
      77
      81
      69
      90
      75
      72
      76
      60
      79
      93
      75
      70
      70
      96
      68
      74
      80
      71
      61
      69
      84
      68
      92
      69
      77
      77
      76
      69
      76
      56
      82
      77
      69
      88
      84
      72
      60
      92
      62
      73
      79
      73
      81
      79
      85
      83
      95
      89
      88
      71
      72
      76
      80
      83
      90
      79
      84
      66
      68
      99
      79
      77
      89
      88
      77
      94
      71
      78
      77
      62
      89
      78
      85
      63
      92
      82
      77
      91
      74
      75
      64
      66
      76
      72
      82
      93
      73
      72
      80
      78
      79
      84
      85
      78
      68
      80
      71
      70
      68
      68
      73
      83
      83
      79
      92
     100
      79
      77
      92
      73
      78
      98
      82
      63
      83
      92
      75
      72
      70
      86
      91
     103
      84
      70
      74
      82
      80
      76
      88
      79
      84
      84
      73
      65
      55
      84
      98
      86
      78
      73
      72
      80
      77
      78
      81
      91
      80
      71
      99
      82
      75
      88
      75
      96
      69
      73
      79
      83
      83
      86
      78
      85
      80
      73
      83
      85
      97
      93
      86
      97
      69
      92
      85
      59
      77
      92
      83
      85
      90
      92
      95
      74
      77
      71
      82
      97
      99
      93
      65
      88
      76
      89
      73
      90
      81
      96
      84
      83
      90
      84
      84
      96
      76
      76
      84
      91
      81
      81
      94
     107
      79
      92
      92
      82
      71
      76
      90
      73
     105
      86
      72
      73
      84
      82
      82
      88
      94
      85
      88
      84
      91
     103
      88
      75
     118
      80
      92
      80
      77
     105
      87
      91
      78
      82
      76
      99
      78
      85
      85
      86
      84
      97
      97
      91
      69
      85
      77
      85
      92
      86
      80
      86
      83
      98
      93
     103
      87
      82
      74
     109
      89
      82
     103
      83
      79
      81
      81
      79
     101
      84
      96
      67
      77
      79
      79
      84
      90
      81
      86
      70
      96
     101
      98
      77
      90
     100
      78
      92
      94
      84
      97
      67
      83
      90
      97
      89
      74
      73
      89
      82
      71
      81
      87
      84
      92
      82
      74
     103
      74
      85
      75
      70
      80
      91
      79
     102
      88
      80
      83
      85
      85
      84
      90
      81
      86
      76
      75
      73
      77
      81
      76
      76
      65
      86
      83
      71
      80
      68
      73
      77
      92
      90
      77
      80
      81
      80
      83
      80
      71
      76
      76
      86
      80
      75
      58
      62
      61
      78
      67
      65
      66
      69
      71
      68
      72
      71
      68
      91
      68
      73
      72
      68
      55
      63
      67
      61
      49
      55
      63
      49
      59
      71
      58
      77
      60
      64
      51
      56
      65
      61
      79
      63
      67
      72
      62
      65
      62
      56
      53
      50
      52
      61
      69
      47
      49
      48
      57
      56
      65
      55
      56
      69
      47
      69
      50
      56
      63
      52
      65
      61
      65
      78
      69
      53
      65
      63
      47
      53
      59
      43
      47
      45
      37
      45
      50
      54
      56
      69
      63
      50
      55
      61
      69
      51
      46
      50
      65
      46
      55
      51
      48
      53
      49
      50
      53
      49
      57
      62
      50
      58
      42
      46
      49
      49
      42
      35
      49
      46
      43
      62
      54
      52
      41
      47
      45
      55
      46
      52
      52
      56
      46
      57
      54
      61
      58
      44
      68
      55
      58
      45
      60
      41
      43
      41
      36
      48
      54
      52
      36
      47
      62
      50
      41
      42
      67
      46
      47
      53
      53
      52
      54
      49
      54
      54
      44
      44
      54
      45
      38
      50
      58
      62
      41
      63
      41
      44
      49
      55
      51
      47
      49
      49
      56
      49
      56
      50
      54
      44
      56
      55
      43
      35
      44
      46
      54
      52
      41
      45
      52
      46
      41
      46
      36
      43
      47
      49
      47
      57
      53
      51
      53
      40
      55
      47
      43
      47
      40
      42
      48
      51
      38
      44
      44
      35
      46
      53
      42
      47
      37
      46
      42
      55
      38
      36
      46
      52
      43
      46
      47
      52
      56
      55
      36
      45
      45
      44
      52
      41
      48
      43
      37
      49
      51
      49
      49
      47
      39
      53
      47
      41
      46
      36
      60
      37
      47
      44
      46
      61
      37
      44
      51
      51
      43
      55
      42
      39
      48
      31
      48
      37
      46
      45
      68
      33
      40
      47
      42
      32
      45
      49
      45
      38
      40
      27
      50
      37
      39
      43
      46
      35
      38
      44
      48
      46
      41
      37
      36
      50
      42
      48
      48
      39
      47
      50
      42
      51
      58
      30
      48
      41
      39
      43
      45
      38
      48
      43
      42
      41
      47
      39
      46
      49
      38
      42
      37
      50
      37
      45
      46
      42
      49
      34
      48
      35
      46
      50
      49
      44
      44
      34
      38
      64
      39
      43
      42
      34
      46
      39
      41
      52
      40
      44
      36
      39
      46
      39
      43
      43
      39
      57
      52
      42
      46
      38
      45
      51
      31
      38
      33
      43
      45
      36
      48
      30
      53
      41
      47
      40
      30
      45
      47
      35
      36
      37
      46
      22
      44
      36
      42
      37
      38
      52
      40
      51
      46
      36
      52
      45
      34
      38
      42
      44
      35
      40
      44
      31
      41
      33
      40
      40
      44
      43
      35
      34
      32
      39
      41
      35
      36
      36
      37
      44
      41
      37
      36
      49
      42
      49
      52
      43
      38
      37
      31
      45
      29
      45
      45
      40
      36
      48
      35
      43
      26
      49
      38
      35
      27
      27
      53
      34
      35
      40
      48
      38
      34
      34
      49
      42
      41
      45
      37
      41
      44
      25
      43
      40
      56
      37
      43
      36
      34
      35
      42
      37
      38
      44
      37
      26
      35
      30
      41
      52
      43
      35
      49
      31
      32
      34
      48
      52
      33
      40
      31
      40
      35
      47
      40
      47
      40
      27
      35
      38
      26
      38
      25
      52
      39
      38
      47
      35
      28
      41
      37
      47
      32
      31
      38
      38
      43
      34
      39
      33
      41
      34
      37
      33
      36
      40
      32
      30
      38
      38
      33
      37
      32
      36
      48
      35
      43
      39
      29
      39
      31
      33
      39
      32
      31
      26
      38
      32
      38
      37
      23
      34
      34
      26
      44
      28
      28
      34
      39
      41
      26
      32
      49
      30
      40
      37
      32
      39
      30
      32
      32
      37
      32
      36
      33
      49
      31
      40
      42
      34
      38
      35
      39
      30
      37
      39
      32
      38
      38
      34
      37
      35
      27
      43
      32
      30
      27
      30
      36
      31
      33
      38
      24
      24
      30
      36
      34
      44
      36
      44
      30
      37
      37
      29
      31
      33
      34
      29
      42
      27
      33
      37
      37
      26
      26
      33
      30
      42
      16
      39
      37
      35
      35
      38
      32
      33
      32
      32
      43
      23
      34
      30
      30
      38
      26
      25
      26
      35
      40
      23
      28
      20
      31
      37
      35
      24
      29
      32
      32
      25
      33
      31
      22
      27
      32
      32
      37
      42
      34
      30
      35
      25
      35
      24
      35
      30
      35
      37
      30
      34
      34
      29
      34
      22
      29
      23
      35
      35
      33
      32
      31
      30
      22
      33
      31
      32
      22
      40
      22
      34
      31
      31
      23
      40
      30
      25
      24
      36
      24
      18
      31
      29
      20
      27
      32
      20
      29
      21
      28
      32
      41
      20
      20
      22
      29
      21
      29
      31
      21
      24
      32
      40
      33
      24
      22
      23
      34
      35
      33
      34
      26
      28
      24
      27
      22
      26
      32
      17
      40
      28
      29
      27
      29
      28
      34
      23
      22
      23
      32
      32
      29
      38
      21
      29
      24
      19
      24
      26
      26
      30
      37
      33
      28
      24
      21
      27
      29
      30
      21
      22
      27
      34
      26
      34
      30
      26
      24
      37
      33
      39
      33
      22
      28
      27
      24
      23
      27
      19
      30
      17
      25
      21
      20
      26
      34
      22
      23
      26
      49
      25
      29
      28
      25
      34
      26
      26
      35
      22
      17
      18
      32
      28
      27
      22
      25
      27
      31
      37
      25
      24
      28
      25
      23
      23
      25
      33
      26
      27
      24
      27
      25
      11
      22
      21
      21
      20
      31
      32
      17
      34
      19
      30
      28
      22
      30
      13
      10
      29
      27
      19
      15
      22
      18
      28
      26
      20
      21
      24
      11
      20
      22
      32
      29
      31
      23
      26
      25
      21
      25
      20
      17
      28
      21
      26
      25
      18
      22
      16
      29
      22
      17
      25
      30
      17
      27
      22
      20
      17
      21
       7
      18
      27
      24
      26
      11
      26
      20
      31
      26
      17
      23
      22
      17
      25
      22
      22
      19
      19
      21
      19
      30
      16
      30
      16
      25
      21
      23
      30
      17
      27
      20
      17
      15
      22
      24
      21
      29
      22
      22
      26
      19
      33
      21
      18
      25
      25
      19
      19
      25
      24
      26
      12
      23
       8
      13
      22
      12
      13
      23
      28
      23
      22
      20
      14
      22
      24
      25
      20
      18
      18
      26
      17
      19
      19
      19
      18
      30
      19
      17
      13
      12
      21
      18
      19
      18
      21
      19
      15
      15
      17
      20
      15
      14
      13
      22
      25
      17
      25
      18
      13
      19
      19
      13
      24
      15
      19
      18
      12
      18
      21
      18
      23
      17
      17
      18
      22
      22
      25
      15
      17
      14
      15
      17
      20
      17
      11
      21
      14
      18
      20
      12
      21
      14
      21
      26
      18
      12
      16
      19
      16
      17
      15
      15
      18
      14
      18
      23
      16
      16
      16
      15
      18
      14
      15
      22
      12
      18
      20
      18
      26
      26
      17
      23
      14
      15
      20
      13
      21
      18
      19
      12
      21
      22
      12
      23
      14
      17
      10
      14
      16
      21
      20
      19
      10
      14
      20
      18
       5
      24
      12
      18
      27
      11
      23
      19
      13
      12
      20
      23
      15
      16
      14
       9
      17
      16
      22
      20
      16
      17
      11
      11
      25
      14
      11
      18
      12
      16
      14
      10
      13
      16
      19
      15
      13
      18
       9
      14
      16
      10
      18
      24
      17
      16
      12
      18
       8
      17
      16
      19
      10
      23
       7
      15
      12
      16
      11
       7
      15
      23
       8
      15
      17
      13
      18
      13
      13
      12
      17
      14
      11
      13
      15
      14
      12
      15
      12
      16
      13
      14
      20
      17
       7
      16
       9
      17
      21
       9
      12
      21
      14
      11
      18
      14
      19
      15
       8
      14
      18
      14
      18
       7
      20
      18
       5
      13
      13
      17
      15
      19
       9
      22
      16
      12
      20
       9
      15
      10
      17
      21
      14
      15
      18
      14
      16
      18
      15
      12
      10
      25
      12
      12
      12
       9
      13
      19
      16
       8
      11
      16
       6
      17
      20
      11
      15
      16
      12
      15
      15
      15
       7
      14
      16
      10
      12
      14
      13
      10
      12
      14
      11
      11
      17
      10
      14
       9
      12
      10
      14
      12
      13
      16
      17
      15
      17
       8
      14
      20
      11
      21
      22
       9
      14
       6
      12
       9
      11
      15
      16
      17
      15
      15
      11
      17
      13
      13
      14
      12
      13
       9
      12
      17
      12
      13
       6
      17
      14
      10
      11
      11
      15
      14
      15
       7
      11
      15
      15
      14
      11
      15
      18
       8
      17
      12
      16
      12
      19
       9
      30
      14
      16
      14
      15
      14
      11
      10
      14
      11
      12
      15
      16
      11
      13
      19
      11
      13
      17
      17
      12
      21
      10
      15
      14
       8
      14
       9
      12
       7
      11
      15
      11
      13
      17
      16
      10
      12
       9
      13
      11
      20
      15
      12
       9
      15
      13
      19
      11
      12
      14
      10
      10
      13
      13
      12
      15
       9
      11
      15
       9
      13
      11
      11
      17
      17
      16
      10
       7
      12
      11
      11
      10
      13
      10
      11
      15
      18
      15
      12
      10
       6
      17
      15
      13
      16
      18
      13
      13
      12
       9
      13
      12
      11
      11
      14
      16
      12
      16
       8
       7
       8
      12
      12
      21
      17
      17
      18
       9
      10
      21
      13
      16
      19
       3
      12
      14
       4
      10
      14
      14
      12
      18
      18
      11
      10
      22
      10
      10
      21
      10
      16
       8
      12
      20
       9
      17
      13
       9
      13
      11
      20
      12
      15
      10
      14
      20
      12
      14
      11
      10
      18
      10
       9
      18
       9
       7
      10
      11
      17
       8
      14
       7
       4
      10
      18
      14
      19
      15
      15
       7
       7
      14
      13
      12
       3
      10
      10
      13
      10
      12
      10
      17
      14
       8
      14
      18
       9
      12
      11
      12
       9
      12
      11
      10
      14
      13
       8
      14
      14
      11
      15
      19
      10
       6
      15
      16
      15
      12
      11
      16
      14
       7
       9
       7
      15
      16
       9
      10
      15
      15
      18
      10
       7
      15
       8
       9
      10
      10
      14
       7
      11
      13
      20
      14
      13
      17
      16
       7
       6
      15
      13
      16
      14
      11
       8
      13
      13
       8
      19
      12
       9
      14
      17
      15
       8
      17
       8
      21
      11
       9
      16
      10
       4
       8
       8
      15
      10
      10
      13
      14
      15
      10
      12
      11
       8
      13
      12
       8
      13
      18
      19
      15
      17
      10
      16
      12
       8
      13
      14
       8
      15
      13
      18
      20
       6
      11
      16
      15
       8
      19
      13
      17
      14
      14
      14
      13
      17
      14
      10
       7
       9
      15
      10
       9
      10
      14
      12
      10
      10
      14
      14
      16
      12
      12
       8
      12
      10
      13
      16
      21
      17
      17
       9
       9
      18
      12
      15
      10
       9
      16
      15
       9
      14
      15
      18
      10
      16
      12
      14
      15
      11
      11
       9
       9
       8
      18
      10
       8
       9
      15
      10
      12
       9
      10
      12
      15
      10
       9
      12
      15
       9
      11
      22
      15
      10
       9
      14
      19
      15
       8
      19
      12
      16
      12
      12
      14
      13
      18
      17
      16
      15
      17
      10
      10
      15
      15
       8
      10
      19
      16
       8
      17
      11
      18
      10
       8
       8
      13
      11
       8
       9
      13
      14
      12
      12
      10
      15
      15
      19
      11
       6
      14
      10
      16
       8
      14
      16
      13
      11
      18
      14
      10
      14
       9
      20
       9
      14
      12
      12
      12
      19
      12
      17
       8
      11
      19
      12
      12
       9
      20
      10
      10
      16
      15
      10
      14
       5
      16
       8
       9
      10
      21
      12
      13
      13
       9
       9
      12
      12
      16
      10
      12
      19
      12
       8
      15
      17
      18
      16
      10
      10
      12
      10
      10
      13
      16
      11
      14
       8
       9
      11
       8
      10
      14
      10
       8
       9
      10
       8
      21
      13
      12
      21
      16
       6
      12
      11
      12
      13
      10
      12
      10
       7
      12
      12
      12
      13
      10
      11
      11
      10
      16
       7
      11
       8
      15
      16
      15
      13
      14
      15
       4
       8
      13
      13
      11
       5
      13
      12
       9
       6
       7
      18
       8
      14
      20
      11
      15
      11
       9
       9
      12
      14
      18
      15
       7
      16
      15
       8
      10
      15
       7
      18
      14
       8
      14
      15
      12
      18
      13
      13
      13
       9
      15
      13
       8
      14
      18
       8
      10
      11
      13
      15
      11
      11
      17
      17
       9
      12
      15
       9
      16
      17
      14
      16
       9
      20
      11
      15
       7
      17
       9
       8
      16
      19
      12
      10
      11
      10
      20
      17
      18
      14
      13
      13
       8
      15
      15
       9
      18
      12
      11
       9
      22
      10
      15
      12
      23
       9
      12
      16
      16
      12
      20
      16
      13
      16
      12
      17
      18
       7
       9
      16
      19
      20
      15
      10
      10
      10
      10
      13
      14
      10
      20
      12
      19
      10
       8
      12
      16
      16
      13
      16
      11
      13
      11
      18
      12
      17
      19
      11
      19
      12
      14
      14
       7
      11
      10
      10
      14
      12
      21
      13
      14
      13
      22
      19
      18
      16
      18
      19
      16
       9
       9
      13
      20
      14
      17
      13
      10
      24
      20
      13
      10
      15
      19
      11
      16
      20
       7
      10
      15
      16
      17
      10
      12
      20
      17
      22
      13
      20
      18
      18
      20
      12
      14
      20
      14
      26
      17
      16
      18
      20
      12
       8
      12
      18
      18
      20
      14
      16
      20
      17
      15
      17
      19
      27
      10
      13
      19
      23
      11
      17
      22
      27
      25
      18
      19
      20
      24
      33
      30
      28
      25
      24
      33
      37
      28
      42
      36
      49
      40
      53
      57
      56
      64
      76
      92
     106
     109
     134
     156
     194
     223
     239
     338
     423
     469
     589
     708
     742
     931
    1118
    1324
    1566
    1822
    2192
    2401
    2698
    3062
    3235
    3604
    3783
    4065
    3975
    4189
    4239
    4091
    3957
    3797
    3445
    3181
    2720
    2629
    2099
    1831
    1512
    1210
     988
     807
     561
     428
     374
     242
     200
     133
     114
      70
      52
      54
      34
      30
      29
      31
      20
      21
      25
      16
      17
      24
      22
      15
      16
      16
      19
      20
      13
      19
      13
      24
      21
      24
      21
      11
       8
      16
      15
      14
      14
      17
      13
      16
       7
      18
      13
      16
      17
      19
      11
      16
       8
      13
       9
       9
      13
      13
      13
      16
      10
      12
       9
       6
      16
      21
      10
      11
      15
       8
      13
      13
      15
       6
      17
      11
       7
       8
      11
      16
      16
      16
       6
      10
      17
       8
      15
      10
       9
      16
      11
      12
       5
      14
       8
       9
      12
      16
       9
       9
      13
       8
       8
      10
       8
      15
      10
      11
      18
       9
      11
       7
       9
       8
       7
       3
      13
      11
      15
       7
       8
       8
       6
      17
      10
       8
       6
       8
      10
       8
      20
      11
      11
       6
      15
      12
       7
      14
      11
      16
       5
       9
      10
      10
      15
       7
      14
       9
      10
      10
       9
      11
       5
       8
       6
      12
       8
      12
      11
      13
       5
      10
      16
       9
      13
      10
       8
      12
       4
       4
       4
      11
       4
      15
       9
       6
       9
       7
       9
       9
       6
       5
      14
      11
       8
       9
       6
       6
       8
       7
       8
       4
       9
       7
       5
       7
       8
      11
      11
      10
       9
       6
       9
      14
       9
      12
       9
       9
      11
      12
       7
      11
      14
       4
      11
       9
       5
       9
       7
      10
       6
       7
      13
       5
      10
      12
       6
      10
      16
       3
      10
       5
      14
       8
       6
       9
      10
       7
       8
       5
       6
       6
       5
       8
       7
       1
       6
       5
       6
      11
       5
      10
      11
       5
       9
      10
       6
       9
      11
       4
       8
      10
       9
       9
       9
       7
       6
       4
       8
       3
      10
      10
      11
       8
       4
       8
       8
       3
       8
       7
       4
       3
       6
      11
       5
      10
       5
       5
       6
       6
       8
       3
       5
       8
       2
      10
      10
       6
       6
       6
       5
       7
       4
       5
       7
      11
       6
       4
       7
      12
       7
       4
      11
      11
       7
       4
       5
       1
       8
       6
       9
       6
       2
       7
       2
       6
       4
       4
      12
       6
       8
      10
       8
       9
       8
      11
       8
       8
       6
      13
       8
       8
       8
       8
       3
       6
       7
       8
      10
       8
       9
       6
       8
       3
       3
      10
       7
       6
       9
       5
       4
       7
      10
       8
       7
       4
      12
       5
      10
       7
      10
      10
       6
       4
       8
      13
       8
       4
       8
       9
       5
       7
      10
       8
       5
       9
       4
      10
      11
       3
       6
       7
       8
       7
       4
       7
       6
       6
      10
       6
       8
       5
      11
       4
      16
       7
       7
       4
       5
       7
       6
       7
       3
       5
       7
       7
       7
      12
       8
       7
       8
      13
       6
       9
       3
      12
       4
       8
      11
       7
       9
       5
       5
       8
       8
       7
       8
       8
       3
       7
       8
      10
       6
       4
       8
       3
      10
      10
       8
       2
       6
       5
       7
      10
       7
       7
       7
       8
       8
       2
       7
       6
       2
      11
       5
      10
       8
      11
       4
       6
      12
       5
       9
       5
       9
       7
      10
       6
       7
       5
       5
      10
       6
       6
       8
       5
       8
       6
      12
       6
      12
       6
      11
       9
       8
      11
       8
      10
       9
       6
       4
       5
       6
       7
       5
       6
      13
       9
       6
       5
      10
       5
       4
       2
       5
       5
       5
       4
       5
      10
      11
       1
       6
       4
       6
       4
       4
       2
      15
       8
       8
       2
       9
       8
       6
       4
       5
       5
       2
       7
       6
       5
       5
       4
      10
       7
       5
       1
       6
       5
       6
       3
       5
       7
       9
       4
       3
      12
       5
       4
       4
       7
       6
       6
       4
       4
       7
       5
       6
       7
       4
       4
       1
       7
       5
       6
       8
       4
      12
      11
       7
       8
       6
       8
      11
       8
       5
       6
       4
       8
       9
       3
       9
      11
       5
       3
       7
       8
       8
       3
       7
       6
       3
      11
       3
       7
       5
       7
       1
       3
       5
       6
       9
       7
       7
       7
       4
       5
      12
       6
       4
       8
       4
       4
       5
       0
       3
       6
      10
       2
       5
       5
       8
       6
       8
       8
       7
      12
       6
       5
       5
       5
       5
       8
       5
       4
       5
       6
       4
       8
       6
       4
       5
       6
       9
       4
       7
       5
       7
       8
       4
       7
       3
       3
       6
       4
       8
       8
       4
       9
       5
       4
       5
       8
       7
       7
       3
       1
       9
       2
       4
       8
       6
       4
       5
       7
       9
       8
      11
       7
       5
       7
       6
       6
       9
      12
       5
       2
       5
       8
       5
       4
       5
       5
       8
       7
       3
       4
       7
       6
       7
      13
       4
       3
       5
       6
       6
       5
       7
       6
       5
       5
       4
       4
       3
       3
       6
       9
       3
       5
       7
       6
       8
       4
       9
      10
       6
       7
       8
       5
       7
       5
       4
       8
       6
       8
       5
       9
       7
       5
       8
       5
       3
       3
       4
       8
       8
      12
      10
       6
       6
       9
       4
       6
       4
      10
       8
       7
       8
       4
       3
       5
       5
       7
       2
      10
       8
       4
       6
       5
       6
       6
       4
       5
       4
       7
       6
      10
       2
       5
       9
       4
       1
       5
       6
       4
       2
       8
       5
       5
       7
       4
      10
       6
      13
       4
       6
       9
       4
       9
       8
       6
       6
       6
       6
      10
       5
       2
       7
       9
       5
       3
       4
       4
       6
       9
       7
       6
       8
       6
       3
       4
       6
       4
       3
       6
       7
       3
       5
       3
       4
       5
       8
       4
       5
       6
       5
       9
       7
      10
       5
       8
       3
       6
       3
       3
       7
       4
       5
       4
       5
       5
       6
       7
       4
       7
       3
       6
       7
       8
       2
       6
       8
       6
       5
       9
       7
       3
       8
       3
       6
       7
       5
       5
       5
       6
      10
       5
       7
       5
       6
       8
       6
       7
       2
       7
       7
       6
       9
       6
       6
       6
       7
       8
       7
       9
       5
       4
       2
       8
       5
       5
       4
       5
       6
       9
       5
       6
      10
       7
       4
      10
       3
       6
       3
       9
       6
       5
       5
       3
       6
       5
       5
       4
       7
       9
       3
       5
       6
       5
       7
       4
       4
       5
       4
       2
       5
       3
       4
       8
       4
       5
       5
       8
       5
       8
       3
       6
      10
       2
       7
       4
       3
       7
       1
       6
       8
       4
       5
       2
       9
       5
       1
       4
       8
       6
       6
       5
       4
       3
       6
       8
       8
       5
       6
       6
       7
       6
       5
       5
       6
       2
       3
       3
       2
       4
       3
       8
       4
       6
       5
       9
       2
       7
       6
       7
       4
       5
       5
       5
       8
       3
       4
       4
       6
       8
      13
      11
       6
       3
       5
       8
       7
       8
       5
       5
       9
       8
       5
       9
       5
       3
       7
       7
       2
       4
       4
       6
       3
       4
       3
      10
       9
       9
       6
       3
       6
       6
       4
       5
       5
       2
      11
       4
       4
       7
       6
       4
       2
       9
       2
       7
       3
       4
       5
       6
       4
       2
       3
       6
       4
       4
       4
       9
       8
       0
       4
      11
       4
       4
       7
       4
       5
       4
       3
       6
       9
      11
       4
      10
       9
       5
       4
       7
       3
       5
       4
       4
       6
       5
       4
       6
       6
       7
      11
       4
       3
       4
       2
       4
       5
       8
       5
       4
       5
       5
       3
      11
       4
       8
       3
       5
       3
       3
       4
       6
       4
       5
       6
       4
       2
      10
       3
       4
       8
       3
       5
       6
       3
      10
       3
       4
       5
       2
       4
       4
       6
       6
       7
       8
       5
       6
       9
      10
       7
       3
       4
       4
       4
       5
       8
       9
       5
       3
       4
       5
       5
       8
       2
       6
       7
       2
       6
       4
       3
       7
       1
       6
       8
       6
       6
       6
       7
       3
       6
       4
       7
       4
       6
       7
       7
       7
       9
       4
      10
       8
       4
       4
       5
      10
       3
       8
       8
       5
       4
       4
       6
       7
       3
      11
       5
       4
       8
       4
       6
       7
       5
       4
       4
       8
      11
       6
       5
       4
       3
       4
       7
       5
       2
       4
       5
       6
       2
       3
       8
       7
      12
       4
       4
       6
       5
       5
       3
       1
       3
       3
       3
       8
       5
       2
       6
       6
       2
       3
       5
       7
       2
       4
       7
       5
       2
       5
       4
       3
       8
       5
       4
       7
       1
       7
       7
       7
       5
       5
       3
       5
       2
       7
       6
       4
       4
       3
       3
       7
       4
       4
       2
       5
       6
       9
       3
       5
       3
       3
       8
       4
       4
       3
       7
      11
       2
       5
       6
       1
       7
       3
       6
       6
       7
       9
       2
       4
       5
       5
       4
       5
       3
       6
       7
       6
       6
       4
       5
       4
       5
       5
       3
       8
       6
       4
       8
       4
       5
       5
       6
       3
       5
       7
       8
      12
       4
       6
       2
       6
       5
       6
       5
       3
       2
       5
       7
       3
       4
       2
       2
       2
       1
       2
       8
       3
       5
       3
       9
       6
       3
       5
       7
       4
       5
       7
       3
       8
       3
       7
       8
       5
       8
       5
       5
       5
       5
       3
       3
       3
       3
       7
       9
       9
       8
       5
       4
       4
       7
       4
       5
       3
       7
       5
       2
       4
       3
       7
       5
       6
       5
       6
       7
       3
       2
       4
       7
       3
       1
       1
       4
       6
       4
       4
       7
       6
       4
       6
       6
       6
       4
       6
       3
       5
       6
       2
       2
       4
       5
       6
       6
       2
       7
       5
       0
       6
      12
       3
       8
       5
       6
       2
      13
       5
       0
       2
       7
       4
       4
       6
       8
       5
       2
       3
       6
       7
       3
       5
       7
       4
       4
       6
       5
       3
       2
       3
       9
       4
       9
       3
       6
       3
       8
      10
       8
       4
       1
       5
       2
       4
       4
       7
       4
       2
       3
       2
       2
       7
       6
       7
       5
       5
       5
       3
       9
      11
       6
       2
       4
       6
       6
       2
       7
       4
       3
       4
       4
       2
       7
       5
       6
       5
       4
       5
       6
       3
       2
       5
       6
       7
      10
       3
       5
       4
       2
       6
       2
       5
       3
       8
       9
      10
       7
       5
       2
       6
       4
       3
       4
       5
       8
       1
       4
       3
       6
       4
       7
       4
       1
       7
       4
       4
       4
       3
       4
       4
       2
       3
       7
       4
       4
       6
       4
       3
       7
       3
       5
       4
       2
       1
       2
       4
       6
       4
       5
       2
       5
       4
       7
       7
       4
       4
       6
       6
      10
       3
       2
       4
       5
       5
       7
       7
       2
       6
       1
       5
       5
       4
       6
       4
       4
       4
       2
       5
       3
       6
       5
       9
       5
       7
       6
       7
       1
       5
       2
       6
       2
       5
       5
       5
       3
       3
       3
       3
       6
       1
       1
       5
       4
       1
       5
       6
       5
       3
       3
       5
       6
       3
       3
       2
       1
       8
       8
       4
       4
      10
      10
       4
       6
       5
       4
       6
       4
       4
      10
       4
       4
       4
       2
       3
       8
       4
       8
       4
       1
       4
       3
       2
       7
       3
       3
       8
       3
      11
       5
       5
      10
       5
       6
       4
       5
       5
       5
       8
       2
       5
       2
       5
       4
       8
       4
       7
       2
       5
       2
       3
       5
       6
       6
       3
       8
       3
       4
       6
       4
       5
       6
       1
       4
       6
       6
       6
      10
       4
       5
       3
       7
       1
       2
       4
       3
       4
       3
       5
       7
       2
       3
       9
       3
       2
       4
       6
       9
       5
       9
       4
       9
       3
       5
       8
       5
       4
       6
       6
       4
       6
       8
       5
       4
       3
       8
       5
       3
       4
       9
       5
       7
       2
      12
       3
       2
       5
       2
       3
       6
       7
       0
       6
       5
       7
       1
      10
       7
       4
       4
       6
       5
       3
       8
       4
       5
       3
       4
       4
       4
       3
       6
       6
      10
       4
       5
       7
       2
       4
       5
      10
       5
       3
       8
       6
       5
       8
       5
       4
       7
       9
       8
       5
       4
       3
       9
       3
       6
       5
       5
       6
      10
       4
       6
       4
       3
       5
       5
       2
       7
       8
       4
       8
      10
       2
       8
      12
      14
      15
       7
      18
      16
      12
      11
       8
       9
      25
      16
      12
      25
      17
      13
      16
      22
      11
      20
       6
      16
      19
      14
      10
       9
       4
       9
       7
      11
      12
       5
      10
       7
       2
       7
       3
       2
       4
       6
       3
       7
       3
       3
       8
       5
       4
       8
       6
       8
       6
       7
       3
       5
       2
       7
       4
       9
       7
       5
       5
       4
       4
       4
       6
       1
       3
       4
       8
       7
       2
       5
       3
       3
       5
       2
       3
       9
       1
       4
       6
       6
       5
       7
       6
       3
       2
       6
       7
       7
       7
       5
       4
       7
       3
       3
       6
       3
       5
       5
       3
       5
       7
       5
       5
       2
       7
       5
       6
       7
       2
       5
       3
       8
       2
       6
       6
       9
       0
       5
       3
       4
       5
       5
       6
       5
       5
       3
       4
       8
      10
       7
       3
       4
       1
       3
       8
       1
       7
       2
       4
       5
       2
       3
       2
       7
       4
       6
       6
       6
       6
       6
       6
       4
       7
       5
       4
       4
       7
       6
       4
       3
       8
       4
       5
       7
       4
       3
       4
       4
       3
       6
       6
       3
       4
       4
       8
       3
       2
       4
       5
       4
       6
       7
       4
       5
       6
       3
       8
       4
       3
       3
       7
       1
       3
       5
       8
       5
       4
      10
       4
       4
       3
       6
       3
       6
       5
       3
       4
       6
       2
       1
       5
       5
       1
       7
       2
       5
       2
       7
       6
       4
       4
       5
       8
       7
       4
       3
       0
       0
       6
       5
       6
       4
       2
       3
       3
       7
       4
       3
       5
       3
       3
       5
       9
       3
       1
       7
       8
       6
       5
       6
      10
       7
       4
       3
       7
       4
       4
       2
       2
      10
       4
       4
       1
       3
       2
       6
       3
       4
       7
       5
       8
       8
       1
       5
       4
       5
       6
       4
       6
       7
       4
       7
      12
       0
       3
       4
       3
       3
       0
       6
       4
       1
       7
       7
       6
       2
       7
       4
       4
       3
       3
       4
       4
       7
       1
       4
       3
       6
       9
       5
       6
       3
       4
       0
       7
       3
       4
      10
       5
       5
       6
       3
       4
       5
       2
       1
       9
       6
       4
       1
       6
       4
       1
       1
       3
       2
       3
       4
       8
       1
       4
       7
       4
       6
       5
       4
       4
       4
       1
       3
       1
       3
       6
       4
       5
       5
       6
       3
       5
       1
       3
       6
       4
       1
       3
       7
       2
       6
       6
       8
       8
       2
       7
       5
       6
       4
       9
       3
       2
       6
       3
       5
       9
       5
       9
       4
       4
       7
       6
       9
       6
       4
       5
       7
       2
       6
       3
       5
       4
       5
       3
       8
       3
       5
       5
       9
       3
       7
       5
       5
       2
       7
       7
       7
       8
       2
       2
       5
       7
       3
       1
       2
       4
       6
       1
       5
       7
      10
       7
       3
       6
       7
      14
       4
       4
      10
       2
       5
       3
       3
       0
       3
       4
       3
       2
       6
       7
       7
       2
       3
       6
       3
       4
      11
       4
       4
       5
       5
       6
       3
       1
       3
       7
       4
       5
       6
       7
       2
       6
       9
       4
       9
       8
       6
       5
       2
       7
       3
       3
       4
       4
       3
       1
       5
       2
       6
       5
       3
       5
       3
       6
       5
       5
       8
       3
       4
       3
       4
       3
       4
       5
       4
      10
       6
       7
       6
       2
       4
       7
       6
       2
       7
       5
       5
       4
       5
       3
       5
       4
       6
       2
       9
       4
       6
       4
       9
       5
       3
       3
       3
       1
       5
       7
       3
       5
       6
       7
       3
       2
       5
       6
       6
       4
       8
       6
       5
       2
       4
       0
       4
       5
       3
       6
       3
       6
       2
       7
       4
       7
       5
       2
       6
       6
       3
       4
       4
       3
       3
       7
       3
       7
       4
       7
       4
       2
       4
       4
       4
       5
       5
       1
       4
      10
       6
       0
       2
       3
       8
       4
       1
      12
       7
       8
       6
       4
       6
       8
       4
       6
       3
       5
       4
       5
       5
       4
       7
       4
       9
       5
       5
       1
       7
       3
       7
       2
       7
       6
       8
       8
       1
       6
       5
       6
       5
       5
       5
       7
      10
      10
       1
       4
       7
       4
       8
       0
       3
       9
       2
       8
       6
       7
       3
       3
       5
       3
       5
       5
       3
       5
       6
       2
       2
       6
       4
       2
       6
       3
       4
       5
       3
       0
       3
       4
       6
      11
       3
       2
       9
       5
       3
       4
       9
       6
       4
       6
       3
       4
       0
       7
       9
       3
       3
       6
       3
       3
       2
       6
       3
       4
       3
       5
       5
       2
       7
       3
       5
       5
       4
       3
       7
       9
       2
       6
       3
       4
       5
       6
       4
       2
       1
       4
       5
       4
       7
       3
       7
       3
       5
       3
       3
       4
       7
       9
       3
       5
       5
       2
       5
       3
       6
       4
       3
       8
       7
       2
       4
       5
       6
       2
      10
       2
       6
       3
       0
       2
       5
       3
       4
       5
       6
       2
       4
       9
       4
       5
       5
       7
       5
       6
       5
       5
       7
       3
       4
       5
       4
       4
       4
       5
       4
       5
       5
       6
       5
       5
       5
       6
       1
       3
       7
       8
       6
       1
       6
       8
       6
       3
       2
       5
       5
       6
       1
       6
       4
       5
       5
       6
       7
       8
       7
       0
       4
       7
       3
       5
       3
       4
       5
       6
       4
       2
       6
       3
       4
       7
       3
       7
       4
       6
       2
       3
       4
       3
       9
       2
       7
       8
       5
       5
       3
       7
       2
       5
       3
       4
       6
       7
       6
       6
       7
       6
       5
       3
       5
       3
       6
       2
       8
       5
       6
       4
       4
       4
       5
       8
       7
       4
       6
       6
       7
       4
      11
       1
       4
       6
       3
       0
       6
       5
       4
       3
       3
       6
       3
       0
       5
       4
       5
       3
       4
       5
       7
       5
       6
       3
       8
       4
       2
       8
       1
       7
       4
       4
       4
       8
       6
       5
       8
       6
       2
       7
       4
       6
       5
       2
       3
      10
       5
       2
       3
       7
       5
       7
       5
       2
       2
       2
       5
       6
       3
       5
       4
      10
       4
      13
       4
       4
       7
       5
       1
       3
       4
       5
       5
       5
       5
       8
       3
       4
       3
       7
       7
       4
       3
       5
       3
       2
       3
       4
       5
       4
       6
       1
       4
       2
       7
       6
       6
       7
       2
       6
       5
       3
      12
       6
       9
       3
       0
       3
       5
       7
       4
       9
       5
       4
       6
       4
       4
       6
       3
       7
       5
       5
       6
       3
       6
       9
       5
       4
       6
       4
       4
       0
       8
       8
       5
       6
       4
       6
       7
       3
       7
       4
       3
       3
       3
       4
       5
       6
       4
       6
       5
       4
       3
      10
       6
       6
       4
       7
       8
       5
      11
       3
       6
       7
       4
       4
       8
       7
       5
       6
       4
       1
       4
       1
       1
       6
       8
       5
       6
       5
       3
       4
       9
       7
       4
       4
       2
       1
       3
       8
       6
       6
       4
       7
       7
       3
       1
       8
       6
       5
       4
       7
       3
       2
       2
       6
       5
       7
       5
      11
       8
       6
       4
       6
       0
       2
       5
       3
      10
       3
       5
       4
       5
       8
       7
       5
       7
       9
       7
       7
       9
       8
       4
       2
       3
       3
       5
       5
       5
       4
       3
       2
       5
       6
       3
       4
       4
       4
       7
       2
       3
       3
       8
       3
       3
       2
       3
       7
       4
       6
       5
       3
       2
       6
       4
       6
       7
       4
       8
       6
       6
       6
       2
       7
       9
       5
       0
       2
       3
       6
       6
       2
       7
       1
       3
       3
       4
       3
       4
       1
       5
       0
       4
       1
       5
       4
       5
       2
       6
       6
       2
       3
       4
       4
       4
       2
       5
      10
       3
       5
       4
       9
       5
       3
       4
       8
       5
       2
       8
       7
       7
       4
       5
       3
       3
       3
       8
       2
       3
       2
       3
       5
       6
       0
       1
       1
       5
       3
       4
       7
       4
       6
       3
       2
       5
       7
       2
       5
       3
       4
       7
       3
       4
       8
       3
       6
       2
       8
       3
       2
       2
       6
       2
       3
       0
       2
       4
       4
       1
       3
       2
       5
       3
       6
       5
       5
       4
       5
       3
       2
       5
       8
       5
       4
       4
       3
       2
       0
       2
       3
       3
       5
       2
       7
       8
       4
       5
       5
       3
      10
       5
       5
       2
       5
       5
       2
       1
       6
       6
       1
       1
       4
       5
       2
       4
       3
       2
       8
       7
       3
       5
       7
       8
       5
       3
       4
       2
       3
       5
       6
       2
       6
       2
       5
       3
       3
       8
       6
       7
       3
       3
       4
       4
       3
       6
       5
       6
       3
       6
       5
       1
       4
      10
       4
       6
       4
       3
       6
       5
       3
       3
       4
       4
       3
       6
       4
       6
       4
       3
       5
       3
       8
      10
       8
       0
       5
       4
       2
       3
       3
       4
       4
       4
       2
       5
       6
       4
       5
       1
       3
       5
       3
       3
       8
       5
       8
       8
       1
       4
       4
       3
       7
       2
       4
       2
       4
       6
       1
       1
       1
       6
       2
       4
       5
       8
       3
       5
       2
       4
       2
       6
       3
       5
       4
       2
       7
       9
       1
       7
       6
       3
       5
       5
       2
       4
       1
       1
       4
       4
       4
       2
       3
       6
       2
       6
       5
       2
       4
       2
       2
       4
       3
       3
       3
       1
       2
       6
       8
       7
       3
       2
       5
       1
       4
       5
       5
       7
       3
       4
       5
       6
       8
       7
       2
       4
       1
       2
       4
       7
       1
       5
       7
       4
       4
       3
       2
       2
       2
       2
       5
       6
       2
       4
       4
       5
       6
       7
       3
       2
       4
       6
       6
       9
       4
       2
       5
       5
       0
       3
       2
       3
       4
       3
       0
       3
       2
       5
       4
       4
       5
       3
       4
       4
       2
       5
       6
       1
       4
       4
       3
       4
       6
       3
       4
       5
       1
       4
       6
       4
       8
       4
       3
       2
       4
       3
       5
       5
       3
       2
       2
       3
       4
       2
       3
       5
       3
       2
       3
       6
       5
       3
       3
       2
       2
       1
       8
       3
       2
       2
       4
       3
       1
       3
       2
       5
       2
       5
       0
       0
       0
       0
       0
       0
       0
       0
       0
       0
       0
       0
       0
       0
       0
       0
       0
       0
       0
       0
       0
       0
       0
       0
       0
       0
       0
       0
       0
       0
       0
       0
       0
       0
       0
       0
       0
       0
       0
       0
       0
       0
       0
       0
       0
       0
       0
       0
       0
       0
       0
       0
       0
       0
       0
       0
       0
       0
       0
       0
       0
       0
       0
       0
       0
       0
       0
       0
       0
       0
       0
       0
       0
       0
       0
       0
       0
       0
       0
       0
       0
       0
       0
       0
       0
       0
       0
       0
       0
       0
       0
       0
       0
       0
       0
       0
       0
       0
       0
       0
       0
       0
       0
       0
       0
       0
       0
       0
       0
       0
       0
       0
       0
       0
       0
       0
       0
       0
       0
       0
       0
       0
       0
       0
       0
       0
       0
       0
       0
       0
       0
       0
       0
       0
       0
       0
       0
       0
       0
       0
       0
       0
       0
       0
       0
       0
       0
       0
       0
       0
       0
       0
       0
       0
       0
       0
       0
       0
       0
       0
       0
       0
       0
       0
       0
       0
       0
       0
       0
       0
       0
       0
       0
       0
       0
       0
       0
       0
       0
       0
       0
       0
       0
       0
       0
       0
       0
       0
       0
       0
       0
       0
       0
       0
       0
       0
       0
       0
       0
       0
       0
       0
       0
       0
       0
       0
       0
       0
       0
       0
       0
       0
       0
       0
       0
       0
       0
       0
       0
       0
       0
       0
       0
       0
       0
       0
       0
       0
       0
       0
       0
       0
       0
       0
       0
       0
       0
       0
       0
       0
       0
       0
       0
       0
       0
       0
       0
       0
       0
       0
       0
       0
       0
       0
       0
       0
       0
$ROI:
2
4852 5354
12587 12888
$PRESETS:
Live Time
10800
0
$ENER_FIT:
0.358687 0.099971
$MCA_CAL:
3
3.586871E-001 9.997089E-002 0.000000E+000 keV
$SHAPE_CAL:
3
3.638087E+001 -1.552510E-003 0.000000E+000
