$SPEC_ID:
JKL Model 927 SN 17053844 Input 1 HEC-Cr-HEC-Cr-T30-D100-HPGe1-2
$SPEC_REM:
DET# 2
DETDESC# BULK Model 927 SN 17053844 Input 1
AP# Maestro Version 6.08
$DATE_MEA:
05/11/2026 18:34:28
$MEAS_TIM:
252 357
$DATA:
0 16383
       0
       0
       0
       0
       0
       0
       0
       0
       0
       0
       0
       0
       0
       0
       0
       0
       0
       0
       0
       0
       0
       0
       0
       0
       0
       0
       0
       0
       0
       0
       0
       0
       0
       0
       0
       0
       0
       0
       0
       0
       0
       0
       0
       0
       0
       0
       0
       0
       0
       0
       0
       0
       0
       0
       0
       0
       0
       0
       0
       0
       0
       0
       0
       0
       0
       0
       0
       0
       0
       0
       0
       0
       0
       0
       0
       0
       0
       0
       0
       0
       0
       0
       0
       0
       0
       0
       0
       0
       0
       0
       0
       0
       0
       0
       0
       0
       0
       0
       0
       0
       0
       0
       0
       0
       0
       0
       0
       0
       0
       0
       0
       0
       0
       0
       0
       0
      27
     193
     529
     541
     565
     510
     514
     532
     475
     488
     456
     471
     454
     474
     461
     463
     474
     459
     431
     449
     446
     475
     426
     441
     438
     445
     442
     451
     435
     484
     472
     507
     448
     475
     460
     444
     493
     442
     481
     452
     448
     424
     472
     473
     442
     452
     416
     447
     452
     449
     412
     406
     466
     421
     416
     405
     438
     429
     423
     422
     456
     393
     461
     414
     421
     418
     412
     436
     400
     395
     433
     398
     442
     421
     433
     410
     437
     400
     449
     429
     429
     458
     445
     371
     428
     414
     413
     386
     454
     381
     450
     453
     403
     431
     405
     406
     395
     386
     391
     439
     381
     382
     401
     376
     405
     410
     397
     432
     404
     390
     421
     408
     387
     404
     392
     337
     385
     379
     390
     400
     399
     398
     390
     368
     410
     399
     416
     348
     427
     410
     410
     395
     385
     394
     404
     368
     370
     381
     388
     405
     382
     339
     371
     361
     374
     365
     387
     379
     352
     383
     368
     374
     373
     402
     399
     353
     375
     355
     359
     371
     353
     366
     380
     362
     363
     384
     367
     376
     375
     336
     391
     370
     372
     319
     369
     372
     350
     369
     363
     367
     337
     382
     350
     388
     396
     372
     386
     386
     394
     374
     391
     396
     377
     360
     342
     368
     362
     354
     342
     359
     355
     386
     347
     339
     365
     400
     354
     332
     341
     350
     348
     339
     337
     353
     355
     333
     339
     342
     346
     321
     329
     354
     352
     378
     374
     357
     342
     335
     382
     344
     356
     365
     343
     349
     336
     351
     338
     335
     342
     329
     382
     371
     379
     386
     331
     359
     334
     340
     349
     332
     361
     364
     368
     357
     297
     367
     334
     331
     355
     305
     341
     327
     349
     336
     315
     344
     368
     364
     298
     371
     358
     353
     379
     322
     348
     352
     413
     354
     344
     361
     343
     361
     344
     333
     346
     371
     311
     339
     325
     346
     324
     334
     318
     365
     332
     357
     309
     378
     333
     346
     318
     344
     356
     344
     354
     358
     355
     354
     360
     361
     360
     344
     353
     320
     367
     320
     339
     359
     374
     346
     331
     336
     334
     325
     346
     341
     303
     347
     342
     342
     333
     312
     349
     325
     317
     337
     327
     319
     329
     347
     347
     364
     345
     331
     337
     324
     315
     322
     322
     334
     317
     327
     369
     334
     316
     303
     320
     308
     337
     343
     339
     316
     335
     325
     346
     323
     359
     338
     335
     298
     346
     296
     337
     321
     319
     370
     336
     331
     324
     299
     326
     323
     327
     359
     317
     315
     309
     297
     338
     305
     316
     300
     326
     304
     361
     334
     329
     298
     298
     348
     326
     301
     368
     341
     324
     325
     322
     350
     320
     326
     315
     317
     332
     345
     343
     342
     342
     298
     344
     328
     290
     311
     309
     305
     326
     325
     283
     308
     341
     299
     338
     318
     307
     326
     319
     323
     354
     291
     319
     311
     350
     306
     308
     339
     336
     300
     319
     282
     350
     307
     317
     318
     327
     297
     316
     315
     320
     291
     321
     287
     330
     324
     321
     333
     312
     292
     303
     306
     352
     304
     328
     354
     307
     351
     304
     327
     296
     327
     344
     332
     333
     310
     314
     297
     284
     329
     350
     318
     319
     354
     324
     311
     351
     301
     345
     311
     321
     323
     317
     336
     307
     301
     339
     280
     317
     316
     323
     298
     318
     340
     313
     338
     305
     338
     329
     310
     308
     324
     320
     309
     337
     350
     293
     332
     333
     321
     339
     293
     304
     308
     309
     311
     299
     333
     328
     312
     300
     284
     293
     317
     302
     329
     305
     292
     298
     320
     317
     309
     354
     338
     327
     318
     286
     298
     334
     333
     294
     319
     322
     302
     299
     286
     338
     304
     316
     315
     313
     314
     337
     321
     296
     311
     300
     300
     332
     301
     339
     319
     349
     303
     346
     305
     338
     330
     327
     306
     308
     323
     329
     345
     316
     294
     347
     317
     303
     292
     318
     334
     326
     321
     304
     310
     357
     314
     342
     372
     330
     344
     349
     367
     341
     346
     344
     334
     304
     315
     350
     317
     337
     342
     364
     364
     366
     378
     387
     381
     403
     387
     378
     357
     332
     364
     360
     343
     311
     307
     322
     314
     326
     303
     316
     323
     296
     307
     332
     337
     294
     313
     285
     327
     321
     336
     318
     314
     319
     308
     345
     310
     306
     291
     296
     288
     316
     296
     330
     348
     314
     334
     320
     309
     323
     292
     309
     307
     315
     332
     304
     332
     278
     300
     341
     321
     326
     325
     300
     325
     310
     328
     317
     311
     318
     306
     310
     321
     305
     320
     308
     315
     304
     348
     335
     310
     340
     310
     301
     305
     289
     331
     320
     312
     292
     342
     315
     353
     355
     321
     344
     333
     300
     330
     325
     318
     371
     339
     344
     360
     353
     328
     344
     328
     322
     344
     339
     297
     306
     310
     302
     342
     327
     326
     307
     323
     320
     324
     325
     298
     301
     328
     307
     301
     322
     305
     311
     341
     335
     319
     326
     302
     291
     289
     295
     305
     314
     291
     307
     311
     296
     291
     309
     322
     293
     324
     292
     320
     303
     338
     321
     311
     342
     297
     313
     333
     325
     331
     321
     315
     309
     320
     310
     311
     270
     327
     336
     297
     335
     312
     345
     312
     309
     295
     312
     301
     334
     332
     319
     336
     307
     303
     292
     322
     314
     351
     335
     293
     301
     295
     318
     316
     329
     338
     292
     330
     335
     293
     330
     315
     292
     307
     296
     317
     295
     323
     322
     323
     320
     319
     301
     285
     306
     279
     271
     303
     314
     301
     299
     293
     314
     303
     325
     287
     328
     280
     311
     338
     296
     317
     307
     284
     304
     351
     297
     318
     290
     294
     301
     305
     310
     314
     273
     305
     317
     312
     318
     303
     347
     325
     311
     321
     329
     295
     320
     304
     315
     319
     315
     292
     287
     306
     279
     279
     295
     298
     299
     315
     307
     277
     309
     310
     289
     288
     312
     289
     285
     310
     324
     293
     299
     305
     300
     310
     304
     286
     314
     315
     341
     317
     292
     313
     305
     292
     299
     318
     291
     290
     291
     300
     321
     320
     333
     322
     315
     320
     293
     325
     315
     308
     335
     274
     292
     321
     295
     313
     313
     333
     299
     318
     324
     309
     278
     289
     257
     289
     338
     324
     319
     345
     295
     322
     325
     307
     311
     287
     295
     319
     318
     313
     313
     319
     272
     278
     279
     321
     276
     285
     313
     321
     328
     312
     322
     325
     305
     329
     286
     283
     306
     324
     304
     325
     307
     301
     316
     273
     294
     292
     327
     289
     296
     306
     307
     297
     276
     307
     319
     331
     297
     298
     306
     266
     316
     348
     293
     329
     301
     338
     280
     299
     344
     303
     333
     330
     271
     288
     327
     320
     258
     282
     294
     313
     305
     304
     295
     316
     294
     316
     327
     310
     301
     312
     311
     311
     320
     308
     302
     277
     320
     305
     278
     324
     325
     315
     290
     343
     310
     294
     274
     300
     329
     319
     271
     328
     262
     337
     294
     293
     293
     254
     282
     322
     321
     306
     289
     277
     306
     305
     324
     317
     320
     329
     300
     331
     306
     309
     309
     302
     310
     333
     295
     301
     298
     300
     317
     287
     313
     295
     305
     282
     302
     304
     317
     282
     311
     291
     281
     300
     304
     332
     319
     274
     289
     295
     291
     316
     309
     297
     315
     311
     279
     313
     313
     287
     276
     298
     281
     272
     344
     274
     315
     304
     315
     287
     298
     339
     319
     329
     294
     304
     309
     329
     292
     328
     324
     321
     290
     308
     303
     299
     318
     299
     292
     317
     305
     274
     321
     291
     311
     325
     317
     302
     315
     272
     287
     286
     321
     275
     296
     301
     279
     319
     320
     336
     270
     292
     340
     314
     281
     290
     320
     346
     308
     321
     304
     290
     316
     293
     315
     310
     306
     320
     301
     272
     331
     372
     329
     283
     323
     294
     278
     273
     314
     307
     293
     327
     296
     285
     296
     304
     294
     305
     307
     283
     275
     283
     297
     315
     318
     312
     317
     303
     291
     304
     329
     317
     294
     314
     302
     287
     304
     315
     280
     295
     296
     302
     325
     287
     318
     313
     319
     324
     340
     286
     311
     300
     294
     315
     291
     296
     283
     295
     313
     311
     268
     286
     319
     311
     302
     293
     315
     330
     302
     299
     324
     343
     310
     294
     292
     290
     316
     322
     336
     303
     314
     322
     295
     289
     308
     295
     290
     267
     288
     310
     317
     276
     272
     305
     294
     283
     293
     287
     290
     300
     311
     319
     287
     332
     299
     344
     327
     305
     304
     301
     283
     280
     309
     294
     282
     294
     320
     307
     300
     316
     307
     265
     296
     305
     277
     311
     329
     282
     296
     296
     299
     303
     250
     292
     309
     347
     312
     312
     307
     291
     278
     314
     303
     329
     281
     293
     320
     303
     334
     295
     297
     288
     303
     288
     287
     283
     301
     295
     323
     294
     306
     285
     309
     299
     315
     290
     306
     308
     311
     288
     275
     298
     294
     314
     322
     285
     312
     311
     304
     314
     281
     327
     280
     295
     260
     308
     299
     289
     313
     309
     281
     303
     310
     317
     280
     304
     338
     284
     301
     340
     289
     284
     314
     319
     297
     302
     327
     283
     293
     312
     310
     303
     290
     319
     310
     316
     294
     325
     319
     286
     319
     292
     318
     282
     290
     308
     262
     309
     304
     287
     295
     310
     309
     313
     287
     303
     287
     268
     301
     299
     297
     309
     311
     316
     291
     315
     303
     287
     275
     314
     307
     300
     298
     316
     261
     274
     293
     308
     284
     298
     313
     292
     275
     286
     301
     310
     311
     300
     260
     284
     305
     288
     314
     298
     319
     321
     319
     271
     300
     299
     314
     294
     311
     293
     317
     278
     286
     292
     298
     286
     292
     314
     302
     318
     318
     324
     304
     300
     298
     294
     307
     299
     289
     310
     284
     289
     326
     285
     287
     276
     313
     334
     289
     315
     298
     276
     317
     314
     289
     312
     301
     289
     325
     327
     314
     287
     288
     279
     315
     309
     321
     317
     283
     315
     320
     301
     296
     305
     346
     326
     325
     306
     311
     327
     288
     309
     283
     299
     309
     290
     313
     308
     313
     283
     325
     288
     289
     300
     320
     326
     305
     327
     346
     325
     299
     319
     316
     325
     314
     324
     293
     334
     291
     331
     350
     313
     315
     296
     318
     306
     316
     338
     355
     348
     337
     332
     318
     339
     306
     348
     366
     324
     390
     354
     349
     329
     348
     350
     353
     352
     378
     384
     369
     313
     360
     358
     372
     366
     354
     345
     328
     356
     353
     377
     370
     358
     361
     384
     364
     354
     366
     349
     373
     374
     359
     339
     378
     390
     345
     353
     389
     348
     355
     357
     362
     371
     344
     334
     368
     361
     370
     358
     363
     374
     355
     376
     361
     356
     357
     378
     372
     345
     377
     355
     328
     309
     343
     373
     336
     373
     345
     331
     327
     368
     393
     361
     379
     367
     382
     349
     345
     349
     352
     348
     327
     377
     336
     341
     387
     369
     372
     345
     333
     335
     354
     332
     353
     360
     387
     352
     345
     356
     335
     343
     337
     366
     363
     344
     353
     343
     369
     345
     358
     331
     334
     369
     368
     357
     357
     386
     358
     356
     385
     348
     350
     364
     366
     357
     334
     321
     356
     341
     350
     363
     346
     329
     352
     329
     327
     339
     370
     348
     348
     322
     332
     370
     372
     346
     381
     363
     327
     353
     359
     357
     365
     338
     374
     363
     336
     365
     362
     357
     366
     368
     314
     336
     341
     363
     331
     344
     374
     317
     346
     348
     358
     354
     341
     346
     314
     336
     346
     357
     306
     330
     327
     336
     341
     331
     312
     335
     344
     331
     324
     340
     349
     343
     355
     361
     351
     376
     346
     321
     334
     314
     304
     305
     334
     327
     361
     330
     345
     349
     306
     338
     368
     358
     340
     324
     328
     331
     330
     336
     320
     350
     346
     320
     321
     306
     343
     317
     349
     316
     345
     349
     319
     322
     338
     330
     318
     319
     315
     327
     332
     360
     350
     337
     350
     357
     284
     351
     322
     341
     335
     306
     348
     319
     312
     314
     329
     330
     316
     356
     326
     337
     339
     344
     338
     363
     358
     316
     333
     315
     328
     315
     321
     312
     321
     327
     329
     343
     347
     340
     337
     356
     321
     336
     338
     332
     322
     363
     325
     323
     361
     335
     301
     324
     299
     312
     323
     313
     314
     333
     317
     332
     366
     324
     324
     341
     309
     325
     340
     332
     319
     311
     322
     325
     332
     329
     327
     341
     296
     331
     324
     301
     330
     295
     347
     320
     310
     348
     335
     346
     353
     340
     339
     329
     330
     350
     318
     330
     344
     316
     325
     333
     342
     315
     314
     336
     340
     324
     337
     312
     320
     290
     316
     313
     370
     301
     320
     326
     289
     322
     325
     284
     340
     296
     314
     312
     327
     316
     326
     303
     321
     335
     323
     284
     300
     301
     306
     313
     325
     331
     324
     340
     384
     346
     290
     325
     316
     328
     297
     335
     319
     305
     293
     315
     294
     325
     326
     308
     324
     324
     333
     322
     317
     299
     318
     308
     312
     311
     286
     295
     331
     347
     316
     296
     332
     337
     308
     296
     297
     348
     318
     334
     330
     321
     318
     327
     317
     324
     336
     312
     321
     340
     300
     330
     339
     332
     324
     341
     339
     336
     305
     333
     334
     302
     311
     335
     351
     339
     309
     303
     344
     312
     325
     305
     329
     309
     331
     309
     312
     324
     346
     317
     348
     290
     337
     301
     338
     342
     317
     337
     330
     305
     332
     290
     309
     301
     311
     346
     284
     331
     317
     307
     318
     324
     332
     317
     341
     327
     287
     303
     303
     304
     322
     320
     306
     307
     304
     292
     303
     311
     306
     332
     316
     292
     315
     355
     301
     327
     287
     321
     304
     290
     311
     322
     309
     280
     350
     281
     323
     303
     317
     336
     315
     336
     310
     290
     324
     308
     309
     313
     310
     302
     320
     324
     331
     302
     333
     309
     310
     338
     301
     295
     339
     300
     330
     299
     309
     321
     292
     339
     293
     325
     289
     329
     302
     341
     305
     329
     340
     280
     314
     301
     286
     312
     290
     298
     315
     315
     312
     299
     299
     306
     316
     319
     334
     323
     287
     310
     319
     309
     323
     290
     335
     294
     309
     304
     335
     341
     271
     295
     335
     316
     304
     296
     298
     297
     338
     300
     339
     317
     313
     290
     313
     305
     291
     267
     317
     293
     312
     264
     297
     318
     305
     319
     294
     317
     303
     285
     300
     314
     285
     302
     309
     327
     322
     293
     315
     295
     299
     314
     293
     303
     311
     305
     305
     294
     331
     292
     286
     301
     314
     329
     291
     315
     324
     283
     304
     303
     275
     291
     291
     302
     276
     314
     314
     294
     315
     318
     292
     303
     306
     325
     292
     300
     273
     287
     332
     290
     315
     310
     305
     297
     301
     294
     303
     320
     271
     292
     298
     302
     299
     320
     296
     287
     333
     317
     297
     318
     284
     270
     293
     310
     265
     285
     295
     297
     321
     292
     285
     278
     298
     294
     276
     283
     275
     301
     262
     295
     333
     299
     314
     302
     291
     312
     295
     314
     319
     289
     288
     307
     280
     291
     301
     279
     295
     294
     280
     302
     295
     295
     328
     279
     304
     269
     281
     311
     308
     287
     287
     272
     295
     278
     287
     299
     314
     291
     288
     321
     288
     309
     318
     294
     283
     279
     298
     290
     300
     297
     289
     332
     303
     305
     296
     311
     264
     284
     277
     267
     282
     291
     289
     264
     309
     275
     297
     306
     264
     293
     263
     270
     290
     264
     335
     282
     267
     298
     312
     285
     288
     321
     285
     290
     300
     310
     298
     281
     320
     272
     315
     290
     301
     269
     291
     320
     266
     294
     280
     301
     299
     282
     277
     326
     291
     287
     307
     317
     258
     300
     299
     316
     337
     294
     270
     311
     287
     285
     296
     306
     290
     289
     274
     289
     348
     283
     292
     321
     280
     264
     289
     345
     290
     274
     287
     317
     278
     277
     276
     297
     304
     267
     307
     300
     300
     283
     288
     318
     298
     263
     305
     293
     303
     299
     297
     301
     325
     266
     275
     280
     267
     281
     294
     272
     292
     282
     302
     254
     289
     285
     287
     260
     321
     301
     293
     333
     282
     318
     268
     251
     259
     290
     299
     295
     291
     306
     298
     284
     295
     275
     273
     282
     304
     271
     293
     276
     323
     322
     318
     251
     293
     260
     276
     285
     278
     271
     323
     264
     299
     267
     303
     281
     279
     293
     294
     305
     289
     256
     252
     291
     260
     292
     259
     292
     276
     269
     271
     299
     316
     278
     281
     306
     291
     297
     304
     265
     286
     272
     283
     274
     265
     280
     316
     287
     277
     280
     272
     302
     293
     265
     271
     281
     311
     314
     279
     263
     297
     282
     244
     292
     308
     288
     299
     294
     321
     261
     312
     284
     273
     279
     311
     305
     291
     287
     311
     259
     279
     278
     324
     277
     283
     293
     276
     310
     271
     290
     304
     302
     309
     300
     278
     290
     306
     296
     289
     294
     303
     289
     269
     340
     306
     290
     267
     323
     286
     290
     290
     287
     278
     281
     275
     294
     297
     326
     249
     270
     323
     301
     304
     291
     300
     329
     286
     284
     258
     305
     299
     295
     287
     308
     280
     308
     290
     296
     275
     315
     279
     293
     296
     305
     291
     269
     319
     288
     300
     326
     298
     287
     295
     307
     293
     309
     309
     297
     260
     275
     319
     295
     332
     284
     275
     320
     308
     307
     292
     310
     303
     298
     301
     291
     302
     286
     291
     325
     276
     291
     273
     312
     284
     284
     312
     282
     307
     300
     290
     291
     321
     331
     270
     286
     296
     275
     304
     286
     332
     293
     298
     310
     291
     277
     291
     294
     296
     318
     273
     296
     300
     306
     303
     288
     307
     297
     246
     289
     262
     299
     284
     302
     265
     284
     317
     300
     303
     305
     329
     306
     292
     312
     298
     313
     304
     296
     325
     307
     282
     299
     307
     272
     295
     278
     306
     323
     288
     308
     311
     306
     323
     299
     333
     324
     296
     322
     279
     351
     310
     280
     295
     299
     321
     274
     311
     297
     280
     323
     280
     354
     286
     317
     311
     326
     247
     292
     301
     281
     276
     271
     264
     326
     296
     337
     269
     324
     319
     285
     317
     297
     288
     290
     286
     296
     316
     288
     323
     330
     301
     264
     286
     311
     308
     320
     322
     309
     314
     296
     286
     322
     335
     310
     310
     325
     290
     286
     316
     301
     265
     310
     319
     306
     295
     302
     313
     307
     341
     312
     302
     331
     340
     321
     335
     338
     316
     292
     286
     303
     304
     317
     318
     312
     328
     343
     316
     320
     308
     312
     307
     293
     321
     335
     308
     322
     310
     309
     294
     286
     340
     325
     324
     299
     301
     308
     320
     314
     317
     260
     313
     291
     331
     303
     341
     315
     316
     306
     330
     336
     309
     299
     323
     335
     335
     328
     317
     305
     292
     311
     336
     280
     327
     335
     297
     307
     329
     335
     338
     298
     326
     277
     343
     305
     338
     354
     322
     343
     296
     296
     351
     312
     333
     341
     342
     338
     328
     334
     312
     311
     331
     339
     353
     330
     323
     333
     317
     342
     339
     331
     354
     334
     335
     332
     318
     338
     304
     369
     322
     314
     338
     329
     348
     315
     321
     320
     297
     345
     313
     301
     318
     331
     314
     323
     359
     348
     344
     307
     349
     331
     348
     353
     331
     322
     318
     341
     306
     321
     359
     333
     313
     338
     329
     320
     365
     338
     378
     348
     358
     344
     324
     343
     363
     337
     348
     330
     342
     332
     337
     361
     330
     324
     356
     339
     355
     338
     346
     325
     353
     311
     327
     337
     322
     311
     339
     318
     345
     350
     343
     333
     354
     314
     357
     357
     335
     384
     347
     302
     373
     323
     346
     331
     380
     345
     365
     343
     342
     358
     360
     355
     329
     345
     342
     347
     323
     402
     293
     343
     388
     376
     318
     330
     408
     333
     349
     315
     340
     361
     363
     336
     355
     351
     365
     350
     368
     386
     369
     346
     363
     346
     340
     342
     388
     346
     412
     353
     325
     350
     321
     369
     350
     335
     412
     361
     318
     357
     315
     331
     339
     406
     384
     382
     317
     321
     404
     361
     347
     370
     354
     375
     377
     339
     316
     376
     331
     350
     349
     386
     374
     399
     343
     354
     372
     363
     387
     386
     390
     365
     348
     336
     377
     339
     350
     383
     360
     378
     363
     360
     373
     381
     388
     331
     378
     331
     377
     348
     373
     408
     370
     340
     380
     370
     398
     335
     344
     364
     399
     374
     418
     386
     382
     349
     374
     370
     377
     384
     363
     395
     391
     350
     358
     362
     350
     373
     392
     391
     335
     374
     377
     345
     374
     399
     394
     380
     383
     384
     419
     355
     377
     410
     390
     424
     351
     360
     376
     387
     389
     389
     360
     412
     401
     410
     353
     408
     389
     362
     361
     395
     378
     390
     395
     379
     336
     373
     386
     424
     372
     415
     396
     370
     373
     350
     380
     392
     366
     403
     374
     402
     406
     377
     428
     360
     389
     391
     361
     373
     389
     391
     377
     383
     382
     393
     373
     367
     391
     377
     390
     369
     393
     381
     381
     374
     386
     354
     416
     377
     396
     371
     388
     365
     387
     359
     386
     389
     362
     384
     383
     375
     377
     343
     377
     408
     371
     376
     333
     349
     379
     389
     379
     371
     359
     367
     400
     395
     370
     355
     372
     357
     349
     375
     351
     372
     369
     365
     354
     356
     335
     356
     350
     384
     329
     345
     351
     374
     349
     371
     324
     368
     336
     328
     391
     326
     297
     337
     316
     301
     322
     349
     319
     357
     318
     331
     317
     311
     327
     294
     308
     310
     284
     301
     312
     266
     274
     300
     256
     252
     281
     294
     286
     290
     268
     288
     267
     257
     291
     261
     247
     258
     233
     245
     256
     259
     246
     275
     279
     260
     271
     257
     237
     227
     262
     249
     204
     252
     245
     244
     253
     250
     249
     245
     260
     252
     266
     282
     234
     232
     257
     262
     238
     213
     221
     232
     232
     249
     237
     232
     235
     232
     232
     201
     236
     243
     228
     232
     249
     207
     224
     218
     222
     195
     216
     201
     235
     201
     236
     229
     214
     216
     213
     189
     216
     205
     205
     210
     219
     212
     210
     204
     218
     203
     229
     213
     238
     223
     228
     224
     214
     206
     191
     232
     217
     208
     206
     213
     221
     209
     220
     235
     209
     202
     254
     206
     191
     202
     195
     204
     215
     204
     211
     184
     204
     220
     193
     190
     212
     184
     236
     208
     203
     224
     219
     220
     205
     204
     182
     235
     190
     198
     187
     207
     182
     189
     215
     216
     177
     185
     196
     193
     191
     209
     199
     153
     212
     169
     195
     175
     187
     197
     184
     172
     179
     191
     191
     194
     198
     220
     210
     198
     167
     167
     200
     196
     204
     189
     219
     190
     190
     181
     184
     178
     178
     168
     187
     180
     191
     200
     186
     177
     156
     185
     163
     180
     166
     205
     167
     168
     176
     188
     182
     192
     164
     157
     177
     190
     170
     193
     179
     205
     171
     157
     199
     189
     174
     183
     190
     188
     170
     222
     158
     183
     171
     166
     173
     146
     168
     178
     148
     195
     181
     155
     167
     189
     151
     195
     161
     163
     168
     170
     170
     177
     169
     175
     152
     174
     151
     163
     174
     181
     159
     202
     183
     165
     153
     192
     137
     148
     172
     160
     177
     162
     182
     182
     176
     155
     166
     173
     177
     154
     136
     172
     174
     173
     170
     173
     158
     168
     154
     162
     162
     147
     158
     171
     148
     146
     152
     171
     147
     140
     169
     162
     164
     173
     154
     146
     159
     159
     180
     132
     170
     185
     165
     153
     140
     153
     138
     146
     153
     170
     168
     146
     158
     151
     161
     158
     171
     150
     162
     159
     154
     146
     173
     147
     150
     166
     124
     151
     141
     146
     157
     162
     148
     157
     166
     181
     148
     162
     127
     166
     139
     159
     177
     133
     151
     161
     150
     146
     128
     132
     140
     133
     123
     136
     150
     139
     167
     122
     110
     156
     128
     148
     136
     136
     155
     145
     157
     116
     141
     135
     135
     143
     153
     152
     155
     149
     148
     145
     130
     140
     148
     153
     134
     151
     146
     158
     147
     133
     129
     156
     155
     129
     154
     136
     139
     143
     131
     137
     144
     141
     124
     136
     140
     102
     155
     123
     136
     130
     129
     153
     135
     129
     154
     131
     132
     127
     135
     127
     140
     150
     149
     122
     148
     123
     135
     117
     137
     161
     119
     117
     119
     145
     120
     130
     139
     155
     102
     119
     120
     139
     125
     128
     113
     140
     123
     131
     136
     138
     136
     137
     136
     159
     136
     113
     113
     121
     103
     112
     126
     109
     141
     127
     117
     124
     126
     133
     122
     129
     130
     138
     122
     105
     125
     117
     138
     130
     129
     136
     122
     124
     140
     130
     112
     116
     111
      98
     123
     129
     124
     122
     102
     136
     132
     110
     123
     113
     128
     136
     130
     123
     109
     113
     120
     127
     107
     123
     103
     116
     107
     113
     109
     128
     112
     138
     116
     100
     124
     121
     122
     111
     112
     112
     105
     124
      98
     119
     101
     121
     105
     127
     132
     113
     111
     110
     117
     132
      95
     117
     104
     120
     107
     116
     116
      97
     112
     102
     108
     114
     118
     124
      97
     126
     135
     124
     104
     109
     131
     113
     119
     100
     110
     102
      93
     105
     121
     111
     113
     113
      95
     102
     126
     101
     109
     104
      94
     108
     121
     106
     107
     119
     112
     116
     102
     111
      99
     110
      96
     106
     111
      99
     123
      95
     117
     118
     100
     115
     122
     100
     113
      99
     108
      99
     114
     100
      94
     101
     102
     116
     115
      94
      90
      77
     105
     102
     110
      98
      96
     109
     129
      99
     101
     119
      85
     103
     107
      96
      99
     101
     115
      92
     108
     105
     102
      90
     122
      92
      99
      93
     112
     100
     110
      94
     101
      99
      88
     111
     101
     102
     104
     107
     100
     106
      98
      95
      94
      96
      98
      92
      93
      93
      90
      94
     103
     100
     121
      91
      75
      87
      93
      99
     115
     104
      86
      95
      82
     106
      75
     123
      93
      77
     115
      90
      99
     100
      94
      97
      89
     106
     101
      97
     105
     105
      89
      82
      96
      76
      78
     114
      81
      95
      96
      94
      80
      84
     104
     110
      93
     106
      83
      82
      99
      85
      73
      82
      82
      87
      84
      99
      93
      88
     104
      88
      98
     108
      82
     103
      79
      81
      92
      90
      90
      83
      91
     106
     109
      88
     110
      78
      79
      93
     100
      92
      91
     102
      76
      80
     104
     105
      77
      97
      84
      83
     105
      99
     107
      73
      84
      93
      64
      85
      93
      87
      86
      98
      97
      94
      93
      87
      86
      80
      85
      92
      92
     118
      82
      89
      86
     103
      87
      79
     105
      80
      88
      80
      79
      90
      94
      90
      84
      86
      89
      87
      98
      75
      86
      88
      79
      69
      90
      93
      79
     129
      94
      92
      74
      90
     110
      81
      89
      86
      81
      79
      89
      79
      84
      75
      83
      71
      83
      80
      72
      93
     104
      75
     103
      93
     105
      74
      84
      82
      90
      74
      89
      70
      88
      92
      86
      66
      90
      86
      83
      83
      77
      99
      69
      76
      81
      82
     101
      90
      75
      74
      97
      69
      82
     111
      90
      98
      81
      71
     104
      84
      85
      71
      77
      96
      89
      87
      81
      91
      74
      91
      86
      76
      85
      81
      91
      92
      92
      77
      79
      80
      93
      74
      70
      74
      74
      88
      90
      89
      93
      85
      94
      92
      82
      87
      80
      85
      80
      92
      81
      89
      85
      81
      79
      83
      90
     109
      77
      64
      92
      93
      98
      89
      74
      86
      83
      80
      76
      84
      92
      82
      63
      91
      95
      89
      78
      82
      85
      98
      94
      88
      93
      88
      87
      72
      82
      88
      85
      91
      89
      77
      68
      85
      79
      84
      91
      93
      99
      82
      81
      89
      80
      68
      84
      77
      81
      96
      85
      70
      73
      88
      73
      88
      87
      86
      91
      94
      85
      72
      77
      83
      90
      82
      80
      71
     101
      99
      96
      65
      84
      81
      93
      93
      90
      74
      92
      91
      81
      90
      74
      59
      89
      85
      86
      75
      86
      93
      83
      99
      90
      95
      88
      84
      78
      91
      68
      64
      69
      86
      70
      81
     103
      77
      75
      83
      81
      95
      63
      90
      77
      89
      76
      87
      70
      88
      83
     102
      87
      81
      89
     101
      74
      79
      95
      88
      84
      82
      85
      87
      86
      76
      81
      79
      82
      73
      94
      89
      83
      89
      91
      84
     106
      95
      97
      93
      74
      83
     103
      79
      90
      86
      71
      63
      81
      87
      83
      91
      77
      80
      80
      88
      83
      86
      79
      73
      76
      95
      87
      81
      86
      84
      77
      94
      88
      86
      85
      87
      82
      78
      79
      74
      78
      86
      77
      80
      76
      70
      67
      66
      78
      80
      88
      75
      99
      73
      76
      99
      79
      82
      74
      80
      80
      71
      83
      65
      84
      76
      74
      71
      78
      67
      88
      89
      94
      86
      81
      83
      71
      86
      84
      86
      76
      81
      86
      79
      81
      91
      78
      87
      87
      96
      92
      80
      58
      77
      83
      77
      85
      90
      76
      83
      78
      85
      99
      72
      73
      87
      64
      94
      92
      83
      88
      84
      68
      60
      85
      65
      82
      80
      84
      82
      84
      77
      89
      90
      80
      83
      79
      83
      75
      71
      76
      81
      76
      84
      79
      87
      86
      79
     103
      89
      84
      80
      76
      96
     107
      74
      82
      76
      86
      71
      75
      93
      71
      86
      70
      78
      83
      87
      76
      72
      85
      73
      74
      98
      86
      88
     100
      77
      88
      79
      78
      69
      79
      73
      91
      84
      84
      78
      86
      94
      88
      85
      75
     105
      78
      89
      81
      93
      78
     100
      74
      85
      69
      77
      67
      88
      88
      80
      72
      87
      90
      85
      78
      86
      94
      84
      68
      91
      65
      76
      82
      78
      88
      83
      77
      99
      86
      78
      71
      62
      87
      93
      75
      88
      78
      76
      94
      65
      81
      70
      74
      58
      84
      95
      86
      83
      81
      91
      77
      73
      77
      89
      87
      87
      76
      77
      93
      65
      73
      73
      80
      74
      86
      82
      68
      79
      79
      91
      67
      75
      87
      74
      76
      83
      80
      73
      94
      82
      67
      82
      75
      78
      80
      98
      81
      70
      75
      84
      73
      97
      87
      86
      75
      89
      83
      68
      77
      75
      89
      91
      93
      78
      85
      79
      77
      85
      81
      98
      81
      77
      75
      87
      83
      96
      90
      72
      94
      85
      72
      74
      64
      70
      69
      79
      90
      79
      64
      92
      83
      81
      72
      77
      81
      75
      50
      85
      77
      62
      86
      79
      89
      65
      74
      91
      80
      75
      92
      79
      89
      70
      91
      75
      83
      87
      87
      71
      82
      73
      87
      67
      77
      80
      82
      87
      79
      71
      85
      88
      80
     101
      65
      81
      84
      99
      82
      75
      87
      82
      90
      88
      78
      78
      91
      78
      84
      70
      85
      81
      69
      72
      85
      90
     101
      88
      82
      88
      77
      90
     103
      85
      88
      77
      87
      95
      66
      79
      76
      72
      82
      80
      93
      72
      88
      88
      88
      75
      87
      98
      83
      82
      84
      80
      89
      80
      81
      85
      76
      79
      94
      96
      83
      82
      82
      99
      75
      74
      81
      80
      97
      82
      91
      85
      74
      90
      79
      96
      75
      87
      76
      87
      76
      86
      82
      88
      80
      88
      96
      84
      94
      85
      82
      74
      71
      78
      79
      91
      81
      77
      94
      99
      95
     106
      62
      87
      88
      85
      90
      74
      89
      95
      90
      95
     102
     101
      88
      74
      95
      82
      88
      81
      70
     108
      90
      85
      73
      92
      95
      96
      76
      95
      97
      85
      85
      93
      96
      89
      78
     102
      90
     107
      91
      83
      93
     115
      87
      90
      92
      85
      86
      99
      96
      84
     107
     100
     101
     101
      83
      90
      76
      97
      91
     105
      97
      86
      81
      80
      88
      99
      93
      78
     122
      92
      97
     112
      92
     103
      83
     100
      97
      95
      90
      91
     100
      96
      99
      92
     121
      82
      92
      94
      90
     109
      86
     100
     102
     108
     107
      96
     121
     107
     103
     110
     101
     103
     107
      93
     100
     102
      91
     122
     106
     104
     118
      95
     114
     102
     102
     117
     122
     114
     117
     112
     119
      93
     107
     120
     144
     133
     151
     134
     121
     128
     165
     145
     149
     170
     176
     177
     186
     166
     182
     254
     230
     247
     289
     317
     321
     358
     420
     435
     488
     506
     603
     675
     719
     873
     907
    1091
    1222
    1393
    1646
    1978
    2184
    2545
    3016
    3432
    3860
    4540
    5283
    5842
    6562
    7214
    8058
    8775
    9495
    9958
   10542
   11112
   11652
   11906
   12222
   12629
   12800
   12710
   12696
   12862
   12569
   12524
   12052
   11704
   11194
   10727
   10131
    9527
    8993
    8404
    7585
    6742
    5956
    5313
    4638
    3988
    3478
    2910
    2331
    1978
    1642
    1315
    1133
     935
     798
     633
     577
     485
     426
     364
     328
     280
     249
     218
     201
     196
     186
     163
     155
     170
     154
     161
     105
     124
     146
     107
      83
     111
     102
     118
     104
      98
     103
      72
      76
      80
      85
      83
      72
      79
      80
      74
      67
      78
      81
      70
      78
      63
      63
      63
      67
      75
      67
      60
      65
      67
      77
      67
      73
      47
      66
      74
      71
      51
      58
      54
      54
      62
      55
      59
      44
      58
      71
      73
      66
      51
      67
      63
      45
      60
      50
      55
      63
      67
      55
      54
      69
      55
      48
      61
      54
      53
      72
      61
      61
      57
      64
      73
      66
      54
      68
      63
      54
      54
      60
      47
      61
      52
      56
      64
      49
      49
      51
      58
      68
      41
      49
      52
      61
      53
      58
      61
      56
      45
      42
      49
      50
      47
      49
      54
      44
      41
      48
      51
      64
      45
      61
      59
      45
      42
      46
      40
      53
      52
      37
      52
      56
      50
      49
      55
      59
      52
      66
      56
      51
      51
      51
      52
      47
      51
      52
      45
      46
      46
      60
      51
      42
      55
      47
      59
      60
      54
      40
      46
      44
      46
      37
      47
      53
      46
      61
      49
      52
      42
      52
      58
      51
      58
      49
      51
      49
      48
      47
      44
      47
      50
      38
      53
      44
      47
      36
      54
      47
      35
      43
      58
      53
      48
      55
      37
      45
      41
      46
      46
      42
      55
      56
      42
      48
      64
      54
      35
      53
      54
      54
      46
      47
      47
      54
      44
      40
      61
      51
      39
      45
      43
      48
      42
      54
      35
      53
      43
      45
      55
      56
      49
      37
      35
      42
      34
      51
      38
      36
      50
      56
      45
      49
      46
      59
      38
      44
      44
      33
      55
      51
      35
      55
      51
      48
      46
      28
      54
      42
      43
      46
      42
      37
      54
      44
      42
      39
      48
      49
      47
      48
      50
      37
      33
      52
      48
      40
      43
      45
      48
      43
      56
      43
      40
      41
      39
      42
      37
      39
      42
      38
      57
      43
      44
      48
      38
      45
      51
      37
      42
      43
      44
      41
      37
      34
      48
      48
      58
      42
      50
      59
      42
      40
      47
      44
      41
      44
      37
      33
      39
      34
      30
      36
      54
      38
      58
      43
      36
      41
      45
      47
      41
      43
      44
      48
      36
      39
      31
      42
      58
      46
      44
      36
      59
      49
      38
      44
      37
      38
      54
      34
      35
      48
      36
      50
      27
      34
      40
      50
      47
      31
      51
      42
      49
      37
      49
      37
      41
      36
      45
      43
      41
      53
      48
      34
      36
      44
      49
      38
      46
      38
      46
      42
      53
      43
      41
      41
      44
      31
      49
      45
      48
      49
      40
      43
      55
      46
      36
      39
      45
      49
      51
      39
      34
      45
      31
      48
      55
      35
      39
      45
      39
      36
      40
      49
      42
      45
      47
      49
      38
      40
      44
      45
      49
      48
      43
      44
      41
      44
      36
      45
      33
      47
      54
      53
      36
      40
      35
      44
      38
      44
      49
      41
      49
      36
      48
      46
      51
      37
      40
      40
      37
      37
      39
      41
      36
      33
      56
      37
      41
      42
      33
      36
      32
      44
      38
      33
      54
      36
      37
      53
      34
      38
      49
      48
      46
      44
      39
      36
      38
      47
      45
      43
      46
      37
      51
      42
      36
      43
      39
      46
      44
      59
      44
      37
      32
      54
      43
      40
      36
      37
      35
      48
      52
      41
      31
      43
      43
      43
      36
      42
      37
      42
      41
      34
      36
      34
      42
      36
      44
      35
      37
      44
      45
      47
      40
      36
      48
      26
      42
      37
      44
      47
      36
      41
      41
      40
      41
      37
      44
      39
      43
      50
      39
      37
      29
      39
      44
      40
      38
      50
      46
      45
      48
      37
      38
      35
      35
      40
      37
      38
      49
      49
      36
      41
      36
      38
      41
      47
      35
      50
      45
      43
      39
      42
      39
      39
      30
      45
      40
      39
      39
      43
      42
      49
      48
      35
      49
      38
      42
      49
      39
      42
      36
      38
      38
      47
      45
      50
      41
      34
      44
      42
      39
      38
      42
      46
      45
      31
      41
      50
      45
      47
      43
      40
      34
      40
      31
      38
      40
      40
      36
      46
      43
      32
      39
      44
      38
      52
      42
      43
      46
      35
      43
      33
      40
      48
      52
      29
      45
      36
      31
      46
      35
      47
      34
      46
      47
      41
      42
      49
      48
      44
      42
      33
      35
      40
      38
      34
      47
      34
      36
      41
      40
      32
      37
      35
      53
      23
      32
      47
      39
      45
      54
      35
      44
      31
      48
      39
      40
      39
      55
      50
      42
      39
      33
      37
      46
      56
      38
      49
      45
      43
      43
      44
      34
      40
      40
      33
      42
      43
      46
      41
      45
      30
      43
      37
      39
      31
      27
      43
      44
      38
      33
      42
      44
      38
      45
      38
      32
      38
      41
      42
      33
      45
      26
      36
      36
      28
      45
      40
      32
      44
      41
      37
      35
      31
      48
      30
      39
      41
      52
      35
      36
      39
      41
      36
      46
      44
      40
      53
      44
      46
      52
      41
      36
      38
      31
      40
      43
      49
      33
      35
      55
      43
      40
      30
      42
      39
      40
      38
      28
      35
      43
      38
      43
      40
      43
      42
      43
      48
      34
      33
      31
      34
      50
      41
      32
      29
      37
      27
      45
      48
      26
      38
      27
      39
      43
      43
      49
      45
      39
      37
      41
      39
      35
      41
      35
      39
      36
      50
      39
      29
      42
      42
      39
      33
      27
      43
      44
      31
      50
      46
      36
      48
      35
      41
      41
      45
      41
      39
      55
      38
      25
      30
      35
      37
      32
      40
      41
      43
      49
      24
      47
      42
      36
      32
      34
      46
      43
      48
      35
      36
      46
      36
      41
      48
      44
      41
      49
      28
      35
      48
      37
      35
      38
      36
      36
      41
      32
      35
      48
      38
      44
      42
      43
      36
      36
      39
      55
      39
      49
      42
      37
      35
      37
      40
      25
      36
      43
      40
      44
      48
      40
      35
      38
      39
      44
      39
      37
      29
      49
      43
      31
      44
      45
      33
      32
      39
      44
      44
      34
      39
      37
      39
      48
      35
      33
      48
      31
      42
      38
      38
      30
      32
      40
      36
      39
      31
      34
      40
      44
      48
      34
      48
      37
      23
      32
      39
      45
      38
      31
      45
      42
      46
      58
      58
      48
      53
      46
      55
      46
      61
      44
      52
      41
      41
      45
      41
      27
      44
      48
      20
      36
      35
      44
      44
      42
      39
      42
      33
      41
      46
      35
      37
      43
      48
      29
      30
      34
      32
      49
      36
      43
      43
      51
      34
      35
      34
      34
      33
      45
      43
      52
      39
      42
      36
      53
      39
      38
      45
      37
      36
      29
      31
      48
      42
      40
      47
      34
      39
      41
      44
      47
      44
      41
      34
      37
      39
      47
      36
      37
      42
      43
      39
      44
      46
      40
      42
      37
      34
      35
      48
      34
      33
      39
      30
      41
      38
      32
      43
      28
      29
      35
      34
      28
      43
      50
      43
      34
      45
      43
      37
      33
      34
      33
      39
      40
      36
      41
      37
      40
      43
      28
      40
      40
      37
      38
      32
      31
      43
      38
      26
      34
      40
      35
      36
      44
      38
      38
      42
      51
      28
      37
      35
      39
      34
      43
      42
      39
      34
      37
      39
      37
      36
      38
      38
      34
      36
      41
      37
      36
      39
      51
      44
      32
      36
      46
      47
      31
      45
      39
      37
      39
      38
      49
      51
      39
      38
      38
      44
      28
      42
      33
      54
      40
      47
      36
      43
      33
      33
      36
      42
      41
      44
      49
      49
      48
      36
      32
      37
      49
      25
      46
      41
      44
      53
      46
      36
      36
      42
      35
      40
      35
      33
      35
      45
      34
      43
      34
      27
      30
      39
      33
      45
      30
      38
      35
      38
      39
      35
      42
      44
      42
      44
      39
      35
      37
      36
      27
      42
      29
      31
      39
      44
      36
      42
      32
      42
      30
      26
      36
      47
      44
      39
      24
      35
      45
      33
      36
      49
      32
      37
      42
      43
      32
      44
      35
      53
      44
      41
      36
      32
      42
      35
      39
      32
      39
      39
      42
      38
      39
      31
      31
      35
      44
      51
      40
      44
      38
      37
      40
      34
      32
      44
      38
      29
      34
      34
      41
      51
      49
      38
      41
      51
      33
      41
      40
      41
      41
      43
      41
      28
      39
      39
      46
      47
      34
      40
      41
      40
      41
      37
      35
      43
      36
      48
      37
      36
      29
      38
      43
      34
      36
      36
      36
      33
      41
      45
      39
      34
      39
      31
      38
      38
      41
      35
      31
      45
      43
      51
      38
      48
      32
      40
      40
      29
      45
      42
      26
      37
      33
      34
      45
      36
      43
      51
      33
      38
      40
      41
      27
      35
      39
      39
      43
      35
      38
      41
      38
      39
      28
      39
      46
      45
      44
      39
      44
      44
      35
      31
      42
      45
      40
      38
      31
      41
      45
      32
      25
      32
      35
      32
      39
      34
      30
      40
      39
      44
      40
      39
      42
      32
      40
      46
      40
      45
      41
      35
      45
      43
      37
      43
      55
      33
      47
      45
      30
      46
      33
      25
      31
      40
      31
      31
      41
      30
      19
      26
      42
      31
      40
      39
      46
      42
      28
      37
      34
      36
      35
      40
      40
      25
      52
      51
      44
      33
      44
      38
      37
      36
      41
      49
      39
      41
      36
      37
      37
      40
      37
      50
      49
      43
      38
      31
      30
      36
      37
      42
      38
      51
      49
      34
      41
      32
      32
      39
      47
      39
      34
      31
      56
      48
      32
      39
      42
      34
      39
      47
      43
      33
      42
      51
      38
      34
      35
      33
      28
      38
      34
      35
      39
      35
      36
      27
      46
      40
      36
      46
      41
      31
      28
      36
      43
      45
      39
      42
      37
      41
      56
      43
      36
      51
      37
      40
      38
      32
      35
      48
      31
      36
      30
      61
      34
      49
      40
      42
      42
      41
      43
      34
      52
      42
      48
      37
      51
      41
      29
      32
      44
      39
      40
      42
      42
      28
      34
      40
      41
      36
      42
      50
      39
      39
      44
      38
      37
      31
      30
      35
      35
      42
      36
      35
      36
      44
      45
      41
      37
      42
      31
      41
      42
      29
      35
      34
      34
      29
      45
      42
      30
      50
      46
      41
      39
      42
      45
      36
      49
      46
      35
      30
      34
      31
      35
      46
      33
      42
      26
      45
      46
      45
      45
      39
      43
      34
      40
      37
      54
      41
      33
      36
      43
      32
      33
      34
      35
      42
      40
      50
      42
      51
      54
      27
      37
      29
      33
      31
      46
      45
      31
      44
      40
      29
      32
      29
      37
      44
      34
      44
      41
      36
      44
      36
      35
      30
      43
      39
      38
      41
      26
      32
      38
      35
      44
      39
      42
      29
      38
      40
      60
      30
      41
      35
      44
      38
      48
      40
      28
      38
      38
      38
      42
      46
      47
      37
      39
      37
      42
      37
      46
      37
      35
      35
      34
      53
      32
      42
      45
      49
      37
      39
      48
      41
      34
      35
      41
      38
      38
      47
      46
      41
      37
      39
      32
      38
      33
      39
      42
      41
      43
      42
      46
      49
      39
      31
      39
      35
      45
      46
      46
      48
      35
      40
      40
      32
      39
      39
      37
      49
      37
      32
      43
      27
      41
      43
      48
      45
      43
      40
      40
      45
      45
      35
      51
      42
      30
      35
      36
      26
      38
      29
      36
      38
      30
      51
      46
      41
      50
      50
      42
      44
      28
      34
      39
      35
      45
      50
      38
      40
      44
      39
      41
      37
      40
      38
      25
      37
      28
      42
      42
      38
      41
      35
      41
      50
      45
      33
      38
      39
      56
      38
      32
      38
      42
      45
      41
      45
      35
      34
      40
      33
      42
      43
      52
      34
      36
      34
      30
      46
      41
      33
      35
      40
      38
      43
      37
      42
      44
      42
      46
      46
      38
      46
      39
      32
      27
      38
      34
      37
      43
      34
      38
      45
      43
      48
      37
      54
      41
      30
      31
      37
      46
      50
      37
      44
      37
      34
      40
      37
      43
      36
      31
      42
      43
      35
      41
      39
      29
      40
      33
      42
      44
      47
      40
      36
      35
      45
      38
      41
      37
      34
      36
      47
      34
      45
      38
      28
      36
      28
      36
      42
      31
      27
      45
      44
      35
      49
      44
      44
      45
      21
      30
      29
      29
      37
      41
      36
      44
      32
      38
      41
      39
      37
      45
      27
      45
      45
      42
      35
      37
      36
      33
      29
      28
      34
      27
      27
      33
      47
      34
      34
      41
      40
      44
      31
      38
      37
      57
      38
      36
      47
      54
      54
      36
      34
      39
      31
      39
      32
      29
      41
      26
      33
      34
      30
      36
      43
      39
      39
      27
      50
      39
      42
      32
      30
      33
      48
      32
      37
      37
      37
      42
      41
      36
      40
      29
      42
      39
      46
      42
      43
      41
      35
      35
      39
      40
      46
      49
      40
      35
      40
      30
      28
      43
      36
      33
      33
      39
      39
      45
      38
      34
      38
      37
      41
      34
      32
      45
      38
      32
      30
      37
      31
      35
      32
      39
      40
      36
      44
      44
      44
      40
      42
      40
      32
      47
      26
      35
      40
      40
      41
      36
      38
      33
      39
      42
      44
      40
      26
      40
      42
      39
      44
      37
      27
      42
      33
      34
      50
      35
      39
      31
      31
      44
      40
      41
      47
      45
      33
      41
      46
      31
      32
      45
      40
      41
      47
      33
      30
      34
      35
      42
      30
      56
      41
      42
      43
      24
      44
      39
      36
      43
      36
      42
      46
      33
      30
      26
      42
      46
      47
      42
      40
      45
      40
      40
      31
      40
      47
      43
      42
      37
      53
      40
      34
      41
      45
      27
      34
      49
      35
      34
      36
      30
      31
      48
      32
      50
      43
      35
      42
      35
      46
      46
      36
      50
      45
      38
      56
      32
      37
      46
      41
      46
      39
      29
      45
      42
      38
      38
      44
      31
      36
      25
      30
      36
      35
      50
      30
      32
      39
      46
      41
      43
      53
      41
      35
      41
      35
      38
      44
      41
      41
      43
      37
      42
      50
      28
      40
      36
      42
      39
      35
      34
      43
      44
      37
      36
      30
      47
      51
      36
      31
      46
      30
      48
      40
      36
      28
      29
      40
      35
      30
      37
      37
      39
      26
      32
      44
      48
      37
      49
      44
      47
      51
      38
      36
      44
      50
      40
      45
      48
      34
      52
      29
      37
      34
      45
      47
      35
      38
      31
      34
      39
      28
      36
      39
      40
      30
      44
      38
      40
      39
      42
      30
      53
      41
      42
      37
      47
      32
      34
      39
      46
      49
      28
      33
      45
      32
      41
      40
      26
      35
      52
      36
      32
      36
      33
      39
      33
      38
      30
      41
      57
      38
      42
      44
      47
      39
      46
      41
      52
      54
      43
      44
      36
      31
      38
      44
      32
      41
      30
      33
      35
      42
      38
      47
      47
      38
      34
      38
      42
      34
      42
      43
      49
      49
      55
      43
      35
      43
      40
      37
      38
      40
      45
      36
      38
      43
      39
      43
      52
      25
      42
      37
      35
      34
      41
      36
      47
      42
      37
      38
      28
      35
      38
      47
      38
      45
      51
      38
      34
      42
      33
      39
      33
      38
      42
      41
      37
      44
      43
      33
      38
      42
      40
      32
      32
      38
      36
      43
      36
      45
      50
      33
      42
      46
      43
      41
      33
      49
      48
      30
      46
      41
      48
      31
      46
      38
      39
      44
      49
      48
      39
      40
      41
      36
      27
      54
      35
      39
      35
      32
      40
      42
      46
      32
      40
      40
      30
      36
      42
      36
      39
      44
      40
      27
      43
      40
      43
      37
      36
      44
      53
      32
      30
      48
      30
      33
      36
      34
      47
      39
      35
      33
      32
      34
      35
      41
      33
      49
      34
      43
      50
      36
      32
      35
      36
      42
      37
      52
      39
      44
      43
      33
      47
      30
      46
      46
      44
      31
      44
      37
      44
      43
      43
      52
      36
      40
      32
      33
      43
      35
      47
      47
      46
      39
      29
      44
      35
      43
      47
      34
      42
      44
      34
      44
      42
      33
      37
      32
      42
      36
      47
      26
      46
      42
      42
      32
      28
      38
      36
      41
      36
      42
      46
      36
      38
      50
      40
      46
      39
      32
      44
      36
      38
      51
      31
      28
      40
      50
      41
      45
      44
      44
      35
      37
      34
      40
      46
      47
      35
      35
      38
      45
      33
      51
      46
      30
      37
      44
      41
      26
      45
      40
      40
      47
      39
      46
      48
      35
      34
      41
      47
      53
      44
      47
      49
      43
      48
      39
      55
      53
      52
      48
      38
      53
      54
      61
      42
      35
      55
      39
      38
      39
      39
      47
      29
      48
      52
      39
      45
      45
      55
      31
      45
      44
      47
      40
      39
      32
      43
      48
      38
      46
      47
      42
      52
      39
      35
      49
      54
      33
      36
      44
      48
      48
      35
      42
      53
      42
      40
      40
      38
      36
      47
      40
      38
      35
      40
      45
      44
      43
      40
      41
      45
      42
      54
      36
      51
      38
      43
      45
      46
      41
      49
      33
      45
      35
      40
      32
      44
      23
      47
      36
      46
      37
      40
      43
      48
      38
      42
      43
      38
      26
      33
      43
      31
      33
      33
      36
      44
      43
      38
      51
      32
      38
      47
      39
      41
      39
      38
      47
      37
      54
      30
      43
      38
      35
      50
      37
      27
      42
      40
      52
      41
      37
      33
      61
      34
      42
      43
      38
      42
      44
      36
      34
      40
      44
      39
      30
      46
      31
      44
      50
      37
      54
      43
      43
      41
      36
      45
      29
      36
      45
      39
      38
      36
      33
      39
      50
      45
      48
      40
      39
      38
      34
      37
      42
      43
      49
      50
      46
      50
      47
      47
      39
      34
      38
      34
      49
      42
      45
      41
      47
      44
      48
      40
      32
      33
      42
      46
      46
      29
      35
      57
      41
      36
      45
      35
      38
      54
      40
      41
      48
      34
      43
      35
      48
      39
      47
      35
      37
      44
      46
      34
      36
      39
      41
      40
      35
      34
      44
      38
      45
      41
      54
      52
      39
      41
      31
      37
      54
      39
      53
      38
      45
      37
      51
      54
      41
      42
      32
      38
      39
      46
      33
      49
      40
      33
      47
      36
      39
      44
      39
      44
      43
      31
      37
      33
      35
      36
      39
      47
      39
      35
      32
      35
      44
      32
      42
      46
      40
      41
      45
      43
      48
      43
      33
      35
      43
      40
      40
      43
      35
      47
      34
      32
      46
      36
      53
      42
      27
      25
      50
      43
      27
      45
      43
      35
      35
      37
      36
      36
      40
      40
      29
      41
      40
      36
      43
      39
      34
      44
      31
      38
      36
      40
      45
      49
      41
      43
      32
      37
      51
      43
      43
      29
      35
      43
      47
      46
      34
      46
      46
      39
      48
      45
      41
      36
      39
      40
      36
      36
      43
      35
      42
      35
      34
      45
      34
      35
      48
      47
      39
      49
      34
      39
      35
      36
      37
      43
      41
      55
      38
      32
      52
      39
      33
      37
      50
      45
      36
      36
      39
      43
      57
      44
      38
      42
      41
      29
      44
      32
      52
      42
      44
      48
      32
      36
      35
      40
      40
      30
      47
      32
      44
      38
      34
      55
      42
      43
      53
      42
      53
      38
      48
      47
      40
      35
      46
      42
      32
      41
      41
      41
      35
      34
      48
      43
      42
      50
      42
      45
      30
      42
      31
      32
      43
      45
      44
      52
      39
      48
      44
      44
      34
      42
      46
      47
      40
      38
      43
      30
      40
      35
      45
      42
      32
      37
      55
      54
      49
      42
      42
      40
      51
      55
      57
      43
      44
      48
      35
      55
      37
      36
      36
      42
      38
      38
      37
      46
      46
      45
      33
      36
      34
      40
      45
      43
      40
      43
      27
      33
      42
      35
      29
      46
      47
      36
      37
      36
      46
      50
      40
      35
      47
      41
      37
      50
      40
      49
      34
      44
      46
      54
      37
      51
      40
      57
      43
      43
      50
      43
      38
      41
      48
      51
      49
      36
      35
      49
      47
      34
      40
      43
      44
      55
      45
      31
      29
      43
      31
      40
      41
      28
      44
      44
      35
      40
      45
      50
      32
      35
      37
      42
      49
      49
      48
      62
      47
      45
      39
      41
      40
      37
      34
      42
      34
      41
      44
      39
      39
      48
      37
      36
      49
      40
      29
      47
      43
      49
      45
      43
      43
      40
      42
      40
      38
      48
      38
      44
      38
      37
      50
      41
      52
      42
      31
      42
      46
      42
      46
      45
      43
      44
      47
      42
      34
      42
      45
      52
      43
      49
      43
      40
      45
      43
      40
      49
      48
      34
      48
      46
      39
      48
      42
      39
      40
      46
      32
      36
      42
      43
      58
      44
      36
      50
      48
      47
      43
      47
      35
      38
      34
      37
      39
      43
      44
      38
      39
      43
      52
      39
      49
      44
      36
      30
      39
      49
      43
      37
      32
      41
      47
      43
      42
      37
      58
      29
      49
      43
      44
      39
      55
      40
      44
      36
      38
      42
      55
      42
      55
      41
      41
      53
      44
      38
      45
      43
      46
      48
      46
      46
      46
      39
      44
      42
      42
      42
      36
      47
      31
      45
      42
      40
      36
      53
      46
      36
      57
      44
      36
      38
      42
      47
      44
      45
      37
      33
      36
      41
      33
      40
      40
      30
      56
      46
      46
      36
      46
      42
      45
      49
      46
      43
      35
      46
      42
      52
      40
      42
      42
      34
      46
      45
      49
      42
      46
      34
      39
      47
      39
      54
      56
      43
      46
      51
      42
      41
      38
      35
      33
      42
      41
      49
      59
      30
      41
      35
      41
      43
      37
      43
      45
      47
      34
      47
      41
      37
      45
      33
      32
      39
      46
      45
      43
      39
      47
      44
      39
      33
      45
      43
      46
      38
      40
      49
      46
      55
      45
      40
      42
      44
      40
      41
      35
      39
      50
      35
      42
      39
      47
      32
      44
      49
      42
      44
      37
      43
      47
      50
      45
      46
      47
      41
      36
      35
      45
      37
      30
      45
      35
      36
      47
      41
      39
      33
      59
      41
      47
      42
      51
      44
      50
      38
      36
      32
      35
      44
      49
      46
      40
      47
      53
      40
      38
      39
      43
      49
      40
      52
      49
      45
      39
      41
      53
      44
      51
      51
      32
      55
      30
      50
      54
      37
      37
      35
      51
      42
      40
      44
      54
      50
      38
      44
      48
      43
      57
      43
      50
      52
      41
      40
      39
      39
      53
      51
      45
      57
      42
      33
      33
      35
      41
      37
      41
      39
      45
      45
      35
      50
      47
      40
      53
      49
      48
      54
      52
      53
      46
      41
      46
      39
      42
      33
      47
      41
      58
      44
      42
      36
      65
      36
      45
      40
      36
      45
      58
      52
      53
      43
      32
      34
      51
      46
      43
      47
      47
      39
      38
      25
      48
      38
      51
      49
      43
      45
      35
      49
      48
      46
      45
      48
      51
      47
      49
      44
      43
      58
      46
      46
      51
      36
      32
      37
      46
      45
      46
      59
      52
      43
      43
      46
      43
      36
      49
      45
      43
      40
      39
      46
      38
      39
      50
      47
      32
      51
      43
      35
      41
      58
      50
      47
      48
      45
      55
      46
      47
      38
      62
      38
      41
      50
      42
      45
      51
      41
      43
      41
      51
      41
      48
      39
      45
      45
      48
      44
      26
      41
      52
      50
      55
      33
      49
      53
      57
      32
      33
      39
      50
      48
      57
      28
      49
      38
      42
      48
      48
      52
      43
      42
      48
      45
      47
      45
      45
      45
      43
      39
      34
      55
      37
      37
      43
      45
      42
      41
      43
      39
      43
      41
      44
      48
      34
      39
      55
      44
      49
      46
      52
      43
      47
      52
      48
      53
      35
      43
      58
      43
      41
      46
      56
      45
      42
      42
      39
      46
      53
      51
      48
      53
      49
      42
      38
      47
      48
      38
      42
      40
      31
      50
      51
      48
      36
      40
      47
      57
      52
      46
      46
      52
      39
      60
      33
      55
      48
      50
      40
      54
      50
      45
      41
      51
      46
      37
      56
      51
      53
      46
      42
      43
      47
      38
      55
      45
      37
      52
      43
      47
      55
      49
      38
      46
      40
      60
      34
      43
      41
      49
      48
      46
      43
      55
      38
      45
      40
      48
      47
      49
      26
      42
      63
      51
      37
      49
      51
      47
      44
      35
      45
      52
      49
      46
      36
      37
      47
      57
      34
      49
      34
      46
      45
      49
      49
      39
      35
      44
      51
      57
      41
      52
      46
      45
      42
      52
      39
      45
      50
      38
      53
      41
      43
      55
      48
      37
      58
      45
      45
      44
      37
      40
      50
      34
      45
      42
      51
      54
      44
      61
      42
      45
      53
      46
      46
      51
      52
      38
      39
      44
      42
      47
      29
      44
      45
      42
      43
      55
      47
      46
      24
      47
      54
      48
      41
      54
      46
      29
      51
      49
      31
      50
      40
      58
      43
      35
      37
      44
      42
      55
      61
      45
      36
      34
      51
      50
      55
      46
      36
      54
      48
      44
      50
      43
      41
      41
      48
      54
      37
      47
      58
      52
      36
      42
      48
      46
      44
      60
      47
      54
      51
      52
      52
      41
      54
      39
      59
      57
      40
      48
      56
      49
      52
      50
      48
      52
      46
      41
      50
      46
      49
      56
      46
      38
      37
      56
      44
      51
      51
      43
      37
      44
      57
      52
      41
      42
      32
      46
      42
      50
      49
      44
      53
      44
      48
      54
      44
      42
      43
      48
      56
      35
      57
      50
      45
      39
      39
      47
      41
      47
      56
      49
      50
      49
      57
      48
      42
      42
      57
      44
      47
      43
      33
      58
      57
      33
      46
      45
      43
      51
      47
      51
      48
      49
      59
      39
      54
      37
      42
      46
      43
      49
      51
      42
      44
      49
      41
      54
      50
      55
      46
      44
      55
      49
      52
      45
      53
      38
      41
      55
      45
      53
      45
      43
      46
      54
      43
      38
      48
      57
      41
      36
      42
      44
      46
      42
      41
      52
      47
      44
      50
      40
      42
      50
      33
      44
      29
      47
      53
      49
      42
      59
      45
      51
      40
      59
      54
      40
      45
      35
      57
      51
      43
      47
      39
      37
      52
      45
      53
      46
      46
      47
      46
      33
      61
      45
      50
      55
      45
      47
      45
      63
      60
      48
      36
      53
      41
      49
      54
      56
      58
      53
      39
      44
      49
      50
      44
      44
      43
      46
      45
      56
      47
      54
      58
      45
      47
      47
      44
      39
      56
      49
      38
      54
      44
      49
      51
      47
      61
      49
      50
      51
      52
      44
      49
      44
      44
      44
      51
      54
      54
      46
      43
      44
      31
      57
      43
      56
      50
      52
      47
      36
      52
      55
      43
      36
      58
      53
      41
      44
      56
      47
      50
      54
      45
      63
      47
      38
      43
      52
      44
      61
      57
      54
      37
      55
      47
      50
      60
      51
      47
      60
      49
      46
      55
      46
      53
      45
      45
      50
      56
      57
      55
      61
      46
      55
      53
      57
      48
      46
      51
      44
      62
      51
      47
      34
      53
      39
      49
      49
      46
      41
      53
      49
      50
      54
      39
      53
      50
      58
      54
      59
      44
      55
      50
      45
      58
      49
      41
      44
      61
      47
      51
      59
      53
      42
      45
      34
      47
      44
      48
      52
      39
      41
      46
      44
      47
      49
      54
      52
      46
      38
      52
      72
      34
      43
      49
      48
      49
      58
      52
      43
      58
      53
      36
      61
      52
      47
      41
      40
      42
      51
      53
      52
      64
      41
      54
      48
      44
      45
      40
      42
      48
      40
      55
      53
      50
      44
      52
      53
      44
      52
      58
      45
      50
      47
      58
      43
      47
      46
      40
      45
      49
      49
      42
      62
      52
      53
      54
      51
      57
      54
      59
      56
      45
      51
      56
      68
      44
      42
      63
      54
      30
      46
      64
      70
      60
      57
      52
      48
      51
      47
      53
      60
      46
      55
      45
      59
      64
      53
      59
      51
      51
      65
      47
      54
      58
      51
      51
      51
      44
      39
      59
      53
      50
      41
      62
      52
      66
      61
      46
      51
      63
      45
      42
      43
      43
      75
      45
      56
      52
      47
      46
      58
      57
      56
      72
      61
      53
      52
      49
      38
      55
      48
      56
      50
      47
      53
      50
      57
      58
      58
      44
      41
      58
      63
      57
      62
      45
      45
      47
      45
      58
      52
      56
      55
      48
      48
      41
      46
      54
      57
      53
      45
      51
      54
      55
      44
      48
      54
      50
      49
      61
      50
      35
      44
      58
      53
      61
      61
      57
      48
      43
      48
      53
      45
      48
      46
      59
      47
      50
      50
      46
      64
      50
      49
      56
      54
      52
      55
      48
      54
      53
      58
      58
      51
      56
      49
      55
      45
      57
      42
      48
      54
      40
      48
      42
      47
      53
      57
      59
      47
      63
      53
      50
      53
      53
      45
      45
      57
      49
      47
      66
      58
      64
      67
      51
      52
      52
      56
      48
      65
      50
      42
      45
      46
      52
      41
      44
      56
      41
      67
      51
      53
      68
      59
      66
      63
      76
      62
      51
      57
      50
      49
      42
      48
      50
      49
      51
      54
      53
      43
      48
      51
      60
      60
      47
      46
      59
      61
      61
      49
      44
      49
      47
      62
      45
      53
      55
      52
      49
      55
      50
      68
      64
      55
      62
      42
      52
      57
      57
      55
      52
      50
      56
      53
      46
      63
      38
      72
      56
      49
      61
      57
      71
      46
      43
      55
      57
      62
      48
      48
      57
      60
      58
      59
      59
      45
      51
      63
      57
      58
      50
      61
      34
      46
      58
      54
      46
      44
      52
      52
      48
      58
      61
      59
      59
      62
      59
      61
      64
      52
      50
      54
      59
      57
      43
      51
      57
      47
      66
      57
      64
      55
      66
      67
      61
      59
      57
      49
      61
      62
      53
      48
      74
      57
      56
      61
      59
      49
      51
      68
      58
      63
      41
      60
      45
      66
      61
      43
      51
      58
      52
      62
      53
      48
      58
      57
      57
      52
      63
      67
      45
      57
      46
      60
      44
      42
      58
      68
      52
      54
      47
      66
      71
      55
      44
      54
      60
      61
      65
      54
      53
      58
      65
      48
      59
      54
      59
      42
      56
      48
      46
      58
      62
      56
      74
      61
      61
      55
      57
      62
      50
      67
      57
      64
      84
      63
      64
      60
      52
      53
      52
      56
      52
      54
      73
      68
      52
      70
      47
      65
      61
      49
      56
      71
      55
      57
      48
      53
      48
      62
      62
      73
      56
      58
      62
      69
      66
      55
      46
      62
      65
      48
      57
      56
      60
      55
      63
      63
      59
      57
      61
      47
      43
      53
      62
      57
      60
      52
      61
      59
      60
      61
      62
      65
      45
      66
      48
      64
      63
      66
      58
      61
      56
      44
      51
      59
      68
      58
      55
      50
      61
      52
      52
      60
      58
      43
      64
      59
      65
      59
      71
      50
      64
      62
      69
      58
      63
      61
      56
      63
      60
      50
      65
      68
      62
      60
      51
      56
      60
      52
      55
      71
      50
      48
      60
      53
      59
      59
      73
      62
      66
      61
      56
      64
      57
      51
      57
      53
      56
      66
      54
      61
      76
      55
      46
      75
      63
      61
      61
      53
      64
      61
      58
      56
      69
      53
      59
      67
      65
      69
      62
      52
      67
      53
      61
      67
      67
      60
      70
      59
      61
      59
      64
      58
      57
      83
      52
      60
      66
      54
      59
      67
      62
      60
      47
      69
      53
      67
      59
      64
      53
      60
      71
      54
      59
      62
      65
      57
      57
      42
      58
      79
      58
      58
      46
      75
      61
      64
      61
      77
      55
      66
      65
      65
      68
      75
      52
      58
      52
      59
      83
      62
      67
      59
      70
      66
      75
      66
      56
      76
      63
      66
      51
      46
      73
      55
      62
      82
      55
      56
      68
      49
      65
      59
      67
      68
      63
      63
      60
      67
      47
      67
      63
      57
      63
      70
      70
      75
      73
      65
      60
      64
      58
      56
      69
      75
      63
      78
      75
      76
      59
      72
      57
      66
      61
      62
      61
      43
      59
      58
      66
      61
      65
      58
      74
      48
      59
      67
      59
      76
      73
      55
      72
      66
      58
      58
      71
      58
      61
      67
      75
      59
      68
      62
      73
      54
      55
      75
      60
      47
      68
      73
      56
      47
      74
      79
      63
      69
      77
      71
      72
      56
      61
      61
      66
      64
      61
      63
      69
      54
      72
      73
      64
      73
      66
      72
      64
      78
      59
      74
      70
      65
      66
      67
      77
      66
      65
      58
      66
      62
      63
      58
      70
      74
      74
      74
      69
      75
      50
      71
      66
      63
      63
      76
      64
      76
      72
      62
      50
      65
      54
      61
      73
      69
      74
      66
      75
      67
      80
      50
      63
      68
      65
      70
      68
      69
      68
      73
      67
      62
      66
      70
      79
      84
      62
      73
      76
      79
      63
      67
      67
      68
      72
      70
      69
      63
      75
      67
      60
      63
      65
      65
      69
      59
      74
      68
      67
      74
      53
      86
      81
      80
      73
      69
      58
      84
      63
      71
      69
      64
      70
      71
      75
      63
      70
      67
      69
      66
      70
      67
      67
      65
      77
      80
      53
      80
      51
      76
      76
      62
      72
      82
      71
      51
      71
      76
      45
      73
      79
      62
      82
      64
      89
      50
      71
      76
      69
      78
      70
      75
      73
      86
      77
      58
      84
      78
      65
      72
      88
      67
      65
      65
      60
      89
      77
      74
      73
      87
      82
      65
      80
      78
      70
      87
      62
      72
      84
      72
      70
      73
      63
      69
      61
      79
      83
      87
      66
      65
      85
      76
      78
      85
      89
      81
      81
      77
      84
      91
      89
      94
      80
      72
      95
      86
     103
      74
      80
      87
      78
      79
      85
      84
      81
      69
      70
      85
      86
     101
      84
      63
     101
      94
      75
      87
      77
      67
      95
      66
      75
      82
      78
      62
      70
      75
      83
      83
      76
      73
      75
      80
      58
      78
      96
      80
      78
      66
      62
      71
      80
      65
      78
      64
      81
      71
      76
      66
      72
      78
      77
      84
      72
      67
      77
      79
      88
      86
      73
      65
      80
      73
      64
      70
      75
      86
      73
      95
      80
      56
      85
      95
      76
      74
      71
      81
      80
      70
      84
      80
      86
      72
      64
      83
      83
      90
      67
      72
      72
      77
      75
      65
      59
      81
      85
      77
      80
     105
      82
      78
      83
      86
      91
      84
      74
      71
      82
      75
      83
      81
      74
      77
      84
      90
      67
      75
      74
      88
      77
      89
      83
      83
      76
      85
      75
      61
      91
      90
      72
      82
      60
      76
      72
      73
      98
      85
      86
      98
      91
      68
      68
      69
      72
      76
      66
      72
      84
      74
      84
      85
      89
      73
      86
      76
      92
      90
      82
      81
      72
      81
      93
      88
      81
      83
      85
      83
      72
      75
      89
      72
      86
      77
      92
      78
      84
      89
      69
      79
      67
      88
      87
      72
      76
      82
      94
      78
      71
      86
      99
      77
      93
      82
      78
      76
      82
      92
      80
      65
      96
      86
     100
      79
      74
      85
      83
      87
      70
      78
      87
      86
      96
      86
      66
      71
      99
      84
      89
      87
      71
      94
      83
      85
      88
     108
      85
      96
      93
      88
      81
     102
      78
      83
     110
      98
      78
      90
      84
      78
      79
      75
      80
      85
      88
      68
      85
      77
      78
      89
      96
      79
      83
      83
      78
      76
      92
      75
      93
      92
      74
      77
      87
      72
      77
      82
      86
      92
     107
      87
      90
      71
      96
      88
      93
     113
      97
      85
      82
      85
      91
      83
      90
      78
      81
      76
      97
      93
      86
      82
      93
      85
      70
      91
      84
      67
      82
     103
      80
      98
      85
      83
      91
      95
      81
      86
     105
      76
      87
      84
     104
      68
      88
      77
      98
      84
      91
      94
      72
      81
      95
      91
      94
      93
      86
      92
      88
      91
      67
      98
      82
      96
      83
      99
      90
      85
      95
      75
     103
      98
      84
      90
      89
      74
      85
      81
      94
      88
      83
      70
      71
      84
      67
      71
      79
      85
      91
      95
      85
      94
      87
      89
      80
     104
      77
      78
      90
      84
      89
      84
      61
      90
      91
      81
      76
      76
      67
      82
      89
      77
      76
      83
      64
      77
      75
      89
      81
      74
      66
      92
      75
      79
      82
      69
      66
      76
      72
      80
      64
      76
      76
      71
      66
      72
      75
      79
      70
      65
      79
      73
      78
      57
      52
      65
      66
      56
      59
      73
      80
      67
      46
      70
      60
      63
      58
      78
      60
      64
      64
      52
      56
      56
      52
      72
      80
      57
      66
      72
      63
      68
      69
      65
      49
      66
      61
      74
      62
      65
      63
      64
      68
      65
      62
      51
      67
      55
      53
      44
      51
      57
      55
      46
      54
      55
      64
      54
      62
      60
      49
      46
      48
      53
      58
      51
      61
      65
      57
      53
      59
      62
      52
      45
      59
      48
      48
      52
      35
      53
      57
      56
      68
      51
      47
      54
      57
      50
      52
      51
      49
      54
      55
      58
      60
      47
      45
      40
      48
      51
      58
      48
      41
      45
      46
      43
      53
      57
      49
      56
      44
      63
      58
      46
      53
      50
      68
      50
      54
      41
      48
      56
      45
      48
      46
      41
      61
      52
      48
      51
      45
      53
      53
      39
      57
      52
      38
      51
      55
      47
      46
      43
      44
      38
      47
      50
      49
      55
      45
      46
      59
      45
      51
      44
      43
      47
      47
      45
      56
      45
      49
      46
      44
      54
      49
      52
      47
      48
      48
      56
      64
      46
      38
      60
      49
      45
      26
      52
      39
      44
      35
      59
      36
      56
      56
      51
      42
      42
      52
      42
      39
      49
      50
      43
      43
      37
      48
      46
      50
      47
      49
      40
      49
      38
      39
      48
      38
      42
      59
      47
      37
      46
      37
      39
      59
      47
      48
      52
      54
      56
      39
      50
      36
      47
      43
      40
      51
      48
      42
      56
      45
      39
      54
      42
      44
      41
      35
      50
      46
      36
      48
      44
      39
      47
      41
      45
      46
      47
      44
      46
      52
      37
      42
      52
      38
      36
      51
      42
      43
      53
      43
      51
      52
      36
      51
      45
      40
      43
      41
      44
      35
      51
      47
      49
      44
      36
      41
      36
      45
      33
      44
      44
      51
      49
      42
      36
      43
      35
      33
      41
      32
      43
      49
      38
      49
      51
      42
      32
      45
      39
      42
      44
      51
      34
      44
      45
      43
      34
      40
      49
      48
      42
      45
      34
      58
      61
      48
      43
      58
      42
      40
      36
      35
      36
      44
      41
      48
      30
      48
      47
      45
      45
      43
      37
      37
      43
      46
      48
      43
      31
      37
      41
      50
      44
      48
      44
      41
      32
      42
      33
      58
      44
      51
      35
      50
      47
      41
      48
      48
      39
      32
      44
      42
      42
      41
      42
      39
      52
      43
      37
      34
      38
      34
      42
      35
      37
      47
      37
      44
      39
      31
      46
      43
      40
      40
      38
      38
      19
      50
      46
      46
      44
      36
      39
      50
      26
      48
      39
      39
      26
      35
      28
      43
      40
      29
      43
      47
      34
      44
      49
      45
      45
      45
      42
      44
      35
      38
      29
      39
      39
      39
      33
      38
      39
      40
      35
      45
      43
      42
      32
      41
      34
      38
      37
      39
      41
      35
      39
      26
      35
      27
      49
      36
      22
      38
      40
      39
      25
      38
      43
      40
      41
      34
      33
      35
      46
      31
      39
      29
      33
      41
      40
      39
      23
      45
      38
      35
      36
      50
      41
      34
      34
      31
      43
      37
      39
      41
      48
      51
      56
      31
      31
      34
      41
      35
      44
      36
      46
      37
      35
      35
      34
      45
      38
      40
      25
      45
      34
      39
      29
      36
      43
      30
      33
      34
      35
      28
      33
      39
      38
      28
      31
      39
      35
      29
      38
      37
      31
      32
      41
      32
      39
      41
      38
      32
      38
      30
      44
      22
      44
      31
      35
      39
      30
      39
      27
      46
      45
      45
      44
      36
      32
      42
      42
      35
      28
      18
      38
      32
      38
      34
      35
      34
      30
      31
      32
      34
      37
      33
      40
      31
      39
      38
      35
      30
      34
      30
      39
      42
      29
      38
      40
      28
      34
      41
      44
      30
      32
      36
      35
      32
      33
      41
      33
      41
      34
      34
      42
      32
      45
      31
      32
      37
      26
      31
      40
      37
      35
      54
      23
      33
      32
      28
      27
      28
      22
      27
      30
      40
      31
      38
      37
      27
      40
      25
      35
      22
      36
      35
      32
      31
      21
      27
      39
      26
      24
      29
      32
      41
      29
      27
      39
      33
      38
      37
      36
      36
      18
      30
      25
      35
      28
      36
      19
      38
      29
      35
      29
      31
      36
      35
      29
      29
      20
      26
      23
      25
      28
      47
      32
      31
      29
      30
      29
      29
      22
      33
      32
      25
      36
      41
      35
      25
      29
      32
      33
      30
      25
      25
      38
      27
      28
      30
      39
      41
      31
      38
      32
      26
      32
      30
      30
      27
      35
      24
      23
      27
      23
      32
      26
      36
      39
      36
      27
      24
      26
      26
      25
      21
      25
      32
      25
      34
      29
      25
      21
      23
      24
      25
      36
      30
      22
      28
      32
      27
      32
      21
      40
      31
      27
      28
      34
      26
      27
      33
      29
      28
      30
      21
      30
      31
      21
      31
      32
      26
      28
      23
      33
      23
      32
      29
      28
      30
      27
      25
      25
      30
      20
      30
      29
      20
      24
      22
      33
      22
      32
      24
      28
      28
      19
      29
      23
      22
      32
      40
      23
      23
      21
      32
      27
      32
      27
      23
      19
      21
      28
      23
      26
      25
      21
      25
      28
      26
      32
      29
      27
      35
      26
      23
      21
      29
      25
      23
      24
      26
      34
      19
      23
      29
      37
      20
      26
      27
      39
      22
      30
      21
      31
      31
      26
      28
      35
      28
      33
      18
      20
      32
      30
      25
      31
      20
      22
      22
      24
      21
      26
      24
      20
      29
      28
      32
      31
      19
      25
      24
      31
      21
      25
      18
      19
      28
      27
      25
      28
      24
      26
      20
      26
      21
      22
      18
      29
      15
      16
      17
      25
      20
      27
      24
      28
      17
      23
      20
      23
      22
      21
      22
      26
      15
      28
      25
      20
      19
      27
      22
      20
      22
      20
      26
      31
      22
      22
      20
      16
      21
      18
      28
      17
      17
      24
      13
      19
      17
      26
      19
      15
      22
      24
      29
      23
      12
      27
      20
      26
      30
      17
      26
      26
      17
      17
      15
      18
      18
      22
      19
      25
      20
      19
      22
      25
      17
      17
      29
      10
      17
      23
      17
      22
      17
      15
      22
      22
      27
      20
      26
      26
      14
      31
      17
      15
      18
      20
      22
      25
      25
      27
      26
      19
      23
      17
      23
       9
      21
      17
      12
      17
      16
      20
      16
      21
      15
      21
      21
      19
      12
      13
      14
      20
      15
      12
      13
      16
      21
      27
      18
      30
      15
      26
      22
      16
      25
      26
      23
      19
      15
      14
      23
      13
      21
      20
      17
      22
      17
      26
      17
      21
      15
      12
      11
      17
      16
      26
      18
      16
      13
      14
      22
      10
      21
      20
      19
      18
      18
      20
      10
      17
      15
      21
      16
      29
      12
      21
      21
      22
      20
      17
      15
      15
      16
      22
       8
      23
      19
      14
      16
      23
      19
      17
      13
      26
      17
      15
      14
      14
      17
      21
      11
      13
      24
      22
      13
      22
      13
      19
      21
      23
      17
      11
      21
      11
      22
      19
      14
      16
      14
      19
      14
      19
      14
      10
      21
      22
      18
      12
       9
      14
      17
      22
      15
      13
      19
      12
      16
      13
      16
      13
      16
      17
      14
      10
       9
      13
      14
      15
      21
      23
      20
      17
      20
      21
      19
      17
      10
      22
      13
      24
      20
      16
      20
      18
      12
      12
      17
      17
      11
      13
      22
      14
      16
      10
       9
      10
      14
       9
      15
      12
       9
      18
      17
      18
      18
      19
       7
      14
      20
      15
      15
      16
      20
      13
      15
      13
      19
      19
      19
       8
      10
      13
      12
      17
      19
      15
      17
      19
       7
      17
      18
      17
       9
      16
      10
      11
      12
      15
      18
      17
      19
      14
      13
      17
       7
      18
      11
      20
      10
      14
      12
      15
      19
      17
      10
      11
      17
      13
       7
      15
      12
      13
      18
      14
      21
      16
      13
      12
      15
      11
      12
      17
      16
      16
      13
       9
      14
       9
      11
      23
      19
      18
      11
      13
      15
      14
      16
      11
      22
      15
      16
      11
      22
      12
      10
      13
      16
      17
      20
      13
       9
      15
      14
      15
      13
      21
       6
      12
      15
       9
       9
      16
      13
      11
      13
       9
      13
      15
       9
      19
      16
      13
      19
      22
      12
      13
       8
      10
      14
       9
      10
      14
      22
      14
      16
      12
      12
      15
      11
       9
      12
      17
      10
      15
       8
      10
      10
      22
      10
      16
      19
       7
       8
      14
      17
      19
      12
      10
       9
      18
      13
       8
      14
       6
       9
      11
      11
      18
      17
      17
      12
      10
      13
      13
      18
      12
      16
      18
      21
      22
      14
       5
      18
      15
      19
       9
      10
       7
      14
      18
      12
      10
      11
      10
      11
      14
      14
      13
      12
      12
       9
      10
       8
      13
      15
      19
      11
      16
      11
       8
      11
      12
      17
      18
      17
      17
      12
      16
      13
      14
      10
      14
       9
      12
      15
      14
      16
       9
      10
      14
      10
       8
       9
      14
      15
       8
      11
      20
      13
      18
      15
      12
      16
       9
      12
      13
      14
      13
      18
      12
       8
      12
      12
       9
      16
      19
      12
      13
       8
       8
      14
      13
      18
      10
      17
       9
      14
      10
      13
       8
      10
      12
      11
      14
      13
      10
      15
      13
       8
      14
      16
      11
      17
      13
       9
      14
      14
      15
      19
      12
      18
      17
       6
      13
      10
      13
      11
      12
      14
       5
       9
      13
      13
      12
      12
      15
      15
      15
      20
      11
      10
      12
      18
      14
      17
      20
       9
      10
      15
       8
      17
      11
      16
      11
      12
      13
      13
      15
      12
      14
      15
      14
      13
      10
      10
      16
      11
      12
       8
      16
      17
      14
      12
      11
      11
       9
      10
      19
      15
      13
      12
      14
      12
      10
       8
      10
       9
      11
      11
       8
      11
      17
       7
       8
      13
      11
      10
      21
      10
      14
       7
      15
      20
      12
      14
      11
      12
      14
      14
      11
      11
      18
       7
      14
      12
      12
      10
      10
      11
       7
      15
      15
      13
       8
      18
      10
      13
      14
      20
      13
      14
      13
      10
       9
       4
      15
      14
      14
      10
      15
      13
       9
       8
      11
      13
       9
      15
       8
      13
      11
      13
      14
       8
      10
      14
      10
      10
      16
       9
       6
       9
       7
      16
      12
      12
      10
      13
      14
       7
       5
      13
      16
      15
      13
      13
      12
       8
       9
      15
      12
      16
       9
       8
      12
       7
      12
      12
      14
      20
      15
       7
      10
      14
      16
      16
      15
      10
      11
      12
      11
      11
      10
      14
       8
      10
      12
       6
      15
      10
      10
       8
      17
      18
       9
       5
      12
      19
      15
      10
      15
      15
      11
      16
      12
      12
       8
      17
      14
      10
      14
      14
      14
      13
      11
      14
      11
      15
      11
      15
      13
      14
      14
       3
      11
       7
      12
      15
      11
      12
      12
       8
      13
       9
      14
      15
      21
      10
      13
      12
      11
       8
      14
      12
      13
       9
      12
      17
      13
       5
      12
      12
      16
      14
       9
      10
      14
      17
      18
      15
      10
      14
      11
      11
      11
      16
      18
       8
      11
      15
       9
      13
      13
      14
      12
      11
      19
      18
       8
      15
      10
      11
      11
      12
      13
      10
      11
      13
      11
       8
       9
      12
      12
      17
       8
      11
       9
      13
      12
       8
      16
      10
      10
      13
      12
       9
      17
      13
      14
      16
       9
       7
      13
       8
      17
      16
      11
      16
      11
       6
      13
      13
       8
      12
      13
      19
      11
      11
      16
      13
      16
      12
      14
      16
      10
      15
      10
      10
      12
      16
      14
      10
       9
      19
      16
      11
      12
      12
       7
      11
       5
      11
      13
      23
       7
       9
      12
      18
      10
      12
      13
      18
      12
      14
      15
      10
      19
      18
      13
      13
      17
      13
      13
      13
      11
      10
      13
      10
       6
       9
      10
      14
      21
      10
      15
      12
      10
      14
      11
      10
      12
      12
      10
      12
      18
      13
      13
      10
      13
       7
      14
       7
      23
      13
      12
      13
      16
      13
      11
      10
      15
       7
      16
      10
      14
       7
      11
      13
       6
      18
      10
      19
      13
      20
       9
      15
      12
      10
      12
      14
      13
      20
       6
      10
      14
      11
      10
       9
      13
      17
      13
      17
       6
      13
      20
      10
      16
      12
      15
      13
      11
      11
      17
      14
       7
      10
      12
       6
      22
      19
      14
       5
      10
      11
      19
      14
      16
       7
      16
      19
      12
      16
      11
      14
      14
      10
      12
      18
      14
      18
      15
      18
      14
      11
      11
      14
      10
      18
      11
      18
      14
       9
      11
      13
      14
      13
       5
      16
      15
      14
      16
      11
       9
       8
       9
      10
      15
      11
      17
      12
      15
      11
      10
      15
      11
      11
      13
      14
      15
      17
       8
      20
      16
      12
      11
      12
      11
      14
      13
      16
       8
      12
      12
      17
      12
      13
      12
       8
      17
      12
      11
      16
      13
      10
      18
      16
      10
      15
      15
      14
      12
      17
      13
      16
      13
      16
      10
      23
      10
      14
      16
      22
      15
      18
      12
      18
      10
      13
       9
      10
      16
       7
       7
      16
      13
       9
      11
      14
      18
      23
      13
      17
      17
      18
      27
      15
      13
      16
      13
      15
      14
      14
      15
      23
      12
      13
      10
      17
      11
      16
      15
       8
      15
      10
      23
      15
      12
      17
      17
      21
      14
      24
      20
      23
      15
      18
      11
      12
      16
      17
      20
      20
      18
      11
      19
      18
      19
      15
      21
      18
      16
      14
      27
       7
      21
       8
      21
      20
      23
      22
      18
      23
      17
      25
      21
      26
      21
      19
      19
      18
      20
      17
      29
      26
      16
      28
      20
      25
      24
      34
      26
      36
      39
      35
      40
      40
      47
      59
      64
      80
      82
      90
     106
     105
     129
     165
     191
     239
     287
     318
     359
     451
     533
     669
     761
    1007
    1074
    1257
    1609
    1795
    1986
    2396
    2646
    3005
    3288
    3539
    3734
    4097
    4089
    4120
    4247
    4152
    3962
    3744
    3585
    3231
    2927
    2453
    2133
    1842
    1573
    1306
    1021
     821
     608
     436
     355
     227
     209
     167
     118
      80
      67
      58
      33
      25
      26
      24
      17
      21
      26
      24
      20
      16
      16
      16
      19
      21
      19
      11
      17
      21
      21
      16
      15
      10
      26
       8
      24
      19
       9
      28
      15
      15
      22
      11
      12
      15
      12
      13
      19
      21
      18
       8
      18
      15
      15
      12
      11
      16
       7
      10
      13
      14
      14
      12
      11
       7
       8
      12
      13
      18
      16
      12
      13
      10
      14
      15
       6
       9
      12
      17
      16
      15
       8
      17
      13
       7
      14
      13
      14
      12
      14
       8
       7
       6
      10
      10
      11
      10
      19
      15
       9
       9
       8
      13
      13
       9
      10
      11
       5
       5
       9
      13
      15
       5
       6
       9
      10
       8
       7
       4
      12
      12
       5
       9
       9
       7
       8
       9
      12
      10
      11
      12
       9
      10
      10
       6
      13
       9
       7
       8
       8
      10
      13
      10
       7
       9
       9
      12
       5
       8
      11
       9
       6
      11
      14
      14
      12
      12
      12
      10
       7
       9
      13
       8
      12
      10
       8
       8
      10
       6
       8
      11
       5
      10
      11
      10
       7
      13
      10
       8
       3
      10
       7
      11
      12
       9
       8
      10
       8
       8
       3
       4
       8
       5
       5
       7
       6
       6
       9
       3
      10
       4
       8
       3
       9
      14
      10
       8
      10
      12
       9
       6
       4
       9
       7
       8
       9
       7
       9
      11
       9
      14
       9
       7
       9
       6
      12
       6
       5
       6
       6
       7
      11
       8
       9
      15
      11
       3
       9
       7
       7
       7
       8
       7
      10
      11
      11
       5
      10
       5
       5
       6
       9
      11
      11
      16
       7
       7
       6
       6
       6
       7
       5
       4
       7
       7
      10
       7
       4
       8
       8
       9
       8
       9
      11
       8
       3
       5
       6
       8
       4
      10
       4
       6
       6
       6
       4
       6
      11
       8
      11
      14
       7
       6
      11
       7
       8
       6
       7
       8
       9
       5
       5
       7
       2
       9
       8
       3
       9
       8
       6
      10
       7
      10
       7
       8
       7
       5
       5
       8
       5
      13
       5
       5
      13
       5
       5
      11
      10
       7
      11
       8
       6
       8
       9
       7
       3
       9
      10
       7
      11
       6
       9
       7
       3
       5
       7
       6
       7
      11
       8
      11
       8
       6
       4
      11
       8
       5
       7
       9
       7
       6
       8
       9
       7
      11
       8
       5
       9
       9
       9
       8
       7
      15
       8
       3
       1
       9
       5
       6
       5
      10
       3
       5
      11
       9
       7
       4
       6
       5
       6
       8
       6
       6
      13
      11
       7
       8
       8
       4
       7
      10
       7
       4
       6
       3
       9
       9
      11
      12
       6
       3
       8
       7
       9
       2
       5
       9
       5
      10
       7
       6
       7
       8
       5
       5
      12
      10
       9
       4
       6
       5
       7
       2
       5
       5
       7
      14
       7
      10
       6
       7
      11
       3
      10
       4
       6
       1
       8
       7
       6
       8
       4
      10
       5
       3
       6
       9
      11
       9
       5
       5
       7
       8
       6
       6
       4
       5
       6
      10
      11
       7
       6
       4
       7
       5
       6
       4
       9
      12
       4
       5
       3
       4
      10
       6
       5
       6
       7
       2
      11
       2
       5
       9
       7
       5
       6
       5
       2
       9
       9
       3
       4
      11
       7
      10
       5
       8
       4
       5
       6
      12
      10
      10
       5
       9
       7
       4
       7
       3
       6
       7
       9
       5
       4
       8
       6
       7
       3
       3
       4
       4
       6
       8
       7
       5
       2
       8
       6
       5
       2
       3
       3
       8
       6
       4
       9
       5
       7
       2
       6
      13
       5
       5
       7
       3
       5
       4
      13
       7
       7
       3
       3
       3
       6
       4
       9
       4
       8
       6
      10
       3
       8
       2
       5
       8
       2
       6
       8
       4
       7
       6
       4
       8
       4
       3
       3
       3
       5
       7
       9
       7
       5
      11
       6
       9
       9
       6
      11
       5
      13
       3
       7
      10
       5
      11
       9
       6
       4
       7
       6
       4
       5
       5
       5
       8
       5
       5
       5
       9
       7
       6
       4
       9
       7
       4
       6
       5
       6
       5
      10
       5
       6
       3
      10
       9
       6
       4
       6
       7
       5
       8
       9
       8
       4
       4
      10
       4
       6
       1
       6
       6
      15
       9
       4
       6
       3
       9
       7
       4
       6
       4
       8
       5
       6
       3
      12
       4
       4
       4
       5
       7
       6
       4
       5
       3
       7
       4
       7
       6
       5
       7
       7
       3
       7
       8
       7
       8
       3
       4
       9
       2
       8
       4
       6
       4
       8
       7
       5
       3
       4
       7
       1
       2
       3
       5
       8
       6
       8
       5
       4
       6
       6
       6
       7
       4
       2
       4
       2
       5
       6
       6
       6
       6
       7
       5
       5
       6
       4
       8
       3
       6
       6
       5
       6
       5
       6
       3
       6
       4
      13
       9
       4
       8
       4
       3
       7
       6
       5
       5
       5
       8
       4
       6
       1
       2
       4
       6
       6
       5
       3
       7
       7
       5
       3
       6
       3
       4
       2
       3
      11
       5
       5
       7
      11
      11
       7
       5
       6
       5
       8
       2
       6
       5
       3
      11
       9
       4
       1
       3
       7
       9
       2
       1
       5
       6
       6
       6
      10
       5
       2
       4
       2
       6
       4
      11
       7
       7
       9
       7
       6
       5
       6
       6
       4
       7
       8
       7
       4
       2
       1
       7
       8
       8
       6
      11
       3
       5
       2
       7
       9
       7
       9
       6
       8
       6
       5
       4
       4
       7
       4
       5
       6
       4
       6
       6
       8
      10
       5
       8
       3
       9
       8
       4
       4
       6
       8
       8
       9
       7
       8
       6
       3
       3
      11
       7
       5
       5
       4
       4
       5
       4
       8
       4
       8
       9
       9
       2
       6
       4
       5
       4
       4
       7
      10
       8
       9
       3
       4
       3
       3
       8
       7
       7
       4
       5
       3
       3
      13
       3
       1
       4
       4
       3
       5
       3
       6
       4
       5
       8
       8
       4
       4
      14
       4
       8
       4
       5
       4
       6
       5
       8
       4
       5
       6
       4
       6
       4
       6
       6
       3
       4
       6
       7
       6
       6
       7
       6
      10
       5
       2
       3
       4
       3
       6
       6
       1
       4
       5
       9
       5
       5
       5
       4
       8
      10
       4
       5
       3
       8
       6
       3
       5
       4
       4
       8
       1
      12
       6
       4
       3
       3
       3
       7
       4
       5
       9
       8
      12
       4
       4
       2
       5
       6
       9
       7
       6
       5
       5
       5
       4
       5
       3
       3
       3
       6
       7
       6
       2
       5
       4
       6
       4
       7
       5
       2
       4
       1
      10
       5
       6
       7
       8
       1
       5
       1
       4
       5
       7
       5
       8
       5
       8
      10
       8
      10
       5
       1
       2
       2
       6
       8
       6
       9
       5
       9
      14
      12
       2
       5
       4
       4
       0
       3
       6
       6
       4
       2
       2
       5
       5
       7
       5
      11
       6
       7
       5
       4
       4
       6
       5
       4
       6
       4
       6
       8
       6
       7
       7
       8
       2
       3
       8
       4
       7
       4
       7
       3
       4
       1
       1
       3
       3
       5
       6
       8
       5
       4
       6
       7
       5
       9
       4
       7
       4
       4
       3
       5
       5
       7
       9
       6
       1
       6
      10
       4
       4
       6
       9
       5
       4
       3
       7
       6
       6
       4
       2
       5
       6
       8
       4
      10
       4
       8
       5
       8
       7
       3
      11
       8
       3
       4
       4
       6
       7
       8
       3
       7
       7
       3
       3
       3
       1
       1
       5
       5
       7
       3
       7
       5
       9
       8
       8
       4
       7
       6
       5
       4
       4
       5
       6
       3
       4
       8
       5
       8
       6
       7
       2
       5
       5
       8
       4
       6
       5
       7
      11
       5
       7
       6
       3
       6
       5
       3
       6
       7
       6
       4
       3
       6
       4
       6
       2
       8
       7
       5
       6
       1
       9
       2
       7
       9
       6
       3
       4
       5
       7
       4
       7
       3
       3
       3
       2
       5
       5
       4
       8
       3
       3
       7
       6
       5
       8
       6
       6
       7
       3
       6
       4
       3
       4
       2
       3
       5
       6
       7
       1
       5
       4
       3
       3
       5
       2
       4
       6
       3
       4
       6
       9
       2
       5
       4
       7
       8
       3
       6
       8
       4
       5
       9
       3
       7
       6
       3
       1
       8
       6
       3
       8
       8
      16
       4
       6
       2
       2
       6
       3
       4
       5
       7
       2
       4
       5
       4
       8
       1
       5
       2
       6
       5
       2
       3
       7
       3
       8
       5
       2
       6
       6
       5
       8
       4
       6
       4
       8
       3
       3
       7
       6
       7
       5
       8
       0
       4
       8
       5
       6
       3
       1
       6
       7
       5
       6
       5
       6
       3
       5
       3
       2
       7
      11
       3
       4
       1
       7
       3
       4
       5
       2
       3
       4
       9
       5
       3
       3
       7
       6
       8
       7
       3
       4
       9
       8
       4
       8
       4
       5
       7
       6
       4
       2
       4
       5
      10
       5
       6
       5
       1
       2
       5
       3
       2
       6
       4
       6
       4
      10
       2
       8
       1
       5
       6
       4
       2
       3
       3
       5
       2
       7
       4
       4
       2
       7
       5
       7
       1
       7
       5
       7
       8
       2
       7
       2
       5
       6
       2
       6
       9
       3
       4
       3
       7
       9
       4
       3
       5
       7
       7
       4
       5
       5
       8
       8
       5
       7
       2
       4
       2
       2
       3
       8
       4
       5
       4
       2
       1
       2
       5
       3
       1
       8
       6
       3
       0
       0
       6
       3
       2
       9
       5
       3
       1
       5
       3
       6
       3
       3
       5
       3
       8
       2
       7
       2
       2
       3
       6
       0
       3
       3
       5
       5
       4
       3
       5
       4
       5
       2
       9
       8
       4
       4
       8
       1
       4
       2
       6
       8
       1
       7
       5
       3
       4
       5
       4
       8
       5
       9
       3
       1
       8
       9
       6
       5
       5
       7
       6
       2
       5
       1
       3
       1
       6
       4
       6
       4
       7
       3
       1
       5
       6
       5
       7
       6
       7
       5
       4
       1
       6
       5
       7
       2
       8
       4
       5
       5
       1
       7
       9
       1
       4
       3
       5
       3
       5
       7
       7
       7
       5
       6
       4
       3
       6
       2
       3
       8
       2
       4
       7
       2
       6
       8
       5
       3
       3
       5
       6
       6
       3
       6
       5
       7
       7
       3
       5
       2
       1
       5
       8
       7
       6
       7
       5
       4
       4
       3
       5
       9
       4
       3
       6
       4
       0
       9
       1
       2
       2
       8
       3
       4
       3
       2
       2
       6
       8
       3
       6
       7
       6
       2
       4
       4
       5
       7
       2
       1
       6
       5
       2
       5
       7
       8
       3
       7
      10
       2
       4
       3
       5
       8
       5
       3
       1
       7
       2
       3
       8
       4
       1
       5
       7
       4
       3
       4
       4
       3
       3
       7
       3
       1
       5
       1
       6
       7
       5
       0
       6
       3
       2
       4
       3
       4
       3
       6
       4
       3
       4
       8
       8
       4
       7
       5
       4
       1
       8
       5
       6
       6
       4
       9
       3
       6
       6
       6
       5
       2
       4
       2
       4
       3
       3
       5
       5
       5
       5
       3
       6
       7
       5
       1
       7
       3
       0
       4
       7
       3
       7
       2
       4
       4
       8
       7
       9
       3
       7
       4
       8
       9
       2
       0
       6
       5
       4
       6
       3
       2
       8
       1
       3
       4
       4
       4
       8
       7
       2
       5
       2
       7
       4
       5
       3
       3
       4
       4
       9
       2
       7
       6
       7
       5
       6
       5
       2
       4
       6
       6
       2
       4
       7
       2
      10
       3
       5
       7
       8
       4
       3
       3
       5
       8
       2
       3
       6
       4
       4
       6
       7
       2
       5
       3
       6
       4
       6
       6
       3
       7
       5
       3
       9
       1
       3
       5
       5
       8
       5
       2
       6
       3
       5
       4
       5
       4
       6
       4
       6
       4
       5
       5
       5
       6
       8
       5
       6
       5
       8
       6
       8
       6
       9
       5
       4
       6
       5
       6
       6
       3
       3
       7
       6
       4
       4
      10
       8
       7
       5
      13
       6
       8
       7
       7
       7
       9
      15
      12
      13
      19
      21
      16
      11
      13
      16
      14
      16
      25
      14
      14
      21
      11
       8
      15
      11
      15
       7
      13
      11
       8
       6
       8
       8
       8
       3
       5
       4
       3
       6
       3
       4
       5
       5
       4
       5
       3
       2
       6
       4
       3
       1
      10
       3
       4
       6
       4
       3
       6
       4
       2
       6
       8
       3
       2
       4
       7
       4
       5
       0
       3
       5
       3
       3
       6
       2
       1
       3
       5
       8
       2
       4
       7
       3
       1
       4
       3
       1
       8
       4
       2
       5
       4
       8
       5
      11
       2
       4
       3
       7
       7
       5
       2
       6
       4
       9
       3
       4
       6
       3
       4
       5
       4
       4
       2
       3
       7
       5
       3
       4
       5
       7
       2
       6
       3
       6
       4
       2
       6
       4
       5
       5
       5
       5
       2
       4
       5
       7
       6
       7
       6
       8
       2
       1
       4
       2
       3
       1
       5
       3
       6
       2
       2
       0
       9
       5
       6
       3
       4
       5
       4
       7
       3
       5
       7
       2
       5
       6
       5
       3
       5
       3
       6
       6
       8
       5
       3
       9
       5
       2
       8
      10
       2
       6
      11
       1
       4
      11
       3
       3
       6
       6
       6
       7
       2
       2
       7
       4
       5
       5
       3
       6
       2
       4
       6
       1
       2
       1
       4
       1
       3
       2
       5
       4
       3
       6
       4
       3
       3
       3
       6
       4
       5
       4
       6
       2
       3
       4
       4
       6
       4
       3
       5
       5
       1
       7
       3
       1
       4
       5
       7
       6
       7
       1
       0
       5
       2
       4
       6
       5
       7
       7
       4
       6
       5
       6
       5
       6
       6
       7
       3
       3
       4
       4
       4
       2
       6
       2
       4
       7
       4
       3
       5
       2
       2
       7
       3
       5
       7
       5
       6
       5
       1
       6
       4
       2
       2
       2
       0
       1
       4
       1
       6
       3
       7
       2
       7
       6
       6
       3
       6
       4
       5
       9
       4
       2
       3
       5
       3
       3
      11
       2
       7
       6
       6
       7
       5
       9
       3
       3
       5
       5
       3
       5
       8
       5
       3
       2
       5
       5
       5
       5
       7
       6
       4
       3
       3
       6
       3
       6
       8
       4
       7
       9
       3
       1
       5
       5
       7
       4
       3
       6
       7
       6
       5
       4
       2
       7
      10
       1
       4
       2
       5
       2
       9
       2
       6
       4
       3
       4
       8
       3
       2
       7
       3
       4
       3
       6
       4
       8
       6
       6
       3
       3
       2
       6
       5
       8
       5
       5
       5
       3
      10
       6
       7
       3
       6
       2
       5
       3
       2
       3
       8
       6
       4
       8
       4
       2
       6
       5
       1
       1
       4
       9
       4
       3
       5
       2
       6
       4
       7
       5
       4
       4
       3
       5
       6
       4
       5
       4
       8
       7
       3
       4
       6
       4
       9
       4
       2
       6
       4
       4
       6
       1
       3
       4
       4
       5
       2
       8
       5
       1
       4
       5
       4
       5
       9
       7
       0
       3
       2
       5
       6
       4
       4
       6
       4
       4
       3
       4
       4
       5
       7
      13
       5
       4
       5
       2
       2
       4
       6
       5
       5
       5
       5
       3
       2
       5
       4
       3
       6
       5
       7
       8
       7
       3
       2
       5
       5
       6
       4
       2
       4
       3
       4
       8
       3
       3
       3
       5
       3
       7
       1
       9
       4
       4
       6
       3
       3
       2
       6
       4
       4
       5
       4
       3
       3
       7
       1
       6
       3
       4
       6
       4
       1
       6
       5
       7
       8
       2
       6
       3
       4
       8
       4
       2
       2
       3
       3
       5
       2
       2
       8
       0
       4
      10
       3
       1
       3
       2
       6
       3
       6
       2
       6
       6
       5
       4
       4
       1
       5
       5
       5
       2
       6
       9
       6
       1
       3
       3
       4
       5
       3
       2
       4
       2
       3
       4
       4
       4
       5
       3
       5
       4
       7
       5
       5
       5
       0
       1
       4
       5
       5
       4
       4
       5
       3
       5
      10
       4
       3
       5
       6
       5
       1
       4
       4
       6
       8
       1
       1
       4
       5
       4
       3
       7
       1
       2
       3
       9
       2
       5
       8
       3
       3
       2
       3
       7
       4
       2
       6
       2
       6
       2
       6
       8
       4
       2
       6
       2
       6
       1
       6
       5
       6
       1
       5
       3
       5
       5
       3
       8
      10
       3
       3
       5
       3
       2
       5
       3
       3
       5
       7
       5
       2
       8
       2
       8
       5
       5
       4
       2
       2
       3
       9
       2
       5
       5
       3
       3
       5
       4
       3
       3
       8
       6
       9
       2
       5
      10
       4
       6
       3
       3
       5
       4
       6
       5
       4
       4
       5
       5
       4
       8
       1
       7
       9
       4
       4
       4
       5
       1
       6
       6
       8
       1
       2
       0
      11
       3
       6
       0
       4
       1
       4
       3
       3
       6
       5
       4
       7
       2
       4
       5
       2
       5
       7
       0
       2
       6
       3
       3
       4
       8
       7
       6
       5
       6
       4
       5
       7
       6
       2
       2
      10
       5
       7
       4
       3
       3
       7
       7
       1
       3
       7
       3
       3
       5
       0
       6
       5
       6
       7
       9
       5
       3
       6
       4
       5
       7
       3
       2
       7
       4
       4
       5
       6
       5
       4
       6
       7
       4
       3
       3
       4
       4
       3
       5
       5
       7
       4
       3
       3
       1
       5
       4
       8
       6
       3
       5
       4
       5
       5
       8
       8
       3
       5
       4
       1
       6
       2
       5
       2
       6
       5
       7
       1
       4
       6
       1
       4
       7
       8
       3
       5
       4
       3
       4
       3
       3
       2
       4
       7
       5
       6
       7
       3
       3
       4
       4
       3
       5
       1
       6
       8
       7
       1
       1
      10
       6
       7
       2
       2
       4
       5
       5
       6
       5
       8
       8
       7
       4
       4
       5
       7
       4
       3
       4
       5
       5
       4
       3
       2
       6
       7
       6
       5
       4
       2
       8
       6
       3
       5
       4
       2
       3
       5
       9
       2
       2
       3
       3
       2
       6
       5
       6
       2
       5
       9
       7
       4
       5
       5
       4
       5
       4
       5
       5
       7
       4
       2
       2
       3
       2
       5
       2
       6
       5
       6
       2
       6
       8
      13
       6
       7
       5
       6
       4
      11
       3
       3
       7
       4
       1
       7
       4
       4
       7
       2
       3
       3
       8
       3
       8
       4
       3
       3
       5
       2
       3
       3
       3
      10
       5
       5
       3
       7
       2
       3
       8
       3
       8
       3
       9
       2
       3
       2
       7
       3
       8
       7
       2
       5
       3
       8
       3
       3
       5
       2
       5
       3
       4
       5
       5
       3
       2
      11
       4
       8
       8
       4
       5
       5
       2
       8
       2
       7
       5
       8
       9
       7
       3
       8
       3
       0
       6
       4
       5
       5
       7
       7
       6
       6
       5
       4
       3
       2
       7
       2
       6
       6
       8
       4
       9
       7
       3
       6
       6
       4
       8
       5
       5
       1
       6
       1
       4
       9
       9
       6
       4
       5
       2
       6
       2
       7
       7
       4
       5
       4
       4
       7
       7
       6
       4
       7
       6
       4
       3
       7
       5
       3
       1
       4
       4
       5
       3
       4
       3
       7
      10
       5
       2
       7
       4
       4
       8
       5
       6
       5
       8
       8
       4
       6
       8
       4
       3
       0
       7
       3
       5
       2
       4
       5
       1
       6
       5
       7
       6
       6
       3
       7
       9
       6
       7
       4
       6
       3
       6
       1
       4
       5
       0
       5
       7
       2
       3
       7
       2
       4
       5
       7
       5
       4
       4
       2
       4
       4
       7
       5
       2
       6
       8
       7
       8
       8
       2
       6
       7
       4
       4
       6
       3
       3
       8
       6
       4
       2
       1
       9
       4
       7
      10
       4
       6
       2
       4
       4
       1
       1
       6
       6
       7
      11
       3
       6
       4
       1
       4
       4
       0
       2
       3
       6
       5
       1
       3
       3
       5
       5
       2
       3
       4
       7
       3
       4
       2
       1
       4
       8
       5
       4
       2
       0
       7
       5
       2
       3
       4
       3
       8
       7
       8
       3
       6
       5
       2
       3
       3
       4
       3
       5
       2
       4
       4
       6
      10
       8
       2
       4
       9
       5
       4
       5
       2
       5
       4
       4
       7
       2
       2
       7
       1
       4
       4
       2
       2
       5
       4
       4
       2
       3
       4
       4
       8
       6
       5
       1
       4
       3
       2
       5
       3
       3
       1
       7
       6
       6
       3
       3
       5
       1
       2
      10
       7
       3
       5
       3
       1
       3
       3
       4
       2
       3
       8
       2
       6
       5
       2
       9
       4
       5
       4
       5
       7
       3
       2
       2
       3
       5
       3
       5
       6
       3
       7
       3
       4
       2
       6
       2
       1
       2
       4
       3
       6
       3
       5
       3
       7
       4
       3
       1
       3
       2
       5
       4
       3
       2
       6
       6
       7
       6
       5
       1
       6
       6
       4
       3
       6
       6
       7
       3
       4
       1
       1
       3
       6
       6
       9
       2
       4
       4
       2
       1
       3
       4
       4
       8
       5
       0
       4
       0
       2
       5
       4
       6
       2
       2
       2
       3
       2
       6
       4
       2
       6
       5
       6
       8
       4
       5
       4
       2
       0
       1
       5
       4
       6
       5
       2
       1
       5
       5
       5
       3
       1
       4
       6
       4
       2
       2
       5
       1
       4
       3
       4
       4
       3
       7
       3
       0
       8
      10
       4
       2
       4
       4
       3
       7
       3
       5
       5
       4
       2
       3
       3
       2
       7
       2
       4
       3
       1
       4
       7
       5
       5
       4
       4
       5
       1
       3
       5
       6
       8
       3
       3
       3
       4
       7
       4
       2
       4
       5
       4
       3
       4
       6
       3
       5
       3
       3
       2
       3
       7
       3
       4
       8
       4
       4
       2
       6
       6
       6
       2
       2
       2
       2
       2
       1
       3
       5
       3
       5
       3
       3
       4
       4
       4
       6
       4
       4
       1
       1
       3
       5
       4
       4
       4
       4
       5
       2
       6
       3
       5
       4
       4
       9
       4
       5
       6
       6
       4
       4
       5
       3
       5
       2
       4
       4
       5
       4
       4
       6
       4
       4
       4
       3
       3
       3
       7
       5
       2
       1
       0
       0
       0
       0
       0
       0
       0
       0
       0
       0
       0
       0
       0
       0
       0
       0
       0
       0
       0
       0
       0
       0
       0
       0
       0
       0
       0
       0
       0
       0
       0
       0
       0
       0
       0
       0
       0
       0
       0
       0
       0
       0
       0
       0
       0
       0
       0
       0
       0
       0
       0
       0
       0
       0
       0
       0
       0
       0
       0
       0
       0
       0
       0
       0
       0
       0
       0
       0
       0
       0
       0
       0
       0
       0
       0
       0
       0
       0
       0
       0
       0
       0
       0
       0
       0
       0
       0
       0
       0
       0
       0
       0
       0
       0
       0
       0
       0
       0
       0
       0
       0
       0
       0
       0
       0
       0
       0
       0
       0
       0
       0
       0
       0
       0
       0
       0
       0
       0
       0
       0
       0
       0
       0
       0
       0
       0
       0
       0
       0
       0
       0
       0
       0
       0
       0
       0
       0
       0
       0
       0
       0
       0
       0
       0
       0
       0
       0
       0
       0
       0
       0
       0
       0
       0
       0
       0
       0
       0
       0
       0
       0
       0
       0
       0
       0
       0
       0
       0
       0
       0
       0
       0
       0
       0
       0
       0
       0
       0
       0
       0
       0
       0
       0
       0
       0
       0
       0
       0
       0
       0
       0
       0
       0
       0
       0
       0
       0
       0
       0
       0
       0
       0
       0
       0
       0
       0
       0
       0
       0
       0
       0
       0
       0
       0
       0
       0
       0
       0
       0
       0
       0
       0
       0
       0
       0
       0
       0
       0
       0
       0
       0
       0
       0
       0
       0
       0
       0
       0
       0
       0
       0
       0
       0
       0
       0
       0
       0
       0
       0
       0
       0
       0
       0
       0
       0
       0
$ROI:
2
4852 5354
12587 12888
$PRESETS:
Live Time
10800
0
$ENER_FIT:
0.358687 0.099971
$MCA_CAL:
3
3.586871E-001 9.997089E-002 0.000000E+000 keV
$SHAPE_CAL:
3
3.638087E+001 -1.552510E-003 0.000000E+000
