$SPEC_ID:
JKL Model 927 SN 17053844 Input 1 HEC-Cr-HEC-Cr-T30-D100-HPGe1-2
$SPEC_REM:
DET# 2
DETDESC# BULK Model 927 SN 17053844 Input 1
AP# Maestro Version 6.08
$DATE_MEA:
05/11/2026 18:28:31
$MEAS_TIM:
251 356
$DATA:
0 16383
       0
       0
       0
       0
       0
       0
       0
       0
       0
       0
       0
       0
       0
       0
       0
       0
       0
       0
       0
       0
       0
       0
       0
       0
       0
       0
       0
       0
       0
       0
       0
       0
       0
       0
       0
       0
       0
       0
       0
       0
       0
       0
       0
       0
       0
       0
       0
       0
       0
       0
       0
       0
       0
       0
       0
       0
       0
       0
       0
       0
       0
       0
       0
       0
       0
       0
       0
       0
       0
       0
       0
       0
       0
       0
       0
       0
       0
       0
       0
       0
       0
       0
       0
       0
       0
       0
       0
       0
       0
       0
       0
       0
       0
       0
       0
       0
       0
       0
       0
       0
       0
       0
       0
       0
       0
       0
       0
       0
       0
       0
       0
       0
       0
       0
       0
       1
      19
     193
     464
     561
     485
     499
     501
     459
     464
     489
     490
     459
     455
     454
     431
     446
     460
     486
     446
     467
     448
     433
     439
     437
     487
     431
     485
     459
     475
     431
     484
     431
     459
     453
     461
     425
     477
     431
     435
     435
     474
     440
     407
     438
     484
     464
     443
     462
     444
     451
     467
     373
     421
     401
     438
     433
     439
     431
     410
     439
     467
     405
     403
     419
     402
     429
     437
     446
     402
     390
     439
     427
     416
     433
     397
     410
     398
     428
     433
     422
     423
     400
     363
     413
     392
     402
     413
     431
     394
     418
     419
     453
     414
     398
     402
     401
     416
     403
     391
     437
     382
     412
     405
     417
     383
     399
     417
     382
     390
     401
     401
     390
     387
     388
     391
     394
     413
     415
     386
     413
     380
     418
     379
     356
     389
     338
     364
     389
     365
     363
     415
     387
     396
     400
     376
     386
     395
     379
     425
     393
     365
     380
     382
     399
     375
     354
     410
     359
     366
     398
     387
     334
     402
     396
     411
     363
     356
     396
     403
     355
     347
     379
     392
     330
     355
     403
     389
     317
     346
     371
     415
     358
     354
     383
     367
     368
     376
     330
     369
     367
     382
     401
     387
     381
     340
     399
     334
     373
     352
     352
     333
     369
     323
     404
     343
     377
     381
     370
     353
     378
     377
     343
     361
     352
     399
     392
     353
     361
     346
     357
     353
     373
     350
     364
     332
     370
     346
     329
     350
     366
     351
     377
     349
     384
     334
     322
     380
     346
     354
     339
     334
     334
     361
     325
     321
     347
     345
     353
     317
     369
     347
     346
     387
     374
     350
     378
     383
     332
     363
     318
     335
     354
     358
     344
     355
     311
     336
     362
     361
     361
     322
     325
     348
     322
     347
     299
     368
     347
     324
     361
     330
     356
     348
     353
     352
     377
     323
     351
     342
     360
     339
     342
     320
     353
     347
     366
     351
     307
     352
     371
     340
     357
     365
     354
     356
     371
     314
     336
     324
     319
     330
     327
     348
     336
     355
     349
     327
     325
     330
     342
     340
     346
     332
     348
     335
     333
     313
     338
     314
     377
     347
     386
     333
     375
     327
     336
     337
     361
     311
     321
     351
     328
     337
     359
     358
     341
     336
     301
     379
     341
     339
     324
     381
     349
     331
     309
     362
     339
     311
     326
     331
     338
     357
     331
     343
     318
     336
     361
     315
     339
     281
     359
     338
     329
     331
     327
     300
     311
     340
     351
     311
     348
     308
     331
     335
     355
     358
     307
     343
     346
     330
     321
     314
     339
     336
     334
     329
     309
     333
     324
     326
     336
     329
     342
     276
     337
     317
     346
     350
     308
     325
     302
     301
     303
     324
     304
     330
     295
     353
     351
     304
     311
     297
     348
     324
     342
     337
     332
     329
     305
     291
     342
     298
     323
     317
     300
     335
     346
     334
     320
     368
     337
     307
     313
     327
     313
     351
     358
     327
     297
     320
     344
     359
     318
     316
     311
     337
     326
     328
     327
     313
     319
     327
     351
     301
     290
     324
     339
     348
     304
     319
     325
     296
     339
     300
     318
     320
     312
     343
     332
     340
     326
     301
     329
     283
     335
     325
     332
     321
     342
     304
     345
     314
     302
     318
     320
     333
     329
     306
     329
     344
     309
     314
     333
     335
     306
     289
     322
     324
     302
     323
     330
     286
     311
     325
     307
     322
     335
     331
     326
     295
     324
     331
     305
     328
     316
     307
     294
     300
     325
     360
     340
     299
     297
     354
     296
     311
     329
     341
     335
     308
     330
     337
     311
     315
     291
     299
     321
     305
     323
     324
     318
     310
     334
     336
     335
     347
     289
     313
     315
     348
     311
     338
     352
     348
     322
     301
     283
     319
     304
     326
     364
     291
     306
     342
     332
     302
     306
     313
     278
     337
     344
     326
     325
     304
     288
     319
     289
     303
     325
     349
     361
     310
     312
     310
     324
     326
     335
     329
     320
     294
     326
     342
     330
     345
     327
     328
     335
     366
     372
     297
     341
     362
     358
     342
     335
     372
     357
     347
     336
     318
     338
     322
     329
     319
     339
     358
     328
     277
     333
     315
     334
     369
     350
     389
     365
     381
     386
     337
     352
     333
     352
     334
     293
     275
     298
     323
     349
     315
     325
     344
     349
     329
     325
     286
     318
     334
     328
     319
     330
     322
     328
     303
     314
     326
     327
     319
     335
     335
     339
     303
     307
     325
     332
     297
     326
     320
     299
     310
     324
     325
     337
     349
     328
     307
     301
     325
     311
     303
     297
     276
     322
     335
     302
     318
     320
     306
     342
     301
     304
     322
     332
     314
     343
     297
     330
     317
     322
     317
     308
     304
     297
     340
     310
     337
     319
     345
     344
     305
     336
     283
     354
     315
     330
     324
     328
     328
     319
     305
     330
     365
     309
     367
     322
     332
     346
     351
     338
     349
     301
     297
     348
     297
     325
     320
     336
     322
     323
     338
     313
     313
     307
     306
     290
     330
     312
     322
     334
     328
     334
     323
     302
     309
     320
     302
     302
     325
     300
     321
     312
     321
     318
     308
     298
     295
     310
     323
     318
     323
     290
     300
     316
     311
     317
     314
     326
     307
     347
     301
     315
     292
     291
     301
     290
     338
     294
     309
     330
     349
     325
     317
     298
     325
     310
     297
     325
     322
     340
     316
     330
     353
     328
     303
     307
     311
     292
     300
     322
     297
     313
     287
     305
     303
     299
     307
     324
     285
     295
     294
     289
     331
     316
     312
     310
     316
     300
     295
     307
     302
     315
     299
     303
     292
     309
     314
     294
     285
     302
     289
     284
     331
     298
     308
     323
     352
     277
     321
     314
     301
     317
     305
     319
     296
     311
     291
     288
     317
     305
     308
     294
     316
     332
     318
     298
     285
     284
     319
     300
     274
     297
     319
     279
     319
     321
     313
     307
     283
     318
     307
     319
     346
     283
     323
     295
     335
     315
     300
     296
     308
     276
     310
     319
     349
     308
     313
     293
     262
     324
     309
     291
     299
     297
     313
     318
     315
     290
     278
     317
     296
     288
     318
     323
     300
     282
     312
     327
     291
     321
     304
     331
     309
     312
     338
     274
     299
     318
     311
     313
     313
     298
     311
     332
     320
     301
     348
     319
     305
     312
     316
     308
     298
     296
     308
     295
     290
     324
     305
     297
     295
     290
     287
     296
     300
     325
     306
     285
     319
     309
     318
     320
     317
     315
     306
     270
     290
     268
     287
     320
     288
     300
     302
     286
     286
     293
     291
     279
     305
     309
     314
     316
     313
     332
     305
     335
     322
     298
     291
     281
     295
     307
     352
     281
     324
     335
     316
     305
     302
     301
     317
     319
     333
     291
     337
     290
     318
     320
     315
     323
     271
     315
     302
     326
     307
     296
     317
     294
     288
     306
     337
     301
     302
     332
     316
     313
     303
     297
     306
     298
     319
     337
     282
     322
     322
     301
     289
     290
     326
     323
     289
     298
     278
     287
     301
     297
     309
     307
     314
     328
     297
     319
     322
     308
     303
     306
     351
     279
     334
     306
     297
     305
     304
     312
     321
     282
     295
     326
     301
     295
     329
     302
     299
     287
     313
     300
     294
     295
     323
     305
     298
     311
     306
     324
     295
     281
     306
     281
     309
     312
     299
     297
     283
     325
     294
     272
     327
     310
     307
     315
     292
     296
     351
     298
     311
     272
     311
     289
     310
     322
     338
     297
     321
     319
     301
     311
     307
     321
     288
     323
     273
     323
     302
     315
     329
     312
     304
     328
     288
     295
     303
     315
     300
     312
     323
     300
     309
     272
     286
     314
     291
     334
     289
     298
     306
     309
     280
     334
     289
     304
     301
     305
     342
     324
     327
     316
     298
     312
     311
     300
     317
     293
     313
     332
     301
     341
     303
     287
     309
     287
     290
     349
     282
     329
     290
     298
     310
     302
     303
     287
     348
     309
     300
     308
     306
     294
     312
     271
     301
     296
     323
     307
     296
     300
     301
     299
     299
     313
     284
     272
     313
     296
     294
     283
     326
     321
     320
     293
     281
     324
     309
     282
     299
     290
     310
     314
     274
     318
     325
     306
     275
     322
     313
     308
     306
     317
     319
     304
     282
     296
     310
     316
     310
     305
     302
     292
     321
     294
     318
     313
     303
     307
     279
     308
     295
     308
     323
     281
     300
     281
     252
     314
     322
     293
     302
     287
     314
     290
     311
     280
     348
     290
     292
     295
     289
     312
     293
     284
     320
     338
     333
     311
     284
     328
     320
     290
     306
     309
     259
     295
     282
     298
     314
     281
     322
     311
     292
     312
     298
     320
     272
     306
     313
     286
     294
     310
     289
     307
     316
     294
     296
     316
     323
     338
     315
     286
     314
     314
     295
     309
     299
     308
     306
     320
     302
     300
     310
     299
     345
     271
     307
     268
     307
     286
     288
     296
     291
     297
     294
     304
     299
     309
     313
     301
     303
     311
     293
     306
     310
     267
     317
     262
     292
     319
     322
     297
     294
     283
     279
     289
     321
     310
     283
     303
     309
     304
     292
     285
     304
     309
     297
     288
     268
     334
     315
     278
     279
     290
     296
     301
     315
     329
     319
     291
     315
     319
     296
     295
     300
     287
     281
     309
     280
     301
     289
     270
     323
     294
     291
     306
     295
     272
     343
     297
     297
     290
     328
     282
     301
     310
     288
     277
     324
     326
     277
     291
     309
     296
     305
     321
     303
     297
     285
     318
     319
     286
     307
     322
     309
     319
     273
     301
     286
     276
     291
     297
     280
     291
     281
     315
     311
     306
     332
     312
     284
     326
     300
     279
     290
     296
     257
     294
     311
     305
     289
     273
     323
     291
     314
     309
     304
     281
     306
     321
     285
     299
     315
     304
     313
     302
     295
     311
     335
     323
     281
     278
     289
     286
     320
     284
     316
     320
     332
     314
     336
     293
     303
     325
     315
     289
     314
     301
     296
     281
     292
     302
     322
     272
     296
     275
     299
     311
     283
     304
     290
     291
     278
     306
     335
     318
     314
     331
     325
     319
     300
     283
     336
     317
     302
     308
     327
     306
     294
     308
     298
     305
     289
     308
     289
     289
     310
     291
     265
     305
     288
     287
     300
     296
     320
     295
     326
     331
     327
     305
     335
     292
     295
     312
     318
     325
     288
     296
     284
     308
     291
     312
     320
     267
     323
     312
     308
     316
     312
     287
     337
     313
     326
     345
     306
     318
     326
     309
     329
     295
     339
     312
     320
     316
     322
     334
     327
     349
     313
     345
     315
     309
     323
     339
     330
     345
     327
     362
     349
     324
     345
     315
     371
     365
     302
     372
     370
     361
     375
     364
     361
     351
     337
     385
     332
     387
     376
     356
     385
     351
     381
     363
     348
     372
     359
     345
     359
     392
     375
     361
     331
     373
     371
     368
     377
     336
     345
     337
     382
     369
     343
     363
     336
     339
     330
     386
     354
     366
     392
     368
     358
     357
     372
     370
     323
     350
     386
     370
     353
     367
     375
     350
     359
     376
     376
     365
     370
     347
     369
     335
     361
     363
     361
     352
     364
     341
     342
     376
     353
     358
     365
     327
     338
     344
     383
     345
     347
     312
     327
     367
     340
     323
     325
     389
     363
     340
     348
     306
     337
     394
     332
     335
     368
     383
     357
     351
     340
     364
     329
     336
     331
     347
     342
     361
     349
     333
     375
     323
     348
     347
     369
     351
     321
     377
     333
     362
     339
     356
     351
     337
     343
     371
     349
     360
     337
     341
     334
     363
     361
     344
     322
     345
     320
     364
     356
     370
     345
     321
     353
     346
     378
     372
     342
     335
     347
     354
     364
     345
     324
     343
     349
     353
     333
     357
     357
     349
     331
     340
     329
     358
     333
     324
     368
     356
     315
     350
     355
     332
     346
     331
     358
     331
     354
     339
     336
     375
     350
     320
     345
     344
     372
     309
     343
     332
     368
     366
     338
     374
     333
     321
     351
     340
     287
     315
     339
     307
     351
     342
     333
     367
     352
     323
     335
     317
     359
     360
     352
     340
     326
     356
     358
     341
     310
     340
     322
     322
     313
     302
     375
     355
     354
     332
     360
     324
     336
     352
     322
     333
     384
     372
     362
     327
     329
     335
     315
     330
     328
     336
     344
     343
     312
     324
     351
     333
     331
     332
     307
     368
     305
     331
     363
     318
     353
     330
     332
     370
     290
     351
     317
     348
     343
     316
     367
     354
     320
     350
     309
     346
     340
     302
     306
     344
     335
     348
     312
     328
     344
     346
     330
     341
     307
     304
     312
     331
     317
     321
     299
     327
     314
     333
     350
     321
     325
     320
     314
     307
     341
     331
     335
     331
     337
     308
     362
     318
     318
     316
     345
     331
     343
     330
     306
     322
     319
     302
     326
     356
     320
     295
     360
     322
     311
     314
     304
     302
     314
     310
     343
     300
     295
     304
     298
     339
     312
     292
     340
     289
     296
     344
     314
     327
     317
     328
     304
     320
     315
     320
     287
     321
     286
     327
     336
     314
     336
     341
     312
     323
     323
     322
     297
     319
     319
     322
     310
     302
     309
     264
     304
     333
     339
     335
     329
     333
     325
     292
     276
     341
     356
     309
     322
     326
     327
     303
     349
     320
     291
     313
     329
     314
     308
     321
     306
     345
     338
     297
     313
     313
     319
     308
     296
     309
     347
     286
     319
     342
     332
     328
     291
     324
     325
     302
     326
     319
     349
     324
     298
     312
     318
     327
     285
     320
     312
     311
     332
     295
     334
     317
     325
     347
     325
     319
     328
     311
     324
     302
     317
     319
     315
     317
     321
     319
     324
     306
     324
     293
     328
     303
     334
     339
     327
     318
     324
     333
     333
     342
     318
     318
     314
     323
     304
     317
     322
     315
     323
     329
     349
     339
     330
     338
     274
     299
     304
     298
     315
     346
     330
     337
     337
     317
     299
     298
     299
     290
     323
     324
     343
     297
     329
     334
     287
     285
     307
     307
     288
     333
     292
     333
     310
     349
     339
     340
     294
     307
     309
     274
     332
     319
     320
     321
     321
     296
     306
     267
     324
     307
     307
     325
     309
     320
     290
     316
     362
     326
     317
     295
     331
     315
     298
     285
     296
     317
     298
     326
     304
     281
     321
     298
     297
     316
     307
     284
     323
     314
     305
     301
     307
     318
     329
     318
     296
     308
     327
     310
     273
     331
     321
     347
     312
     275
     310
     315
     302
     293
     285
     323
     284
     316
     312
     292
     297
     291
     349
     269
     313
     319
     312
     293
     296
     293
     315
     280
     313
     306
     331
     323
     313
     302
     337
     334
     293
     305
     284
     297
     303
     336
     326
     276
     305
     304
     314
     294
     297
     291
     278
     302
     299
     306
     305
     315
     334
     340
     295
     271
     344
     282
     331
     328
     299
     318
     299
     304
     304
     317
     305
     312
     281
     281
     315
     277
     307
     302
     282
     299
     303
     295
     299
     288
     317
     299
     294
     303
     300
     298
     287
     298
     278
     299
     288
     341
     308
     336
     313
     288
     281
     298
     320
     303
     292
     317
     311
     324
     311
     312
     283
     296
     286
     311
     305
     330
     316
     301
     319
     310
     286
     305
     286
     325
     307
     330
     315
     309
     299
     290
     282
     270
     325
     273
     285
     301
     294
     277
     276
     325
     288
     296
     269
     301
     324
     276
     265
     297
     273
     284
     297
     293
     307
     333
     280
     321
     299
     297
     313
     328
     297
     298
     271
     308
     290
     322
     312
     276
     321
     304
     286
     335
     266
     272
     292
     311
     290
     307
     304
     310
     300
     295
     333
     281
     301
     305
     271
     271
     314
     296
     306
     303
     279
     297
     291
     284
     304
     283
     301
     294
     317
     286
     318
     310
     291
     276
     307
     293
     277
     281
     285
     302
     284
     310
     299
     312
     300
     278
     280
     327
     274
     304
     286
     317
     291
     303
     280
     294
     306
     273
     300
     292
     314
     323
     288
     273
     296
     284
     276
     288
     285
     297
     324
     303
     295
     286
     315
     290
     301
     295
     277
     307
     291
     270
     308
     335
     293
     288
     306
     311
     314
     305
     308
     270
     285
     284
     264
     327
     310
     305
     293
     291
     295
     290
     310
     299
     285
     307
     328
     270
     304
     270
     307
     318
     280
     283
     301
     301
     279
     310
     319
     273
     279
     276
     302
     284
     323
     294
     299
     285
     259
     294
     285
     293
     277
     282
     292
     295
     311
     287
     304
     288
     247
     318
     278
     266
     293
     280
     303
     286
     304
     300
     263
     293
     282
     309
     264
     293
     306
     283
     330
     277
     260
     280
     287
     304
     279
     304
     307
     298
     285
     288
     274
     282
     281
     256
     247
     262
     285
     306
     270
     297
     297
     298
     286
     289
     286
     295
     277
     294
     288
     301
     290
     277
     310
     294
     280
     275
     291
     290
     285
     274
     287
     285
     305
     274
     296
     306
     292
     278
     325
     296
     281
     255
     302
     288
     314
     288
     278
     291
     286
     284
     277
     279
     292
     273
     290
     294
     294
     277
     282
     259
     279
     265
     292
     276
     272
     292
     284
     299
     323
     292
     288
     269
     290
     300
     290
     292
     283
     293
     292
     301
     270
     305
     300
     290
     288
     310
     304
     289
     308
     299
     271
     272
     325
     295
     298
     268
     269
     251
     326
     313
     328
     284
     296
     283
     320
     276
     293
     256
     275
     262
     306
     299
     308
     283
     304
     264
     320
     278
     286
     313
     303
     273
     298
     287
     290
     293
     304
     276
     290
     302
     285
     289
     284
     293
     280
     275
     307
     301
     272
     300
     283
     305
     284
     295
     307
     269
     280
     333
     305
     333
     288
     300
     295
     297
     279
     313
     295
     330
     300
     308
     306
     299
     273
     272
     297
     293
     293
     318
     295
     314
     297
     306
     323
     271
     304
     268
     307
     291
     338
     279
     269
     285
     279
     289
     291
     317
     304
     298
     268
     289
     310
     288
     335
     283
     293
     304
     265
     305
     303
     322
     303
     287
     278
     312
     310
     300
     294
     324
     327
     299
     272
     296
     296
     276
     329
     307
     322
     323
     285
     271
     301
     300
     300
     319
     326
     302
     279
     307
     269
     301
     300
     303
     312
     301
     262
     274
     281
     308
     293
     298
     289
     312
     281
     309
     340
     312
     340
     275
     313
     316
     316
     306
     275
     306
     293
     283
     266
     306
     287
     317
     323
     303
     308
     316
     294
     289
     312
     342
     301
     354
     275
     330
     316
     330
     302
     295
     309
     315
     280
     317
     316
     281
     297
     309
     288
     304
     303
     291
     297
     297
     302
     302
     302
     308
     307
     311
     319
     327
     299
     294
     275
     312
     292
     304
     301
     302
     282
     280
     298
     312
     310
     290
     314
     298
     275
     286
     292
     299
     310
     306
     293
     297
     295
     336
     285
     314
     313
     322
     306
     277
     302
     317
     324
     319
     306
     305
     320
     291
     297
     313
     292
     288
     313
     312
     313
     320
     314
     290
     333
     307
     309
     285
     322
     327
     296
     342
     322
     303
     325
     333
     319
     361
     312
     296
     294
     342
     299
     321
     306
     336
     290
     314
     337
     283
     281
     317
     335
     301
     322
     360
     306
     288
     304
     320
     335
     302
     295
     305
     346
     330
     315
     313
     308
     314
     299
     297
     323
     344
     337
     314
     313
     312
     329
     307
     334
     335
     306
     345
     352
     320
     316
     326
     328
     314
     353
     340
     340
     320
     337
     350
     340
     342
     325
     307
     296
     324
     297
     351
     350
     295
     346
     327
     312
     323
     329
     331
     305
     318
     320
     332
     329
     341
     329
     308
     342
     347
     319
     378
     327
     321
     288
     369
     313
     331
     301
     356
     316
     329
     325
     326
     347
     340
     357
     323
     300
     317
     350
     339
     352
     358
     351
     311
     350
     315
     377
     339
     330
     305
     339
     332
     334
     296
     381
     335
     345
     347
     362
     348
     338
     322
     350
     322
     362
     327
     301
     346
     356
     337
     346
     356
     342
     382
     344
     319
     348
     353
     358
     327
     341
     323
     339
     344
     324
     319
     340
     333
     367
     326
     345
     349
     336
     343
     378
     332
     362
     335
     342
     344
     359
     342
     371
     323
     343
     330
     326
     352
     373
     344
     355
     367
     352
     361
     353
     355
     372
     346
     329
     341
     346
     337
     349
     341
     352
     343
     374
     368
     373
     364
     339
     361
     392
     365
     388
     318
     355
     386
     352
     342
     348
     372
     354
     349
     359
     328
     363
     347
     383
     381
     349
     380
     358
     358
     338
     373
     364
     403
     366
     348
     314
     370
     404
     336
     342
     369
     352
     369
     360
     359
     347
     389
     372
     387
     353
     376
     381
     331
     369
     366
     374
     368
     359
     361
     348
     366
     345
     360
     346
     405
     385
     403
     365
     404
     371
     373
     369
     345
     401
     401
     364
     372
     381
     379
     358
     348
     374
     346
     363
     344
     385
     376
     356
     417
     376
     403
     400
     344
     378
     346
     396
     374
     357
     407
     384
     366
     346
     350
     402
     386
     395
     383
     372
     393
     376
     364
     400
     373
     344
     396
     386
     358
     387
     403
     362
     394
     384
     409
     370
     385
     374
     376
     387
     412
     392
     371
     398
     368
     397
     383
     367
     392
     404
     392
     350
     374
     402
     376
     355
     381
     371
     370
     401
     355
     364
     389
     406
     369
     407
     415
     382
     385
     393
     367
     373
     379
     406
     401
     365
     395
     391
     359
     372
     377
     404
     403
     402
     420
     359
     391
     369
     369
     396
     384
     369
     390
     383
     383
     376
     370
     394
     360
     357
     403
     357
     378
     347
     398
     357
     382
     336
     389
     390
     394
     376
     339
     365
     376
     373
     393
     361
     384
     403
     388
     367
     360
     388
     361
     349
     353
     362
     366
     349
     351
     395
     352
     340
     354
     325
     341
     336
     338
     343
     348
     372
     374
     335
     346
     331
     296
     310
     320
     331
     327
     322
     310
     314
     328
     309
     331
     325
     314
     291
     300
     326
     316
     283
     316
     319
     279
     315
     292
     288
     287
     284
     285
     269
     306
     279
     264
     244
     292
     279
     265
     250
     262
     293
     240
     267
     224
     296
     256
     285
     271
     280
     247
     284
     245
     227
     265
     249
     245
     238
     237
     244
     258
     244
     230
     249
     252
     248
     222
     242
     232
     246
     239
     228
     275
     222
     256
     248
     221
     234
     224
     222
     224
     227
     221
     215
     242
     239
     231
     217
     236
     224
     232
     220
     191
     222
     242
     227
     253
     249
     214
     250
     233
     200
     232
     203
     217
     216
     215
     212
     215
     234
     211
     222
     201
     216
     213
     232
     213
     219
     205
     221
     217
     219
     212
     233
     233
     221
     247
     210
     194
     214
     202
     195
     225
     221
     224
     227
     218
     199
     211
     199
     211
     204
     214
     218
     189
     218
     214
     223
     210
     202
     222
     217
     190
     202
     197
     197
     204
     215
     202
     206
     222
     177
     212
     206
     217
     218
     227
     209
     190
     188
     214
     210
     164
     189
     179
     174
     210
     206
     192
     213
     201
     172
     219
     185
     186
     208
     179
     227
     189
     186
     202
     222
     180
     204
     199
     204
     167
     202
     171
     180
     179
     176
     206
     179
     174
     186
     188
     171
     204
     161
     193
     197
     179
     188
     195
     165
     200
     168
     186
     180
     184
     175
     171
     189
     154
     178
     191
     183
     172
     167
     188
     180
     164
     190
     161
     161
     166
     174
     188
     184
     160
     159
     182
     159
     182
     201
     169
     171
     168
     173
     150
     165
     192
     181
     158
     155
     162
     185
     174
     173
     176
     177
     166
     162
     189
     172
     167
     167
     167
     166
     179
     178
     184
     177
     182
     187
     156
     157
     157
     175
     137
     155
     156
     172
     163
     171
     169
     171
     171
     141
     166
     163
     173
     151
     151
     181
     151
     162
     173
     200
     148
     165
     160
     145
     152
     151
     168
     162
     165
     173
     159
     140
     174
     166
     188
     153
     151
     154
     183
     159
     171
     150
     166
     166
     142
     157
     155
     151
     164
     188
     153
     153
     174
     150
     163
     156
     172
     155
     143
     150
     142
     164
     150
     147
     176
     149
     153
     157
     141
     161
     157
     132
     141
     151
     142
     167
     132
     170
     162
     133
     136
     120
     159
     168
     161
     142
     149
     155
     150
     157
     139
     145
     163
     134
     132
     154
     149
     152
     157
     151
     157
     150
     173
     156
     139
     164
     115
     138
     140
     145
     115
     134
     130
     147
     155
     142
     142
     126
     136
     146
     130
     130
     133
     132
     152
     127
     127
     150
     151
     136
     138
     152
     147
     134
     133
     142
     149
     114
     137
     158
     144
     150
     126
     154
     143
     148
     129
     132
     142
     129
     160
     123
     138
     126
     128
     131
     131
     127
     139
     131
     149
     128
     132
     134
     139
     133
     142
     133
     137
     148
     124
     133
     144
     135
     143
     111
     132
     111
     119
     126
     124
     123
     118
     137
     115
     119
     135
     142
     131
     121
     124
     121
     128
     103
     136
     133
     134
     118
     123
     139
     129
     120
     120
     124
     137
     120
     104
     139
     122
     139
     123
     127
     122
     122
     104
     140
     125
     114
     107
     114
     121
     114
     133
     137
     121
     122
     104
     123
     111
     114
     110
     105
     123
     115
     125
     141
     127
     138
     133
     144
     127
     125
     110
     124
     136
     127
     129
     131
     130
     135
     123
     119
     139
     110
     118
     111
      98
     114
     124
     123
     115
     118
     138
     104
     121
     119
     125
     128
     112
     119
     117
     131
     112
     135
     114
     111
     115
     118
     103
     103
     112
     123
     107
     110
     104
     112
     130
     132
     124
     115
      85
     127
     116
     112
     137
     109
     126
     131
     111
      94
     108
     103
     116
     109
     110
     123
     110
     100
     110
     106
     104
     116
     108
      85
     107
     113
     102
     112
     104
     112
     114
     102
     110
      86
      99
     101
     120
     105
     113
     138
     119
     108
     112
     107
     115
     107
     110
     103
     102
     106
     119
     108
      95
     110
     104
      88
     102
     100
     111
     112
     107
     111
      80
      85
      93
     119
      99
      86
     105
     116
      95
     122
      85
      92
     105
     102
      94
     105
     115
      89
      83
      78
     119
      82
      97
     107
      88
     103
     104
      92
      96
      93
      92
      91
     105
     101
      85
      93
      80
      92
      71
      91
     103
      74
     107
      88
      87
      93
      97
     104
      92
      90
      93
      79
     101
      89
      99
      96
      96
     103
      98
      90
     116
     104
     108
      97
     107
     100
      83
      96
      84
      96
      99
      95
      99
      97
      89
      89
     108
      70
      78
      98
      83
      88
      94
      99
      86
      96
      80
     101
      83
     100
      97
      92
      95
      89
      94
      88
      90
     102
      91
      89
      98
      96
      81
      89
      80
      78
      82
      96
      87
      99
      92
      78
      93
      80
      88
      93
      88
      85
      94
      92
      83
     113
      88
     100
      80
      90
      81
      85
      85
      88
      91
      89
     103
     100
      87
      82
      99
      86
      84
      74
      94
     103
      90
      87
      84
      96
      65
      98
      85
      89
      87
      85
      81
      91
      92
      88
      91
     106
      85
      87
      98
      92
      86
      80
      89
      92
      84
      84
      98
      79
      82
      72
      83
      91
      78
      76
     107
      93
      70
      84
     107
      91
      85
      75
      78
      77
      92
      92
      74
      77
      80
      85
      90
      91
      77
      94
      74
      82
      94
      80
      88
      91
      96
      87
      72
      78
      68
      83
      88
      93
      83
      86
      81
      80
      76
      95
      88
      70
      86
      92
      87
      95
      84
      82
      86
     107
      94
      89
      81
      95
      75
      63
      87
      86
      93
      80
      81
      91
      83
      77
      85
      89
      94
      93
      92
      90
      97
      82
      81
      82
      89
     102
      91
      89
      92
      99
      89
      94
      72
      90
      71
      77
      80
      97
      80
      90
      75
      84
      78
      78
      86
      79
      80
      98
      78
      83
      95
      99
      95
      82
      90
     100
      75
      84
      92
      82
      70
      75
      85
      75
      79
      70
      78
      83
      76
      68
      85
      96
      93
     106
      78
      82
      89
      79
      91
      91
      78
      79
      90
      93
      86
      67
      90
      82
      82
      89
      83
      80
     101
      96
      76
      90
      87
      79
      83
      83
      75
      85
      89
      80
      86
     100
      78
      92
      81
      88
      78
      76
      84
      91
      77
      75
      99
     101
      86
      87
      93
      87
      86
      76
      85
      79
      86
      81
      78
      88
     103
      97
      92
      80
      72
      83
      79
      77
      82
      96
      72
      85
      73
      86
      84
      96
      83
      85
      95
      96
      94
      93
      91
      84
      83
      83
      89
      73
     103
      85
      99
      73
      79
      59
      86
      70
      92
      67
      76
      91
     100
      82
      75
      85
      73
      82
      66
      87
      87
      76
      90
      76
      90
      87
      83
      88
      82
      89
      90
      84
      73
      86
      69
      83
     103
      77
      85
      74
      89
      82
      90
      84
      83
      82
      71
      79
      91
      77
      80
      86
      71
     104
      84
      78
      82
      87
      89
      76
      90
      88
      73
      91
      82
      75
      79
      87
      85
      85
      93
      71
      58
      77
      88
      85
      86
      68
      77
      84
      88
      86
      75
      87
      77
      68
      81
      91
      91
      74
      86
      76
      89
      87
      74
     102
      85
      77
      88
      84
      72
      79
      88
      66
      91
      77
      86
      80
      79
     106
      83
      88
      79
      82
      71
      86
      70
      72
      87
      79
      86
      69
      85
      99
      90
      94
      88
      87
      76
      82
      84
      80
      96
      81
      80
     101
      79
      94
      78
      65
      78
      81
      81
      73
      78
      61
      73
      88
      80
      82
      77
      89
      85
      70
      83
      75
      70
      75
      86
      80
      67
      69
      74
      67
      79
      67
      90
      72
      96
      72
      73
      81
     100
      86
      86
      87
      88
      83
      76
      70
      74
      76
      69
      88
      79
      79
      83
      80
      74
      72
      55
      63
      82
      80
      82
      75
      85
      77
      69
     106
      91
      74
      78
      87
      67
      86
      74
      80
      93
      78
      76
      78
      86
      79
      68
      68
      80
      84
      84
      83
      77
      79
      73
      74
      90
      87
      94
      69
      78
      83
      96
      88
      62
      76
      89
      92
      83
      71
      70
      80
      67
      89
      91
      93
      74
      77
      67
      73
      81
      70
      56
      82
      75
      96
      71
      58
      79
      75
      76
      94
      77
     104
      92
      77
      73
      69
      74
      82
      89
      75
      67
      88
      71
      76
      85
      71
      79
      75
      82
      92
      95
      87
      75
      81
      82
      84
      88
      87
      87
      81
      78
      97
     101
      83
      81
      83
      90
      90
      74
      70
      84
      79
      72
      82
      79
      82
      85
      83
      78
      80
      71
      81
      80
      87
      93
      74
      72
      79
      86
      83
      79
      72
      81
      73
      98
      86
      85
      79
      80
      81
      95
      87
      77
     101
      81
      76
      83
      76
      75
      74
      79
      64
      74
      79
      92
      89
      78
      82
      89
      76
      77
      78
      91
      95
      91
     106
      93
      86
      73
      78
      94
      73
      74
      95
      80
      61
      99
      78
      92
      76
      68
      89
      69
      96
      83
      88
      65
      69
      74
      82
      78
      83
      81
      94
      75
      74
      83
      75
      94
      89
      80
      86
      72
      82
      85
      74
      84
      80
      66
     103
      83
      77
      77
      77
      68
      96
      86
      83
      90
      93
      74
      92
      76
      86
     100
      97
      76
      87
      72
      84
      83
      90
      79
      81
      88
      79
      79
      92
      78
      92
      85
      84
      84
      76
      81
      78
      82
      84
      95
      83
      78
      82
      83
      70
      82
      82
      94
      73
      76
      94
      93
      99
      93
      60
      78
      91
      88
      83
      97
      80
      78
      88
      79
      89
      81
     105
      93
      71
      80
      81
      80
      80
      82
      94
      88
      86
      92
      81
      85
      70
      79
      91
      68
      78
      91
      76
     101
      90
      77
      78
      77
      98
      92
      76
     104
      68
      88
      85
      73
      83
      86
      87
      83
      77
      80
      92
      78
      85
      93
      74
      96
      82
      79
      80
      84
      76
      70
      87
      77
      84
      90
      92
      80
      79
      82
      70
      95
      83
      87
      81
      81
      96
     100
      82
      91
      78
      90
      86
      86
      89
      80
      95
      82
      82
      89
      78
      91
      93
      89
      89
      78
      89
      96
      84
      88
     112
      89
     101
      86
      72
      98
      92
      83
      88
      85
     100
      86
      92
      89
      79
      87
      95
      79
      85
      94
      92
      91
      94
      92
      85
     106
     102
      94
      83
      86
      99
      89
      97
      84
     103
     106
     100
      83
     114
      86
      93
      79
      83
      99
      94
      92
      89
      98
      78
     101
      86
      96
     103
      99
     108
      97
      78
     116
     116
     103
     100
     105
     118
     117
      91
      90
     105
     104
      91
      79
     120
     121
     107
     111
     118
     101
     105
     100
     121
     116
     113
     113
     111
     119
     109
     118
     124
     113
     126
     128
     112
     141
     138
     132
     139
     131
     144
     151
     153
     168
     185
     184
     167
     181
     176
     226
     233
     251
     268
     287
     341
     346
     338
     411
     495
     555
     570
     584
     699
     797
     895
    1091
    1268
    1409
    1650
    1897
    2057
    2602
    2928
    3456
    3904
    4485
    5285
    5812
    6550
    7361
    7892
    8637
    9456
   10128
   10702
   11314
   11724
   11981
   12394
   12621
   12951
   12897
   12839
   12732
   12658
   12372
   12145
   11810
   11295
   10677
   10370
    9439
    8743
    8346
    7341
    6793
    5947
    5280
    4627
    4020
    3430
    2869
    2399
    1989
    1653
    1280
    1118
     954
     732
     644
     550
     488
     382
     379
     326
     277
     242
     249
     236
     192
     193
     162
     166
     170
     147
     108
     123
     125
     108
      91
     119
     107
      97
     101
      89
      97
      99
      89
      87
      88
      72
      78
      80
      78
      82
      70
      68
      77
      60
      62
      71
      91
      66
      63
      72
      72
      65
      65
      71
      67
      54
      68
      54
      62
      72
      79
      57
      59
      58
      69
      58
      60
      67
      62
      70
      52
      63
      74
      68
      50
      59
      56
      56
      73
      64
      58
      61
      51
      68
      62
      56
      74
      49
      46
      64
      54
      60
      56
      51
      55
      68
      52
      59
      53
      58
      54
      57
      57
      53
      52
      52
      63
      57
      52
      60
      40
      47
      74
      48
      51
      53
      46
      56
      65
      63
      49
      68
      47
      57
      65
      53
      53
      67
      38
      43
      61
      57
      46
      46
      57
      58
      52
      52
      66
      48
      42
      48
      50
      44
      38
      56
      64
      44
      53
      60
      53
      60
      50
      43
      49
      58
      62
      44
      60
      54
      47
      43
      68
      64
      53
      48
      45
      56
      55
      50
      62
      62
      46
      53
      50
      42
      47
      58
      40
      58
      55
      45
      49
      45
      45
      38
      46
      45
      43
      51
      57
      49
      48
      52
      39
      53
      53
      55
      39
      51
      45
      45
      52
      49
      48
      51
      55
      40
      46
      49
      49
      53
      58
      42
      38
      46
      51
      55
      44
      54
      65
      52
      39
      46
      44
      44
      41
      46
      54
      50
      53
      32
      49
      49
      43
      52
      45
      37
      35
      40
      47
      48
      42
      47
      50
      37
      52
      39
      48
      42
      52
      42
      45
      40
      34
      41
      51
      47
      47
      46
      42
      47
      35
      44
      47
      53
      51
      47
      42
      43
      46
      35
      47
      51
      45
      51
      44
      36
      60
      38
      48
      40
      38
      36
      38
      42
      32
      43
      33
      41
      55
      33
      43
      45
      47
      51
      43
      51
      40
      47
      38
      51
      45
      37
      41
      46
      49
      52
      48
      46
      48
      48
      43
      33
      46
      42
      36
      46
      46
      50
      50
      48
      44
      55
      47
      39
      27
      40
      47
      51
      43
      51
      39
      41
      46
      52
      41
      49
      36
      29
      49
      48
      31
      45
      38
      45
      41
      45
      46
      53
      41
      42
      40
      44
      42
      48
      52
      42
      48
      39
      45
      36
      44
      56
      33
      43
      37
      40
      40
      35
      39
      38
      47
      42
      39
      49
      42
      51
      39
      38
      36
      53
      51
      32
      39
      42
      53
      36
      44
      32
      35
      43
      39
      35
      52
      43
      39
      41
      28
      33
      47
      43
      41
      44
      37
      41
      38
      40
      44
      42
      41
      45
      51
      43
      51
      52
      44
      39
      37
      41
      37
      47
      52
      49
      39
      45
      35
      41
      50
      41
      32
      45
      48
      45
      53
      55
      48
      43
      46
      45
      36
      45
      36
      37
      42
      42
      46
      45
      37
      44
      30
      34
      37
      48
      41
      47
      36
      37
      33
      48
      42
      38
      46
      36
      55
      36
      37
      41
      50
      43
      45
      41
      41
      36
      48
      42
      55
      40
      44
      35
      43
      29
      35
      38
      36
      44
      51
      32
      39
      47
      44
      40
      30
      42
      46
      35
      48
      44
      56
      46
      37
      40
      34
      33
      35
      42
      43
      32
      41
      48
      31
      44
      38
      41
      46
      44
      41
      45
      39
      36
      47
      36
      39
      47
      39
      52
      41
      37
      33
      39
      52
      38
      46
      39
      45
      36
      40
      38
      53
      39
      48
      33
      48
      37
      36
      35
      49
      40
      32
      33
      38
      35
      40
      42
      38
      29
      40
      40
      42
      35
      45
      39
      40
      39
      42
      47
      30
      32
      34
      46
      50
      44
      42
      35
      41
      42
      42
      42
      37
      43
      47
      50
      33
      48
      43
      27
      46
      39
      30
      49
      39
      51
      30
      44
      42
      43
      55
      36
      33
      43
      39
      40
      35
      36
      50
      46
      31
      40
      41
      34
      41
      32
      53
      32
      31
      40
      41
      57
      36
      31
      43
      45
      48
      34
      35
      42
      38
      38
      40
      55
      34
      47
      36
      34
      38
      42
      54
      54
      44
      45
      43
      41
      35
      35
      51
      48
      36
      39
      41
      28
      40
      31
      38
      43
      35
      48
      33
      46
      41
      41
      37
      47
      40
      36
      38
      38
      40
      50
      35
      42
      30
      41
      40
      30
      50
      33
      42
      40
      33
      44
      30
      37
      43
      38
      38
      36
      46
      40
      38
      38
      40
      43
      37
      43
      29
      45
      39
      43
      49
      52
      41
      47
      47
      44
      38
      38
      48
      41
      35
      31
      42
      28
      29
      38
      33
      42
      35
      36
      39
      35
      41
      37
      44
      43
      33
      31
      36
      35
      49
      30
      42
      36
      46
      40
      42
      53
      38
      45
      39
      36
      41
      35
      52
      49
      42
      32
      35
      48
      35
      32
      39
      42
      47
      33
      47
      39
      32
      40
      47
      39
      45
      41
      37
      39
      35
      46
      43
      41
      30
      44
      45
      48
      31
      41
      39
      45
      39
      34
      35
      34
      32
      36
      34
      55
      37
      43
      26
      38
      37
      33
      28
      33
      39
      35
      46
      34
      33
      42
      42
      47
      46
      43
      38
      35
      37
      31
      42
      34
      40
      41
      43
      44
      45
      51
      47
      39
      34
      43
      36
      38
      38
      45
      34
      34
      40
      41
      35
      49
      38
      51
      43
      35
      39
      35
      33
      28
      29
      36
      41
      40
      43
      29
      34
      36
      34
      42
      36
      34
      43
      40
      42
      47
      42
      38
      43
      39
      32
      43
      41
      35
      38
      43
      39
      43
      45
      43
      42
      45
      33
      50
      34
      52
      40
      31
      28
      44
      45
      31
      42
      31
      49
      35
      31
      35
      41
      44
      31
      51
      43
      52
      32
      37
      44
      43
      36
      43
      39
      44
      28
      44
      52
      47
      36
      45
      24
      30
      43
      29
      31
      39
      31
      38
      38
      40
      46
      28
      38
      35
      43
      39
      39
      43
      41
      35
      43
      41
      47
      41
      53
      37
      41
      35
      34
      35
      38
      34
      50
      41
      43
      38
      54
      36
      40
      38
      29
      31
      35
      37
      38
      44
      31
      47
      45
      39
      50
      45
      48
      51
      55
      60
      47
      58
      50
      47
      56
      55
      51
      45
      30
      43
      53
      47
      34
      34
      34
      40
      41
      45
      43
      44
      36
      46
      38
      39
      40
      45
      33
      37
      43
      40
      34
      55
      36
      43
      36
      36
      40
      35
      38
      32
      47
      26
      24
      37
      38
      44
      36
      30
      35
      37
      45
      31
      46
      46
      26
      40
      35
      46
      35
      49
      38
      39
      31
      36
      42
      35
      35
      44
      41
      35
      48
      39
      35
      47
      41
      39
      36
      37
      50
      35
      30
      44
      40
      35
      42
      42
      38
      38
      32
      34
      34
      44
      35
      37
      43
      45
      33
      47
      36
      46
      42
      53
      39
      54
      34
      43
      43
      37
      32
      38
      40
      39
      40
      26
      39
      32
      42
      41
      38
      35
      48
      32
      38
      38
      29
      42
      42
      49
      40
      29
      38
      35
      56
      39
      41
      41
      38
      35
      37
      33
      39
      38
      36
      27
      41
      45
      37
      40
      57
      38
      39
      36
      36
      34
      46
      44
      35
      47
      40
      44
      42
      33
      46
      31
      32
      41
      41
      46
      49
      45
      38
      38
      33
      39
      34
      41
      45
      40
      47
      43
      44
      47
      43
      39
      34
      38
      43
      31
      41
      39
      41
      40
      33
      41
      33
      36
      27
      43
      34
      44
      35
      36
      36
      34
      44
      39
      26
      46
      32
      43
      38
      50
      34
      45
      35
      22
      46
      37
      42
      33
      46
      43
      56
      48
      42
      34
      32
      35
      35
      42
      40
      25
      39
      25
      37
      31
      36
      36
      46
      45
      38
      33
      50
      51
      31
      29
      35
      37
      39
      36
      56
      39
      31
      39
      39
      30
      38
      34
      39
      37
      40
      41
      41
      48
      32
      21
      41
      50
      35
      52
      28
      34
      38
      40
      37
      38
      43
      43
      39
      34
      29
      35
      34
      34
      46
      41
      31
      36
      46
      36
      39
      31
      29
      37
      34
      38
      32
      46
      40
      48
      34
      27
      27
      37
      26
      36
      41
      35
      39
      43
      32
      38
      38
      49
      38
      30
      45
      41
      36
      34
      46
      40
      39
      37
      42
      37
      35
      42
      37
      27
      50
      30
      46
      39
      44
      34
      27
      41
      19
      40
      51
      29
      36
      45
      40
      22
      34
      38
      40
      52
      44
      43
      45
      31
      36
      46
      55
      24
      43
      29
      40
      34
      40
      49
      32
      44
      39
      36
      44
      38
      41
      32
      38
      35
      35
      37
      33
      45
      33
      38
      40
      49
      29
      55
      38
      44
      40
      36
      42
      33
      47
      42
      34
      41
      31
      33
      33
      39
      39
      42
      29
      38
      32
      38
      41
      36
      31
      36
      50
      42
      31
      36
      33
      35
      29
      41
      39
      30
      45
      31
      36
      39
      43
      33
      42
      43
      55
      42
      35
      32
      49
      35
      49
      45
      36
      29
      40
      34
      26
      35
      44
      37
      37
      39
      40
      30
      36
      52
      28
      23
      33
      38
      33
      31
      34
      38
      43
      39
      48
      29
      38
      30
      50
      56
      41
      46
      35
      34
      45
      40
      34
      29
      41
      40
      33
      36
      32
      35
      29
      44
      45
      27
      39
      38
      28
      36
      45
      33
      39
      40
      44
      33
      36
      42
      33
      36
      46
      33
      47
      39
      35
      46
      37
      40
      37
      39
      36
      37
      38
      44
      32
      29
      38
      34
      42
      45
      39
      40
      30
      50
      28
      43
      47
      38
      52
      36
      41
      44
      34
      35
      44
      29
      56
      49
      36
      40
      39
      38
      42
      31
      38
      38
      34
      33
      50
      39
      34
      41
      45
      35
      42
      44
      33
      43
      34
      35
      33
      45
      29
      37
      48
      37
      39
      40
      45
      42
      42
      40
      38
      28
      39
      43
      37
      52
      44
      40
      41
      43
      39
      46
      37
      30
      33
      31
      31
      44
      27
      43
      30
      41
      35
      48
      44
      40
      38
      35
      37
      50
      34
      34
      36
      51
      42
      34
      41
      48
      44
      36
      36
      40
      43
      37
      46
      36
      35
      49
      45
      34
      35
      44
      34
      53
      49
      36
      47
      47
      36
      35
      30
      34
      31
      41
      49
      27
      42
      28
      31
      35
      40
      38
      45
      33
      31
      43
      29
      47
      48
      37
      43
      41
      52
      30
      34
      47
      32
      41
      35
      39
      44
      36
      34
      37
      53
      39
      39
      38
      31
      37
      46
      43
      37
      29
      34
      47
      49
      39
      41
      35
      34
      43
      41
      49
      46
      35
      37
      40
      33
      23
      30
      43
      34
      42
      37
      37
      41
      31
      37
      47
      34
      42
      38
      37
      32
      52
      36
      47
      40
      42
      38
      45
      40
      52
      45
      27
      41
      50
      31
      43
      43
      45
      31
      33
      41
      34
      35
      35
      52
      29
      44
      34
      32
      37
      35
      41
      35
      38
      51
      55
      36
      26
      37
      38
      38
      45
      44
      48
      49
      41
      40
      49
      46
      37
      48
      42
      41
      42
      39
      39
      44
      45
      30
      38
      47
      37
      48
      49
      40
      33
      32
      44
      34
      29
      35
      46
      34
      38
      37
      37
      44
      38
      37
      34
      35
      33
      43
      28
      36
      32
      36
      33
      43
      40
      51
      33
      49
      30
      44
      55
      31
      37
      33
      35
      48
      37
      35
      35
      40
      51
      34
      39
      35
      41
      35
      40
      41
      44
      43
      47
      35
      48
      37
      47
      40
      38
      41
      43
      38
      32
      42
      44
      52
      39
      40
      35
      33
      40
      29
      49
      40
      33
      29
      42
      35
      53
      47
      50
      37
      33
      54
      37
      43
      35
      38
      35
      40
      27
      37
      31
      48
      30
      43
      29
      40
      26
      33
      32
      32
      50
      39
      48
      31
      40
      38
      33
      44
      35
      48
      43
      28
      37
      37
      41
      36
      34
      31
      35
      40
      35
      42
      57
      32
      36
      40
      42
      41
      33
      47
      39
      40
      47
      28
      29
      32
      35
      34
      47
      42
      37
      37
      46
      53
      45
      29
      40
      42
      47
      33
      38
      40
      35
      41
      43
      36
      41
      28
      48
      29
      26
      41
      37
      33
      50
      37
      41
      42
      47
      40
      35
      47
      33
      36
      36
      27
      44
      45
      39
      35
      34
      41
      43
      37
      33
      45
      47
      30
      43
      47
      38
      37
      39
      35
      35
      38
      23
      37
      31
      39
      36
      42
      31
      21
      33
      35
      36
      34
      52
      34
      29
      39
      27
      47
      36
      28
      41
      42
      36
      40
      40
      35
      41
      41
      39
      46
      43
      40
      42
      40
      29
      49
      42
      45
      37
      32
      45
      43
      44
      26
      35
      30
      53
      57
      34
      34
      40
      36
      44
      33
      35
      26
      31
      43
      26
      39
      26
      36
      46
      30
      37
      28
      37
      34
      49
      53
      28
      44
      52
      31
      39
      44
      37
      37
      34
      38
      35
      46
      32
      39
      33
      34
      35
      37
      41
      51
      42
      32
      45
      42
      34
      30
      38
      39
      41
      32
      36
      38
      38
      43
      36
      38
      34
      35
      42
      44
      34
      36
      33
      27
      28
      45
      41
      33
      32
      54
      46
      26
      34
      28
      36
      47
      36
      45
      38
      42
      32
      31
      25
      48
      47
      41
      35
      32
      41
      47
      35
      41
      38
      42
      43
      39
      27
      39
      43
      44
      43
      45
      45
      35
      40
      41
      38
      28
      43
      45
      36
      42
      37
      45
      39
      26
      37
      40
      40
      47
      38
      39
      49
      47
      46
      38
      37
      40
      30
      36
      36
      33
      36
      31
      56
      42
      29
      44
      36
      24
      42
      32
      44
      39
      37
      33
      34
      32
      56
      44
      46
      48
      48
      39
      38
      43
      39
      40
      45
      35
      38
      42
      46
      42
      57
      40
      35
      39
      41
      54
      39
      24
      46
      42
      59
      27
      51
      32
      41
      27
      37
      43
      35
      34
      33
      31
      42
      57
      41
      33
      46
      43
      30
      39
      43
      33
      44
      53
      45
      42
      42
      36
      34
      35
      44
      37
      35
      42
      40
      40
      41
      38
      40
      37
      41
      36
      41
      40
      31
      36
      53
      45
      47
      37
      49
      37
      39
      40
      33
      44
      35
      37
      46
      42
      49
      42
      47
      39
      38
      29
      48
      50
      40
      43
      39
      31
      39
      44
      49
      31
      41
      36
      32
      40
      41
      39
      41
      37
      26
      46
      37
      33
      41
      42
      39
      45
      31
      32
      51
      40
      39
      40
      32
      40
      44
      41
      34
      40
      31
      36
      37
      43
      47
      47
      41
      31
      35
      39
      34
      43
      26
      31
      39
      25
      42
      48
      29
      43
      36
      38
      42
      41
      33
      43
      36
      47
      40
      39
      32
      41
      42
      42
      46
      43
      34
      43
      36
      34
      40
      33
      33
      32
      50
      38
      40
      50
      34
      35
      45
      40
      35
      37
      34
      44
      52
      42
      45
      39
      42
      34
      29
      50
      24
      40
      41
      49
      33
      37
      31
      39
      32
      38
      45
      44
      46
      39
      35
      40
      37
      38
      41
      40
      37
      36
      36
      44
      33
      46
      44
      39
      37
      43
      32
      40
      41
      32
      38
      38
      41
      34
      31
      32
      48
      51
      36
      43
      29
      43
      42
      31
      49
      43
      42
      40
      42
      36
      47
      38
      40
      41
      40
      38
      56
      25
      31
      43
      36
      29
      37
      51
      45
      38
      37
      57
      29
      39
      44
      45
      47
      41
      39
      35
      35
      42
      33
      35
      52
      25
      42
      55
      38
      47
      33
      36
      30
      35
      45
      40
      33
      38
      46
      46
      39
      44
      45
      41
      43
      23
      34
      37
      45
      34
      32
      44
      35
      29
      33
      28
      53
      50
      33
      36
      40
      39
      31
      38
      45
      44
      39
      44
      37
      31
      27
      34
      40
      45
      40
      40
      42
      30
      35
      41
      49
      31
      36
      43
      44
      38
      46
      39
      60
      37
      37
      41
      37
      46
      41
      49
      48
      48
      47
      34
      40
      40
      38
      43
      57
      40
      54
      39
      38
      43
      39
      46
      46
      53
      37
      50
      42
      43
      45
      32
      48
      47
      48
      42
      43
      60
      48
      44
      42
      65
      53
      53
      41
      40
      47
      39
      45
      38
      41
      44
      42
      41
      57
      37
      51
      46
      30
      29
      45
      36
      29
      35
      51
      48
      36
      38
      50
      37
      41
      45
      50
      36
      42
      48
      37
      34
      42
      29
      49
      45
      32
      50
      42
      36
      42
      36
      50
      31
      48
      44
      36
      38
      34
      46
      33
      35
      49
      38
      47
      32
      32
      34
      33
      37
      49
      43
      17
      38
      32
      37
      39
      48
      52
      50
      40
      52
      38
      44
      48
      36
      34
      38
      31
      48
      39
      42
      37
      41
      45
      38
      31
      37
      46
      41
      44
      26
      39
      44
      37
      53
      39
      47
      40
      39
      46
      42
      41
      27
      36
      43
      48
      49
      36
      34
      41
      44
      36
      41
      40
      45
      51
      42
      44
      42
      40
      35
      45
      53
      37
      37
      50
      44
      36
      33
      24
      40
      45
      48
      36
      43
      46
      37
      38
      40
      33
      45
      36
      47
      45
      35
      46
      31
      52
      43
      43
      50
      36
      46
      36
      33
      31
      45
      43
      38
      45
      42
      35
      39
      45
      43
      40
      50
      27
      35
      32
      43
      44
      39
      35
      46
      29
      53
      60
      40
      29
      30
      29
      44
      40
      37
      42
      49
      42
      42
      36
      47
      45
      48
      32
      49
      49
      36
      33
      52
      35
      66
      21
      43
      52
      44
      40
      48
      44
      38
      38
      40
      47
      48
      58
      44
      46
      44
      35
      40
      32
      30
      43
      36
      55
      34
      45
      45
      47
      39
      36
      42
      41
      46
      36
      34
      46
      39
      38
      54
      42
      39
      44
      33
      48
      40
      42
      44
      37
      35
      49
      46
      44
      42
      36
      37
      53
      48
      40
      42
      44
      41
      40
      37
      37
      46
      41
      52
      46
      44
      46
      44
      38
      41
      42
      43
      37
      37
      36
      42
      41
      50
      31
      50
      31
      48
      42
      38
      51
      41
      45
      39
      46
      25
      42
      34
      44
      47
      42
      41
      48
      43
      39
      41
      41
      35
      48
      49
      37
      45
      42
      48
      33
      37
      45
      41
      48
      34
      39
      43
      35
      48
      35
      50
      41
      44
      43
      49
      53
      39
      33
      47
      36
      48
      32
      36
      43
      45
      32
      40
      32
      38
      42
      33
      37
      52
      37
      42
      43
      43
      39
      35
      38
      45
      32
      42
      41
      53
      40
      33
      39
      48
      33
      32
      30
      35
      41
      43
      42
      38
      32
      48
      38
      33
      38
      41
      32
      33
      48
      38
      44
      28
      46
      47
      45
      42
      51
      37
      34
      47
      32
      53
      40
      44
      42
      41
      29
      57
      35
      47
      45
      47
      37
      36
      36
      40
      47
      41
      40
      47
      36
      40
      58
      51
      41
      41
      31
      29
      37
      44
      43
      55
      40
      47
      45
      36
      49
      32
      41
      40
      41
      45
      40
      40
      46
      44
      28
      44
      34
      40
      41
      53
      41
      48
      46
      47
      60
      38
      47
      48
      32
      37
      40
      41
      38
      46
      35
      32
      35
      54
      33
      35
      36
      51
      30
      49
      45
      44
      51
      50
      46
      42
      40
      44
      47
      47
      40
      48
      46
      40
      38
      42
      42
      56
      35
      48
      34
      42
      45
      39
      48
      47
      46
      50
      51
      37
      56
      49
      42
      49
      39
      41
      49
      56
      37
      45
      44
      40
      33
      36
      43
      38
      32
      54
      42
      35
      37
      32
      39
      44
      51
      36
      39
      41
      33
      45
      48
      41
      41
      33
      44
      44
      43
      41
      41
      40
      30
      52
      38
      44
      46
      35
      47
      42
      37
      36
      41
      41
      47
      48
      41
      41
      42
      35
      47
      43
      51
      50
      52
      44
      46
      35
      37
      38
      28
      40
      55
      45
      48
      41
      37
      46
      39
      43
      46
      49
      61
      38
      40
      42
      33
      51
      46
      33
      50
      45
      44
      34
      37
      60
      51
      47
      36
      59
      41
      48
      54
      33
      42
      41
      37
      33
      40
      41
      40
      47
      39
      43
      41
      30
      43
      41
      45
      46
      41
      45
      43
      41
      42
      36
      46
      39
      43
      33
      38
      41
      46
      44
      36
      46
      32
      38
      41
      34
      44
      34
      50
      43
      50
      49
      51
      54
      38
      41
      48
      41
      39
      45
      44
      40
      38
      34
      42
      38
      54
      45
      40
      48
      43
      43
      45
      49
      46
      45
      40
      46
      34
      38
      36
      39
      51
      44
      32
      49
      43
      45
      53
      45
      54
      48
      44
      35
      44
      44
      35
      37
      41
      42
      42
      42
      53
      46
      34
      40
      44
      38
      37
      43
      27
      43
      39
      43
      38
      45
      45
      50
      48
      38
      43
      38
      32
      48
      42
      50
      39
      48
      47
      47
      42
      41
      44
      54
      44
      45
      51
      58
      49
      43
      38
      39
      43
      32
      55
      45
      43
      50
      45
      41
      43
      57
      36
      43
      45
      44
      35
      45
      54
      37
      34
      48
      44
      35
      38
      43
      44
      50
      48
      36
      45
      36
      47
      34
      45
      32
      49
      38
      43
      41
      54
      32
      57
      49
      58
      41
      41
      55
      51
      47
      34
      36
      48
      36
      45
      45
      34
      46
      50
      43
      40
      41
      44
      36
      44
      37
      52
      54
      38
      48
      35
      40
      49
      40
      40
      51
      33
      59
      46
      42
      42
      39
      37
      39
      42
      31
      54
      59
      40
      37
      44
      27
      48
      47
      47
      39
      41
      41
      37
      41
      34
      59
      35
      34
      44
      39
      45
      33
      52
      33
      50
      34
      46
      48
      32
      53
      56
      45
      45
      46
      41
      41
      49
      38
      45
      39
      46
      57
      57
      44
      41
      38
      41
      42
      40
      48
      48
      34
      40
      34
      41
      49
      37
      43
      51
      51
      45
      50
      45
      43
      55
      43
      50
      48
      44
      50
      41
      47
      54
      43
      41
      48
      29
      37
      46
      41
      43
      38
      45
      50
      48
      60
      50
      49
      47
      39
      48
      40
      42
      28
      35
      52
      42
      46
      43
      39
      44
      38
      39
      46
      45
      38
      44
      58
      46
      48
      41
      44
      35
      45
      47
      54
      43
      37
      36
      33
      42
      59
      40
      42
      32
      53
      45
      44
      51
      45
      41
      48
      45
      36
      51
      37
      49
      42
      43
      40
      48
      56
      48
      60
      40
      41
      39
      44
      41
      37
      46
      46
      41
      56
      51
      39
      47
      45
      44
      48
      40
      39
      39
      42
      38
      43
      44
      49
      46
      40
      46
      49
      49
      36
      41
      34
      42
      47
      50
      58
      30
      42
      55
      47
      55
      47
      50
      44
      43
      42
      41
      43
      44
      48
      50
      50
      45
      39
      39
      37
      40
      38
      42
      35
      42
      42
      60
      37
      46
      56
      46
      52
      45
      61
      51
      49
      56
      42
      47
      52
      44
      38
      35
      38
      56
      52
      48
      46
      46
      42
      34
      47
      40
      50
      35
      43
      32
      42
      44
      37
      46
      46
      34
      45
      39
      47
      42
      59
      50
      53
      48
      43
      38
      51
      37
      38
      37
      45
      48
      52
      55
      40
      39
      50
      46
      34
      41
      49
      47
      44
      42
      34
      42
      51
      43
      51
      41
      43
      59
      48
      58
      44
      46
      43
      54
      46
      45
      40
      37
      43
      42
      36
      46
      40
      35
      49
      35
      55
      55
      50
      44
      58
      40
      42
      46
      53
      42
      45
      40
      39
      40
      46
      39
      58
      59
      50
      52
      52
      46
      57
      43
      47
      50
      45
      54
      43
      50
      44
      43
      43
      58
      43
      44
      47
      38
      42
      47
      46
      40
      46
      47
      54
      50
      46
      43
      48
      39
      53
      48
      47
      48
      39
      33
      40
      53
      52
      41
      47
      50
      33
      39
      47
      40
      36
      44
      55
      46
      36
      39
      44
      47
      53
      60
      43
      49
      36
      41
      35
      42
      47
      50
      43
      43
      39
      42
      58
      40
      43
      48
      43
      47
      43
      47
      54
      35
      40
      47
      37
      43
      48
      45
      48
      54
      45
      46
      32
      43
      41
      44
      51
      57
      39
      42
      43
      42
      48
      40
      39
      37
      44
      54
      54
      52
      49
      56
      46
      39
      39
      39
      50
      46
      48
      44
      53
      52
      42
      49
      42
      44
      46
      43
      53
      40
      50
      43
      51
      50
      51
      44
      45
      46
      44
      40
      38
      49
      42
      46
      48
      53
      50
      49
      54
      35
      49
      47
      49
      49
      39
      42
      52
      51
      60
      33
      46
      44
      40
      53
      46
      42
      41
      53
      40
      40
      48
      42
      51
      43
      50
      43
      48
      45
      49
      44
      49
      62
      51
      36
      37
      47
      43
      46
      61
      45
      45
      58
      55
      60
      45
      55
      47
      45
      39
      55
      36
      48
      52
      40
      49
      54
      47
      52
      56
      54
      48
      55
      39
      54
      58
      51
      40
      34
      49
      55
      58
      42
      45
      47
      54
      54
      46
      45
      49
      45
      41
      52
      38
      44
      46
      50
      50
      51
      56
      46
      41
      46
      41
      61
      40
      46
      49
      38
      39
      51
      46
      41
      54
      40
      45
      53
      60
      61
      55
      53
      45
      55
      51
      51
      44
      55
      46
      34
      58
      35
      58
      52
      45
      49
      41
      52
      35
      39
      52
      49
      52
      40
      53
      58
      37
      39
      49
      52
      53
      41
      47
      46
      50
      55
      49
      50
      47
      50
      41
      60
      46
      43
      43
      46
      42
      43
      42
      49
      52
      55
      51
      43
      55
      52
      36
      69
      44
      45
      45
      45
      51
      51
      49
      47
      42
      49
      38
      47
      44
      50
      67
      54
      40
      53
      63
      58
      52
      48
      50
      54
      39
      55
      62
      63
      46
      54
      52
      57
      43
      40
      55
      42
      54
      43
      54
      60
      51
      36
      52
      51
      60
      37
      38
      52
      46
      46
      44
      46
      49
      58
      43
      53
      45
      68
      47
      55
      47
      55
      46
      43
      35
      50
      69
      55
      48
      48
      48
      60
      53
      40
      60
      49
      51
      59
      45
      63
      53
      44
      45
      55
      48
      54
      57
      43
      47
      51
      47
      42
      58
      45
      48
      56
      45
      58
      57
      38
      63
      52
      52
      47
      43
      49
      56
      49
      72
      58
      48
      49
      56
      55
      59
      53
      45
      50
      54
      41
      44
      46
      46
      62
      53
      40
      48
      54
      46
      50
      40
      52
      41
      37
      40
      46
      42
      47
      40
      39
      52
      48
      47
      39
      47
      50
      44
      52
      56
      60
      50
      47
      48
      46
      62
      63
      52
      46
      31
      48
      42
      32
      52
      40
      48
      55
      56
      52
      52
      50
      51
      51
      41
      57
      47
      59
      58
      54
      60
      56
      50
      48
      49
      43
      61
      57
      54
      58
      50
      48
      45
      32
      50
      60
      47
      51
      48
      49
      68
      49
      50
      57
      50
      37
      50
      38
      49
      58
      40
      51
      59
      55
      53
      48
      50
      57
      48
      56
      42
      64
      54
      38
      52
      53
      54
      52
      41
      48
      68
      41
      63
      48
      57
      57
      50
      51
      55
      54
      53
      60
      42
      46
      53
      42
      49
      46
      49
      55
      47
      52
      47
      43
      58
      51
      43
      50
      50
      42
      44
      44
      45
      59
      39
      55
      44
      59
      55
      63
      48
      62
      58
      46
      61
      63
      55
      54
      53
      61
      54
      59
      55
      53
      49
      67
      51
      63
      57
      52
      55
      40
      56
      59
      47
      45
      52
      46
      50
      52
      52
      49
      61
      51
      64
      47
      59
      58
      62
      58
      55
      48
      49
      50
      54
      50
      64
      62
      56
      54
      61
      57
      49
      48
      56
      52
      39
      51
      39
      64
      50
      47
      57
      59
      52
      46
      47
      53
      51
      55
      42
      54
      46
      44
      44
      53
      53
      51
      49
      50
      63
      54
      48
      53
      54
      54
      55
      57
      61
      51
      63
      50
      51
      50
      59
      49
      64
      46
      45
      51
      41
      51
      71
      52
      68
      69
      50
      59
      49
      45
      51
      46
      58
      45
      52
      60
      58
      63
      59
      42
      62
      60
      49
      53
      59
      62
      49
      37
      41
      54
      46
      49
      59
      55
      46
      64
      44
      59
      58
      46
      49
      65
      58
      56
      45
      62
      45
      51
      51
      52
      60
      51
      51
      59
      59
      53
      58
      57
      50
      49
      49
      67
      50
      57
      53
      51
      51
      61
      63
      43
      52
      65
      60
      59
      55
      55
      49
      54
      55
      60
      48
      49
      49
      51
      52
      48
      55
      52
      50
      70
      60
      43
      51
      56
      60
      54
      60
      58
      58
      54
      61
      56
      39
      42
      61
      50
      43
      57
      38
      57
      53
      63
      63
      52
      58
      57
      53
      52
      64
      38
      38
      53
      60
      58
      47
      69
      50
      62
      60
      53
      54
      54
      48
      67
      47
      57
      61
      60
      53
      52
      56
      45
      57
      54
      53
      52
      62
      60
      51
      58
      53
      52
      60
      60
      61
      69
      51
      45
      44
      50
      54
      47
      53
      48
      47
      40
      61
      45
      50
      61
      65
      52
      48
      55
      61
      51
      54
      59
      61
      68
      55
      52
      39
      68
      48
      47
      54
      67
      35
      55
      54
      66
      55
      59
      47
      56
      59
      51
      52
      61
      66
      53
      50
      59
      59
      72
      66
      57
      58
      59
      71
      53
      67
      51
      57
      56
      58
      55
      70
      59
      49
      54
      54
      49
      54
      63
      46
      49
      60
      60
      56
      70
      63
      42
      70
      62
      62
      54
      68
      54
      58
      50
      56
      57
      66
      53
      46
      69
      54
      48
      45
      67
      50
      59
      56
      62
      53
      45
      55
      52
      49
      47
      71
      56
      41
      62
      46
      51
      75
      65
      67
      53
      59
      57
      59
      60
      63
      56
      62
      49
      55
      66
      55
      59
      64
      62
      59
      54
      56
      63
      62
      61
      57
      52
      56
      64
      57
      64
      69
      71
      48
      67
      66
      59
      67
      56
      72
      55
      65
      50
      50
      54
      70
      65
      60
      64
      62
      59
      46
      54
      55
      59
      50
      57
      61
      60
      54
      61
      57
      58
      61
      65
      60
      59
      45
      49
      78
      46
      68
      50
      64
      67
      65
      54
      54
      59
      53
      70
      53
      56
      60
      48
      42
      73
      58
      52
      62
      57
      50
      56
      63
      70
      49
      49
      59
      59
      57
      56
      55
      66
      53
      63
      65
      62
      66
      57
      69
      60
      66
      40
      78
      64
      59
      63
      57
      73
      66
      71
      63
      63
      61
      50
      60
      69
      50
      60
      59
      78
      60
      78
      59
      55
      56
      54
      67
      58
      63
      65
      63
      57
      60
      61
      57
      50
      47
      58
      67
      58
      48
      57
      58
      61
      58
      69
      68
      37
      63
      65
      71
      66
      58
      50
      57
      72
      63
      58
      74
      63
      80
      71
      64
      71
      62
      55
      60
      53
      62
      68
      71
      63
      58
      66
      55
      70
      55
      65
      58
      51
      58
      52
      44
      62
      62
      54
      57
      65
      77
      62
      75
      73
      66
      59
      73
      53
      56
      54
      55
      68
      63
      69
      67
      56
      57
      66
      69
      74
      46
      69
      48
      57
      56
      60
      52
      55
      71
      68
      54
      59
      69
      60
      66
      74
      81
      75
      78
      64
      70
      57
      68
      61
      58
      52
      81
      68
      64
      51
      76
      70
      61
      59
      63
      71
      54
      57
      67
      76
      58
      74
      70
      72
      57
      66
      60
      63
      66
      66
      71
      69
      65
      64
      67
      69
      52
      69
      74
      76
      72
      56
      49
      65
      54
      74
      66
      61
      79
      59
      63
      68
      74
      82
      70
      78
      73
      62
      64
      65
      66
      68
      59
      65
      70
      63
      65
      71
      66
      62
      65
      73
      57
      57
      61
      70
      69
      50
      65
      70
      69
      67
      76
      61
      60
      66
      61
      68
      65
      67
      69
      60
      80
      91
      64
      77
      61
      78
      65
      73
      62
      83
      75
      72
      73
      54
      70
      58
      62
      75
      63
      58
      73
      71
      56
      75
      87
      70
      79
      74
      62
      74
      65
      81
      67
      67
      75
      73
      65
      73
      67
      77
      76
      75
      63
      74
      68
      65
      73
      54
      76
      67
      70
      65
      76
      74
      60
      76
      66
      66
      72
      78
      67
      73
      72
      73
      70
      72
      78
      69
      66
      61
      78
      73
      72
      67
      73
      80
      72
      68
      89
      77
      76
      66
      79
      60
      78
      75
      57
      67
      60
      71
      75
      59
      60
      70
      70
      72
      90
      69
      71
      85
      77
      84
      67
      70
      69
      62
      67
      63
      67
      69
      76
      65
      83
      88
      92
      72
      81
      75
      67
      75
      76
      74
      73
      65
      74
      87
      69
      72
      64
      78
      85
      78
      66
      82
      83
      74
      86
      93
      84
      84
      92
      87
      95
      75
      63
      68
      78
      70
      92
      72
      75
      85
      82
      85
      89
      81
      80
      69
      79
     103
      97
      73
      88
      71
      80
      77
      78
      78
      90
      73
      65
      87
      83
      77
      90
      80
      81
      70
      87
      88
      94
      71
      94
      63
      89
      75
      81
      74
      71
      72
      80
      56
      77
      73
      76
      62
      85
      69
      63
      87
      94
      86
      83
      82
      79
      81
      69
      77
      73
      70
      70
      68
      72
      72
      77
      75
      78
      89
      68
      93
      65
      88
      69
      78
      69
      72
      76
      87
      82
      65
      74
      87
      78
      80
      69
      61
      71
      79
      83
      88
      89
      67
      73
      82
      83
      73
      70
      97
      86
      86
      75
      71
      71
      76
      76
      74
      81
      70
      69
      90
      72
      76
      73
      70
      74
      71
      88
      91
      87
      84
      84
      80
      70
      68
      82
      83
      76
      79
      68
      83
      80
      74
      79
      95
      89
      93
      86
      73
      86
      71
      75
      63
      75
      83
      87
      65
      70
      69
      74
      67
      72
      83
      80
      85
      83
      77
      99
      84
      75
      86
      80
      77
      86
      92
      64
      93
      74
      79
      70
      80
      83
      74
      89
      77
     100
      54
      71
      74
      81
      61
      80
      74
      88
      84
      85
      75
      86
      91
      80
      86
      75
      98
      90
      87
      82
      94
      91
      89
      75
      94
      74
      69
      89
      80
      99
      79
      88
      95
      90
      81
      88
      68
      91
      74
      85
      75
      96
      88
      96
      75
      86
      86
      84
      79
      89
      80
      94
      81
      86
      82
      83
      81
      99
      86
      81
      90
     100
      79
      74
      82
      80
      89
      79
      77
      85
      80
      77
      84
      93
      73
      90
      93
      70
      68
      75
      94
      97
      97
      91
      75
      64
     102
      81
      90
      84
      71
     102
      99
      93
      82
      86
      92
      89
      76
      97
      96
     107
      80
      86
      95
      76
      87
     105
      77
      81
      74
      79
      85
      76
      93
      81
      74
      78
      84
      88
      68
      71
      83
      73
      80
      91
      70
      91
      95
      76
      78
      98
      82
      81
      80
      83
      82
      87
      78
      77
      87
      75
      77
      84
      86
      89
      87
      85
      88
      90
      80
      96
      74
      97
      82
      91
      98
      95
      87
      79
      92
      90
      92
      71
      80
      75
      91
      88
      75
     105
      69
      76
      91
      77
      78
      87
      95
      86
      70
      75
      73
      90
      84
      67
      91
      83
      83
      94
     101
      97
     104
      76
      72
     100
      67
      89
      77
      90
      83
      65
      84
      70
      79
      66
      62
      90
      70
      86
      85
      80
      73
      80
      88
      65
      79
      89
      90
      65
      86
      92
      91
      86
      84
      76
      76
      81
      85
      73
      89
      62
      72
      94
      69
      77
      92
      73
      71
      80
      69
      66
      67
      66
      82
      75
      79
      57
      78
      64
      69
      63
      66
      65
      62
      55
      79
      70
      63
      58
      54
      65
      71
      83
      59
      59
      56
      66
      68
      51
      79
      59
      59
      59
      63
      56
      55
      60
      63
      72
      58
      58
      62
      66
      50
      66
      46
      81
      61
      43
      48
      73
      56
      60
      54
      71
      61
      57
      46
      54
      57
      52
      63
      62
      50
      72
      62
      72
      51
      69
      53
      55
      58
      49
      57
      61
      45
      63
      56
      46
      53
      40
      62
      49
      61
      42
      43
      43
      52
      58
      75
      57
      70
      45
      65
      57
      60
      55
      53
      55
      54
      44
      66
      53
      38
      61
      51
      41
      48
      53
      43
      50
      54
      39
      60
      52
      51
      64
      56
      58
      49
      42
      43
      53
      42
      47
      64
      58
      57
      59
      47
      61
      34
      43
      50
      54
      54
      43
      47
      58
      44
      51
      48
      50
      51
      55
      57
      46
      45
      57
      46
      54
      41
      48
      53
      53
      47
      51
      45
      40
      45
      42
      43
      44
      39
      39
      49
      49
      50
      45
      43
      49
      53
      47
      47
      48
      49
      55
      39
      52
      44
      58
      48
      44
      51
      45
      52
      54
      42
      51
      40
      54
      55
      62
      46
      47
      51
      46
      50
      46
      47
      44
      49
      43
      44
      44
      39
      48
      41
      62
      51
      48
      43
      49
      50
      44
      48
      28
      43
      35
      43
      38
      48
      53
      42
      47
      51
      44
      49
      45
      48
      42
      55
      33
      55
      44
      46
      38
      56
      58
      53
      52
      40
      44
      49
      44
      49
      48
      28
      44
      49
      57
      38
      34
      52
      55
      37
      40
      55
      44
      47
      33
      47
      49
      40
      49
      57
      39
      51
      43
      41
      47
      43
      39
      43
      45
      31
      46
      42
      36
      49
      46
      54
      32
      56
      36
      44
      49
      45
      45
      44
      51
      49
      49
      48
      50
      41
      40
      41
      42
      36
      40
      48
      43
      50
      45
      34
      49
      30
      57
      39
      38
      33
      40
      44
      39
      50
      34
      38
      40
      36
      40
      33
      43
      43
      48
      51
      58
      31
      42
      45
      49
      41
      47
      42
      40
      42
      41
      44
      47
      45
      34
      52
      45
      44
      38
      33
      38
      37
      36
      53
      48
      51
      42
      43
      45
      31
      57
      35
      55
      39
      42
      50
      39
      41
      47
      51
      51
      41
      55
      45
      49
      42
      33
      48
      44
      37
      40
      35
      41
      44
      52
      44
      49
      39
      46
      51
      43
      27
      54
      30
      33
      38
      34
      45
      41
      41
      40
      39
      34
      39
      60
      46
      42
      43
      34
      38
      48
      43
      36
      39
      36
      42
      43
      32
      27
      30
      44
      45
      41
      60
      31
      36
      59
      43
      44
      41
      37
      35
      41
      39
      44
      45
      39
      46
      47
      27
      39
      36
      43
      51
      41
      31
      36
      45
      35
      35
      41
      29
      37
      36
      40
      34
      26
      44
      43
      38
      48
      42
      45
      43
      38
      37
      38
      36
      39
      40
      37
      44
      44
      32
      35
      53
      45
      41
      39
      46
      39
      40
      45
      40
      33
      42
      43
      39
      46
      39
      39
      27
      45
      35
      34
      39
      27
      40
      43
      36
      40
      38
      41
      48
      42
      27
      36
      43
      34
      42
      42
      31
      41
      33
      39
      37
      39
      37
      35
      32
      42
      43
      34
      31
      22
      31
      33
      32
      27
      33
      33
      30
      47
      39
      42
      37
      39
      32
      34
      38
      42
      48
      31
      38
      42
      43
      37
      37
      46
      36
      35
      42
      35
      21
      28
      35
      40
      40
      30
      41
      40
      31
      37
      38
      38
      39
      43
      37
      29
      27
      35
      39
      43
      27
      36
      27
      40
      33
      46
      43
      36
      35
      39
      36
      37
      28
      39
      39
      23
      46
      34
      37
      39
      32
      28
      33
      29
      43
      28
      38
      34
      36
      31
      45
      28
      25
      29
      41
      30
      42
      39
      32
      21
      30
      24
      28
      32
      31
      27
      24
      29
      26
      32
      37
      23
      28
      37
      38
      34
      33
      28
      30
      31
      35
      36
      31
      32
      39
      30
      39
      42
      37
      36
      37
      20
      35
      34
      28
      27
      40
      42
      31
      30
      24
      39
      26
      26
      30
      24
      26
      28
      31
      27
      38
      30
      27
      33
      27
      30
      22
      34
      24
      32
      38
      35
      31
      30
      24
      43
      26
      28
      36
      32
      30
      31
      27
      35
      29
      26
      30
      38
      31
      31
      26
      36
      34
      25
      32
      21
      36
      27
      30
      22
      21
      33
      28
      25
      35
      21
      33
      31
      26
      30
      29
      37
      34
      36
      23
      31
      28
      24
      29
      26
      35
      31
      20
      31
      30
      31
      28
      27
      28
      26
      26
      30
      36
      27
      39
      25
      23
      40
      33
      24
      29
      17
      18
      30
      32
      33
      29
      22
      37
      27
      30
      30
      35
      33
      26
      27
      31
      25
      23
      35
      31
      27
      28
      27
      23
      18
      19
      12
      32
      28
      28
      35
      19
      33
      26
      24
      26
      19
      21
      19
      27
      26
      33
      28
      27
      29
      28
      25
      28
      29
      25
      22
      28
      28
      26
      19
      27
      28
      19
      32
      12
      14
      16
      26
      25
      24
      25
      22
      31
      32
      29
      28
      31
      29
      21
      42
      19
      30
      23
      24
      18
      33
      18
      21
      34
      29
      29
      27
      25
      31
      23
      20
      30
      21
      25
      20
      32
      25
      24
      24
      23
      20
      19
      19
      19
      28
      20
      32
      27
      28
      12
      28
      25
      17
      20
      34
      21
      17
      16
      13
      25
      18
      26
      28
      25
      23
      21
      18
      27
      23
      22
      26
      24
      17
      15
      21
      24
      12
      16
      25
      26
      24
      23
      12
      17
      22
      15
      20
      28
      19
      18
      22
      23
      36
      27
      18
      25
      21
      20
      18
      23
      23
      19
      24
      24
      22
      34
      21
      27
      24
      27
      19
      17
      26
      19
      18
      23
      28
      22
      22
      30
      19
      25
      21
      25
      27
      26
      24
      21
      18
      21
      14
      24
      14
      16
      23
      18
      26
      13
      17
      17
      22
      17
      24
      13
      29
      22
      14
      23
      23
      21
      19
      13
      15
      16
      24
      24
      22
      14
      17
      15
      17
      21
      22
      18
      25
      20
      32
      10
      18
      17
      26
      27
      16
      29
      24
      22
      21
      25
      15
      19
      22
      14
      16
      23
      19
      16
      25
      15
      18
      16
      26
      16
      25
      26
      15
      19
      17
      16
      25
      20
      25
      19
      14
      24
      20
      24
      19
      24
      17
      29
      15
      18
      18
      23
      22
      16
      14
      20
      17
       9
      18
      13
      19
      14
      16
      14
      19
      19
      13
      17
      22
      19
      28
      14
       9
      22
      13
      18
      20
      17
      26
      22
      16
      19
      10
      27
      13
      20
      11
      21
      18
      10
      11
      10
      17
      15
      22
      15
      15
      23
      16
      23
      15
      20
      20
      20
      17
      16
      23
      12
      20
      15
      14
      17
      14
      17
      18
      18
      28
      16
       9
      18
      13
      20
      13
      22
      22
      28
      23
      12
      10
      13
      11
      15
      14
      20
      11
      18
      12
      11
      17
      19
      18
      15
      14
      13
      14
      15
      16
      21
      22
      11
      23
      17
      20
      28
      16
       9
      17
      13
      19
      15
      20
      18
      13
      18
      19
      18
      21
      20
      10
      12
      20
      25
      14
      13
      21
       8
      13
      10
      15
      12
      12
      16
      17
      17
      17
      13
      18
      15
      12
      16
      11
       9
      10
      17
      21
      20
      12
      27
      19
      13
      14
      12
      20
      22
      10
      13
      16
      12
      20
      22
      14
      17
      24
      16
      26
       9
      19
      12
      17
      18
      12
      11
      16
      14
      23
      13
      20
      11
       7
      16
      17
      11
      16
      16
      13
      13
      18
      18
      14
      15
      10
      16
      22
      13
      14
       7
      14
      13
      22
      16
      12
      11
       9
      16
      15
      19
       8
      15
      15
       9
      17
      11
      10
      12
      19
      18
      16
      12
      18
      15
      12
      14
      16
      10
      12
      10
      13
      15
      19
      15
      15
      14
      13
      12
      16
      13
      17
      12
      11
       9
      14
      15
      11
       9
      10
       6
      11
      12
       9
      17
      15
      20
      14
      13
      17
      12
       6
      15
      18
       8
      15
      10
      15
      12
      16
      19
       7
      16
      14
      18
      10
      15
      14
      14
       6
      16
      18
      19
      17
       8
      16
       9
      17
      24
      12
      15
       9
      19
      17
       9
      19
      12
      13
      16
      18
      18
      17
       9
      13
      18
      10
      17
       8
       8
      13
      11
      13
      14
      10
      10
      11
       9
      10
      11
      15
      18
      11
       7
      13
      14
      13
       6
       8
      19
       9
      11
      10
      13
      12
      11
      13
      12
      10
      10
       9
      16
      15
      12
      11
       9
       8
      15
      10
      13
      14
      17
      13
      12
       7
      11
       9
       8
       7
      11
       7
      10
      12
      15
       9
      13
      16
      14
      12
      12
      13
      12
      18
      18
      16
      13
      16
      15
      12
      13
      17
       8
      14
      11
       8
      21
       6
      14
      13
      15
      13
       8
      15
      10
      13
      19
      19
      13
      11
       7
      13
      10
      13
      16
      10
      11
      16
      11
      11
      18
      11
       5
      12
      10
      16
      14
       8
       9
      11
      13
      15
      11
       8
      16
      12
      11
      19
      14
      16
      15
      12
      16
       7
      17
      14
       9
      12
      22
      15
      14
      16
       9
       9
      10
       7
       5
       6
      20
      20
      15
      10
       8
      11
      15
      12
      11
      18
      11
      11
      17
      14
      17
       7
      14
       8
      11
      17
       9
       7
      17
      15
      15
      14
      13
      15
      20
      12
      11
      16
      13
       7
      16
      16
      15
      21
      15
       9
      19
      17
      18
      12
       6
      13
      10
      14
      10
      13
      14
      14
       8
       9
      15
      13
      14
      11
      14
      20
       9
      12
       9
      11
      16
       8
      10
      10
      15
      13
      17
      13
      18
      17
      12
      13
      14
      10
      16
      11
      14
      15
       9
      10
      13
      16
      11
       8
      13
       6
      18
      14
      13
      17
       7
      12
      16
      18
      16
      17
      15
      11
      11
      13
      15
      10
      10
       9
      13
      18
      14
      11
       7
      14
      11
      14
      11
      13
       7
      11
      10
      17
       6
      10
      14
      13
       9
       7
      16
       7
      12
      10
       9
      13
      12
      10
      13
       7
      10
      11
      11
      16
      19
      15
      12
      17
      10
      12
      10
       9
      10
      16
      14
      11
      17
      16
      10
       5
      13
      18
       8
      10
      11
       9
      11
      14
      14
       7
      17
       8
      10
       4
       7
      17
      11
       8
      13
      14
      18
      10
      14
      19
      18
      16
      10
       5
      11
       7
      15
      15
      15
      10
      10
      12
       5
      15
       9
      13
      10
      12
      15
       7
      11
      10
      13
       8
      15
      13
      14
      10
      21
      14
      14
      13
      18
      15
      11
      12
      15
      12
      15
       8
      14
      12
      11
      12
       7
      16
       9
      11
      11
      11
      14
      10
      16
       6
      14
      13
      10
      16
      16
      19
       8
      11
      18
       4
      11
      12
      11
      13
      13
      19
       9
      11
      10
      16
      14
      14
      23
      15
      10
      13
       7
      22
      12
      10
      23
      11
      12
      10
      14
       8
       3
      11
       6
       8
      10
      15
       8
      15
      10
      15
      10
      12
       5
      12
      19
       8
      15
       8
      16
       9
      11
       8
      14
       7
      15
      17
      12
       9
      12
      14
      11
       9
      14
      10
      13
       7
      10
       8
      10
      12
      11
       9
      11
      10
      14
      12
      21
       9
      14
      12
      15
       4
      12
       9
      11
      20
      12
      15
       9
      11
       9
      11
      10
       8
      15
      11
       7
       7
      14
      17
      10
       7
      12
      15
       7
      16
      13
      12
      18
       9
      13
      14
      14
      10
      12
       8
      22
       8
      12
      12
      11
       7
      10
      12
      18
       8
      13
       9
       6
      12
      15
      10
      18
      12
      15
      10
      16
      17
       9
       6
      10
      14
      15
      11
      16
      13
      11
      12
      12
      15
      13
      12
      14
       7
      10
      13
      12
      15
      10
      10
      14
      15
      14
      11
      14
      12
      14
       7
       9
      11
      14
       9
      12
       8
      10
       6
      10
      13
       9
      16
      15
       6
      10
      14
      16
      12
      12
      15
       7
       9
      16
       6
      19
      10
      10
      21
      10
      12
      13
      10
      19
      16
       8
      11
       9
      21
      22
      15
       7
      12
      12
      14
      14
       8
      13
      19
      11
       6
      10
      12
      14
      19
      15
      11
      14
      17
      12
      12
       9
      10
      19
      12
      14
      13
      13
      12
      12
      14
      16
      17
      11
      18
      18
       9
      14
      18
      13
      11
      16
      10
      13
      19
       9
      18
       7
      13
      13
      22
      16
      12
      15
      13
      13
       9
      12
      10
      13
      25
      18
      11
      14
       9
      17
      18
      11
      11
      13
      14
      13
      13
      21
      16
      19
      13
      16
      10
      14
      14
      10
      14
      16
      16
       9
      12
      14
      12
      12
      11
      10
      11
      16
      13
      10
       8
      16
      13
       7
      12
      13
      15
      13
      13
      15
      17
      13
      13
      10
      19
      17
      16
      18
      12
      17
      17
      20
      15
      15
      18
      17
      15
      19
      12
      13
      16
      14
      19
       4
      18
      14
      10
      17
      14
      14
      18
      24
      15
      18
      11
      21
      12
      14
      20
      14
      18
      18
      14
      17
      14
      19
      16
      11
      19
      23
      18
      17
      19
      20
      17
      18
      24
      19
      23
      18
      17
      22
      15
      18
      21
      10
      11
      18
      16
      23
      22
      14
      20
      18
      20
      23
      21
      26
      21
      16
      26
      25
      24
      26
      29
      24
      39
      26
      42
      46
      56
      58
      63
      66
      85
      87
      92
     126
     130
     149
     219
     226
     267
     309
     364
     460
     528
     640
     763
     904
    1050
    1343
    1677
    1833
    2123
    2391
    2688
    3081
    3287
    3544
    3877
    4011
    4153
    4140
    4168
    4144
    3867
    3848
    3556
    3174
    2790
    2513
    2146
    1858
    1512
    1237
    1009
     767
     654
     457
     365
     255
     172
     146
     102
      89
      63
      40
      37
      33
      40
      33
      26
      25
      29
      12
      15
      15
      17
      20
      17
      18
      11
      13
      16
      21
      19
      15
       7
      12
      15
      13
      18
      15
      14
      10
      17
      11
       9
      23
      10
      15
      12
       6
      14
      14
      16
      13
      16
      16
      20
      13
      17
      21
      10
      14
      11
      22
      19
      17
      10
       9
      17
      16
      14
      12
      13
      14
      11
      12
       8
       9
       8
      22
       5
      10
       9
      13
       4
       6
      11
      12
      11
       8
      10
      11
       7
       7
      16
       8
      14
      12
       8
       7
      11
       9
       7
       9
       6
       7
       9
      21
      12
      11
      10
       6
      21
      12
       8
       7
       5
      11
      11
      11
       9
      15
       8
      13
       7
       9
       7
       3
       6
       7
       6
       4
       6
       9
      10
       8
      10
      11
       9
      11
       7
      12
       8
      13
       6
      13
      10
       9
      10
       9
       5
      15
       6
      15
      15
      17
       7
      11
      12
      14
      10
       7
       8
      13
       8
       8
       6
       8
       8
      10
      11
      17
       3
      11
      16
       7
      12
      12
       7
      11
       8
       7
       9
       5
       5
       6
       3
       4
      13
      10
       6
      14
      13
      11
      12
       8
       9
       4
       9
       9
      11
      17
       6
       5
      12
       8
       4
      10
       8
       7
       5
      15
       8
       9
       9
       7
       6
       6
      10
       8
       3
      10
      10
       9
       9
       8
       8
       6
       9
       8
       9
       6
       6
       7
       7
       9
       9
      10
      10
       8
      10
      13
      10
      11
      10
       7
       4
       6
       6
       9
       8
       6
       5
       5
       5
       5
       3
      12
       6
       7
      10
      14
       7
      10
       4
       1
      13
      10
       6
       8
       7
       8
       8
       9
      13
       3
       5
       9
      10
       8
      14
       7
       3
       7
       5
       6
      10
       9
       5
       7
       8
       5
       7
       9
       7
       8
       9
       8
      10
       7
      11
       3
       5
       6
       8
      12
       7
       6
       5
       8
      11
      12
       7
      11
       8
       7
       6
       5
       7
       6
       9
       9
      10
       2
       4
       4
       8
      12
       8
      11
       3
       8
       9
       7
       5
       8
       9
       5
       6
       7
       7
      10
       7
      10
       3
       6
       8
       8
      11
       6
       7
       3
       7
       5
       8
       8
      12
       8
       6
       9
       7
       5
       6
       7
       5
       6
       3
       9
       9
       2
      10
       6
       5
       7
       4
       5
       4
       5
       6
       9
       3
       8
      10
       3
      10
       8
       7
       8
       5
       4
       8
       4
       6
       4
       5
       8
       4
       3
       6
       8
       4
       8
       8
       6
       8
       8
       5
       7
       4
      12
       4
       6
       6
       5
      11
       2
       6
       4
       6
      11
       7
       4
       9
       6
       7
       8
       6
       5
       6
       7
       5
       2
       4
      12
      10
       6
       6
       4
       6
      10
       2
       9
       8
       6
      11
       7
      13
       4
       8
      10
       7
       8
       6
       5
      10
       8
       9
       7
       5
       7
       5
       6
       5
       3
       7
       2
       9
       6
       5
       4
       7
       6
       6
       6
       6
       5
       9
       7
       4
       8
       5
       5
       6
      13
      10
       8
       2
       9
       4
       5
       4
       5
       8
       3
      10
       6
       7
       6
       8
      11
       5
      10
       8
       8
       7
       5
      13
       8
       8
       6
       5
       7
       5
       6
       7
       6
       3
      10
       8
       5
       3
       6
       5
       8
       7
       6
       4
       6
       5
       6
       6
       6
       5
       7
       6
       3
       3
       7
       7
       6
       7
       7
       7
       6
       1
       3
      10
       9
       8
       8
      11
      11
      13
       4
       4
       4
       3
      11
       6
       3
       8
      12
       9
       4
       2
       6
       5
       8
       4
       8
       8
       7
       6
       9
       7
       7
      10
       3
       5
       8
      10
      10
       8
       8
       3
      12
       6
       6
       2
      11
       9
       7
       3
       5
       7
       2
       7
       4
       6
       3
      12
       8
       3
       4
       8
       9
       6
       4
       2
       9
       7
       5
       5
       3
       6
       6
       6
       8
       7
       7
       4
       7
       7
       9
       6
       6
       6
       8
       6
       7
       6
       8
       6
       6
       4
       5
      14
       5
       9
       7
       3
       6
       7
       5
       5
       9
       9
       4
       6
       8
       5
       4
       8
       6
       6
       3
       7
       4
       4
       4
       7
       9
       5
       8
       2
       6
       2
       6
       1
      11
       7
       8
       4
       4
       4
       9
       4
       4
       6
      10
      10
       3
       4
       2
       4
       9
       8
       9
       9
       9
       8
       7
       1
       8
       9
       6
       8
       2
       5
       6
       7
       9
       4
       4
       9
       8
       4
       2
       5
       5
       4
       2
      10
       5
      11
       6
       5
      10
       9
       3
       7
       5
       3
      11
       6
       1
       6
       7
       9
       9
       3
       4
      10
       6
       9
       6
       7
       8
       4
       2
       8
       8
       7
       9
       2
       6
       7
      11
       9
      12
       5
       8
      10
       5
      10
       7
       9
       3
       7
       7
       5
       3
       8
       7
       6
       5
       3
       2
       5
       9
       4
       6
       4
       7
       5
       2
       8
       8
       7
       6
       3
       8
       6
       9
       6
       8
       7
       3
       5
       2
       5
       6
      10
       7
       5
       7
       9
       2
       1
       5
       0
       3
       9
       7
       9
       2
       5
       5
       4
       7
       4
       1
       8
       6
       4
       3
       9
       4
       2
       8
       4
       7
       5
       6
       8
       6
       9
       5
       4
       3
       5
       4
       8
      10
       4
       1
      10
       7
       5
      11
       2
      10
       6
       5
      13
       5
       3
       3
       6
       2
       2
       6
       3
       1
       9
      10
       4
       4
       7
       6
       7
       7
       2
       3
       3
       6
       8
       5
       6
       5
       6
       8
       8
       3
       7
       4
       4
       5
       3
       2
      10
       6
       5
       5
      13
       4
       3
       8
       4
       4
       5
       3
       4
       6
       4
       5
       6
       3
       5
       7
       8
       4
       7
      10
       8
       4
       9
       5
       6
       1
       6
       4
       5
       7
       5
      11
       7
       5
       5
      10
       7
       6
       2
       6
       5
       5
       4
       5
       9
       5
       4
       8
       2
       6
       6
       3
       4
       7
       7
       4
       9
       6
       6
       8
       6
       7
       4
       4
       1
       6
       4
       2
       4
       7
       6
       7
       4
       4
       9
       4
       7
       3
       4
       7
       7
       6
      10
       3
       7
       4
       3
       5
       6
       4
       9
       7
       6
       1
       3
       7
       5
       4
       4
       8
       6
       3
       8
       4
       5
       5
       8
       6
      10
       5
       3
       7
       6
       1
       2
       3
       3
       3
       7
       8
       9
       5
       3
       9
      10
       5
       7
      10
      13
      10
       4
       4
       4
       6
       3
       8
      10
       3
       9
       9
       8
       9
      11
       8
      11
       8
       5
       5
       3
       5
       6
       3
       3
       5
       6
       2
       8
       4
       3
       6
      10
       4
       2
       2
       6
       7
       4
       4
      10
       7
       6
       6
       3
       5
       6
       4
       8
       7
       9
       4
       3
       6
       5
       4
       1
       7
       2
       0
       5
       3
       7
       6
       5
      10
       6
       8
       6
       3
       9
      10
       8
       4
       3
       7
       5
       3
       9
       3
       1
      12
       4
       9
       3
       6
       2
       6
       8
       6
       4
       5
       6
       1
       8
       6
       3
       4
       6
       3
       4
       6
       4
       3
      10
      10
       6
       3
       7
       4
       3
       9
       2
       5
       5
       4
       7
       4
       7
       3
       4
       4
       4
       6
       1
       9
       4
       5
       5
       3
       6
       0
       9
       8
       2
       6
       4
       6
       3
      10
       9
       6
       2
       6
       7
       5
       8
       5
       7
       6
       4
       5
       6
       3
       4
       6
       6
       5
       4
      11
       5
       3
       7
       4
       6
       2
       4
       4
       7
       4
       5
       8
       4
       8
       4
       2
       4
       5
       7
       5
       6
       4
       8
       3
       4
       7
       6
       4
       7
       6
       8
       2
       6
       3
       6
       5
       4
       5
       6
       4
       6
       6
       8
       3
       4
       1
       3
       3
       9
       4
       2
       4
       1
       8
       7
       9
       4
       4
       7
       8
       6
       6
       7
       4
       1
       7
       6
       2
       7
       9
       2
       3
       7
       2
       5
       6
       2
       7
       6
       3
       7
       6
       2
       6
       4
       2
       8
       4
       1
       5
       4
       3
       9
       7
       7
       5
       1
       5
       5
       6
       2
       3
       4
       6
       9
       2
       3
       3
       8
       3
       5
       3
       5
       4
       4
       4
       5
       2
       3
       6
       3
       4
       6
       7
       9
       7
       6
       4
       5
       8
       7
       3
       3
       4
       2
       7
       6
       4
       5
       5
       6
       1
       6
       5
       3
       9
       5
       6
       7
       7
       7
       6
       4
       3
       5
       6
       6
       3
       5
       5
       5
       3
       4
       9
       5
       6
       3
       2
       8
       5
       8
       4
       5
       5
       7
       7
       2
       1
       7
       3
       1
       1
       3
       3
       7
       4
       6
       6
       4
       6
       4
       3
       9
       3
       3
       7
       5
       4
       4
       6
       4
       1
       5
       8
       6
       1
       4
       4
       3
       2
       2
       7
       8
       2
       7
       3
       6
       5
       7
       5
       5
       2
       3
       5
       7
       9
       4
       5
       6
       5
       7
       4
       6
       5
       4
       9
       4
       6
       5
       3
       3
       5
       2
       5
       6
      10
       6
       2
       7
       7
       6
       5
       3
       3
       4
       8
       6
       9
       6
       4
       3
       5
       5
       6
       7
       7
       6
       7
       4
       3
       5
       3
       4
       4
       1
       7
       8
       7
       4
       7
       6
       4
      12
       3
       4
       4
       5
       3
       5
       8
       6
       4
       5
       7
       3
       4
       9
       5
       7
       2
       3
       5
       8
      10
       0
       4
       2
       4
       8
       9
       5
       7
       5
      10
       5
       6
       7
       2
       5
       4
       4
       3
       4
       7
       4
       4
       3
       9
       1
       6
       0
       3
       5
       6
       7
       7
       6
       5
       7
       6
       6
       5
       9
       5
       4
       4
       5
       4
       2
       5
       5
       6
       6
       1
       4
       1
       2
       7
       6
       4
       7
       2
       5
       5
       2
       8
       6
       3
      10
       5
       7
       4
       3
       8
       4
       5
       1
       5
       3
       3
       6
       7
       4
       5
       6
       2
       7
       6
       3
       8
       5
       6
       6
       6
       6
       4
       4
       4
       4
       3
       1
       4
       1
       4
       7
       3
       3
       5
       6
       2
       6
       4
       5
       4
       6
       5
       4
       5
       3
       5
       2
       2
       5
       6
       4
       5
       5
       7
       5
       7
       7
       6
       4
       9
       3
       5
       4
       5
       4
       5
       6
       9
       3
       3
       4
       3
       4
       5
       4
       4
       1
       3
       3
       3
       3
       3
       1
       3
      10
       5
       6
       5
       6
       5
       7
       6
       5
       2
       3
       4
       6
      10
       6
       4
       5
       4
      10
       5
       3
       4
       7
       8
       5
       6
       5
       3
       3
       6
       6
       4
       5
       9
       9
       3
       5
       5
       6
       6
       9
       3
       7
       4
      10
       2
       5
       5
       5
       3
       5
       5
       6
       7
       8
       3
      10
       9
       3
       4
       6
       4
       3
       4
       5
       7
       6
       1
       4
       9
       2
       3
       8
       1
       5
       1
       2
       4
       6
       2
       2
       2
       6
       3
       1
       1
       7
       5
       4
       5
       4
       7
       6
       4
       4
       4
       5
       5
       4
       7
       6
       6
      10
       5
       5
       3
       3
       2
       4
       4
      10
       4
       6
       2
       5
       2
       8
      14
       4
       5
       5
       5
       7
       4
       4
       8
       4
       3
       1
       5
       2
       7
       5
       6
       2
       7
       3
       4
       7
       1
       3
       7
       1
       1
       5
       5
       7
       4
       5
       7
       1
       6
       4
       5
       9
       2
       4
       1
       5
       6
       4
       6
       2
       9
       5
       9
       3
       5
       1
       4
       3
       4
       9
       8
       3
       5
       3
       8
       5
       5
       5
       5
       9
       9
       4
       3
       3
       5
       7
       7
       5
       3
       3
       4
       5
       9
       3
       8
       4
       5
      16
       4
       5
       5
       6
       9
      12
      12
       8
       8
      16
      10
      17
      15
      20
      17
      10
      12
      21
      15
      19
      21
      14
      19
      24
      18
      11
      15
      12
       8
       8
      10
      10
      11
      11
      10
       6
      13
       8
      11
       2
       1
       9
       7
       6
       5
       4
       3
       4
       7
       5
       2
       7
       6
       1
       6
       5
       5
       7
       3
       4
       7
       9
       6
       8
       4
       5
      13
       4
       7
       4
       7
       1
       5
       3
       6
       5
       5
      10
       5
       3
       4
       7
       3
       2
       3
       4
       5
       3
       5
       7
       5
       5
       3
       7
       5
       6
       6
       8
       4
      13
       6
       5
       5
       3
       3
       2
       7
       3
       3
       2
       6
       3
       5
       3
       3
       6
       0
       8
       2
       6
       3
       3
       4
       5
       3
       6
       7
       2
       3
       4
       4
       2
       1
       9
       0
       5
       5
       4
       5
       7
       6
       7
       9
       4
       3
       6
       3
       5
       6
       2
       3
       6
       3
       5
       7
       4
       4
       2
       1
       5
       7
       4
       8
       7
       8
       7
       7
       7
       2
       3
       3
       6
       4
       7
       6
       3
       2
       4
       2
       6
       3
       8
       3
       6
       3
       3
       1
       4
       4
       5
       8
       6
       5
       3
       2
       5
       4
       4
       5
       4
       7
       5
       6
       5
       2
       7
       5
       7
       7
       5
       6
       5
       7
       8
       5
       6
       8
       3
       5
       7
       2
       4
       7
       2
       8
       5
       4
       5
       0
       4
       6
       5
       5
       7
       4
       4
       8
       5
       7
       2
       5
      13
       6
       6
       9
       0
       4
       3
       5
       6
      10
       4
       2
       6
       5
       3
       3
       6
       3
       1
       3
       2
       6
       5
       6
       2
       3
       4
       4
       7
      11
       3
       7
       1
       3
       5
       6
       3
       5
       1
       3
       3
       7
       3
       4
       4
       2
       6
       5
       5
       4
       2
       8
       5
       4
       4
       4
       3
       3
       2
       4
       6
       4
       1
       5
       4
       5
       3
       4
       4
       3
       2
       5
       5
       4
       6
       3
       4
       3
       4
       2
       6
      10
       1
       4
       8
       1
       5
       5
       3
       4
       1
       5
       7
       3
       4
       7
       3
       7
       3
       1
       5
       5
       4
       5
       3
       9
       1
       8
       2
       3
      12
       5
       6
       4
       7
       3
       4
       7
       5
       4
       1
       3
       5
       6
       3
       3
       4
       2
       2
       3
       7
       2
       3
       5
       4
       5
       4
       6
       0
       2
       6
       7
       3
       7
       8
       3
       5
       3
       3
       3
       9
       6
       3
       4
       2
       4
       5
       5
       5
       6
      11
       7
       4
       4
       5
       6
       2
       4
       5
       7
       5
       4
       3
       6
       4
       6
       3
       1
       2
       4
       6
       6
       3
       0
       6
       5
       1
       5
       5
       4
       2
       6
       7
       5
       5
       3
       2
       2
       5
       5
       4
       3
       7
       8
       1
       7
       4
       7
       2
       5
       3
       4
       6
       6
       5
       6
       1
       4
       6
       3
       7
       6
       3
       7
       5
       1
       5
       6
       4
      10
       2
       4
       5
       3
       6
       3
       7
       1
       3
       4
       5
       4
       1
       5
       1
       1
       2
       2
       3
       6
       3
       7
       6
       3
       5
       5
       4
       4
       3
       4
       7
       2
       1
       7
       9
       7
       4
       4
       3
       7
       3
       6
       3
       4
       9
      10
       4
       6
       4
       3
       6
       3
       7
       2
       6
       2
       2
       7
       4
       3
       1
       4
       4
       6
       3
       6
       5
       1
       3
       4
       8
       5
       5
       3
       6
       2
       4
       2
       7
       7
       1
       5
       3
       6
       6
       4
       4
       6
       7
       3
       4
       1
       2
       3
       2
       5
       7
       2
       9
       5
       6
       6
       6
       8
       3
       5
       4
       2
       3
       6
       6
       5
       3
       5
       5
       4
       2
       4
       5
       6
       6
       6
       3
       5
       4
       4
       7
       3
       4
       3
       5
       7
       4
       3
       4
       4
       7
       2
       9
       4
       1
       4
       4
       3
       3
       3
       6
       6
       3
       5
       3
       8
       7
       2
       6
       3
       4
       4
       4
       7
       6
       5
       3
       8
       0
       4
       4
       3
       4
       5
       7
      11
       4
       9
       2
       7
       8
       4
       2
       4
       2
       8
       2
       4
       5
       6
      10
       6
       5
       2
       2
       3
       5
       4
       7
       1
       6
       1
       5
       2
       1
       3
       5
       3
       5
       4
       4
       1
       3
       8
       5
       3
       8
       4
       9
       5
       9
       7
       7
       6
       6
       6
       4
       8
       4
       6
       4
       4
       4
       5
       8
       5
       4
       4
       1
       5
       5
       1
       1
       0
       4
       5
       6
       5
       3
       3
       5
       5
       7
       6
       5
       4
       6
       5
       3
       5
       2
       5
       4
       5
       3
       9
       5
      11
       6
       7
       4
       2
       4
       9
       6
       5
       3
      10
       4
       2
       3
       2
       5
       3
       5
       6
       3
       1
       1
       5
       6
       4
       0
       2
       8
       6
       6
       4
       6
       2
       8
      10
       4
       5
       4
       5
       4
       5
       3
       8
       2
       5
       6
       7
       5
       8
       5
       7
       5
       3
       6
       2
       7
       2
       5
       3
       4
       7
       6
       4
      12
       8
       7
       3
       4
       9
       3
       1
       4
       3
       4
       4
       4
       4
       1
       5
       3
       6
       5
       3
       2
       5
       7
       4
       2
       4
       4
       1
       6
       5
       9
       5
       4
       4
       8
       1
       6
       3
       7
       7
       5
       5
       6
       7
       6
       3
       4
       3
       3
       5
       5
       6
       6
       2
       8
       7
       3
       9
       2
       5
       3
       3
       5
       5
       3
       4
      12
       8
       2
       2
       7
       4
       1
       6
       6
       3
       2
       5
       7
       5
       2
       6
       4
       3
       7
       2
       5
       1
       4
       4
       2
       6
       3
       3
       5
       5
       4
       8
       3
       6
       2
       6
       0
       4
       6
       9
       6
       5
       6
       5
       3
       1
       8
       1
       6
       6
       5
       3
       5
       4
       4
       8
       3
       6
       6
       1
       4
       1
       1
       7
       4
       5
       4
       6
       3
       4
       4
       5
       4
       4
       9
       4
       6
       2
       5
       4
       3
       8
       3
       8
       7
       3
       1
       6
       3
       3
       3
       3
       6
       2
      10
       4
       7
       7
       6
       6
       5
       3
       5
       6
       6
      10
       6
       5
       7
       3
       7
       3
       3
       4
       6
       6
       3
       4
       5
       6
       7
       3
       4
       1
       5
       4
       6
       4
       6
      11
       2
       3
       6
       5
       4
       1
       4
       2
       4
       5
       4
       4
       7
       6
       3
       6
       2
      10
       4
       5
      10
       3
       4
       6
       4
       3
       3
       9
       9
       9
       5
       8
       2
       2
       2
       6
       5
       4
       3
       9
       3
       5
       6
       5
       8
       4
       2
       6
       4
       4
       7
       4
       6
       8
       9
       7
       5
       1
       8
       4
       4
       6
       7
      10
       1
       7
       6
       5
       6
       5
       3
       2
       5
       5
       1
       2
       5
       2
       3
       5
       6
       5
       4
       7
       5
       6
       9
       4
       4
       6
      11
       5
       5
       2
       5
       2
       8
       4
      10
       2
       5
       7
       2
       4
       5
       8
       5
       5
       2
       7
       6
       4
       5
       8
       2
       8
       9
       3
       3
       4
       3
       9
       3
       6
       2
       3
       5
       5
       7
       6
      11
       8
       2
       8
       1
       6
       0
       0
       6
       7
       2
       8
       5
       5
       2
      10
       6
       4
       5
       2
       4
       1
       3
       6
       3
       6
       5
       1
       5
       6
       3
       6
       4
       4
       6
       2
       4
       0
       4
       6
       3
       1
       8
       4
       3
       1
       4
       0
       5
       1
       2
       4
       2
       5
       2
       2
       1
       9
       1
       3
       3
       7
       1
       6
       4
       4
       6
       2
       6
       2
       7
       5
       3
       3
       5
       3
       4
       3
       6
       6
       2
       6
       4
       4
       2
       2
       2
       2
       9
       2
       4
       2
       2
       3
       5
       8
       5
       2
       3
       8
       3
       9
      12
       3
       4
       3
       3
       5
       6
       5
       4
       7
       6
       4
       9
       2
       5
       0
       5
       3
       1
       3
       5
       1
       4
       5
       4
       5
       3
       6
       6
       4
       2
       5
       1
       3
       3
       4
       6
       7
       0
       7
       5
       2
       4
       8
       5
       1
       5
       6
       4
       4
       9
       4
       2
       5
       2
       2
       2
       3
       5
       5
       4
       3
       1
       4
       8
       7
       4
       6
       1
       5
       1
       4
       2
       4
       2
       4
       3
       5
       4
       0
       2
       7
       1
       5
       6
       5
       2
       2
       5
       2
       2
       4
       5
       3
       7
       7
       5
       5
       4
       6
       4
       5
       2
       5
       7
       5
       2
       2
       3
       3
       4
       2
       3
       7
       5
       4
       6
       3
       3
       1
       5
       4
       5
       5
       4
       4
       1
       1
       3
       6
       2
       9
       3
       5
       4
       4
       3
       3
       4
       1
       1
       2
       5
       5
       5
       3
       8
       6
       3
       3
       0
       3
       7
       3
       1
       2
       5
       1
       4
       2
       2
       2
       2
       4
       5
       5
       4
       3
       3
       4
       5
       3
       0
       3
      10
       4
       1
       7
       3
       3
       1
       5
       5
       6
       6
       2
       5
      10
       5
       2
       2
       3
       2
       6
       3
       2
       5
       9
       3
       7
       5
       6
       3
       2
       3
       6
       2
       4
       4
       5
       5
       3
       4
       1
       4
       4
       5
       2
       3
       7
       8
       6
       6
       4
       4
       6
       3
       5
       1
       8
       3
       5
       4
       5
       4
       6
       3
       3
       2
       4
       7
       2
       3
       5
       7
       2
       6
       2
       4
       7
       3
       5
       4
       1
      10
       4
       3
       4
       2
       0
       2
       7
       2
       3
       2
       3
       1
       7
       4
       7
       5
       4
       7
       6
       4
       6
       1
       4
       5
       4
       3
       4
       4
       3
       2
       6
       4
       3
       5
      11
       3
       3
       3
       4
       4
       4
       5
       6
       7
       4
       4
       4
       4
       6
       3
       5
       4
       6
       4
       3
       5
       4
       2
       7
       3
       4
       5
       2
       1
       5
       3
       0
       0
       0
       0
       0
       0
       0
       0
       0
       0
       0
       0
       0
       0
       0
       0
       0
       0
       0
       0
       0
       0
       0
       0
       0
       0
       0
       0
       0
       0
       0
       0
       0
       0
       0
       0
       0
       0
       0
       0
       0
       0
       0
       0
       0
       0
       0
       0
       0
       0
       0
       0
       0
       0
       0
       0
       0
       0
       0
       0
       0
       0
       0
       0
       0
       0
       0
       0
       0
       0
       0
       0
       0
       0
       0
       0
       0
       0
       0
       0
       0
       0
       0
       0
       0
       0
       0
       0
       0
       0
       0
       0
       0
       0
       0
       0
       0
       0
       0
       0
       0
       0
       0
       0
       0
       0
       0
       0
       0
       0
       0
       0
       0
       0
       0
       0
       0
       0
       0
       0
       0
       0
       0
       0
       0
       0
       0
       0
       0
       0
       0
       0
       0
       0
       0
       0
       0
       0
       0
       0
       0
       0
       0
       0
       0
       0
       0
       0
       0
       0
       0
       0
       0
       0
       0
       0
       0
       0
       0
       0
       0
       0
       0
       0
       0
       0
       0
       0
       0
       0
       0
       0
       0
       0
       0
       0
       0
       0
       0
       0
       0
       0
       0
       0
       0
       0
       0
       0
       0
       0
       0
       0
       0
       0
       0
       0
       0
       0
       0
       0
       0
       0
       0
       0
       0
       0
       0
       0
       0
       0
       0
       0
       0
       0
       0
       0
       0
       0
       0
       0
       0
       0
       0
       0
       0
       0
       0
       0
       0
       0
       0
       0
       0
       0
       0
       0
       0
       0
       0
       0
       0
       0
       0
       0
       0
       0
       0
       0
       0
       0
       0
       0
       0
       0
       0
       0
$ROI:
2
4852 5354
12587 12888
$PRESETS:
Live Time
10800
0
$ENER_FIT:
0.358687 0.099971
$MCA_CAL:
3
3.586871E-001 9.997089E-002 0.000000E+000 keV
$SHAPE_CAL:
3
3.638087E+001 -1.552510E-003 0.000000E+000
