$SPEC_ID:
JKL Model 927 SN 17053844 Input 1 HEC-Cr-HEC-Cr-T30-D100-HPGe1-2
$SPEC_REM:
DET# 2
DETDESC# BULK Model 927 SN 17053844 Input 1
AP# Maestro Version 6.08
$DATE_MEA:
05/11/2026 13:31:32
$MEAS_TIM:
251 356
$DATA:
0 16383
       0
       0
       0
       0
       0
       0
       0
       0
       0
       0
       0
       0
       0
       0
       0
       0
       0
       0
       0
       0
       0
       0
       0
       0
       0
       0
       0
       0
       0
       0
       0
       0
       0
       0
       0
       0
       0
       0
       0
       0
       0
       0
       0
       0
       0
       0
       0
       0
       0
       0
       0
       0
       0
       0
       0
       0
       0
       0
       0
       0
       0
       0
       0
       0
       0
       0
       0
       0
       0
       0
       0
       0
       0
       0
       0
       0
       0
       0
       0
       0
       0
       0
       0
       0
       0
       0
       0
       0
       0
       0
       0
       0
       0
       0
       0
       0
       0
       0
       0
       0
       0
       0
       0
       0
       0
       0
       0
       0
       0
       0
       0
       0
       0
       0
       0
       0
      14
     215
     496
     549
     501
     469
     496
     478
     525
     486
     485
     453
     432
     423
     460
     479
     458
     452
     453
     474
     474
     449
     483
     494
     462
     467
     448
     467
     449
     460
     442
     447
     457
     452
     489
     423
     450
     459
     433
     431
     437
     414
     437
     444
     439
     428
     431
     381
     421
     429
     445
     443
     441
     432
     444
     487
     442
     391
     436
     408
     404
     437
     430
     420
     444
     417
     423
     410
     478
     388
     442
     440
     422
     399
     423
     445
     387
     419
     452
     400
     411
     396
     395
     427
     445
     390
     448
     407
     394
     408
     393
     432
     434
     397
     408
     413
     391
     394
     427
     402
     447
     433
     424
     423
     410
     437
     430
     386
     395
     364
     429
     420
     407
     402
     398
     381
     368
     387
     385
     371
     405
     401
     397
     424
     416
     349
     388
     406
     382
     404
     393
     373
     362
     368
     414
     410
     398
     386
     362
     370
     368
     371
     417
     379
     379
     362
     382
     376
     414
     408
     343
     371
     388
     395
     409
     361
     390
     372
     384
     398
     379
     343
     370
     377
     382
     371
     377
     373
     355
     360
     350
     368
     382
     368
     386
     336
     375
     349
     379
     363
     371
     321
     385
     374
     406
     393
     380
     383
     359
     348
     346
     364
     374
     367
     383
     377
     342
     354
     353
     373
     364
     362
     337
     345
     389
     389
     381
     379
     346
     364
     382
     392
     386
     336
     363
     383
     384
     350
     360
     338
     381
     328
     345
     325
     339
     359
     375
     347
     346
     336
     370
     348
     347
     357
     370
     363
     366
     349
     368
     353
     324
     377
     380
     350
     341
     376
     392
     380
     355
     318
     315
     341
     351
     356
     356
     336
     338
     364
     359
     359
     382
     319
     368
     371
     380
     334
     339
     329
     325
     299
     311
     337
     375
     379
     360
     328
     350
     334
     317
     343
     349
     388
     351
     324
     344
     330
     337
     340
     339
     328
     331
     346
     371
     360
     320
     326
     365
     342
     351
     336
     334
     319
     328
     330
     351
     311
     334
     367
     356
     365
     310
     307
     337
     323
     365
     368
     328
     354
     341
     325
     337
     359
     333
     348
     363
     324
     365
     345
     330
     355
     315
     315
     305
     366
     358
     345
     346
     346
     328
     339
     348
     297
     340
     336
     337
     338
     355
     310
     320
     346
     314
     347
     301
     322
     356
     357
     310
     299
     326
     322
     315
     322
     315
     324
     359
     339
     359
     319
     310
     310
     326
     319
     334
     311
     340
     354
     345
     312
     301
     316
     349
     334
     309
     334
     333
     338
     314
     329
     330
     328
     312
     321
     301
     335
     304
     314
     321
     309
     311
     357
     351
     304
     321
     331
     333
     341
     293
     327
     322
     331
     330
     316
     347
     332
     338
     320
     329
     316
     326
     318
     338
     316
     312
     310
     323
     330
     321
     338
     321
     298
     360
     329
     317
     348
     318
     308
     334
     296
     304
     302
     346
     322
     318
     335
     321
     317
     320
     322
     324
     339
     315
     340
     318
     317
     318
     351
     345
     332
     300
     307
     346
     325
     310
     302
     350
     366
     310
     304
     311
     340
     335
     332
     315
     323
     315
     322
     311
     305
     319
     305
     315
     293
     321
     328
     309
     294
     356
     332
     346
     343
     312
     362
     311
     322
     326
     313
     308
     341
     333
     337
     334
     310
     328
     310
     313
     340
     283
     323
     328
     342
     351
     309
     309
     315
     328
     335
     351
     312
     309
     321
     338
     296
     316
     321
     323
     311
     312
     336
     328
     329
     302
     305
     302
     275
     325
     332
     309
     356
     313
     336
     339
     332
     313
     335
     348
     299
     321
     333
     323
     346
     315
     318
     327
     315
     333
     309
     301
     328
     302
     324
     314
     321
     305
     313
     344
     347
     343
     305
     310
     322
     330
     294
     316
     326
     345
     312
     336
     319
     324
     315
     280
     328
     316
     334
     303
     302
     342
     306
     315
     314
     303
     335
     282
     329
     297
     339
     318
     330
     310
     322
     364
     363
     338
     362
     382
     379
     363
     366
     362
     378
     325
     353
     335
     329
     338
     358
     352
     334
     344
     350
     322
     362
     400
     363
     413
     372
     373
     396
     409
     344
     394
     361
     339
     338
     314
     325
     345
     329
     295
     339
     329
     320
     296
     335
     300
     290
     336
     319
     323
     316
     325
     306
     304
     299
     269
     285
     337
     342
     307
     333
     350
     327
     317
     315
     318
     331
     325
     327
     328
     339
     299
     326
     334
     314
     297
     285
     342
     328
     333
     298
     334
     314
     314
     320
     338
     335
     332
     324
     332
     298
     302
     308
     331
     282
     338
     300
     308
     333
     313
     302
     308
     325
     322
     308
     291
     286
     309
     294
     317
     305
     311
     326
     305
     325
     327
     318
     319
     339
     334
     378
     351
     301
     350
     373
     347
     353
     348
     339
     331
     297
     341
     318
     315
     308
     328
     307
     318
     333
     325
     334
     314
     342
     342
     300
     330
     350
     332
     341
     328
     354
     310
     344
     331
     294
     336
     327
     320
     292
     295
     293
     310
     306
     315
     315
     320
     311
     304
     306
     288
     282
     328
     333
     349
     325
     303
     323
     321
     311
     314
     299
     318
     306
     333
     344
     325
     286
     331
     316
     307
     357
     304
     302
     305
     333
     338
     339
     292
     318
     317
     296
     317
     310
     304
     318
     300
     316
     340
     322
     300
     334
     321
     307
     322
     346
     319
     307
     283
     322
     303
     298
     321
     334
     298
     298
     314
     315
     317
     336
     328
     268
     289
     310
     302
     311
     297
     338
     302
     287
     324
     319
     283
     313
     291
     286
     337
     307
     299
     303
     300
     332
     315
     322
     287
     325
     300
     349
     328
     320
     270
     317
     329
     321
     309
     316
     329
     292
     343
     290
     309
     323
     315
     324
     286
     294
     285
     336
     309
     321
     288
     334
     266
     298
     294
     330
     313
     288
     282
     325
     327
     317
     307
     307
     292
     349
     276
     295
     289
     293
     306
     318
     277
     307
     334
     296
     277
     331
     281
     295
     314
     318
     309
     304
     296
     304
     299
     291
     312
     315
     327
     300
     294
     314
     317
     290
     297
     318
     306
     324
     300
     329
     290
     307
     331
     301
     314
     321
     333
     345
     291
     327
     312
     324
     301
     280
     315
     336
     328
     301
     278
     327
     311
     313
     312
     288
     316
     323
     357
     277
     302
     308
     315
     312
     330
     326
     317
     313
     295
     285
     282
     301
     351
     297
     308
     283
     305
     293
     287
     286
     292
     330
     320
     293
     332
     278
     339
     327
     324
     291
     306
     317
     330
     327
     305
     320
     315
     283
     334
     288
     283
     330
     329
     318
     324
     346
     301
     312
     335
     316
     295
     310
     319
     287
     307
     317
     317
     283
     317
     282
     274
     316
     301
     287
     328
     312
     335
     302
     271
     266
     288
     322
     307
     321
     290
     287
     305
     324
     296
     291
     295
     303
     324
     318
     357
     302
     291
     318
     324
     303
     311
     314
     295
     331
     307
     313
     288
     325
     300
     277
     289
     319
     294
     342
     304
     313
     310
     299
     320
     330
     320
     319
     317
     308
     273
     320
     310
     313
     325
     316
     349
     320
     274
     286
     317
     290
     306
     286
     292
     308
     310
     281
     344
     314
     322
     285
     328
     280
     299
     281
     339
     349
     312
     315
     333
     300
     314
     309
     286
     297
     309
     319
     292
     309
     320
     313
     291
     323
     329
     296
     298
     353
     313
     322
     313
     291
     312
     329
     292
     302
     271
     301
     291
     298
     301
     313
     304
     291
     305
     324
     300
     325
     280
     334
     319
     296
     300
     310
     308
     313
     290
     290
     302
     287
     310
     313
     292
     299
     327
     342
     336
     315
     322
     316
     304
     313
     264
     326
     302
     343
     295
     277
     313
     308
     326
     306
     307
     292
     318
     273
     310
     312
     318
     345
     299
     319
     286
     306
     301
     272
     307
     287
     259
     326
     316
     352
     288
     324
     279
     335
     323
     344
     287
     301
     278
     304
     309
     286
     282
     310
     304
     308
     292
     334
     335
     309
     279
     352
     330
     320
     284
     290
     290
     323
     290
     309
     285
     333
     285
     307
     313
     306
     294
     312
     322
     284
     292
     293
     340
     307
     301
     319
     299
     290
     347
     304
     311
     284
     296
     322
     315
     340
     328
     318
     314
     282
     303
     263
     327
     303
     314
     288
     265
     317
     319
     316
     285
     280
     293
     297
     322
     305
     288
     303
     322
     294
     306
     291
     299
     275
     296
     298
     320
     303
     287
     280
     309
     314
     337
     310
     314
     312
     300
     314
     293
     283
     309
     332
     314
     336
     290
     293
     300
     291
     322
     318
     302
     296
     313
     275
     295
     302
     270
     312
     324
     298
     275
     327
     317
     313
     280
     306
     330
     297
     258
     282
     317
     326
     312
     302
     315
     271
     275
     266
     354
     306
     319
     320
     295
     327
     314
     317
     296
     273
     329
     286
     295
     327
     300
     300
     315
     309
     301
     272
     293
     296
     286
     311
     303
     291
     299
     298
     308
     321
     315
     283
     304
     293
     316
     306
     277
     324
     309
     310
     315
     316
     319
     306
     290
     285
     318
     300
     279
     311
     321
     316
     313
     317
     327
     296
     292
     289
     304
     289
     335
     320
     283
     290
     302
     312
     352
     314
     298
     301
     309
     303
     326
     295
     324
     296
     329
     313
     283
     292
     326
     315
     311
     303
     317
     294
     328
     305
     316
     317
     308
     321
     299
     301
     284
     317
     305
     293
     325
     305
     325
     308
     334
     330
     273
     309
     300
     284
     306
     308
     318
     345
     299
     283
     315
     288
     310
     286
     337
     295
     301
     324
     273
     313
     339
     310
     322
     300
     318
     304
     285
     295
     318
     302
     291
     313
     297
     288
     284
     321
     323
     306
     281
     306
     303
     333
     291
     320
     296
     297
     285
     303
     280
     304
     315
     348
     289
     295
     269
     296
     289
     290
     296
     290
     294
     286
     288
     325
     268
     300
     289
     304
     306
     314
     324
     303
     304
     329
     315
     333
     333
     314
     288
     288
     266
     326
     305
     325
     312
     257
     303
     261
     317
     322
     330
     306
     281
     273
     281
     332
     304
     314
     325
     293
     315
     265
     311
     362
     355
     312
     299
     291
     332
     340
     305
     337
     329
     326
     304
     303
     353
     339
     302
     322
     365
     341
     316
     337
     345
     289
     330
     309
     332
     344
     323
     313
     300
     283
     335
     350
     322
     349
     321
     334
     321
     375
     327
     367
     344
     361
     323
     341
     342
     339
     396
     360
     327
     338
     338
     339
     352
     394
     384
     331
     352
     386
     353
     346
     397
     393
     360
     376
     382
     377
     363
     327
     359
     406
     345
     340
     375
     354
     356
     371
     341
     368
     345
     371
     343
     382
     378
     356
     349
     360
     356
     339
     353
     327
     348
     374
     357
     345
     396
     373
     357
     344
     352
     356
     381
     359
     373
     395
     329
     363
     370
     386
     366
     370
     358
     347
     338
     388
     375
     364
     381
     331
     357
     356
     403
     353
     370
     374
     338
     337
     360
     350
     349
     309
     357
     335
     383
     346
     377
     370
     369
     355
     338
     355
     359
     361
     367
     341
     348
     352
     326
     414
     354
     348
     361
     347
     332
     376
     364
     328
     349
     355
     369
     344
     363
     388
     331
     359
     367
     328
     361
     369
     338
     366
     351
     355
     375
     327
     343
     359
     384
     345
     358
     384
     378
     344
     355
     358
     335
     352
     357
     354
     356
     356
     353
     329
     363
     348
     365
     343
     327
     333
     353
     353
     341
     334
     388
     340
     352
     332
     342
     392
     340
     334
     361
     358
     354
     343
     359
     311
     327
     349
     341
     342
     357
     325
     351
     363
     344
     317
     328
     350
     356
     346
     328
     326
     329
     332
     321
     349
     332
     304
     342
     371
     344
     358
     338
     361
     337
     318
     337
     311
     327
     351
     332
     346
     331
     341
     316
     361
     324
     323
     353
     349
     343
     319
     371
     316
     361
     326
     318
     316
     333
     315
     325
     298
     305
     298
     331
     351
     342
     331
     349
     348
     334
     335
     299
     300
     325
     353
     349
     333
     333
     327
     333
     330
     348
     323
     338
     310
     331
     345
     326
     324
     329
     332
     308
     340
     315
     339
     339
     367
     324
     298
     322
     348
     349
     344
     360
     333
     336
     335
     321
     289
     355
     334
     336
     323
     351
     318
     356
     358
     319
     334
     314
     328
     315
     330
     353
     323
     325
     358
     334
     317
     329
     351
     336
     345
     351
     305
     311
     309
     367
     338
     312
     338
     331
     329
     351
     338
     355
     306
     295
     343
     306
     334
     313
     323
     328
     277
     341
     331
     334
     315
     304
     333
     360
     300
     359
     316
     339
     327
     306
     318
     315
     312
     359
     306
     339
     319
     328
     267
     321
     346
     330
     339
     311
     314
     313
     325
     328
     326
     322
     350
     352
     306
     313
     335
     316
     301
     317
     307
     328
     309
     316
     323
     315
     330
     331
     294
     302
     349
     327
     291
     341
     301
     289
     307
     312
     329
     323
     304
     304
     294
     312
     328
     328
     341
     318
     340
     308
     349
     300
     309
     306
     312
     313
     306
     302
     305
     335
     325
     306
     296
     304
     315
     304
     320
     316
     333
     304
     305
     336
     277
     312
     324
     327
     326
     303
     322
     302
     314
     355
     314
     313
     325
     328
     309
     326
     312
     322
     317
     302
     321
     343
     343
     336
     333
     343
     346
     318
     298
     319
     314
     310
     321
     326
     291
     333
     314
     329
     320
     346
     307
     347
     320
     325
     307
     334
     316
     313
     306
     304
     329
     349
     318
     310
     300
     326
     316
     343
     311
     298
     330
     328
     336
     339
     326
     328
     307
     318
     299
     277
     309
     295
     278
     301
     344
     340
     307
     323
     302
     308
     330
     297
     316
     334
     309
     273
     318
     318
     292
     305
     334
     304
     313
     331
     333
     300
     271
     311
     311
     305
     321
     320
     318
     322
     343
     282
     298
     338
     304
     335
     317
     280
     287
     280
     345
     272
     305
     297
     308
     306
     310
     330
     317
     324
     322
     309
     309
     298
     286
     294
     290
     285
     333
     297
     305
     307
     328
     285
     311
     319
     293
     279
     338
     315
     311
     368
     342
     308
     296
     300
     329
     273
     334
     334
     310
     353
     320
     300
     315
     300
     308
     326
     333
     331
     322
     289
     309
     298
     285
     307
     298
     288
     321
     277
     290
     298
     320
     280
     318
     281
     312
     311
     335
     326
     302
     368
     307
     333
     303
     338
     287
     295
     285
     288
     331
     306
     307
     289
     301
     315
     315
     308
     287
     313
     279
     309
     309
     274
     296
     300
     293
     279
     334
     313
     310
     276
     303
     326
     329
     294
     302
     307
     315
     301
     321
     308
     289
     291
     270
     297
     290
     302
     316
     312
     333
     334
     320
     336
     293
     300
     306
     282
     316
     317
     315
     288
     274
     298
     277
     319
     296
     301
     280
     322
     316
     320
     279
     294
     328
     274
     270
     282
     292
     312
     321
     283
     302
     356
     299
     295
     293
     299
     303
     286
     307
     294
     307
     286
     302
     300
     317
     272
     300
     301
     290
     313
     279
     315
     289
     314
     276
     299
     290
     306
     290
     315
     298
     273
     297
     288
     320
     326
     292
     301
     291
     292
     294
     289
     309
     332
     318
     292
     287
     307
     322
     312
     302
     282
     289
     317
     303
     292
     307
     289
     268
     325
     298
     313
     301
     261
     320
     306
     295
     317
     296
     261
     292
     278
     280
     277
     307
     308
     288
     311
     272
     273
     278
     280
     283
     284
     313
     279
     308
     280
     290
     304
     280
     280
     323
     264
     298
     278
     308
     277
     300
     309
     311
     312
     293
     283
     275
     296
     287
     288
     303
     282
     275
     296
     266
     291
     275
     307
     268
     276
     285
     270
     298
     297
     294
     281
     271
     326
     306
     299
     264
     287
     265
     295
     303
     305
     287
     320
     287
     313
     314
     304
     314
     280
     271
     311
     322
     257
     281
     289
     311
     322
     290
     299
     318
     244
     270
     276
     286
     308
     307
     302
     294
     309
     299
     270
     309
     259
     286
     272
     286
     294
     286
     298
     299
     263
     273
     307
     263
     279
     303
     306
     298
     267
     279
     263
     323
     302
     303
     310
     290
     336
     337
     301
     276
     287
     257
     301
     308
     302
     307
     283
     309
     309
     254
     286
     326
     300
     293
     283
     288
     293
     301
     281
     270
     312
     311
     273
     290
     289
     315
     331
     279
     238
     279
     281
     298
     293
     298
     333
     303
     272
     283
     280
     283
     275
     277
     299
     270
     277
     267
     281
     296
     259
     283
     280
     304
     310
     272
     301
     272
     278
     314
     301
     305
     280
     276
     296
     294
     299
     288
     284
     277
     281
     278
     297
     265
     281
     293
     267
     302
     283
     308
     299
     269
     313
     298
     319
     297
     308
     290
     281
     278
     276
     255
     292
     282
     271
     275
     296
     302
     300
     297
     261
     300
     270
     295
     285
     328
     289
     264
     320
     257
     294
     299
     294
     286
     290
     275
     300
     264
     312
     307
     314
     279
     282
     296
     291
     324
     293
     284
     277
     275
     319
     279
     278
     287
     283
     279
     302
     299
     298
     273
     308
     257
     316
     250
     296
     314
     286
     259
     314
     288
     303
     320
     300
     324
     274
     311
     295
     302
     279
     293
     291
     319
     324
     282
     316
     284
     284
     300
     274
     277
     314
     280
     314
     284
     283
     291
     287
     319
     276
     307
     314
     286
     312
     297
     305
     279
     278
     276
     296
     266
     279
     330
     287
     292
     299
     323
     307
     283
     298
     294
     289
     290
     270
     290
     277
     283
     275
     306
     311
     298
     313
     263
     289
     290
     285
     306
     266
     265
     318
     276
     294
     324
     285
     318
     291
     305
     274
     282
     315
     248
     283
     300
     266
     309
     294
     320
     276
     319
     298
     307
     267
     286
     308
     328
     294
     299
     300
     285
     291
     290
     286
     290
     271
     255
     301
     287
     265
     305
     310
     291
     293
     282
     317
     293
     322
     278
     306
     297
     290
     336
     310
     324
     276
     322
     309
     325
     296
     295
     306
     308
     294
     287
     322
     288
     304
     316
     307
     289
     324
     295
     301
     308
     290
     262
     325
     334
     318
     314
     284
     288
     284
     293
     301
     291
     321
     309
     292
     306
     333
     299
     299
     298
     293
     309
     278
     324
     296
     287
     326
     302
     309
     276
     312
     326
     276
     320
     302
     301
     282
     296
     335
     300
     360
     297
     329
     298
     300
     267
     323
     298
     295
     310
     320
     313
     326
     312
     309
     283
     312
     312
     284
     336
     315
     329
     296
     321
     339
     315
     291
     303
     323
     294
     309
     316
     299
     311
     320
     317
     326
     317
     320
     343
     287
     334
     307
     293
     329
     353
     295
     281
     305
     318
     331
     281
     330
     322
     309
     322
     289
     329
     295
     274
     288
     310
     301
     322
     326
     300
     301
     342
     301
     309
     316
     294
     351
     332
     332
     332
     339
     299
     313
     307
     297
     303
     342
     321
     347
     347
     282
     305
     323
     311
     339
     331
     313
     310
     341
     280
     305
     300
     343
     350
     321
     310
     347
     311
     325
     324
     288
     327
     300
     336
     312
     315
     306
     300
     319
     319
     362
     282
     280
     317
     333
     327
     334
     295
     327
     340
     340
     308
     388
     322
     341
     309
     348
     334
     325
     317
     332
     329
     355
     347
     345
     352
     365
     307
     312
     349
     290
     313
     307
     326
     347
     320
     351
     323
     319
     331
     325
     363
     328
     318
     301
     303
     316
     334
     331
     329
     326
     318
     320
     352
     336
     344
     333
     323
     379
     322
     316
     362
     350
     318
     328
     284
     340
     327
     344
     336
     325
     339
     355
     357
     312
     327
     339
     339
     365
     335
     335
     337
     336
     316
     325
     331
     320
     317
     318
     353
     340
     343
     374
     331
     324
     351
     365
     306
     344
     359
     341
     339
     325
     367
     332
     352
     358
     369
     361
     378
     377
     348
     378
     341
     338
     352
     356
     341
     363
     322
     346
     395
     331
     376
     338
     319
     359
     352
     336
     350
     360
     348
     364
     367
     387
     376
     342
     351
     317
     349
     397
     339
     364
     367
     361
     380
     334
     341
     334
     392
     328
     370
     327
     344
     368
     363
     394
     323
     383
     356
     364
     366
     377
     360
     381
     357
     362
     374
     352
     336
     366
     376
     365
     368
     391
     351
     382
     376
     377
     367
     406
     362
     374
     397
     350
     366
     360
     359
     361
     358
     384
     370
     382
     357
     377
     347
     360
     354
     389
     375
     392
     355
     356
     395
     392
     394
     386
     341
     377
     378
     364
     368
     355
     364
     356
     388
     372
     387
     402
     338
     369
     379
     367
     384
     392
     344
     353
     389
     391
     358
     390
     355
     369
     371
     333
     408
     341
     394
     366
     371
     410
     379
     377
     393
     384
     398
     384
     381
     337
     359
     341
     373
     389
     351
     366
     349
     414
     369
     396
     339
     386
     390
     389
     424
     382
     341
     422
     402
     390
     383
     401
     385
     379
     381
     396
     380
     394
     360
     388
     356
     375
     406
     363
     400
     388
     350
     376
     399
     427
     360
     382
     360
     416
     359
     367
     360
     360
     373
     390
     417
     370
     351
     377
     357
     383
     369
     375
     375
     362
     388
     397
     380
     379
     368
     411
     386
     357
     379
     357
     404
     374
     349
     366
     336
     394
     372
     376
     353
     381
     364
     349
     392
     375
     363
     381
     397
     379
     349
     397
     356
     387
     373
     373
     333
     387
     348
     375
     340
     404
     306
     341
     359
     393
     343
     346
     339
     338
     363
     375
     322
     345
     354
     366
     338
     333
     333
     365
     329
     374
     350
     319
     340
     343
     339
     325
     333
     307
     350
     291
     304
     321
     314
     315
     338
     334
     305
     310
     325
     292
     301
     287
     319
     301
     301
     316
     290
     288
     310
     299
     282
     270
     269
     265
     246
     296
     272
     253
     285
     256
     258
     239
     261
     261
     271
     263
     262
     256
     245
     270
     219
     237
     220
     261
     246
     226
     265
     244
     256
     228
     234
     224
     272
     250
     256
     227
     231
     231
     211
     232
     243
     245
     221
     251
     250
     197
     232
     239
     215
     234
     218
     198
     231
     238
     241
     241
     208
     228
     218
     222
     198
     251
     201
     225
     243
     227
     241
     247
     222
     213
     220
     203
     222
     196
     223
     217
     228
     228
     226
     210
     218
     187
     203
     202
     231
     183
     205
     238
     189
     226
     208
     234
     223
     242
     227
     247
     209
     249
     220
     215
     232
     217
     225
     212
     220
     221
     197
     206
     199
     202
     205
     212
     201
     199
     211
     203
     181
     221
     184
     192
     195
     215
     200
     189
     210
     213
     192
     206
     200
     183
     184
     189
     217
     192
     208
     204
     168
     161
     207
     193
     200
     173
     217
     182
     183
     184
     188
     181
     211
     199
     200
     191
     188
     181
     209
     191
     193
     180
     192
     191
     203
     162
     198
     209
     199
     191
     187
     178
     187
     183
     195
     159
     190
     195
     191
     194
     165
     202
     186
     187
     178
     170
     170
     211
     173
     183
     209
     169
     178
     176
     196
     170
     203
     190
     185
     178
     168
     182
     169
     183
     153
     178
     173
     159
     166
     176
     166
     163
     180
     170
     203
     184
     159
     173
     186
     180
     199
     167
     184
     173
     164
     191
     158
     158
     194
     174
     165
     170
     185
     167
     194
     169
     148
     175
     158
     179
     187
     151
     167
     187
     181
     138
     166
     172
     158
     167
     159
     153
     173
     175
     167
     178
     160
     158
     161
     153
     148
     169
     163
     160
     164
     163
     134
     167
     159
     146
     156
     166
     148
     165
     159
     175
     163
     160
     155
     171
     164
     148
     180
     139
     141
     179
     146
     150
     148
     156
     164
     169
     139
     163
     172
     179
     173
     131
     180
     166
     146
     184
     168
     148
     145
     152
     159
     154
     166
     154
     164
     138
     148
     154
     152
     132
     179
     171
     156
     133
     163
     139
     159
     150
     139
     149
     167
     149
     134
     141
     150
     140
     148
     167
     145
     139
     152
     149
     158
     153
     154
     148
     149
     133
     115
     131
     143
     153
     115
     138
     153
     149
     135
     130
     138
     155
     136
     119
     148
     168
     137
     147
     165
     155
     162
     158
     126
     158
     146
     154
     133
     151
     160
     122
     143
     151
     128
     140
     162
     138
     134
     123
     125
     138
     140
     127
     151
     131
     126
     144
     148
     133
     146
     130
     131
     150
     139
     151
     147
     166
     136
     131
     151
     145
     144
     140
     119
     128
     135
     135
     115
     134
     135
     130
     152
     140
     139
     142
     142
     141
     104
     124
     116
     147
     138
     155
     135
     117
     116
     121
     145
     119
     128
     150
     125
     135
     143
     103
     148
     117
     124
     123
     128
     110
     142
     129
     138
     112
     127
     117
     126
     131
     119
     130
     116
     112
     123
     127
     110
     135
     112
     118
     115
     123
     116
     114
     126
     122
     124
     125
     115
     118
     130
     129
     105
     110
     114
     119
     125
     116
     119
     112
     127
     124
     109
     100
     128
     126
     126
     105
     112
     117
     128
     140
     132
     102
     145
     105
     108
     129
     143
     109
      94
     134
     123
     131
     111
     118
     117
     112
     136
     113
     117
     111
     120
     116
     124
     123
     102
     117
     126
     114
     109
     116
     124
     131
     112
     133
     132
     105
     121
     137
     113
     103
     127
     145
     116
     134
     110
     107
     116
     101
     112
     118
     123
     133
     139
     112
     121
     112
     111
     114
     113
     124
     115
     104
     100
      89
     106
     101
     114
     119
     117
      91
      95
     113
     117
     122
     104
     110
     105
     107
     117
      96
      92
     105
     105
     104
     123
     126
     103
     111
      93
     113
     115
     124
     101
     101
     104
     102
     100
     120
      87
      94
     102
     113
     102
      94
     109
      91
     100
      99
     105
     123
     100
      95
     102
      84
     113
     111
      97
     101
     106
      95
     111
      88
     100
     114
      92
      99
     104
      92
      98
      90
     101
      99
     113
      87
      76
      95
     110
      79
      99
     102
      96
      94
      99
     110
      91
     113
     103
      98
      84
      98
     115
     110
      94
     114
     107
      91
      91
      96
      80
     104
     107
      98
      82
      89
      95
     107
     105
      91
     101
     105
      95
      89
      92
      80
     103
     121
     133
      79
     102
     112
      86
      90
      97
     113
      99
      88
      89
      86
      87
     101
     103
     108
     112
     107
      94
     105
     102
      90
      88
      80
      71
      75
     111
     105
      99
     106
      85
      93
      93
      84
     100
      86
      93
      90
      88
      76
      85
      97
      82
      81
     108
      97
     115
      97
      81
      97
      78
      97
     119
      85
      79
     103
      86
      82
     101
      91
      86
     107
      96
     102
      70
      77
      81
     101
      78
      81
      91
      96
      82
     102
      89
      83
      91
      90
      94
      84
      96
      85
      91
      84
      95
      76
      79
      79
      93
      92
      82
     112
      77
      67
     101
      77
      99
      85
      92
      87
      92
      90
      95
     102
      78
      78
      80
      83
     102
      78
     103
      94
      92
      84
      75
      86
      88
      95
      90
      96
      87
      86
      81
      71
      78
     104
      81
      87
      94
      74
      94
      88
      87
      82
      75
      89
      80
      81
      97
      91
      87
      89
      86
      83
      86
      98
      79
      82
      84
      89
      75
      79
      80
     100
      83
      90
      79
      73
      79
      90
      95
      71
      86
      89
      72
      81
      96
      98
      90
      92
      78
      96
      94
     110
      82
      97
      77
     109
      75
      74
      85
      92
      87
      79
      79
      93
      70
      79
      98
      89
      84
     100
      87
      92
      96
      99
      76
      94
      72
      73
      91
      85
      73
      78
      82
      85
      79
      62
      94
      91
      86
      93
      79
     102
      73
      71
      94
      84
      88
      76
      91
      78
      90
      75
      85
      80
      74
      77
      92
      82
      92
      96
      91
      84
      99
      94
      60
      87
      95
      94
      74
      67
      83
      97
      81
      79
      83
      95
      81
      84
      84
      67
      76
      82
      85
      82
      77
      87
      75
      92
      83
      86
      82
      72
      89
      88
      77
      76
      69
      89
      74
      74
      96
      61
      82
      81
      80
      85
      80
      70
      86
      81
      86
      86
      74
      74
      89
      77
      87
      87
      72
      84
      91
      91
      86
      89
      91
      62
      65
      70
      83
      63
      79
      87
      68
      79
      92
      83
     106
      76
      88
      92
      79
      94
      79
      78
      97
      83
      75
      82
      83
      73
      74
      84
      79
      75
      74
      76
      66
      97
      67
      96
      85
      77
      99
     103
      83
      94
      81
     112
      83
      73
      87
      68
      73
      95
      86
     104
      75
      93
      80
      89
      89
      82
      93
      82
      72
      71
      74
      73
      73
      85
      91
      78
      95
      76
      80
      71
      90
      76
      80
      85
      75
      77
      73
      86
      78
      70
      66
      91
      81
      87
      77
      75
      82
      72
      79
      91
      71
      84
      80
      94
      71
      80
      86
      69
      82
      85
      98
      66
      87
      78
      89
      89
      79
      96
      71
      74
      83
      74
      75
      72
      85
      78
      87
      76
      74
      97
      74
      75
      77
      88
      92
      78
      79
      83
      91
      98
     103
      96
      83
      94
      80
      83
      82
      87
      90
      94
      81
      77
      88
      72
      98
      69
      87
      83
      71
      92
      70
      92
      94
     100
      71
      81
      96
      87
      82
      96
      74
      73
      94
      90
      78
      66
      83
      87
      85
      86
      70
      74
      84
      76
      67
      76
      72
      86
      79
     104
      78
      74
      86
      79
      77
      87
      85
      86
      80
      78
      85
      84
      77
      75
      86
      85
      61
      83
      80
      74
      87
      89
      63
      70
      76
      85
      84
      86
      81
      90
      81
      68
      67
      78
      66
      84
      73
      86
      85
      81
      76
      74
      62
      91
     101
      83
      83
      74
      90
      58
      72
      99
      71
      74
      89
      82
      87
      91
      83
      90
      84
      74
      72
      67
      88
      56
      72
      79
      81
      82
      80
      92
      72
      66
      83
      75
      65
      75
      83
      69
      66
      92
      82
      76
      89
      79
      84
      87
      89
      81
      75
      62
      76
      83
      83
      92
      73
      82
      72
      93
      71
      97
      98
      75
      56
     106
      73
      90
      91
      91
      82
      92
      87
      81
      63
      78
      71
      78
      86
      86
      72
      92
      85
      79
      73
      81
      79
      84
      69
      94
      78
     109
      51
      83
      82
      77
      84
      73
      74
      79
      81
      89
      84
      81
      91
      75
     106
      87
      83
      78
      82
      85
      68
      85
      86
      93
      81
     100
      70
      83
      87
      69
      90
      88
      82
      78
      73
      93
      68
      81
      79
      74
      83
      97
      77
     101
      81
      91
      93
      78
      79
      65
      85
      90
      72
      79
      72
      71
      74
      70
      84
      81
      76
      93
      81
      71
      75
      79
      82
     102
      74
      74
      85
      69
      81
      87
      87
     100
      76
      75
      76
      70
      67
      71
      84
      89
      85
      91
      91
      81
      76
      92
      84
      86
      74
      80
      89
      76
      86
      72
      73
      88
     100
      84
      78
      91
      89
      84
      78
      75
      96
      68
      94
      82
      83
      77
      82
      67
      93
      82
      86
      67
      87
      87
      97
      94
      72
      95
      84
      73
      86
      96
      72
      89
      79
      85
      76
      74
      94
      77
      89
      85
      66
      68
      77
      83
      76
      98
      92
      76
      87
      82
      79
      75
      84
      88
      87
      64
      90
      72
      79
      83
      70
      65
      87
      92
      79
      86
      78
      87
      99
      86
      84
      94
      79
      98
      77
      68
      73
      86
      83
      84
      73
     103
      81
      93
      91
      78
      83
      81
      78
      98
      79
      91
      75
      95
      88
      95
      67
      98
      86
      80
      81
      87
      80
      88
      70
      65
      96
      86
     100
      78
      93
      98
      83
     103
      94
      80
      94
      73
      88
      69
      88
      82
      76
      76
      88
      74
      98
      89
      95
      90
     104
      76
      72
      92
      90
      77
      78
      99
      65
      99
      90
      84
      82
      92
      90
      67
     105
      90
      85
      97
      85
      89
     102
      86
      92
      86
      87
      68
      90
      79
      94
      94
      80
      87
      95
      81
      84
      87
      91
     102
      94
     112
      99
      89
      75
     105
      80
      85
      85
      79
      84
      82
      92
     101
      94
      91
      87
      99
      95
      79
      85
      87
      90
     103
     100
     101
      88
      87
      97
      87
      86
      94
      94
     106
      87
      81
     107
      91
      98
      83
     114
     105
     100
     108
     113
     102
     107
      90
      95
      89
     105
     104
     113
     102
      86
      89
     120
     115
     107
      88
     120
     102
     111
     126
     106
     116
     125
     110
      99
     104
     111
     118
     106
     128
     102
     131
     117
     115
     134
     131
     123
     112
     134
     132
     144
     156
     135
     136
     157
     161
     164
     168
     197
     192
     193
     211
     214
     234
     245
     276
     334
     348
     339
     400
     448
     491
     576
     591
     733
     756
     906
     991
    1170
    1362
    1503
    1770
    2074
    2417
    2849
    3274
    3617
    4317
    4963
    5614
    6307
    6984
    7635
    8225
    9080
    9850
   10413
   11020
   11355
   11909
   12125
   12503
   12800
   12891
   12996
   12898
   12588
   12573
   12188
   11772
   11515
   10898
   10313
    9731
    9041
    8602
    7843
    7128
    6293
    5751
    4975
    4294
    3707
    3163
    2560
    2153
    1764
    1390
    1218
     965
     806
     725
     624
     470
     383
     368
     328
     293
     288
     262
     225
     192
     196
     190
     171
     160
     144
     139
     136
     116
     128
     120
     107
     111
      94
     109
      96
      97
      89
      83
      85
      69
      79
      71
      68
      70
      78
      71
      76
      64
      79
      80
      84
      76
      70
      79
      78
      54
      67
      61
      71
      66
      67
      64
      71
      69
      52
      62
      63
      77
      74
      52
      66
      61
      65
      50
      59
      65
      61
      64
      58
      60
      72
      62
      69
      70
      56
      57
      80
      66
      63
      56
      56
      60
      60
      69
      64
      57
      64
      69
      84
      64
      48
      48
      54
      56
      51
      72
      59
      49
      57
      45
      46
      53
      44
      60
      46
      48
      49
      56
      49
      47
      64
      53
      55
      66
      51
      61
      47
      49
      61
      58
      55
      55
      66
      70
      52
      44
      50
      44
      52
      45
      36
      62
      56
      52
      49
      53
      41
      44
      57
      45
      50
      45
      45
      45
      57
      57
      54
      46
      67
      65
      46
      57
      44
      54
      36
      58
      42
      47
      56
      54
      46
      57
      34
      57
      56
      50
      49
      48
      43
      50
      52
      47
      50
      44
      55
      39
      48
      43
      55
      47
      47
      45
      47
      54
      44
      60
      48
      51
      38
      48
      47
      35
      49
      46
      46
      48
      46
      40
      46
      54
      66
      44
      56
      55
      41
      38
      49
      53
      61
      33
      45
      40
      44
      48
      38
      35
      50
      48
      48
      50
      43
      38
      51
      42
      41
      45
      43
      44
      39
      36
      44
      59
      46
      44
      43
      38
      36
      58
      43
      43
      44
      44
      34
      43
      39
      42
      36
      51
      55
      46
      51
      41
      51
      42
      40
      43
      42
      45
      41
      43
      50
      59
      41
      44
      45
      34
      41
      35
      48
      48
      51
      41
      47
      30
      40
      44
      51
      37
      39
      53
      38
      48
      43
      35
      36
      46
      33
      54
      27
      49
      43
      37
      37
      45
      50
      35
      48
      51
      38
      38
      62
      49
      44
      50
      46
      57
      40
      45
      63
      50
      36
      50
      52
      40
      36
      32
      47
      43
      45
      52
      36
      48
      40
      38
      33
      46
      41
      44
      41
      50
      65
      53
      39
      44
      46
      49
      45
      41
      30
      55
      41
      48
      51
      49
      52
      37
      40
      51
      46
      37
      38
      43
      45
      43
      32
      45
      43
      37
      45
      42
      39
      46
      44
      45
      34
      48
      54
      43
      50
      39
      35
      38
      44
      43
      54
      43
      42
      37
      40
      34
      39
      29
      45
      35
      41
      36
      49
      37
      39
      42
      41
      47
      46
      41
      42
      29
      47
      47
      45
      32
      36
      48
      39
      42
      40
      38
      59
      46
      46
      40
      36
      52
      39
      43
      53
      55
      39
      48
      35
      37
      43
      39
      44
      42
      44
      42
      49
      45
      50
      38
      42
      43
      40
      31
      50
      46
      29
      46
      46
      44
      48
      42
      45
      52
      48
      56
      43
      42
      39
      48
      43
      40
      43
      40
      41
      47
      53
      48
      38
      33
      42
      31
      47
      42
      37
      34
      52
      52
      37
      45
      33
      51
      40
      43
      40
      41
      40
      51
      51
      41
      40
      46
      37
      33
      37
      50
      42
      40
      42
      42
      40
      39
      43
      46
      47
      33
      46
      29
      47
      43
      33
      50
      37
      52
      37
      47
      47
      44
      49
      41
      43
      50
      39
      40
      40
      53
      40
      43
      40
      38
      42
      36
      41
      44
      41
      39
      38
      41
      40
      42
      38
      49
      50
      48
      37
      50
      44
      41
      44
      37
      48
      41
      40
      45
      41
      49
      34
      39
      50
      47
      47
      46
      44
      42
      30
      40
      44
      36
      30
      45
      39
      35
      36
      39
      45
      29
      42
      46
      37
      53
      37
      50
      45
      31
      51
      41
      41
      52
      34
      46
      45
      50
      49
      35
      42
      33
      41
      53
      34
      49
      57
      47
      30
      50
      36
      40
      44
      46
      39
      49
      40
      47
      36
      52
      34
      37
      31
      43
      45
      41
      45
      53
      39
      43
      34
      33
      42
      36
      45
      51
      35
      45
      33
      23
      40
      47
      30
      38
      39
      46
      42
      34
      44
      38
      30
      34
      42
      50
      45
      34
      54
      30
      32
      41
      21
      55
      43
      35
      41
      41
      27
      43
      39
      44
      48
      39
      35
      31
      48
      43
      45
      43
      45
      43
      52
      40
      36
      53
      36
      44
      47
      46
      42
      33
      36
      45
      37
      43
      48
      36
      50
      46
      40
      43
      42
      42
      44
      44
      37
      32
      49
      47
      32
      45
      35
      39
      55
      58
      45
      37
      55
      42
      40
      39
      41
      42
      36
      33
      42
      41
      40
      51
      52
      34
      42
      55
      47
      36
      24
      29
      37
      35
      39
      35
      55
      33
      35
      42
      38
      45
      47
      47
      37
      43
      39
      37
      43
      42
      37
      32
      40
      32
      38
      38
      45
      49
      35
      43
      42
      39
      39
      44
      46
      44
      40
      44
      38
      35
      51
      35
      36
      39
      36
      35
      36
      34
      39
      44
      37
      38
      32
      46
      38
      34
      43
      39
      41
      41
      52
      22
      42
      27
      35
      45
      42
      37
      36
      44
      43
      57
      37
      46
      42
      41
      42
      50
      40
      31
      44
      49
      34
      36
      32
      47
      39
      42
      31
      36
      37
      45
      48
      43
      29
      30
      33
      33
      36
      43
      34
      43
      33
      46
      31
      32
      36
      40
      42
      40
      50
      42
      36
      32
      43
      39
      49
      42
      39
      36
      41
      26
      41
      31
      23
      49
      38
      37
      49
      28
      30
      33
      41
      37
      48
      34
      37
      43
      33
      37
      36
      51
      24
      30
      37
      40
      47
      31
      41
      40
      43
      29
      43
      41
      32
      47
      36
      41
      38
      43
      47
      38
      52
      33
      40
      36
      33
      36
      38
      33
      38
      38
      50
      37
      36
      35
      36
      37
      46
      40
      36
      40
      44
      39
      44
      41
      38
      37
      40
      37
      43
      25
      55
      39
      31
      46
      42
      42
      27
      41
      28
      50
      42
      47
      52
      43
      41
      34
      33
      44
      37
      25
      51
      37
      37
      35
      43
      48
      48
      31
      38
      40
      44
      50
      41
      35
      53
      53
      39
      49
      35
      51
      48
      70
      45
      57
      43
      44
      40
      46
      51
      44
      44
      45
      47
      37
      44
      39
      40
      40
      47
      26
      36
      44
      38
      36
      40
      35
      26
      42
      40
      38
      38
      45
      41
      42
      34
      31
      32
      30
      23
      35
      40
      43
      45
      34
      40
      44
      36
      41
      44
      41
      44
      49
      33
      45
      28
      39
      40
      49
      32
      33
      29
      36
      30
      36
      29
      37
      27
      43
      42
      35
      36
      50
      52
      36
      46
      38
      41
      32
      49
      36
      35
      38
      39
      38
      30
      50
      30
      29
      42
      43
      36
      40
      38
      36
      33
      39
      23
      32
      29
      30
      31
      50
      35
      40
      28
      55
      38
      45
      33
      39
      47
      49
      39
      35
      49
      32
      37
      38
      47
      43
      46
      46
      39
      42
      36
      29
      43
      33
      39
      49
      33
      52
      22
      47
      38
      35
      38
      31
      44
      32
      35
      36
      30
      30
      45
      36
      38
      32
      32
      34
      41
      41
      32
      36
      37
      42
      39
      59
      39
      35
      38
      40
      27
      38
      53
      41
      35
      43
      38
      47
      45
      36
      43
      38
      30
      36
      36
      42
      37
      47
      45
      42
      42
      38
      43
      41
      45
      42
      46
      33
      29
      38
      22
      39
      28
      31
      38
      42
      31
      31
      21
      30
      36
      33
      34
      25
      52
      39
      45
      36
      45
      39
      41
      45
      40
      41
      46
      31
      29
      41
      53
      38
      47
      37
      34
      42
      39
      51
      46
      37
      48
      45
      37
      45
      48
      47
      39
      48
      35
      30
      27
      35
      51
      26
      41
      28
      33
      39
      38
      38
      34
      38
      34
      51
      42
      39
      38
      39
      37
      34
      55
      48
      37
      31
      41
      30
      35
      33
      39
      49
      35
      41
      42
      39
      43
      44
      29
      47
      29
      38
      34
      35
      33
      43
      40
      36
      26
      32
      44
      39
      44
      37
      23
      37
      39
      27
      45
      38
      42
      35
      32
      46
      38
      49
      37
      35
      38
      40
      34
      39
      44
      43
      37
      42
      36
      34
      35
      45
      45
      34
      37
      40
      44
      32
      41
      43
      40
      32
      29
      35
      42
      35
      44
      39
      39
      38
      29
      58
      44
      37
      46
      42
      36
      36
      39
      42
      46
      35
      38
      42
      28
      44
      37
      39
      34
      50
      38
      46
      41
      43
      39
      55
      31
      35
      41
      37
      44
      34
      31
      39
      47
      46
      32
      36
      39
      36
      50
      34
      42
      40
      39
      29
      50
      33
      38
      31
      37
      32
      44
      36
      31
      41
      46
      35
      46
      35
      38
      39
      32
      36
      41
      33
      38
      31
      45
      37
      38
      47
      33
      25
      35
      45
      48
      44
      33
      40
      35
      33
      42
      48
      39
      31
      35
      44
      38
      35
      37
      42
      47
      42
      46
      27
      35
      42
      41
      34
      35
      35
      33
      32
      35
      28
      50
      53
      34
      38
      31
      45
      39
      34
      35
      33
      31
      38
      39
      37
      46
      19
      39
      37
      36
      40
      29
      40
      25
      39
      34
      38
      33
      32
      28
      36
      34
      43
      35
      37
      32
      35
      40
      39
      39
      42
      43
      50
      42
      39
      46
      46
      34
      37
      36
      41
      34
      43
      45
      35
      41
      40
      40
      32
      35
      39
      46
      51
      42
      31
      37
      46
      31
      39
      36
      32
      42
      37
      49
      40
      41
      37
      38
      34
      42
      44
      48
      39
      44
      41
      43
      40
      35
      44
      49
      56
      46
      23
      56
      34
      44
      31
      50
      46
      53
      41
      41
      38
      37
      42
      35
      50
      49
      27
      42
      38
      34
      39
      41
      44
      42
      31
      37
      43
      47
      43
      35
      39
      37
      37
      22
      36
      34
      38
      27
      52
      31
      36
      41
      34
      36
      31
      36
      39
      38
      44
      39
      39
      24
      56
      36
      36
      39
      37
      32
      34
      45
      56
      26
      44
      35
      41
      42
      30
      55
      45
      35
      44
      42
      34
      38
      41
      38
      40
      33
      36
      38
      42
      39
      32
      44
      40
      42
      39
      30
      38
      38
      35
      42
      40
      37
      35
      40
      46
      53
      37
      31
      42
      45
      45
      38
      51
      44
      36
      41
      38
      34
      31
      44
      43
      33
      38
      42
      36
      35
      32
      39
      35
      36
      33
      39
      34
      36
      45
      43
      43
      49
      31
      32
      36
      41
      28
      39
      47
      34
      45
      39
      37
      34
      42
      41
      34
      34
      35
      37
      34
      32
      40
      43
      46
      37
      29
      34
      36
      44
      33
      39
      36
      47
      44
      44
      26
      38
      34
      38
      45
      36
      37
      33
      38
      45
      37
      39
      47
      40
      39
      42
      37
      36
      44
      36
      40
      32
      50
      36
      41
      52
      36
      43
      52
      38
      42
      42
      34
      33
      49
      44
      45
      41
      38
      37
      40
      41
      37
      47
      46
      45
      43
      34
      42
      43
      39
      35
      44
      37
      29
      21
      41
      47
      42
      62
      35
      46
      37
      48
      25
      36
      39
      32
      50
      26
      33
      52
      47
      50
      47
      51
      43
      50
      34
      36
      36
      26
      31
      42
      32
      40
      31
      44
      45
      43
      32
      43
      42
      46
      35
      31
      29
      40
      37
      36
      43
      33
      32
      40
      43
      38
      33
      39
      43
      45
      44
      48
      45
      40
      40
      37
      38
      42
      41
      30
      37
      49
      37
      45
      30
      30
      39
      35
      26
      23
      43
      53
      39
      43
      53
      39
      35
      28
      29
      42
      33
      36
      44
      37
      36
      27
      37
      37
      40
      37
      31
      28
      36
      39
      29
      48
      38
      40
      40
      36
      58
      37
      42
      32
      41
      37
      39
      44
      42
      35
      39
      33
      44
      25
      50
      40
      41
      39
      34
      32
      38
      38
      27
      35
      47
      44
      43
      38
      36
      34
      39
      40
      43
      33
      41
      49
      44
      41
      35
      30
      34
      35
      45
      34
      41
      33
      34
      32
      43
      37
      37
      32
      39
      37
      33
      34
      31
      33
      40
      46
      37
      50
      39
      45
      36
      39
      42
      46
      35
      38
      42
      43
      38
      26
      34
      34
      32
      38
      47
      43
      34
      35
      38
      40
      37
      45
      42
      42
      42
      38
      46
      26
      37
      26
      40
      47
      39
      44
      44
      37
      34
      33
      43
      45
      37
      30
      53
      33
      44
      44
      49
      41
      29
      36
      49
      38
      48
      35
      39
      46
      37
      38
      40
      33
      39
      38
      48
      40
      41
      46
      39
      34
      34
      30
      30
      43
      42
      34
      33
      50
      33
      44
      35
      38
      46
      31
      39
      32
      41
      37
      26
      42
      33
      41
      39
      41
      37
      42
      40
      38
      41
      35
      52
      34
      38
      43
      41
      42
      39
      45
      36
      28
      44
      42
      37
      51
      37
      47
      42
      34
      34
      35
      36
      41
      45
      34
      35
      42
      38
      37
      43
      40
      44
      38
      43
      39
      38
      46
      45
      41
      43
      38
      34
      35
      43
      32
      41
      44
      39
      46
      44
      38
      44
      28
      37
      26
      37
      36
      40
      55
      42
      43
      38
      41
      37
      28
      36
      46
      35
      30
      50
      42
      43
      34
      37
      40
      43
      41
      31
      30
      29
      28
      39
      47
      36
      53
      38
      32
      34
      36
      35
      44
      38
      33
      44
      42
      49
      32
      34
      35
      50
      30
      34
      30
      37
      37
      43
      36
      46
      42
      44
      39
      45
      49
      34
      31
      46
      39
      36
      40
      34
      39
      37
      45
      38
      49
      40
      43
      54
      40
      34
      45
      33
      34
      34
      31
      47
      38
      44
      48
      31
      47
      35
      44
      44
      34
      40
      50
      47
      32
      44
      42
      37
      39
      49
      43
      41
      39
      44
      35
      40
      40
      43
      30
      33
      44
      36
      46
      44
      31
      47
      34
      44
      58
      34
      42
      33
      43
      40
      42
      50
      42
      33
      42
      25
      36
      42
      31
      41
      39
      45
      34
      47
      45
      35
      46
      35
      39
      44
      36
      30
      31
      51
      48
      44
      42
      42
      40
      33
      32
      53
      48
      39
      50
      57
      34
      39
      39
      38
      44
      31
      35
      45
      33
      41
      45
      32
      41
      32
      41
      38
      36
      49
      50
      35
      41
      34
      40
      38
      51
      47
      43
      33
      41
      37
      43
      43
      43
      40
      49
      38
      33
      46
      38
      39
      34
      36
      36
      35
      31
      46
      43
      33
      47
      25
      49
      45
      34
      37
      47
      48
      27
      33
      36
      42
      47
      34
      36
      45
      33
      32
      34
      46
      36
      36
      44
      46
      38
      37
      46
      50
      45
      33
      44
      44
      33
      49
      42
      33
      43
      36
      46
      32
      44
      47
      53
      43
      34
      30
      33
      40
      38
      41
      39
      39
      57
      36
      40
      42
      47
      29
      47
      38
      34
      39
      49
      39
      39
      41
      30
      47
      47
      39
      33
      49
      31
      37
      35
      41
      39
      35
      29
      36
      45
      33
      30
      34
      32
      45
      37
      38
      32
      35
      35
      47
      44
      41
      36
      37
      26
      34
      33
      35
      32
      48
      28
      43
      30
      36
      27
      44
      40
      41
      41
      30
      40
      39
      34
      45
      37
      41
      39
      34
      35
      44
      45
      40
      32
      38
      31
      43
      43
      31
      52
      40
      44
      40
      40
      46
      33
      42
      37
      32
      39
      35
      43
      37
      35
      48
      44
      39
      52
      37
      38
      32
      36
      37
      35
      26
      52
      40
      39
      36
      30
      43
      48
      45
      34
      54
      42
      50
      39
      38
      43
      28
      33
      39
      41
      47
      51
      36
      41
      37
      32
      37
      42
      41
      33
      43
      40
      39
      41
      48
      36
      40
      35
      38
      39
      39
      48
      31
      46
      45
      32
      49
      31
      48
      41
      46
      31
      32
      31
      37
      29
      37
      36
      36
      34
      38
      33
      29
      44
      39
      39
      39
      37
      35
      38
      31
      36
      49
      40
      45
      42
      32
      34
      42
      40
      38
      44
      47
      43
      47
      44
      38
      32
      45
      35
      36
      29
      52
      41
      34
      39
      45
      54
      49
      40
      44
      43
      48
      64
      51
      51
      42
      52
      39
      39
      38
      49
      51
      46
      56
      42
      31
      44
      47
      44
      41
      48
      43
      34
      40
      46
      29
      51
      42
      41
      55
      38
      43
      44
      47
      32
      44
      38
      36
      36
      27
      42
      41
      38
      54
      38
      37
      45
      42
      60
      43
      37
      34
      41
      38
      37
      30
      41
      49
      50
      40
      47
      58
      44
      32
      40
      40
      48
      49
      38
      43
      35
      47
      29
      47
      41
      40
      47
      40
      31
      41
      41
      43
      28
      32
      40
      47
      43
      41
      41
      45
      33
      43
      38
      39
      28
      40
      36
      50
      47
      33
      44
      32
      36
      36
      40
      43
      30
      32
      38
      43
      50
      36
      36
      46
      37
      42
      38
      43
      45
      37
      40
      47
      42
      37
      31
      27
      47
      40
      43
      33
      42
      48
      51
      49
      49
      47
      32
      42
      48
      35
      37
      50
      44
      36
      36
      44
      40
      34
      35
      40
      50
      39
      44
      38
      30
      38
      36
      33
      42
      30
      43
      53
      44
      37
      40
      49
      27
      34
      40
      38
      41
      33
      34
      37
      44
      36
      46
      47
      38
      40
      46
      52
      43
      33
      35
      37
      34
      30
      41
      40
      39
      47
      39
      47
      44
      27
      30
      35
      50
      40
      63
      44
      25
      36
      43
      49
      46
      35
      44
      44
      38
      42
      32
      54
      49
      51
      34
      24
      44
      44
      43
      41
      42
      44
      29
      51
      35
      50
      40
      36
      34
      42
      44
      33
      30
      42
      30
      35
      43
      40
      53
      45
      42
      42
      40
      44
      47
      41
      48
      42
      34
      42
      39
      46
      32
      37
      34
      41
      36
      40
      41
      39
      36
      41
      26
      32
      33
      27
      48
      39
      33
      33
      40
      34
      41
      42
      34
      38
      30
      35
      48
      29
      42
      50
      41
      49
      41
      39
      34
      44
      38
      43
      47
      33
      37
      33
      38
      45
      46
      42
      44
      43
      53
      44
      54
      31
      45
      43
      46
      42
      35
      40
      48
      34
      45
      44
      45
      39
      50
      48
      52
      37
      56
      39
      50
      39
      35
      48
      27
      58
      43
      47
      36
      52
      48
      29
      44
      44
      46
      42
      40
      43
      39
      44
      48
      41
      43
      38
      31
      42
      40
      31
      47
      37
      42
      42
      36
      42
      40
      32
      44
      45
      34
      44
      39
      41
      51
      57
      47
      42
      37
      39
      43
      42
      28
      48
      40
      42
      49
      38
      40
      37
      47
      48
      36
      44
      41
      33
      33
      32
      40
      39
      42
      36
      41
      39
      39
      40
      43
      36
      35
      46
      42
      45
      34
      32
      48
      41
      28
      41
      41
      45
      38
      47
      49
      41
      36
      39
      44
      30
      50
      41
      46
      52
      31
      43
      47
      41
      38
      43
      37
      41
      41
      43
      50
      40
      42
      52
      43
      54
      43
      42
      37
      45
      43
      49
      35
      44
      46
      46
      48
      30
      39
      42
      54
      33
      44
      43
      47
      41
      30
      52
      43
      32
      48
      40
      46
      36
      40
      47
      36
      34
      36
      47
      45
      42
      38
      39
      40
      44
      43
      48
      40
      48
      30
      43
      51
      43
      44
      42
      39
      46
      31
      55
      48
      35
      39
      35
      43
      41
      42
      39
      46
      39
      56
      37
      34
      32
      49
      51
      47
      50
      39
      46
      35
      45
      28
      43
      51
      48
      49
      48
      38
      65
      56
      46
      42
      47
      39
      46
      43
      40
      37
      36
      51
      40
      40
      40
      44
      36
      45
      44
      45
      46
      36
      41
      48
      45
      35
      45
      47
      45
      39
      38
      36
      45
      38
      39
      44
      41
      48
      42
      43
      38
      45
      32
      40
      46
      44
      44
      44
      30
      42
      32
      48
      48
      38
      50
      32
      57
      39
      37
      44
      48
      31
      39
      52
      44
      39
      53
      35
      30
      39
      43
      38
      39
      43
      52
      33
      28
      34
      37
      45
      50
      53
      49
      38
      47
      47
      52
      34
      40
      42
      46
      52
      36
      35
      37
      43
      32
      34
      35
      37
      39
      42
      33
      44
      40
      42
      45
      50
      32
      39
      44
      52
      25
      49
      28
      43
      41
      48
      36
      43
      35
      46
      47
      39
      34
      39
      30
      49
      40
      44
      42
      34
      39
      41
      45
      44
      36
      42
      39
      46
      44
      55
      42
      42
      39
      30
      49
      46
      29
      53
      39
      47
      54
      47
      49
      39
      40
      47
      39
      50
      44
      49
      46
      44
      49
      47
      45
      38
      43
      41
      47
      44
      34
      43
      43
      45
      52
      37
      42
      41
      25
      47
      34
      43
      43
      43
      46
      39
      34
      47
      38
      35
      48
      34
      57
      55
      37
      41
      44
      42
      39
      50
      38
      49
      40
      42
      42
      55
      44
      32
      39
      46
      43
      26
      46
      36
      53
      37
      39
      24
      38
      43
      56
      34
      44
      46
      41
      52
      49
      44
      50
      43
      37
      48
      45
      44
      45
      39
      51
      40
      42
      42
      35
      49
      40
      56
      33
      37
      39
      41
      36
      29
      43
      39
      29
      37
      41
      41
      52
      48
      28
      52
      40
      43
      44
      34
      30
      38
      45
      35
      38
      42
      50
      30
      45
      50
      43
      50
      31
      48
      48
      34
      49
      53
      40
      39
      46
      44
      44
      32
      43
      59
      51
      52
      52
      49
      54
      47
      45
      44
      41
      37
      56
      41
      39
      53
      46
      44
      41
      37
      36
      56
      47
      45
      45
      43
      42
      60
      36
      40
      47
      49
      57
      42
      52
      42
      41
      45
      56
      38
      48
      41
      49
      46
      34
      31
      30
      43
      42
      47
      44
      55
      53
      40
      40
      37
      46
      34
      49
      47
      51
      60
      38
      40
      42
      35
      53
      69
      44
      41
      35
      50
      55
      42
      48
      46
      39
      35
      55
      42
      46
      36
      40
      31
      32
      39
      33
      49
      46
      50
      51
      38
      42
      43
      50
      46
      34
      40
      48
      49
      38
      40
      47
      48
      36
      50
      34
      36
      61
      51
      44
      45
      38
      47
      53
      37
      34
      47
      48
      46
      50
      40
      53
      48
      31
      44
      50
      55
      45
      36
      40
      37
      40
      43
      43
      53
      60
      48
      50
      45
      60
      55
      51
      43
      42
      53
      42
      45
      51
      50
      40
      49
      47
      44
      37
      44
      46
      38
      37
      40
      48
      40
      40
      37
      32
      42
      42
      48
      30
      40
      61
      42
      52
      37
      42
      40
      45
      36
      38
      41
      37
      42
      40
      37
      46
      46
      42
      51
      47
      43
      40
      38
      50
      48
      36
      44
      35
      47
      35
      38
      42
      36
      47
      51
      54
      41
      39
      46
      44
      56
      44
      52
      44
      48
      43
      40
      34
      49
      38
      52
      43
      48
      52
      48
      49
      34
      36
      52
      39
      46
      37
      54
      39
      66
      43
      39
      41
      46
      38
      37
      53
      50
      40
      53
      34
      38
      36
      48
      38
      46
      51
      47
      43
      36
      36
      42
      43
      39
      50
      37
      45
      41
      42
      52
      41
      40
      42
      58
      39
      48
      41
      45
      37
      48
      29
      59
      40
      38
      45
      37
      47
      49
      50
      44
      46
      34
      56
      48
      48
      39
      57
      35
      38
      46
      37
      35
      47
      50
      53
      32
      51
      59
      37
      43
      49
      43
      49
      65
      45
      48
      38
      39
      48
      42
      52
      44
      51
      32
      43
      36
      45
      36
      33
      55
      36
      43
      46
      50
      40
      36
      43
      48
      42
      49
      39
      50
      56
      44
      42
      55
      51
      41
      46
      49
      34
      58
      38
      37
      42
      56
      56
      42
      50
      47
      41
      48
      49
      38
      46
      46
      56
      43
      49
      45
      42
      40
      41
      36
      41
      54
      46
      49
      39
      53
      51
      50
      51
      41
      45
      40
      38
      47
      45
      45
      54
      55
      42
      52
      46
      41
      59
      43
      35
      41
      39
      52
      50
      47
      46
      47
      44
      44
      34
      55
      40
      45
      58
      39
      50
      37
      44
      54
      49
      51
      37
      45
      35
      49
      50
      41
      40
      46
      40
      48
      33
      43
      39
      34
      46
      42
      58
      36
      53
      37
      39
      44
      48
      42
      57
      57
      49
      63
      40
      47
      39
      50
      39
      47
      53
      55
      51
      46
      46
      61
      42
      55
      51
      40
      44
      41
      62
      42
      53
      50
      42
      40
      55
      45
      51
      47
      33
      33
      44
      36
      44
      56
      63
      48
      50
      48
      50
      48
      33
      45
      51
      47
      49
      41
      41
      49
      47
      46
      51
      35
      44
      48
      53
      42
      58
      57
      57
      54
      47
      43
      51
      42
      43
      46
      45
      47
      39
      50
      38
      42
      34
      35
      45
      38
      39
      46
      51
      48
      54
      43
      44
      49
      48
      39
      42
      41
      44
      51
      53
      39
      39
      51
      40
      59
      42
      49
      48
      45
      58
      41
      44
      39
      38
      62
      41
      47
      46
      62
      50
      52
      49
      57
      45
      45
      46
      43
      52
      38
      49
      49
      45
      42
      60
      39
      43
      41
      33
      45
      47
      46
      35
      54
      48
      49
      52
      48
      43
      58
      43
      54
      52
      49
      48
      53
      44
      42
      47
      49
      49
      35
      54
      42
      43
      38
      44
      35
      55
      44
      52
      59
      53
      43
      44
      49
      58
      39
      48
      47
      41
      55
      44
      51
      45
      38
      48
      55
      57
      49
      47
      36
      50
      52
      41
      51
      35
      53
      47
      50
      46
      56
      50
      49
      52
      52
      49
      51
      47
      53
      33
      47
      39
      44
      52
      47
      36
      43
      40
      55
      49
      54
      37
      32
      58
      50
      42
      46
      45
      41
      50
      50
      50
      34
      55
      55
      55
      56
      52
      51
      62
      34
      54
      54
      52
      53
      64
      51
      58
      45
      45
      59
      41
      41
      42
      59
      48
      54
      44
      62
      48
      54
      54
      44
      46
      47
      54
      57
      61
      47
      43
      46
      47
      55
      48
      42
      50
      41
      49
      47
      43
      44
      63
      45
      62
      39
      43
      59
      58
      55
      42
      39
      42
      48
      40
      54
      52
      49
      51
      49
      43
      46
      51
      45
      40
      40
      36
      59
      38
      44
      36
      45
      41
      50
      42
      61
      56
      61
      58
      33
      51
      56
      56
      41
      45
      48
      51
      49
      51
      61
      34
      51
      43
      49
      61
      42
      46
      50
      43
      61
      60
      48
      40
      53
      50
      54
      50
      45
      47
      42
      49
      42
      42
      52
      48
      51
      45
      56
      37
      38
      47
      46
      55
      54
      46
      60
      60
      72
      54
      51
      59
      53
      64
      44
      54
      64
      66
      42
      40
      52
      50
      52
      47
      56
      41
      46
      53
      53
      48
      42
      58
      51
      52
      61
      53
      39
      47
      56
      51
      53
      41
      48
      53
      49
      57
      47
      42
      45
      43
      59
      55
      35
      43
      64
      56
      48
      53
      47
      46
      69
      56
      54
      57
      51
      48
      62
      50
      62
      49
      46
      51
      46
      56
      55
      50
      50
      57
      65
      49
      52
      48
      50
      60
      48
      51
      48
      50
      50
      44
      43
      40
      46
      49
      53
      45
      56
      62
      55
      40
      42
      55
      49
      37
      44
      42
      54
      63
      57
      57
      52
      42
      47
      70
      62
      45
      53
      64
      41
      52
      42
      49
      67
      37
      51
      36
      60
      39
      43
      50
      54
      51
      55
      60
      60
      47
      57
      53
      45
      52
      60
      56
      53
      56
      55
      48
      46
      61
      59
      56
      56
      40
      48
      54
      58
      55
      49
      47
      52
      59
      48
      63
      60
      47
      47
      57
      47
      57
      56
      53
      70
      52
      45
      48
      50
      54
      54
      59
      46
      45
      47
      60
      50
      56
      54
      61
      57
      41
      54
      59
      48
      45
      61
      52
      41
      55
      52
      43
      51
      64
      45
      48
      62
      64
      51
      67
      60
      61
      54
      54
      43
      56
      53
      61
      57
      59
      68
      65
      49
      43
      48
      53
      52
      50
      42
      54
      55
      47
      49
      47
      59
      53
      52
      60
      50
      41
      51
      46
      51
      44
      44
      62
      54
      42
      69
      55
      56
      52
      58
      50
      45
      54
      50
      51
      66
      41
      69
      53
      52
      63
      68
      55
      42
      52
      47
      52
      41
      52
      59
      74
      41
      59
      56
      55
      51
      60
      46
      56
      49
      52
      52
      63
      51
      47
      53
      52
      61
      51
      58
      48
      45
      71
      56
      55
      68
      65
      71
      57
      56
      52
      34
      57
      46
      63
      54
      74
      67
      49
      51
      54
      48
      69
      61
      45
      67
      54
      49
      70
      61
      51
      54
      64
      55
      57
      59
      47
      40
      47
      52
      48
      64
      58
      66
      39
      53
      50
      55
      51
      57
      52
      51
      69
      56
      58
      64
      50
      50
      51
      57
      53
      56
      64
      47
      71
      45
      65
      56
      52
      71
      52
      56
      52
      54
      56
      50
      58
      44
      54
      53
      54
      44
      50
      58
      46
      58
      57
      66
      60
      56
      55
      66
      42
      61
      60
      61
      61
      48
      55
      67
      41
      56
      51
      58
      61
      48
      64
      57
      47
      47
      57
      52
      58
      62
      55
      61
      50
      64
      68
      66
      53
      65
      63
      50
      69
      55
      55
      56
      46
      72
      53
      60
      59
      55
      48
      60
      55
      57
      61
      55
      56
      57
      61
      57
      56
      52
      60
      65
      53
      58
      63
      59
      47
      64
      67
      46
      62
      61
      57
      65
      51
      55
      51
      63
      67
      52
      59
      55
      55
      58
      54
      59
      61
      61
      54
      65
      67
      63
      58
      62
      55
      56
      54
      49
      50
      55
      57
      42
      52
      57
      58
      57
      58
      58
      49
      74
      54
      70
      58
      62
      59
      61
      51
      56
      56
      70
      47
      64
      61
      58
      57
      64
      57
      60
      63
      58
      50
      68
      63
      63
      40
      58
      56
      54
      53
      69
      71
      52
      53
      68
      58
      64
      67
      65
      76
      56
      54
      43
      55
      69
      57
      64
      53
      49
      57
      57
      64
      63
      67
      61
      83
      58
      53
      59
      48
      71
      56
      55
      62
      56
      49
      51
      58
      52
      45
      54
      58
      57
      51
      70
      68
      61
      70
      56
      58
      56
      67
      58
      68
      57
      56
      56
      60
      69
      73
      68
      51
      55
      48
      60
      57
      58
      50
      54
      62
      55
      49
      51
      51
      47
      45
      80
      59
      62
      54
      61
      70
      56
      57
      54
      64
      62
      67
      70
      62
      54
      61
      63
      53
      66
      57
      59
      64
      66
      53
      51
      61
      55
      68
      54
      52
      63
      62
      60
      57
      59
      61
      58
      77
      61
      68
      56
      65
      64
      60
      53
      71
      77
      73
      64
      66
      66
      66
      65
      53
      53
      61
      56
      62
      51
      54
      55
      59
      65
      63
      59
      67
      62
      60
      51
      62
      74
      61
      75
      71
      77
      54
      58
      59
      69
      70
      62
      55
      60
      84
      66
      59
      57
      72
      64
      62
      63
      59
      62
      58
      75
      64
      63
      77
      58
      49
      59
      65
      77
      59
      68
      81
      74
      68
      56
      65
      62
      70
      56
      72
      72
      68
      65
      63
      63
      74
      57
      57
      62
      61
      57
      64
      47
      68
      52
      70
      63
      57
      64
      77
      68
      62
      79
      71
      54
      69
      68
      68
      79
      55
      76
      59
      65
      68
      70
      62
      62
      66
      53
      59
      62
      65
      71
      59
      50
      73
      70
      67
      63
      60
      68
      72
      62
      76
      54
      67
      55
      58
      73
      64
      61
      60
      66
      64
      54
      66
      74
      62
      64
      69
      52
      70
      63
      73
      65
      59
      63
      60
      58
      57
      68
      73
      66
      60
      58
      45
      61
      73
      63
      69
      83
      69
      79
      56
      64
      74
      56
      66
      82
      67
      61
      71
      74
      79
      68
      58
      72
      76
      66
      64
      59
      54
      67
      69
      62
      62
      65
      63
      73
      57
      60
      60
      56
      84
      73
      67
      76
      66
      68
      80
      62
      69
      59
      62
      73
      63
      51
      66
      59
      72
      62
      85
      55
      54
      86
      73
      59
      77
      78
      73
      56
      75
      80
      80
      60
      89
      64
      74
      67
      60
      80
      64
      64
      66
      65
      74
      69
      62
      70
      68
      69
      66
      71
      76
      71
      72
      70
      66
      80
      67
      74
      68
      65
      60
      61
      66
      62
      68
      59
      68
      55
      70
      74
      60
      68
      72
      67
      72
      69
      63
      75
      77
      90
      68
      79
      68
      74
      82
      64
      77
      61
      71
      70
      74
      61
      71
      78
      69
      68
      78
      64
      70
      70
      60
      66
      61
      64
      84
      67
      72
      91
      77
      70
      85
      69
      65
      71
      63
      79
      80
      81
      65
      62
      70
      64
      70
      74
      76
      76
      84
      71
      77
      71
      70
      65
      74
      88
      71
      76
      79
      75
      95
      63
      92
      73
      74
      80
      80
      70
      86
      66
      80
      75
      81
      80
      74
      63
      76
      89
      66
      90
      92
     100
      83
      74
      82
      80
      85
      93
      82
      85
      87
      75
      66
      77
      80
      85
      84
      83
      71
      78
      72
      86
      89
      77
      87
      76
      69
      84
      76
      69
      63
      76
      81
      70
      70
      77
      70
      80
      79
      66
      80
      77
      80
      87
      77
      79
      89
      85
      68
      70
      77
      79
      80
      96
      67
      78
      75
      75
      79
      93
      85
      78
      81
      89
      75
      63
      70
      72
      69
      57
      86
      81
      79
      67
      84
      85
      87
      72
      73
      89
      75
      74
      78
      74
      90
      62
      88
      79
      74
      83
      99
      86
      84
      81
      70
      81
      89
      91
      70
      70
      82
      93
      77
      85
      76
      86
      80
      62
      80
      74
      94
      74
      85
      85
      96
      86
      76
      90
      96
      92
      64
      77
      94
      80
      75
      74
      76
      67
      80
      79
      74
      64
      87
      84
      89
      71
      84
      79
      84
      67
      71
      71
      74
      88
      91
      99
      84
      74
      62
      76
      90
      97
      74
      80
      78
      84
      84
      90
      87
      83
      90
      79
      82
      90
      74
      80
      78
      75
      91
      91
      87
      71
      91
      75
      75
      82
      80
      75
      77
      75
      89
      83
      81
      89
      74
      87
     105
      76
      82
      92
      78
      78
      66
      65
      79
      92
      85
     107
     102
      72
      79
      92
      88
      83
      85
      85
      83
      89
      83
      85
      81
     105
      84
      86
      71
      88
      81
      93
      81
      78
      81
      91
      69
      90
      77
      80
      63
      78
      65
     107
      98
      80
      68
      89
      94
      81
      91
      88
     102
      78
      78
     107
      81
      63
     102
      88
      96
      94
      84
      77
      97
      77
      81
      73
      94
      97
      88
     131
      89
     108
      99
      75
      91
      90
      75
      86
      87
      76
      91
      97
      99
      86
      95
     100
      99
      87
      90
      88
      89
      91
      91
      80
      97
      85
      87
      79
      74
      83
      86
      96
      97
      81
      88
      82
      92
      93
      68
      89
      87
      76
      72
      81
      89
      89
      75
      92
      67
      82
      92
      78
      74
      84
      82
      85
      73
      94
      80
      93
      98
      81
      92
      77
      77
      90
      85
      74
      80
      98
      87
      86
      77
      73
     102
      95
      81
      84
      89
      80
     102
      93
     100
      74
      82
      79
      88
      73
      87
      93
      71
      97
      99
      79
      81
      86
     105
      83
      90
      85
      87
      86
      79
      79
      90
      89
      79
      66
      77
      82
      85
      79
      80
      77
     101
      75
      75
      73
      80
      85
      83
      61
      76
      80
      79
      72
      73
      71
      74
      89
      88
      76
      77
      65
      82
      82
      72
      77
      91
      80
      67
      76
      62
      73
      81
      66
      74
      73
      80
      70
      77
      72
      74
      67
      73
      72
      64
      73
      68
      59
      68
      77
      66
      55
      64
      72
      71
      60
      68
      65
      48
      64
      63
      54
      53
      56
      57
      70
      66
      67
      69
      61
      55
      40
      50
      62
      61
      58
      52
      60
      52
      66
      42
      51
      46
      56
      61
      64
      60
      58
      60
      46
      38
      45
      61
      64
      70
      49
      56
      46
      56
      63
      60
      55
      44
      59
      59
      48
      51
      61
      52
      50
      60
      53
      58
      58
      57
      47
      60
      51
      55
      43
      56
      43
      63
      58
      61
      42
      46
      53
      56
      43
      53
      54
      49
      63
      50
      49
      49
      50
      55
      55
      56
      55
      45
      47
      50
      59
      60
      70
      56
      47
      46
      43
      46
      47
      43
      63
      60
      43
      45
      61
      48
      59
      50
      49
      41
      49
      50
      47
      34
      56
      49
      50
      56
      51
      56
      47
      52
      40
      48
      54
      36
      58
      50
      55
      34
      54
      64
      61
      49
      56
      49
      51
      34
      43
      46
      51
      47
      57
      49
      36
      44
      51
      43
      45
      52
      43
      44
      50
      44
      41
      46
      44
      58
      56
      62
      58
      44
      45
      41
      51
      48
      48
      54
      31
      44
      38
      46
      40
      59
      45
      49
      52
      51
      42
      46
      57
      43
      49
      44
      59
      51
      57
      49
      42
      39
      43
      48
      40
      32
      44
      42
      45
      45
      54
      54
      33
      54
      56
      45
      50
      52
      34
      45
      41
      45
      41
      39
      43
      45
      46
      34
      44
      33
      48
      37
      38
      44
      40
      54
      45
      45
      56
      30
      45
      47
      46
      49
      49
      55
      56
      46
      35
      49
      30
      48
      53
      57
      47
      58
      44
      42
      44
      42
      52
      37
      51
      35
      48
      48
      44
      45
      46
      52
      38
      44
      51
      51
      45
      54
      36
      41
      34
      53
      44
      36
      41
      44
      44
      44
      33
      45
      49
      37
      43
      40
      36
      47
      36
      38
      48
      39
      43
      42
      38
      52
      38
      37
      41
      52
      38
      48
      37
      43
      32
      49
      46
      42
      45
      54
      52
      35
      37
      44
      42
      40
      36
      29
      53
      35
      52
      39
      32
      42
      62
      43
      40
      48
      39
      42
      49
      34
      48
      54
      48
      42
      38
      36
      44
      38
      39
      49
      31
      38
      43
      49
      31
      36
      49
      48
      40
      40
      31
      42
      43
      50
      35
      42
      32
      33
      48
      46
      31
      37
      31
      48
      44
      41
      32
      50
      34
      50
      38
      49
      43
      38
      43
      47
      39
      39
      55
      31
      33
      48
      41
      32
      46
      31
      35
      37
      46
      45
      47
      47
      44
      39
      46
      37
      45
      41
      35
      45
      44
      32
      38
      33
      37
      39
      42
      35
      42
      26
      42
      40
      36
      29
      33
      40
      33
      47
      39
      42
      42
      37
      29
      35
      49
      45
      46
      33
      42
      40
      46
      45
      53
      44
      44
      22
      37
      41
      34
      40
      48
      32
      34
      38
      41
      32
      55
      47
      26
      35
      50
      46
      44
      41
      41
      32
      33
      47
      31
      26
      45
      35
      24
      36
      39
      37
      46
      46
      44
      38
      38
      39
      47
      41
      40
      28
      32
      42
      45
      37
      44
      47
      35
      45
      23
      33
      43
      40
      34
      47
      31
      33
      49
      42
      40
      38
      38
      37
      41
      31
      43
      36
      37
      46
      27
      40
      41
      37
      43
      42
      37
      47
      42
      44
      29
      33
      42
      45
      34
      34
      29
      32
      40
      34
      37
      36
      30
      34
      30
      28
      22
      51
      31
      30
      47
      28
      38
      38
      43
      47
      31
      33
      33
      33
      32
      24
      37
      31
      20
      39
      29
      42
      39
      35
      32
      33
      25
      40
      33
      34
      39
      34
      35
      46
      30
      51
      31
      46
      37
      38
      39
      27
      25
      39
      39
      29
      39
      43
      33
      26
      38
      34
      30
      25
      33
      28
      24
      32
      35
      28
      31
      32
      45
      33
      30
      29
      30
      25
      40
      36
      36
      36
      35
      37
      31
      32
      27
      30
      12
      25
      31
      20
      48
      32
      31
      34
      27
      39
      35
      38
      36
      32
      34
      38
      39
      32
      37
      25
      31
      25
      30
      26
      27
      30
      35
      29
      26
      41
      27
      29
      30
      31
      27
      33
      43
      28
      27
      24
      32
      30
      26
      27
      27
      31
      19
      22
      37
      32
      37
      18
      32
      36
      37
      28
      31
      32
      32
      34
      31
      36
      32
      25
      32
      30
      28
      25
      20
      26
      28
      36
      32
      29
      26
      34
      25
      30
      32
      34
      28
      31
      28
      31
      25
      36
      42
      29
      26
      29
      31
      25
      19
      28
      19
      29
      32
      34
      36
      35
      27
      31
      26
      23
      33
      33
      31
      22
      20
      36
      29
      24
      30
      36
      20
      22
      24
      23
      36
      23
      29
      35
      19
      23
      40
      34
      34
      24
      32
      28
      22
      26
      37
      26
      35
      33
      22
      31
      30
      22
      36
      23
      27
      30
      25
      21
      26
      31
      26
      32
      23
      29
      26
      26
      28
      26
      23
      22
      22
      25
      33
      24
      38
      16
      25
      33
      32
      29
      24
      19
      29
      25
      35
      23
      30
      34
      26
      35
      24
      19
      25
      25
      24
      25
      29
      25
      22
      30
      29
      32
      25
      22
      32
      30
      21
      29
      29
      18
      18
      21
      32
      23
      31
      21
      24
      29
      16
      32
      20
      20
      19
      29
      33
      27
      27
      23
      26
      22
      26
      27
      20
      35
      28
      28
      33
      24
      25
      30
      22
      17
      28
      23
      23
      32
      29
      21
      22
      20
      27
      21
      32
      22
      17
      25
      23
      33
      25
      17
      27
      26
      26
      22
      43
      26
      18
      25
      22
      28
      19
      14
      29
      16
      15
      22
      19
      16
      24
      22
      24
      26
      28
      17
      17
      20
      17
      29
      21
      19
      12
      19
      17
      33
      29
      20
      23
      17
      15
      23
      18
      21
      18
      18
      23
      22
      20
      17
      17
      15
      16
      20
      14
      20
      13
      15
      21
      14
      26
      22
      38
      30
      24
      19
      26
      24
      24
      19
      25
      21
      19
      17
      30
      25
      16
      26
      21
      20
      22
      20
      17
      19
      24
      20
      20
      18
      16
      16
      25
      14
      18
      19
      23
      17
      19
      21
      19
      21
      17
      24
      19
      30
      20
      14
      14
      20
      18
      16
      21
      23
      21
      18
      17
      14
      21
      18
      17
      21
      18
      12
      12
      19
      25
      19
      16
      17
      21
      21
      20
      27
      17
      26
      23
      15
      19
      20
      19
      18
      15
      11
      20
      21
      13
      19
      22
      15
      15
      18
      18
      23
      19
      15
      19
      18
      22
      14
      15
      22
      15
      19
      19
      13
      15
      15
      16
      14
      17
      14
      14
      33
      17
      14
      13
      17
      16
      14
      18
      13
      18
      19
      14
      18
      21
      14
      18
      20
      17
      27
      23
      20
      18
      14
      27
      10
      19
      18
      16
      17
      17
       9
      15
      17
      14
      13
      15
      14
      16
      19
      20
      17
      20
       9
      16
      17
      18
      18
      15
      11
      16
      13
      17
      18
      15
      16
      16
      20
      17
      18
      16
      15
      13
      18
      14
      20
      17
      23
       6
      17
      13
      18
      26
      17
      18
      17
      15
      17
      14
      20
      11
      16
      18
      15
      13
      21
      16
      16
      15
      15
      14
      15
      19
      13
      12
      12
      18
      15
      15
      17
      18
      20
      12
      14
      17
      19
      20
      13
      15
      13
      22
      13
      15
      23
      10
      19
      14
      15
      15
       6
      22
      16
      14
      17
       9
      20
      13
      14
      13
      17
      19
      15
      15
      18
      12
      16
      12
      20
      10
      14
      17
      13
      13
      14
      15
       9
      15
      14
      16
      19
      10
      14
      20
      12
      16
      14
      19
      13
      18
       8
      13
       6
      14
      21
      14
      20
      14
      15
      14
      18
      20
      17
       7
      12
      11
       5
      12
      11
      26
      11
      19
      11
      14
      13
      14
      16
       8
      11
      13
      17
      16
      11
      18
      12
      14
      17
      19
      10
      17
      14
      16
      10
      16
      10
      13
       5
      20
       9
      15
      11
      16
      20
      18
      14
      12
      14
      15
      12
      13
      11
      19
       9
      11
       9
      21
      11
       9
      18
      15
      14
      17
      13
      18
       8
      13
      13
      18
      13
      13
      19
      14
      14
      17
      14
      11
      11
      15
       8
      12
      10
       9
       9
      11
      16
      18
      17
       8
      12
      12
      11
      15
      14
      10
      15
      12
      17
      11
      22
      13
      14
      10
       8
      19
      13
      14
       8
      16
      10
      11
      11
      16
      18
       9
      12
      16
      12
       8
      15
       9
      13
      12
      11
      10
      10
      11
      12
      12
      10
      16
      11
       6
       9
       6
      13
      10
      11
      20
      15
       9
      15
      17
      21
      15
      18
      16
      17
      13
      12
      16
       8
      10
      19
      14
      10
       9
      11
       8
      16
      13
      18
       8
       6
       7
      13
      15
      12
      12
      10
       7
      13
      19
      15
       8
      13
       8
      13
      18
      10
       8
      15
      15
      20
      18
      12
      16
      14
      14
      12
       4
      15
      11
      13
       7
      13
      12
      14
      12
      12
      15
      14
      11
      17
      16
      10
      15
       9
      15
      14
      17
      20
      12
      14
       8
      16
      15
       8
      12
      17
      14
       6
      13
      11
       9
      22
      10
      14
      14
      15
      11
      12
      12
      11
      13
       3
       8
       7
      12
       4
       9
      12
      15
      10
      13
       9
       6
      11
      17
      17
      10
       9
       9
      10
      11
       6
      16
      18
      18
      12
       9
       7
      15
       8
      12
      15
      16
      10
      13
      18
      11
      12
      13
      12
      13
      10
       4
      12
      10
      19
      11
      12
      13
      16
      25
      13
       8
      11
      12
      15
      10
      11
      13
       8
       9
      10
      11
      19
      11
      14
      12
       8
      12
      11
      15
       7
      11
      14
      18
       7
      10
      11
      12
      15
      10
      15
      15
      16
       9
      14
       8
       8
      17
      11
      20
      15
      13
      11
      19
      16
      10
      15
      10
       5
       9
      10
       8
      10
      12
      13
      15
      16
      13
       7
      11
      14
      13
      10
      13
      11
      16
      16
      19
      10
      12
      13
      14
       8
      16
      14
      12
      10
      16
      12
      14
      18
      12
      12
      10
      18
       6
       6
       9
      10
      12
      11
      12
      18
      17
      11
      19
      11
       4
      10
       6
      16
      13
      20
      13
      15
      12
      16
      11
      18
      11
      13
      14
       7
      11
      14
      15
       8
      12
      13
      14
      12
      20
      12
       9
      12
      11
      12
       7
      10
       6
      14
      13
      14
      11
       6
      18
      15
      13
      11
       6
      13
      15
       9
      18
      13
       8
      17
      12
      14
      11
      10
      11
       9
      11
      15
      13
       9
       9
       8
      13
      16
      13
      15
      12
      13
      18
      11
      11
      11
      11
      12
      17
      15
      15
      13
      11
      12
      16
      13
      19
       7
      18
      14
      14
      15
      14
      12
       5
      12
       9
      18
      15
      15
      12
      11
      15
       9
      13
      13
      19
       8
      14
      12
      14
       8
      13
       7
      12
      13
      20
      12
      12
      12
      17
      12
      13
      19
      14
       8
      19
      11
      10
      17
      10
      17
      14
       8
      14
      10
      10
      17
      13
      12
      14
      12
       6
       4
       8
      12
      18
       8
      11
      19
      13
      12
      15
      10
       8
      12
      13
      11
       9
      16
      18
       9
      13
       9
       7
      14
      12
      11
       7
      11
      16
      11
      16
      10
      14
      15
      14
      16
      18
      18
      17
      15
       8
      12
      11
      10
      11
       7
      11
       9
      10
       8
      11
      16
      13
       8
      13
      12
      10
      11
      12
      14
      11
      12
      10
       8
       8
      12
      16
      15
      17
       9
      15
      11
      15
       9
       6
       9
      18
      14
      14
       7
      16
      15
      17
      10
       9
       8
      12
      12
       8
       9
      13
      16
      12
      19
      13
      11
      16
      13
       9
      11
      16
      13
      12
       8
      15
      11
      13
       9
      10
      10
      18
      13
       3
      11
      19
       8
      13
      18
      14
      11
      12
      13
      11
      15
      16
      15
      15
      10
      18
      12
      14
      17
      10
      17
       4
      15
       7
       9
      10
       9
      12
       7
      16
      16
      12
      10
      14
      16
      18
      12
      16
      14
       6
      13
       8
      11
      15
      14
      20
      13
      15
      12
      17
      18
      14
      11
      12
      16
      14
      14
      16
      12
      15
       7
      14
      10
      17
      16
      16
      15
      12
      15
      13
      12
      13
      14
       8
      10
      17
      12
       6
      14
      12
      12
      10
       8
      14
      13
      12
      11
      19
      15
      16
      13
      14
      12
      15
      15
      11
      13
      13
      10
      14
      13
      16
      12
      18
      13
      12
      13
      14
      11
      10
      11
      15
      15
      13
      12
      17
      15
      14
      15
      15
      12
      17
      12
       7
      14
      17
      14
      15
      13
       6
      12
      16
      18
      16
      10
      15
      13
      12
      12
       8
      11
      13
       8
      16
      14
      16
      16
       8
      24
      20
      15
       8
      14
      11
      11
      12
      13
      12
      13
      11
      21
      14
      11
      10
      14
      16
      18
      13
       9
      24
       9
       5
      18
      12
      15
      13
      10
      13
      21
      19
      18
      15
      20
      19
      11
      17
      23
      19
      13
      17
       9
      16
      20
      20
      12
       9
      14
      21
      19
      16
      26
       9
      17
      13
      18
      15
      18
      19
      10
      22
      13
      19
      18
      16
      17
      19
      16
      14
      26
      18
      20
      18
      22
      15
      11
      27
      12
      26
      24
      15
      19
      19
      14
      20
      18
      26
      12
      25
      20
      27
      23
      22
      27
      27
      25
      26
      32
      25
      29
      48
      46
      30
      35
      49
      56
      65
      77
      77
      75
      91
     129
     132
     157
     160
     225
     247
     286
     371
     417
     489
     589
     690
     866
    1057
    1179
    1425
    1670
    2018
    2328
    2561
    2919
    3065
    3438
    3620
    3911
    3987
    4166
    4158
    4166
    4065
    3899
    3517
    3319
    2966
    2654
    2405
    1998
    1655
    1408
    1124
     896
     751
     567
     441
     344
     241
     181
     121
      88
      70
      48
      42
      32
      36
      31
      24
      28
      30
      21
      20
      21
      20
      11
      17
      16
      19
      27
      19
      23
       8
      18
      12
      17
      14
      15
      15
      12
      11
      13
      13
      17
      12
      15
      11
       8
      14
       9
      14
      20
      16
      17
      17
      14
       9
       8
      14
      11
       9
      16
      19
      10
       8
      17
       3
       9
      11
      19
      10
      16
      10
      15
      10
      16
      11
      13
      17
      16
       6
      18
      15
      14
      19
      16
      12
      10
       9
       8
      19
      17
      15
       8
       8
       8
       9
      11
       8
       8
      11
       9
      10
      12
       7
      16
      12
      13
      14
      10
      11
       8
       8
       9
       8
      12
      16
       8
       6
      13
      10
      17
      11
      11
      15
      11
       5
      12
      13
      15
      16
       8
      12
      10
       6
      13
      15
      14
      11
      10
      12
      11
       5
      14
       7
       9
      10
      10
       8
      10
      11
       6
       7
      12
      12
       7
      13
       8
      10
      24
       5
      13
       8
      10
       8
      12
       7
       7
       6
       8
      10
       5
      13
       6
      10
      10
       4
      12
       8
       4
       7
       7
      11
      16
      14
       6
       7
      12
       7
       8
       8
       8
       3
      10
       5
      11
      12
      10
       8
       9
      13
      11
       7
      11
       8
      14
       8
       8
      11
       7
       8
       8
       8
      12
       4
       8
       7
       7
       7
      13
       4
       8
      11
      10
      10
       5
       7
      10
       8
       6
       8
       9
      12
       4
       3
       5
      12
       8
       6
       7
      10
       8
       9
       4
       9
       7
       9
       7
       8
       5
       5
       8
       5
       5
      10
      11
       8
      10
       8
       5
       9
       7
       8
       9
       4
       9
       8
       8
      11
      11
       4
      10
       5
      10
       5
       7
       7
       8
       5
       5
       8
       6
      11
       5
       9
       4
      13
       7
       6
       4
       5
       4
       5
       9
      11
       4
       3
      11
       1
      13
      10
       7
       4
       4
       6
       7
       6
       4
      11
      12
       2
       7
       9
       7
       4
       9
       5
       6
       4
       5
       9
       6
      11
       8
       6
       3
       7
       5
       7
       6
       8
       2
       5
       7
       4
       7
      11
      10
       6
       7
      10
       4
       9
       6
       9
       4
       5
       6
       6
       5
      10
       7
       9
      10
       5
       4
       3
       7
       6
       5
      12
       5
       6
       7
       4
       5
       6
       5
       8
      10
       7
      15
       3
       6
      10
      11
       7
       8
      10
      10
       9
       4
       8
       5
       8
       5
       7
       5
       9
       7
       5
       6
       7
       8
       7
       7
       5
      11
       6
       7
       4
       6
      12
      12
       5
       4
       9
       3
       6
       5
       4
       9
       9
       3
      13
       9
       7
       7
       6
       8
       7
       8
       6
       8
       7
       6
       6
       8
       2
       3
       9
       7
       7
      11
       2
       7
       7
       7
       9
       6
       6
      10
      11
       7
       3
       5
      11
       9
       9
       5
      11
       8
       4
       5
       9
       4
       8
       8
       7
       7
       6
       4
       8
       4
       5
       4
       5
      11
       5
       9
       8
      11
       9
       4
       6
       5
       6
       6
       7
       7
       4
       2
       7
       4
       6
       7
       8
       6
       7
       6
       7
       9
       3
       6
       7
       6
       7
       6
      10
      13
       5
       8
       3
       4
       7
      11
       5
       6
       8
       7
       4
       5
       9
       4
       6
       8
      10
       6
       3
       2
       7
       6
       4
       9
       3
       3
       7
       5
       7
       8
       8
       8
       4
       9
      10
      11
       7
       6
      11
       3
       6
       6
       6
       3
       7
       8
       5
       1
       3
       8
       4
       9
       7
       8
       9
       6
       8
      12
      10
       5
       9
       6
       3
       8
       6
       5
       5
       6
       7
       2
      14
       7
      10
       8
       2
      10
      10
       8
       6
       7
       4
       5
       6
       9
       6
       3
       9
       2
       8
       6
       8
       9
       8
       9
      10
       5
       3
       4
       5
       5
       2
       5
       6
       7
       6
      12
       5
       4
      10
       5
       6
       1
       5
       7
       7
       1
       6
       4
       5
       9
      14
       6
       9
       8
       4
       5
       6
       2
       5
       4
       5
       8
       4
       5
       5
       8
       8
       3
       9
       4
       1
       9
       8
       1
      13
       6
       3
       6
       4
       9
       6
       8
       3
       7
       5
       6
       6
       3
       7
       4
      10
       4
       5
       8
      10
       4
       6
       6
       4
       8
       5
       4
       4
       7
      15
       7
      10
       3
       4
       3
       4
       7
       3
       8
      15
       5
      13
       3
       4
       9
       4
       4
       7
       6
       6
       6
       5
       6
       7
       6
       4
      10
       3
       6
       5
       8
       6
       5
      14
       6
       7
       6
       7
       7
       6
       7
       4
       3
       4
       3
      10
       4
      10
       3
       8
       5
       5
       4
       6
       4
       2
      10
      11
       5
      12
       7
       7
       9
       3
       5
       4
       7
       7
       5
       1
       7
       8
       6
      14
      10
       6
       3
       7
       8
       6
       8
       5
       5
       9
       5
      14
      10
       4
       5
       7
       8
       7
       5
       7
       3
       6
       5
      10
       9
       8
       5
       7
       9
       5
       4
      10
       6
       5
       1
       7
       6
       3
       9
       7
       8
       1
       5
       5
       8
       9
       8
       6
       5
       1
       7
       7
       4
      10
       8
       1
       7
       8
       7
       2
       4
       5
       8
       4
       7
       5
       7
       4
       7
       6
       4
       5
       5
       5
       7
       5
       5
       3
       5
       4
       5
       9
       3
      10
       5
       5
       8
       5
       3
       3
       7
       6
       1
       6
       7
       8
       4
       4
       7
       4
       6
      10
       3
       3
       5
       6
       8
       7
       5
       2
       6
       2
       5
       8
       4
       9
       4
       2
       3
       5
       8
       5
       7
       9
       6
       2
       5
       7
       7
       4
       4
       9
       3
       5
       5
       5
       2
       5
       2
       8
       4
       5
       3
       7
       8
       4
       5
       5
       1
       6
       7
       6
       8
       4
       8
       5
       5
       6
       6
       5
       5
       4
       5
       4
       6
       2
      12
       6
       5
       9
       3
       8
       3
       8
       8
       7
       1
       8
       7
       3
       8
       6
       4
       7
       6
       7
       6
       3
       4
       4
       6
       3
       8
       7
       3
       9
       5
       7
       7
       4
       2
       4
       5
       4
       7
       1
       7
       5
       3
       2
       2
       6
       3
       5
       9
       2
       1
       6
       5
       7
       7
       2
       7
      12
       5
       6
       3
       9
       7
       4
       5
      14
       9
      10
       6
       4
       7
       5
       6
       8
       5
      12
       3
       5
       3
       6
       6
       2
       4
       7
       6
       4
       4
       8
       6
       6
       8
       7
       8
       3
       4
       3
       4
       3
       5
       4
       3
       7
       7
       6
       6
       2
       6
       6
       8
      13
       4
       9
       6
       5
      10
       8
       2
       8
       7
       4
       2
       7
       4
       5
       3
       6
       1
       6
       5
       8
       3
       4
       6
       6
       3
       6
       9
       5
       0
      10
       4
       6
       6
       3
       2
       4
       4
       7
       4
       8
       4
       3
       5
       8
       5
       3
       5
       5
       6
       3
       8
       5
       9
       2
       9
       5
       7
      10
       2
       2
       2
       5
       7
       8
       1
       4
       4
       2
       4
       6
       5
       3
       6
       3
       7
       9
       5
       3
       6
       8
      10
       7
       5
       3
       4
       4
       5
       2
       4
       8
       8
       1
       4
       8
       7
       7
       5
       3
      11
       6
       5
       3
       4
       8
       3
       4
       3
       7
       5
       2
       8
       1
       2
       3
       5
       4
       5
       3
       5
       5
       8
       8
       4
       7
       7
       3
       7
       2
       3
       6
       7
       2
       3
       5
       7
       8
       6
       9
       2
       7
       8
       5
       3
       5
       6
       3
       5
       7
       2
       8
       3
       3
       5
       6
       8
       4
       4
       6
       5
       4
       5
       0
       4
      10
       4
       4
       3
       4
       4
      11
       4
       3
       5
       3
       4
       4
       7
       6
       5
       5
       5
       4
       4
       4
       4
       5
       8
       3
       5
       7
       5
       3
       5
       6
       4
       3
       7
       4
      10
       5
       5
       5
      11
       4
       5
       4
       2
       4
       4
       7
       8
       3
       3
       6
       5
       3
       4
       6
       7
      10
       4
       2
       4
       5
       2
       8
       5
       9
       9
       4
       5
       4
       5
       7
       3
       7
       7
       6
       5
       3
       3
       4
       8
       4
       3
       2
       6
       6
       4
       3
       4
       5
       7
       3
       5
       8
       8
       6
       5
       3
       2
       7
       4
       5
       1
       2
       3
       4
       4
       9
       5
       5
       3
       6
       2
       5
      10
       6
       8
       6
      10
       7
       1
       6
       6
       3
       8
       5
       7
       5
       3
       7
       6
       3
       3
       6
       8
       7
       8
       4
       7
       3
       6
       3
       5
       2
       6
       3
       6
       3
       4
       6
       7
       4
       2
       5
       2
       5
       3
       5
       5
       3
       4
       6
       5
       0
      10
       8
       8
       9
       6
       3
       9
       3
       5
       4
       5
       4
       1
       6
       4
       7
       5
       3
       4
       4
       8
       3
       6
       5
       5
       3
       7
       3
       6
       6
       7
       4
       6
       5
       5
       4
       3
       8
       4
       2
       6
       2
       3
       4
       0
      11
       6
       5
      10
       4
       4
       9
       2
       7
       5
       5
       6
       7
       2
       5
       7
       4
       4
       5
       4
       4
       3
       5
       6
       2
       8
       4
       2
       1
       6
       2
       3
       3
       7
       4
       7
       8
       4
       4
       4
       6
       7
       3
       5
       6
       6
       5
       4
       8
       7
       8
       3
       4
       3
       6
       5
       5
       3
       2
       4
       3
       5
       5
       3
       7
       5
       3
       4
       7
       2
       7
       5
       9
       6
       5
       4
       4
       6
       5
       7
       6
       3
       9
       7
       3
       2
       7
       5
       6
       1
       4
       6
       2
       3
       5
       6
       5
       2
       5
       6
       2
       5
       6
       3
       3
       7
       2
       1
       3
       4
       5
       7
       1
       5
       5
       5
       6
       6
       4
       2
       3
       1
       6
       6
       4
       1
       2
       4
       5
      10
       4
       7
       5
       4
       5
       4
       8
       6
       3
       4
       5
       6
       7
       5
       3
       8
       5
       5
       7
       4
       4
       5
       3
       4
       3
       1
       3
       1
       4
       9
       2
       2
       5
       7
       4
       5
       3
       7
       6
       6
       4
       4
       5
       5
       4
       1
       6
       6
       3
       0
       3
       2
       3
       5
       4
       2
       4
       5
       6
       5
       4
       4
       4
       4
       9
       3
       7
       4
       6
       7
       3
       7
      11
       3
       6
       2
       7
       4
       6
       3
       4
       5
      10
       7
       4
       4
       7
       9
       5
       7
       6
       5
       7
       8
       6
       8
       0
       7
       2
       4
       7
       2
       5
       9
       4
       5
       2
       1
       5
       6
       8
       8
       5
       6
       5
       5
       4
       6
       6
       3
       4
       4
       3
       3
       3
       7
       4
       7
       2
       3
       3
       2
      10
       5
       8
       8
       4
       6
       4
       6
       0
       6
      10
       5
       4
       5
       4
       4
       3
       3
       6
       7
       1
       7
       5
       7
       3
       1
       6
       7
       5
       3
       4
       2
       3
       4
       3
       6
       8
       6
       3
       4
       9
       7
       7
       6
       7
       2
       4
       8
       8
       6
       1
       3
       3
       9
       6
       4
       3
       8
       8
       6
       7
       3
       1
       4
       2
       6
       3
       8
       5
       4
       7
       1
       6
       5
       3
       6
       4
       4
       7
       5
       4
       3
       4
       4
       4
       8
       6
       3
       4
       6
       2
       7
       2
       7
       4
       7
       2
       5
       6
       4
       6
       2
       1
       3
       4
       5
       6
       5
       4
       5
       9
       7
       7
       2
       4
       8
       9
       4
       7
       4
       8
       3
       5
       7
       8
       5
       8
       6
       5
       2
       5
       5
       5
       5
       6
       6
       5
       7
       6
       4
       4
       3
       6
       4
       5
       6
       4
      11
       8
       7
       7
       3
       6
       9
       3
       4
       5
       8
       7
       6
       3
       8
       8
       8
       6
       3
       7
       5
       4
       6
      13
       3
       4
       4
       4
       3
       6
      11
       3
       8
       4
      11
       9
       6
      10
      12
       9
      19
      11
      16
      19
      19
      18
      22
       8
      17
      13
      12
      14
      16
      17
      10
      10
      16
       9
       6
       7
      17
       6
       2
       2
       4
       2
       5
       6
       7
       3
       7
       5
       3
       2
      11
       6
       0
       6
       2
       3
       5
       7
       2
       1
       5
       3
       4
       1
       4
       3
       5
       3
       3
       3
       5
       3
       5
       2
       3
       0
       5
       4
       3
       9
       3
       2
       3
       4
       6
       9
       4
       9
       4
       5
       5
       4
       7
       3
       3
      10
       1
       3
       7
       4
       3
       3
       2
       2
       5
       4
       6
       4
       4
       4
       1
       7
       7
       6
       6
       4
       4
       6
       1
       4
       5
       8
       7
       4
       4
       4
       5
       1
       5
       5
       2
       3
       5
      13
       6
       4
       4
       4
       6
       8
       3
       5
       2
       5
       8
       9
       2
       5
       4
       4
       3
       5
      10
       5
       3
       6
       5
       4
       4
       1
       4
       5
       3
       3
       4
       4
       3
       2
       2
       7
       2
       7
       7
       3
       5
       2
       6
       0
       2
      10
       4
       3
       7
       2
       3
       4
       4
       2
       7
       2
       2
       5
       3
       2
       3
       8
       8
       4
       3
       4
       7
       5
       4
       7
       2
       6
       6
       1
       2
       3
       3
       3
       4
       4
       4
       4
       2
       5
       4
       0
       4
       3
       3
       4
       3
       9
       6
       5
       8
       5
       8
       9
       3
       2
       5
       7
       5
       5
       5
       8
       8
       7
       3
       3
       3
       6
       5
       3
       4
       7
       2
       5
       2
       3
       2
       6
       5
       5
       5
       7
       3
       6
       9
       5
       8
       6
       3
       4
       2
       4
       3
       3
       1
       7
       3
       2
       4
       3
       3
       4
       5
       4
       6
       5
       5
       3
       8
       2
       7
       5
       6
       5
       5
       5
       4
       8
       0
       3
       6
       5
       5
       8
       6
       2
       5
       6
       3
       5
       6
       5
       5
       4
       3
       2
       3
       6
       2
      10
       3
       5
       3
       2
       5
       7
       7
       1
       5
      10
       2
       4
       3
      10
       3
       4
       0
       1
       5
       7
       8
       4
       6
       3
       3
       7
       4
       3
       6
       6
       9
       1
       7
       5
       3
       0
       5
       5
       5
       3
       5
       6
       5
       2
       5
       5
       6
       1
       2
       7
       3
       4
       4
       3
       7
       3
       5
       8
       3
       4
       4
       5
       7
       7
       6
       3
       6
       7
       5
       6
       5
       3
       2
       2
       3
       4
       3
       4
       2
       6
       9
       4
       5
       3
       2
       4
       7
       2
       5
       5
       4
       7
       2
       6
       8
       4
       7
       5
       4
       1
       4
       2
       3
       6
       6
       6
       1
       5
       8
       5
       5
       5
       0
       2
       4
       6
       9
       2
       6
       6
       4
       3
       3
       1
       3
       5
       4
       6
       4
       5
       5
       7
       2
       4
       2
       6
       6
       8
       3
       5
       8
       4
       6
       1
       6
       7
       2
       2
       6
       5
       5
       5
       4
       4
       1
       3
       3
       4
       1
       7
       3
       8
       3
       5
       7
       1
       6
       6
       8
       3
       5
       4
       6
       8
       5
       3
       0
       6
       2
       2
       0
       3
       8
       5
       8
       6
       7
       5
      10
       4
       5
       2
       4
       5
       3
       5
       2
       3
       1
       4
       4
       2
      11
      10
       6
       5
       2
       8
       6
       9
       8
       2
       5
       5
       4
       4
       7
       6
       2
       3
       4
       6
       5
       3
       3
       5
       3
       5
       6
       4
       6
       2
       5
       5
       2
       6
       3
       4
       5
       3
       3
       6
       2
       3
       4
       3
       4
       4
       9
       6
       1
       8
       7
       2
       4
       8
       4
       4
       5
       2
      11
       5
       6
       3
       5
       6
       1
       6
       8
       6
       5
       3
       2
       6
       1
       6
       5
       1
       3
       6
       2
       1
       4
       2
       6
       4
       5
       5
       3
       4
       2
       2
       4
       6
       4
       4
       0
       5
       4
       6
       8
       5
       2
       3
       5
       1
       3
       5
       5
       3
       5
       2
       4
       7
       6
       2
       3
       4
       2
       1
       6
       5
       3
       2
       8
       6
       7
       5
       3
       6
       3
       5
       6
      10
       2
       1
       2
       2
       1
       3
       4
       4
       2
       7
       4
       7
       3
       6
       2
       5
       4
       4
       8
       5
       4
       0
       5
       5
       4
       3
       3
       5
       6
       5
       4
       3
       3
       7
       6
       2
       5
       2
       7
       7
       4
       7
       4
       3
       4
       6
       4
       4
       5
       4
       7
       2
       4
       7
       2
       2
       2
       2
       5
       5
       8
       4
       2
       6
       5
       2
       3
       6
       3
       2
       7
       5
       6
       6
       3
       5
       4
       6
       7
       5
       2
       2
       3
      10
       6
       3
       6
       7
       7
       7
       6
       3
       5
       5
       8
       8
       4
       5
       3
       8
       1
       6
       1
       6
       3
       7
       3
       6
       4
       3
       2
       1
      10
       4
       7
       8
       3
       6
       3
       1
       6
       3
       4
       7
       3
       4
       6
       2
       7
       6
       8
       6
       7
       8
       6
       6
       4
       8
       5
       4
       5
       5
       4
       3
       3
       2
       3
       6
       4
       2
       5
       5
       3
       2
       8
       4
       5
       5
       3
       6
       2
       4
       7
       4
       6
       3
       5
       2
       5
       5
       7
       4
       4
       3
       4
       1
       4
       9
       5
       4
       5
       4
       5
       6
       7
       5
       9
       6
       6
      13
       2
       5
       7
       3
       6
       5
       3
       6
       2
       3
       1
       2
       2
       9
       6
       4
       3
      10
       3
       6
       3
       2
       6
       3
       3
       9
       3
       5
       7
       5
       3
       4
       2
       7
       8
       5
       6
       6
       4
       4
       9
       3
       8
       5
       7
       1
       7
       4
       8
       6
       2
       5
       2
       2
       4
       2
       6
       3
       4
       4
       3
       8
       2
       4
       5
       5
       2
       7
       6
       6
       6
       5
       7
       7
       7
       5
       2
       6
       8
       5
       4
       5
       4
       7
       6
       5
      11
       5
       6
       1
       7
       2
       7
       4
       3
       6
       6
       6
       3
       3
       4
       4
       7
       1
       5
       3
       2
       4
       7
       9
       6
       3
       6
       4
       5
       5
       6
       4
       3
       5
       7
       6
       5
       9
       8
       8
       8
       4
       3
       4
       6
       4
       8
       7
       4
       5
       6
       9
       6
       3
       5
       5
       4
       4
       3
       2
       5
       4
       7
       7
       6
       1
       2
       4
       4
       5
      10
       6
      10
       7
       3
       5
       6
       8
       9
       5
       6
       9
       7
       6
       6
       6
       5
       7
       2
       5
       3
       9
       6
       4
      10
       3
       5
       2
       2
       5
       7
       6
      10
       1
       9
       4
       7
       1
       7
       4
       4
       6
       2
       5
       7
       7
       3
       3
       3
       8
       4
       5
       5
       7
       7
       6
       7
       7
       3
      11
       7
       7
       5
       6
       4
       6
       4
       7
       5
       8
       4
       3
       7
       4
       4
       3
       5
       6
       6
       7
       4
       3
       9
       2
       6
       7
       5
       4
       8
       8
       5
       4
       3
       4
       4
       2
       3
       7
       4
       5
       3
       2
       5
       7
       7
       2
       5
       5
       4
       4
       3
      12
       6
       3
       3
       5
       5
       2
       3
       5
       8
       7
       5
       5
       4
       3
       4
       3
       2
       0
       5
       5
       2
       5
       1
       3
       3
       5
       8
       5
       6
       0
       5
       9
       3
       5
       4
       3
       7
       1
       3
       6
       6
       4
       7
       1
       4
       6
       5
       3
      11
       7
       6
       3
       7
       5
       3
       3
      12
       5
       2
       4
       8
       2
       3
       5
       6
       3
       4
       2
       4
       1
       4
       4
       4
       6
       5
       3
       2
       3
       3
       5
       6
       3
       4
       6
       5
       8
       3
       5
       2
       3
       5
       5
       2
       6
       2
       2
       3
       7
       3
       1
       4
       6
       3
       4
       5
       5
       3
       5
       5
       5
       4
       2
       2
       4
       0
       6
       4
       2
       2
       5
       2
       1
       6
       6
       1
       4
       4
       1
       6
       0
       3
       6
       5
       6
       2
       4
       4
       9
       2
       4
       3
       3
       9
       8
       2
       4
       7
       3
       7
       5
       3
       6
       9
       7
       3
       4
       3
       3
       4
       4
       4
       5
       5
       2
       3
       3
       7
       3
       9
       5
       7
       6
       4
       4
       2
       2
       2
       5
       3
       6
       5
       7
       3
       4
       9
       6
       3
       2
       6
       3
       4
       2
       3
       3
       8
       5
       2
       5
       5
       2
       5
       4
       7
       5
       1
       6
       3
       6
       0
       3
       3
       2
       6
       3
       4
       4
       1
       3
       6
       2
       2
       2
       2
       8
       1
       3
       9
       4
       8
       4
       6
       4
       4
       6
       5
       4
       4
       5
       2
       4
       5
       5
       2
       6
       2
       7
       4
       1
       9
       8
       1
       6
       2
       2
       6
       4
       4
       4
       4
       3
       2
       4
       2
       2
       2
       4
       6
       4
       4
       4
       4
       0
       1
       2
       0
       2
       7
       8
       6
      10
       9
       2
       3
       6
       2
       1
       4
       4
       5
       3
       2
       5
       6
       4
       3
       5
       5
       4
       7
       0
       4
       1
       3
       6
       3
       8
       5
       6
       6
       5
       5
       5
       4
       5
       7
       4
       5
       3
       1
       2
       3
       6
       1
       5
       1
       3
       0
       3
       2
       1
       7
       2
       0
       3
       5
       7
       4
       5
       3
       3
       3
       7
       6
       3
       4
       2
       6
       5
       5
       5
       4
       2
       4
       5
       3
       4
       1
       4
       7
       5
       2
       9
       4
       6
       2
       5
       4
       7
       2
       2
       5
       4
       3
       4
       1
       2
       6
       4
       4
       7
       3
       2
       2
       6
       1
       6
       6
       3
       6
       2
       3
       8
       3
       4
       5
       5
       2
       4
       3
       5
       3
       5
       6
       4
       6
       4
       3
       5
       5
       4
       2
       6
       7
       4
       3
       5
       2
       2
       7
       3
       4
       4
       4
       6
       5
       4
       2
       1
       5
       3
       4
      10
       4
       7
       3
       3
       2
       2
       1
       2
       0
       0
       0
       0
       0
       0
       0
       0
       0
       0
       0
       0
       0
       0
       0
       0
       0
       0
       0
       0
       0
       0
       0
       0
       0
       0
       0
       0
       0
       0
       0
       0
       0
       0
       0
       0
       0
       0
       0
       0
       0
       0
       0
       0
       0
       0
       0
       0
       0
       0
       0
       0
       0
       0
       0
       0
       0
       0
       0
       0
       0
       0
       0
       0
       0
       0
       0
       0
       0
       0
       0
       0
       0
       0
       0
       0
       0
       0
       0
       0
       0
       0
       0
       0
       0
       0
       0
       0
       0
       0
       0
       0
       0
       0
       0
       0
       0
       0
       0
       0
       0
       0
       0
       0
       0
       0
       0
       0
       0
       0
       0
       0
       0
       0
       0
       0
       0
       0
       0
       0
       0
       0
       0
       0
       0
       0
       0
       0
       0
       0
       0
       0
       0
       0
       0
       0
       0
       0
       0
       0
       0
       0
       0
       0
       0
       0
       0
       0
       0
       0
       0
       0
       0
       0
       0
       0
       0
       0
       0
       0
       0
       0
       0
       0
       0
       0
       0
       0
       0
       0
       0
       0
       0
       0
       0
       0
       0
       0
       0
       0
       0
       0
       0
       0
       0
       0
       0
       0
       0
       0
       0
       0
       0
       0
       0
       0
       0
       0
       0
       0
       0
       0
       0
       0
       0
       0
       0
       0
       0
       0
       0
       0
       0
       0
       0
       0
       0
       0
       0
       0
       0
       0
       0
       0
       0
       0
       0
       0
       0
       0
       0
       0
       0
       0
       0
       0
       0
       0
       0
       0
       0
       0
       0
       0
       0
       0
       0
       0
       0
       0
       0
       0
       0
       0
       0
       0
$ROI:
2
4852 5354
12587 12888
$PRESETS:
Live Time
10800
0
$ENER_FIT:
0.358687 0.099971
$MCA_CAL:
3
3.586871E-001 9.997089E-002 0.000000E+000 keV
$SHAPE_CAL:
3
3.638087E+001 -1.552510E-003 0.000000E+000
